2026-02-17T21:00:01.792927+01:00, outdoor_avg_60m=-2.25, flow_avg_10m=48.0, flowNow=48, powerNow=2000, freqNow=56, opState=heating, status=set_flow_target
2026-02-17T21:00:01.800976+01:00, outdoor_avg_60m=-2.25, flow_avg_10m=48.0, flowNow=48, powerNow=2000, freqNow=56, opState=heating, status=set_flow_target
2026-02-17T21:05:01.623048+01:00, outdoor_avg_60m=-2.33, flow_avg_10m=48.0, flowNow=48.5, powerNow=2000, freqNow=58, opState=heating, status=set_flow_target
2026-02-17T21:05:01.635042+01:00, outdoor_avg_60m=-2.33, flow_avg_10m=48.0, flowNow=48.5, powerNow=2000, freqNow=58, opState=heating, status=set_flow_target
2026-02-17T21:10:01.648777+01:00, outdoor_avg_60m=-2.42, flow_avg_10m=48.25, flowNow=48.5, powerNow=2000, freqNow=58, opState=heating, status=set_flow_target
2026-02-17T21:10:01.664949+01:00, outdoor_avg_60m=-2.42, flow_avg_10m=48.25, flowNow=48.5, powerNow=2000, freqNow=58, opState=heating, status=set_flow_target
2026-02-17T21:15:01.888649+01:00, outdoor_avg_60m=-2.55, flow_avg_10m=48.5, flowNow=48.5, powerNow=2000, freqNow=58, opState=heating, status=set_flow_target
2026-02-17T21:15:01.901015+01:00, outdoor_avg_60m=-2.55, flow_avg_10m=48.5, flowNow=48.5, powerNow=2000, freqNow=58, opState=heating, status=set_flow_target
2026-02-17T21:20:01.716359+01:00, outdoor_avg_60m=-2.58, flow_avg_10m=48.5, flowNow=48.5, powerNow=2000, freqNow=58, opState=heating, status=set_flow_target
2026-02-17T21:20:01.726914+01:00, outdoor_avg_60m=-2.58, flow_avg_10m=48.5, flowNow=48.5, powerNow=2000, freqNow=58, opState=heating, status=set_flow_target
2026-02-17T21:25:01.746154+01:00, outdoor_avg_60m=-2.73, flow_avg_10m=48.5, flowNow=48.5, powerNow=2000, freqNow=58, opState=heating, status=set_flow_target
2026-02-17T21:25:01.758007+01:00, outdoor_avg_60m=-2.73, flow_avg_10m=48.5, flowNow=48.5, powerNow=2000, freqNow=58, opState=heating, status=set_flow_target
2026-02-17T21:30:01.783547+01:00, outdoor_avg_60m=-2.82, flow_avg_10m=48.5, flowNow=49, powerNow=2000, freqNow=58, opState=heating, status=set_flow_target
2026-02-17T21:30:01.791557+01:00, outdoor_avg_60m=-2.82, flow_avg_10m=48.5, flowNow=49, powerNow=2000, freqNow=58, opState=heating, status=set_flow_target
2026-02-17T21:35:01.606767+01:00, outdoor_avg_60m=-2.83, flow_avg_10m=48.75, flowNow=48.5, powerNow=2000, freqNow=52, opState=heating, status=set_flow_target
2026-02-17T21:35:01.619449+01:00, outdoor_avg_60m=-2.83, flow_avg_10m=48.75, flowNow=48.5, powerNow=2000, freqNow=52, opState=heating, status=set_flow_target
2026-02-17T21:40:01.641400+01:00, outdoor_avg_60m=-2.92, flow_avg_10m=48.75, flowNow=48, powerNow=2000, freqNow=54, opState=heating, status=set_flow_target
2026-02-17T21:40:01.650052+01:00, outdoor_avg_60m=-2.92, flow_avg_10m=48.75, flowNow=48, powerNow=2000, freqNow=54, opState=heating, status=set_flow_target
2026-02-17T21:45:01.674194+01:00, outdoor_avg_60m=-3.08, flow_avg_10m=48.0, flowNow=48.5, powerNow=2000, freqNow=54, opState=heating, status=set_flow_target
2026-02-17T21:45:01.684944+01:00, outdoor_avg_60m=-3.08, flow_avg_10m=48.0, flowNow=48.5, powerNow=2000, freqNow=54, opState=heating, status=set_flow_target
2026-02-17T21:50:01.705200+01:00, outdoor_avg_60m=-3.17, flow_avg_10m=48.5, flowNow=48.5, powerNow=2000, freqNow=54, opState=heating, status=set_flow_target
2026-02-17T21:50:01.717763+01:00, outdoor_avg_60m=-3.17, flow_avg_10m=48.5, flowNow=48.5, powerNow=2000, freqNow=54, opState=heating, status=set_flow_target
2026-02-17T21:55:01.534900+01:00, outdoor_avg_60m=-3.25, flow_avg_10m=48.5, flowNow=48, powerNow=2000, freqNow=52, opState=heating, status=set_flow_target
2026-02-17T21:55:01.548782+01:00, outdoor_avg_60m=-3.25, flow_avg_10m=48.5, flowNow=48, powerNow=2000, freqNow=52, opState=heating, status=set_flow_target
2026-02-17T22:00:01.782916+01:00, outdoor_avg_60m=-3.33, flow_avg_10m=48.0, flowNow=48, powerNow=2000, freqNow=52, opState=heating, status=set_flow_target
2026-02-17T22:00:01.791322+01:00, outdoor_avg_60m=-3.33, flow_avg_10m=48.0, flowNow=48, powerNow=2000, freqNow=52, opState=heating, status=set_flow_target
2026-02-17T22:05:01.600011+01:00, outdoor_avg_60m=-3.42, flow_avg_10m=48.0, flowNow=48, powerNow=2000, freqNow=52, opState=heating, status=set_flow_target
2026-02-17T22:05:01.611432+01:00, outdoor_avg_60m=-3.42, flow_avg_10m=48.0, flowNow=48, powerNow=2000, freqNow=52, opState=heating, status=set_flow_target
2026-02-17T22:10:01.638210+01:00, outdoor_avg_60m=-3.5, flow_avg_10m=48.0, flowNow=48, powerNow=2000, freqNow=52, opState=heating, status=set_flow_target
2026-02-17T22:10:01.645489+01:00, outdoor_avg_60m=-3.5, flow_avg_10m=48.0, flowNow=48, powerNow=2000, freqNow=52, opState=heating, status=set_flow_target
2026-02-17T22:15:01.664621+01:00, outdoor_avg_60m=-3.58, flow_avg_10m=48.0, flowNow=48, powerNow=2000, freqNow=52, opState=heating, status=set_flow_target
2026-02-17T22:15:01.672120+01:00, outdoor_avg_60m=-3.58, flow_avg_10m=48.0, flowNow=48, powerNow=2000, freqNow=52, opState=heating, status=set_flow_target
2026-02-17T22:20:01.696860+01:00, outdoor_avg_60m=-3.67, flow_avg_10m=48.0, flowNow=48, powerNow=2000, freqNow=52, opState=heating, status=set_flow_target
2026-02-17T22:20:01.710337+01:00, outdoor_avg_60m=-3.67, flow_avg_10m=48.0, flowNow=48, powerNow=2000, freqNow=52, opState=heating, status=set_flow_target
2026-02-17T22:25:01.728545+01:00, outdoor_avg_60m=-3.75, flow_avg_10m=48.0, flowNow=48, powerNow=2000, freqNow=52, opState=heating, status=set_flow_target
2026-02-17T22:25:01.739314+01:00, outdoor_avg_60m=-3.75, flow_avg_10m=48.0, flowNow=48, powerNow=2000, freqNow=52, opState=heating, status=set_flow_target
2026-02-17T22:30:01.756909+01:00, outdoor_avg_60m=-3.83, flow_avg_10m=48.0, flowNow=48, powerNow=2000, freqNow=52, opState=heating, status=set_flow_target
2026-02-17T22:30:01.768957+01:00, outdoor_avg_60m=-3.83, flow_avg_10m=48.0, flowNow=48, powerNow=2000, freqNow=52, opState=heating, status=set_flow_target
2026-02-17T22:35:01.793263+01:00, outdoor_avg_60m=-4.0, flow_avg_10m=48.0, flowNow=48, powerNow=2000, freqNow=52, opState=heating, status=set_flow_target
2026-02-17T22:35:01.800184+01:00, outdoor_avg_60m=-4.0, flow_avg_10m=48.0, flowNow=48, powerNow=2000, freqNow=52, opState=heating, status=set_flow_target
2026-02-17T22:40:01.624502+01:00, outdoor_avg_60m=-4.0, flow_avg_10m=48.0, flowNow=48, powerNow=2000, freqNow=54, opState=heating, status=set_flow_target
2026-02-17T22:40:01.631526+01:00, outdoor_avg_60m=-4.0, flow_avg_10m=48.0, flowNow=48, powerNow=2000, freqNow=54, opState=heating, status=set_flow_target
2026-02-17T22:45:01.655659+01:00, outdoor_avg_60m=-4.0, flow_avg_10m=48.0, flowNow=48, powerNow=2000, freqNow=54, opState=heating, status=set_flow_target
2026-02-17T22:45:01.662803+01:00, outdoor_avg_60m=-4.0, flow_avg_10m=48.0, flowNow=48, powerNow=2000, freqNow=54, opState=heating, status=set_flow_target
2026-02-17T22:50:02.708092+01:00, outdoor_avg_60m=-4.0, flow_avg_10m=48.0, flowNow=48, powerNow=2000, freqNow=54, opState=heating, status=set_flow_target
2026-02-17T22:50:02.718715+01:00, outdoor_avg_60m=-4.0, flow_avg_10m=48.0, flowNow=48, powerNow=2000, freqNow=54, opState=heating, status=set_flow_target
2026-02-17T22:55:01.926510+01:00, outdoor_avg_60m=-4.09, flow_avg_10m=48.0, flowNow=48, powerNow=2000, freqNow=54, opState=heating, status=set_flow_target
2026-02-17T22:55:01.933550+01:00, outdoor_avg_60m=-4.09, flow_avg_10m=48.0, flowNow=48, powerNow=2000, freqNow=54, opState=heating, status=set_flow_target
2026-02-17T23:00:01.746921+01:00, outdoor_avg_60m=-4.17, flow_avg_10m=48.0, flowNow=48.5, powerNow=2000, freqNow=54, opState=heating, status=set_flow_target
2026-02-17T23:00:01.759412+01:00, outdoor_avg_60m=-4.17, flow_avg_10m=48.0, flowNow=48.5, powerNow=2000, freqNow=54, opState=heating, status=set_flow_target
2026-02-17T23:05:01.779368+01:00, outdoor_avg_60m=-4.27, flow_avg_10m=48.25, flowNow=48.5, powerNow=2000, freqNow=54, opState=heating, status=set_flow_target
2026-02-17T23:05:01.791084+01:00, outdoor_avg_60m=-4.27, flow_avg_10m=48.25, flowNow=48.5, powerNow=2000, freqNow=54, opState=heating, status=set_flow_target
2026-02-17T23:10:01.820616+01:00, outdoor_avg_60m=-4.36, flow_avg_10m=48.5, flowNow=48.5, powerNow=2000, freqNow=54, opState=heating, status=set_flow_target
2026-02-17T23:10:01.827634+01:00, outdoor_avg_60m=-4.36, flow_avg_10m=48.5, flowNow=48.5, powerNow=2000, freqNow=54, opState=heating, status=set_flow_target
2026-02-17T23:15:01.847458+01:00, outdoor_avg_60m=-4.45, flow_avg_10m=48.5, flowNow=48.5, powerNow=2000, freqNow=54, opState=heating, status=set_flow_target
2026-02-17T23:15:01.859278+01:00, outdoor_avg_60m=-4.45, flow_avg_10m=48.5, flowNow=48.5, powerNow=2000, freqNow=54, opState=heating, status=set_flow_target
2026-02-17T23:20:01.682645+01:00, outdoor_avg_60m=-4.5, flow_avg_10m=48.5, flowNow=48.5, powerNow=2000, freqNow=54, opState=heating, status=set_flow_target
2026-02-17T23:20:01.689796+01:00, outdoor_avg_60m=-4.5, flow_avg_10m=48.5, flowNow=48.5, powerNow=2000, freqNow=54, opState=heating, status=set_flow_target
2026-02-17T23:25:01.710821+01:00, outdoor_avg_60m=-4.58, flow_avg_10m=48.5, flowNow=48.5, powerNow=2000, freqNow=56, opState=heating, status=set_flow_target
2026-02-17T23:25:01.721856+01:00, outdoor_avg_60m=-4.58, flow_avg_10m=48.5, flowNow=48.5, powerNow=2000, freqNow=56, opState=heating, status=set_flow_target
2026-02-17T23:30:01.744006+01:00, outdoor_avg_60m=-4.67, flow_avg_10m=48.5, flowNow=48.5, powerNow=2000, freqNow=58, opState=heating, status=set_flow_target
2026-02-17T23:30:01.756112+01:00, outdoor_avg_60m=-4.67, flow_avg_10m=48.5, flowNow=48.5, powerNow=2000, freqNow=58, opState=heating, status=set_flow_target
2026-02-17T23:35:01.572007+01:00, outdoor_avg_60m=-4.75, flow_avg_10m=48.5, flowNow=49, powerNow=2000, freqNow=58, opState=heating, status=set_flow_target
2026-02-17T23:35:01.580466+01:00, outdoor_avg_60m=-4.75, flow_avg_10m=48.5, flowNow=49, powerNow=2000, freqNow=58, opState=heating, status=set_flow_target
2026-02-17T23:40:01.600065+01:00, outdoor_avg_60m=-4.83, flow_avg_10m=48.75, flowNow=49, powerNow=2000, freqNow=58, opState=heating, status=set_flow_target
2026-02-17T23:40:01.621485+01:00, outdoor_avg_60m=-4.83, flow_avg_10m=48.75, flowNow=49, powerNow=2000, freqNow=58, opState=heating, status=set_flow_target
2026-02-17T23:45:01.638543+01:00, outdoor_avg_60m=-4.92, flow_avg_10m=49.0, flowNow=49, powerNow=2000, freqNow=58, opState=heating, status=set_flow_target
2026-02-17T23:45:01.649495+01:00, outdoor_avg_60m=-4.92, flow_avg_10m=49.0, flowNow=49, powerNow=2000, freqNow=58, opState=heating, status=set_flow_target
2026-02-17T23:50:01.673221+01:00, outdoor_avg_60m=-5.0, flow_avg_10m=49.0, flowNow=49, powerNow=2000, freqNow=58, opState=heating, status=set_flow_target
2026-02-17T23:50:01.680083+01:00, outdoor_avg_60m=-5.0, flow_avg_10m=49.0, flowNow=49, powerNow=2000, freqNow=58, opState=heating, status=set_flow_target
2026-02-17T23:55:01.905565+01:00, outdoor_avg_60m=-5.0, flow_avg_10m=49.0, flowNow=49, powerNow=2000, freqNow=58, opState=heating, status=set_flow_target
2026-02-17T23:55:01.918586+01:00, outdoor_avg_60m=-5.0, flow_avg_10m=49.0, flowNow=49, powerNow=2000, freqNow=58, opState=heating, status=set_flow_target
2026-02-18T00:00:01.736625+01:00, outdoor_avg_60m=-5.08, flow_avg_10m=49.0, flowNow=49, powerNow=2000, freqNow=58, opState=heating, status=set_flow_target
2026-02-18T00:00:01.744357+01:00, outdoor_avg_60m=-5.08, flow_avg_10m=49.0, flowNow=49, powerNow=2000, freqNow=58, opState=heating, status=set_flow_target
2026-02-18T00:05:01.769833+01:00, outdoor_avg_60m=-5.17, flow_avg_10m=49.0, flowNow=49.5, powerNow=2000, freqNow=60, opState=heating, status=set_flow_target
2026-02-18T00:05:01.778566+01:00, outdoor_avg_60m=-5.17, flow_avg_10m=49.0, flowNow=49.5, powerNow=2000, freqNow=60, opState=heating, status=set_flow_target
2026-02-18T00:10:01.593136+01:00, outdoor_avg_60m=-5.25, flow_avg_10m=49.25, flowNow=49.5, powerNow=2000, freqNow=60, opState=heating, status=set_flow_target
2026-02-18T00:10:01.609024+01:00, outdoor_avg_60m=-5.25, flow_avg_10m=49.25, flowNow=49.5, powerNow=2000, freqNow=60, opState=heating, status=set_flow_target
2026-02-18T00:15:01.835185+01:00, outdoor_avg_60m=-5.33, flow_avg_10m=49.5, flowNow=49, powerNow=2000, freqNow=60, opState=heating, status=set_flow_target
2026-02-18T00:15:01.842759+01:00, outdoor_avg_60m=-5.33, flow_avg_10m=49.5, flowNow=49, powerNow=2000, freqNow=60, opState=heating, status=set_flow_target
2026-02-18T00:20:01.655765+01:00, outdoor_avg_60m=-5.42, flow_avg_10m=49.0, flowNow=49.5, powerNow=2000, freqNow=60, opState=heating, status=set_flow_target
2026-02-18T00:20:01.667971+01:00, outdoor_avg_60m=-5.42, flow_avg_10m=49.0, flowNow=49.5, powerNow=2000, freqNow=60, opState=heating, status=set_flow_target
2026-02-18T00:25:01.689022+01:00, outdoor_avg_60m=-5.5, flow_avg_10m=49.25, flowNow=49.5, powerNow=2000, freqNow=60, opState=heating, status=set_flow_target
2026-02-18T00:25:01.700498+01:00, outdoor_avg_60m=-5.5, flow_avg_10m=49.25, flowNow=49.5, powerNow=2000, freqNow=60, opState=heating, status=set_flow_target
2026-02-18T00:30:01.726606+01:00, outdoor_avg_60m=-5.58, flow_avg_10m=49.5, flowNow=49.5, powerNow=2000, freqNow=62, opState=heating, status=set_flow_target
2026-02-18T00:30:01.734203+01:00, outdoor_avg_60m=-5.58, flow_avg_10m=49.5, flowNow=49.5, powerNow=2000, freqNow=62, opState=heating, status=set_flow_target
2026-02-18T00:35:01.751437+01:00, outdoor_avg_60m=-5.73, flow_avg_10m=49.5, flowNow=49.5, powerNow=2000, freqNow=62, opState=heating, status=set_flow_target
2026-02-18T00:35:01.770024+01:00, outdoor_avg_60m=-5.73, flow_avg_10m=49.5, flowNow=49.5, powerNow=2000, freqNow=62, opState=heating, status=set_flow_target
2026-02-18T00:40:01.584499+01:00, outdoor_avg_60m=-5.75, flow_avg_10m=49.5, flowNow=49.5, powerNow=2000, freqNow=62, opState=heating, status=set_flow_target
2026-02-18T00:40:01.591431+01:00, outdoor_avg_60m=-5.75, flow_avg_10m=49.5, flowNow=49.5, powerNow=2000, freqNow=62, opState=heating, status=set_flow_target
2026-02-18T00:45:01.609757+01:00, outdoor_avg_60m=-5.83, flow_avg_10m=49.5, flowNow=49.5, powerNow=2000, freqNow=62, opState=heating, status=set_flow_target
2026-02-18T00:45:01.621502+01:00, outdoor_avg_60m=-5.83, flow_avg_10m=49.5, flowNow=49.5, powerNow=2000, freqNow=62, opState=heating, status=set_flow_target
2026-02-18T00:50:01.645375+01:00, outdoor_avg_60m=-5.92, flow_avg_10m=49.5, flowNow=49.5, powerNow=2000, freqNow=62, opState=heating, status=set_flow_target
2026-02-18T00:50:01.657022+01:00, outdoor_avg_60m=-5.92, flow_avg_10m=49.5, flowNow=49.5, powerNow=2000, freqNow=62, opState=heating, status=set_flow_target
2026-02-18T00:55:01.680163+01:00, outdoor_avg_60m=-6.0, flow_avg_10m=49.5, flowNow=49.5, powerNow=2000, freqNow=62, opState=heating, status=set_flow_target
2026-02-18T00:55:01.693973+01:00, outdoor_avg_60m=-6.0, flow_avg_10m=49.5, flowNow=49.5, powerNow=2000, freqNow=62, opState=heating, status=set_flow_target
2026-02-18T01:00:01.713440+01:00, outdoor_avg_60m=-6.08, flow_avg_10m=49.5, flowNow=49.5, powerNow=2000, freqNow=62, opState=heating, status=set_flow_target
2026-02-18T01:00:01.721461+01:00, outdoor_avg_60m=-6.08, flow_avg_10m=49.5, flowNow=49.5, powerNow=2000, freqNow=62, opState=heating, status=set_flow_target
2026-02-18T01:05:01.744435+01:00, outdoor_avg_60m=-6.17, flow_avg_10m=49.5, flowNow=49.5, powerNow=2000, freqNow=64, opState=heating, status=set_flow_target
2026-02-18T01:05:01.756723+01:00, outdoor_avg_60m=-6.17, flow_avg_10m=49.5, flowNow=49.5, powerNow=2000, freqNow=64, opState=heating, status=set_flow_target
2026-02-18T01:10:01.885588+01:00, outdoor_avg_60m=-6.27, flow_avg_10m=49.5, flowNow=49.5, powerNow=2000, freqNow=64, opState=heating, status=set_flow_target
2026-02-18T01:10:01.892742+01:00, outdoor_avg_60m=-6.27, flow_avg_10m=49.5, flowNow=49.5, powerNow=2000, freqNow=64, opState=heating, status=set_flow_target
2026-02-18T01:15:00.581779+01:00, outdoor_avg_60m=-6.33, flow_avg_10m=49.5, flowNow=49.5, powerNow=2000, freqNow=64, opState=heating, status=no_change
2026-02-18T01:15:00.593679+01:00, outdoor_avg_60m=-6.33, flow_avg_10m=49.5, flowNow=49.5, powerNow=2000, freqNow=64, opState=heating, status=no_change
2026-02-18T01:20:00.613795+01:00, outdoor_avg_60m=-6.42, flow_avg_10m=49.5, flowNow=32.5, powerNow=0, freqNow=42, opState=heating, status=no_change
2026-02-18T01:20:00.623964+01:00, outdoor_avg_60m=-6.42, flow_avg_10m=49.5, flowNow=32.5, powerNow=0, freqNow=42, opState=heating, status=no_change
2026-02-18T01:25:00.646865+01:00, outdoor_avg_60m=-6.5, flow_avg_10m=32.5, flowNow=45, powerNow=2000, freqNow=58, opState=heating, status=no_change
2026-02-18T01:25:00.654749+01:00, outdoor_avg_60m=-6.5, flow_avg_10m=32.5, flowNow=45, powerNow=2000, freqNow=58, opState=heating, status=no_change
2026-02-18T01:30:00.675651+01:00, outdoor_avg_60m=-6.58, flow_avg_10m=45.0, flowNow=49, powerNow=3000, freqNow=78, opState=heating, status=no_change
2026-02-18T01:30:00.686778+01:00, outdoor_avg_60m=-6.58, flow_avg_10m=45.0, flowNow=49, powerNow=3000, freqNow=78, opState=heating, status=no_change
2026-02-18T01:35:00.505826+01:00, outdoor_avg_60m=-6.67, flow_avg_10m=47.0, flowNow=49.5, powerNow=3000, freqNow=78, opState=heating, status=no_change
2026-02-18T01:35:00.517795+01:00, outdoor_avg_60m=-6.67, flow_avg_10m=47.0, flowNow=49.5, powerNow=3000, freqNow=78, opState=heating, status=no_change
2026-02-18T01:40:01.568156+01:00, outdoor_avg_60m=-6.75, flow_avg_10m=49.5, flowNow=50, powerNow=3000, freqNow=78, opState=heating, status=set_flow_target
2026-02-18T01:40:01.576097+01:00, outdoor_avg_60m=-6.75, flow_avg_10m=49.5, flowNow=50, powerNow=3000, freqNow=78, opState=heating, status=set_flow_target
2026-02-18T01:45:01.593091+01:00, outdoor_avg_60m=-6.83, flow_avg_10m=50.0, flowNow=50.5, powerNow=3000, freqNow=78, opState=heating, status=set_flow_target
2026-02-18T01:45:01.605022+01:00, outdoor_avg_60m=-6.83, flow_avg_10m=50.0, flowNow=50.5, powerNow=3000, freqNow=78, opState=heating, status=set_flow_target
2026-02-18T01:50:00.611313+01:00, outdoor_avg_60m=-6.92, flow_avg_10m=50.25, flowNow=50, powerNow=3000, freqNow=70, opState=heating, status=no_change
2026-02-18T01:50:00.618977+01:00, outdoor_avg_60m=-6.92, flow_avg_10m=50.25, flowNow=50, powerNow=3000, freqNow=70, opState=heating, status=no_change
2026-02-18T01:55:00.640319+01:00, outdoor_avg_60m=-7.0, flow_avg_10m=50.25, flowNow=50.5, powerNow=3000, freqNow=68, opState=heating, status=no_change
2026-02-18T01:55:00.652791+01:00, outdoor_avg_60m=-7.0, flow_avg_10m=50.25, flowNow=50.5, powerNow=3000, freqNow=68, opState=heating, status=no_change
2026-02-18T02:00:00.667552+01:00, outdoor_avg_60m=-7.0, flow_avg_10m=50.5, flowNow=50.5, powerNow=3000, freqNow=68, opState=heating, status=no_change
2026-02-18T02:00:00.679344+01:00, outdoor_avg_60m=-7.0, flow_avg_10m=50.5, flowNow=50.5, powerNow=3000, freqNow=68, opState=heating, status=no_change
2026-02-18T02:05:00.701780+01:00, outdoor_avg_60m=-7.0, flow_avg_10m=50.5, flowNow=50.5, powerNow=3000, freqNow=68, opState=heating, status=no_change
2026-02-18T02:05:00.713444+01:00, outdoor_avg_60m=-7.0, flow_avg_10m=50.5, flowNow=50.5, powerNow=3000, freqNow=68, opState=heating, status=no_change
2026-02-18T02:10:01.761839+01:00, outdoor_avg_60m=-7.0, flow_avg_10m=50.5, flowNow=50.5, powerNow=3000, freqNow=68, opState=heating, status=set_flow_target
2026-02-18T02:10:01.769219+01:00, outdoor_avg_60m=-7.0, flow_avg_10m=50.5, flowNow=50.5, powerNow=3000, freqNow=68, opState=heating, status=set_flow_target
2026-02-18T02:15:01.789093+01:00, outdoor_avg_60m=-7.0, flow_avg_10m=50.5, flowNow=50.5, powerNow=3000, freqNow=68, opState=heating, status=set_flow_target
2026-02-18T02:15:01.800717+01:00, outdoor_avg_60m=-7.0, flow_avg_10m=50.5, flowNow=50.5, powerNow=3000, freqNow=68, opState=heating, status=set_flow_target
2026-02-18T02:20:01.632059+01:00, outdoor_avg_60m=-7.0, flow_avg_10m=50.5, flowNow=50.5, powerNow=3000, freqNow=68, opState=heating, status=set_flow_target
2026-02-18T02:20:01.646760+01:00, outdoor_avg_60m=-7.0, flow_avg_10m=50.5, flowNow=50.5, powerNow=3000, freqNow=68, opState=heating, status=set_flow_target
2026-02-18T02:25:01.653518+01:00, outdoor_avg_60m=-7.0, flow_avg_10m=50.5, flowNow=50.5, powerNow=3000, freqNow=68, opState=heating, status=set_flow_target
2026-02-18T02:25:01.660876+01:00, outdoor_avg_60m=-7.0, flow_avg_10m=50.5, flowNow=50.5, powerNow=3000, freqNow=68, opState=heating, status=set_flow_target
2026-02-18T02:30:01.682971+01:00, outdoor_avg_60m=-7.0, flow_avg_10m=50.5, flowNow=50.5, powerNow=3000, freqNow=68, opState=heating, status=set_flow_target
2026-02-18T02:30:01.693963+01:00, outdoor_avg_60m=-7.0, flow_avg_10m=50.5, flowNow=50.5, powerNow=3000, freqNow=68, opState=heating, status=set_flow_target
2026-02-18T02:35:01.718300+01:00, outdoor_avg_60m=-7.0, flow_avg_10m=50.5, flowNow=50, powerNow=2000, freqNow=62, opState=heating, status=set_flow_target
2026-02-18T02:35:01.733264+01:00, outdoor_avg_60m=-7.0, flow_avg_10m=50.5, flowNow=50, powerNow=2000, freqNow=62, opState=heating, status=set_flow_target
2026-02-18T02:40:01.540539+01:00, outdoor_avg_60m=-7.08, flow_avg_10m=50.25, flowNow=50, powerNow=2000, freqNow=62, opState=heating, status=set_flow_target
2026-02-18T02:40:01.552494+01:00, outdoor_avg_60m=-7.08, flow_avg_10m=50.25, flowNow=50, powerNow=2000, freqNow=62, opState=heating, status=set_flow_target
2026-02-18T02:45:01.787672+01:00, outdoor_avg_60m=-7.18, flow_avg_10m=50.0, flowNow=49.5, powerNow=2000, freqNow=62, opState=heating, status=set_flow_target
2026-02-18T02:45:01.794865+01:00, outdoor_avg_60m=-7.18, flow_avg_10m=50.0, flowNow=49.5, powerNow=2000, freqNow=62, opState=heating, status=set_flow_target
2026-02-18T02:50:02.056034+01:00, outdoor_avg_60m=-7.27, flow_avg_10m=49.5, flowNow=50, powerNow=2000, freqNow=64, opState=heating, status=set_flow_target
2026-02-18T02:50:02.062996+01:00, outdoor_avg_60m=-7.27, flow_avg_10m=49.5, flowNow=50, powerNow=2000, freqNow=64, opState=heating, status=set_flow_target
2026-02-18T02:55:01.638401+01:00, outdoor_avg_60m=-7.36, flow_avg_10m=49.75, flowNow=50, powerNow=2000, freqNow=64, opState=heating, status=set_flow_target
2026-02-18T02:55:01.649398+01:00, outdoor_avg_60m=-7.36, flow_avg_10m=49.75, flowNow=50, powerNow=2000, freqNow=64, opState=heating, status=set_flow_target
2026-02-18T03:00:01.675404+01:00, outdoor_avg_60m=-7.45, flow_avg_10m=50.0, flowNow=50, powerNow=2000, freqNow=66, opState=heating, status=set_flow_target
2026-02-18T03:00:01.683031+01:00, outdoor_avg_60m=-7.45, flow_avg_10m=50.0, flowNow=50, powerNow=2000, freqNow=66, opState=heating, status=set_flow_target
2026-02-18T03:05:01.701099+01:00, outdoor_avg_60m=-7.55, flow_avg_10m=50.0, flowNow=50, powerNow=2000, freqNow=66, opState=heating, status=set_flow_target
2026-02-18T03:05:01.712318+01:00, outdoor_avg_60m=-7.55, flow_avg_10m=50.0, flowNow=50, powerNow=2000, freqNow=66, opState=heating, status=set_flow_target
2026-02-18T03:10:01.539409+01:00, outdoor_avg_60m=-7.58, flow_avg_10m=50.0, flowNow=50, powerNow=2000, freqNow=66, opState=heating, status=set_flow_target
2026-02-18T03:10:01.548824+01:00, outdoor_avg_60m=-7.58, flow_avg_10m=50.0, flowNow=50, powerNow=2000, freqNow=66, opState=heating, status=set_flow_target
2026-02-18T03:15:01.767183+01:00, outdoor_avg_60m=-7.67, flow_avg_10m=50.0, flowNow=49.5, powerNow=2000, freqNow=42, opState=heating, status=set_flow_target
2026-02-18T03:15:01.780101+01:00, outdoor_avg_60m=-7.67, flow_avg_10m=50.0, flowNow=49.5, powerNow=2000, freqNow=42, opState=heating, status=set_flow_target
2026-02-18T03:22:53.427377+01:00, outdoor_avg_60m=-7.82, flow_avg_10m=49.5, flowNow=29, powerNow=0, freqNow=0, opState=heating, status=set_flow_target
2026-02-18T03:22:53.436088+01:00, outdoor_avg_60m=-7.82, flow_avg_10m=49.5, flowNow=29, powerNow=0, freqNow=0, opState=heating, status=set_flow_target
2026-02-18T03:31:46.526969+01:00, outdoor_avg_60m=-8.0, flow_avg_10m=29.0, flowNow=29, powerNow=0, freqNow=0, opState=heating, status=set_flow_target
2026-02-18T03:31:46.534909+01:00, outdoor_avg_60m=-8.0, flow_avg_10m=29.0, flowNow=29, powerNow=0, freqNow=0, opState=heating, status=set_flow_target
2026-02-18T03:40:11.556770+01:00, outdoor_avg_60m=-8.0, flow_avg_10m=29.0, flowNow=29, powerNow=0, freqNow=0, opState=heating, status=set_flow_target
2026-02-18T03:40:11.568318+01:00, outdoor_avg_60m=-8.0, flow_avg_10m=29.0, flowNow=29, powerNow=0, freqNow=0, opState=heating, status=set_flow_target
2026-02-18T03:46:43.756076+01:00, outdoor_avg_60m=-7.89, flow_avg_10m=29.0, flowNow=29, powerNow=0, freqNow=0, opState=heating, status=set_flow_target
2026-02-18T03:46:43.763098+01:00, outdoor_avg_60m=-7.89, flow_avg_10m=29.0, flowNow=29, powerNow=0, freqNow=0, opState=heating, status=set_flow_target
2026-02-18T03:46:43.966146+01:00, outdoor_avg_60m=-7.8, flow_avg_10m=29.0, flowNow=29, powerNow=0, freqNow=0, opState=heating, status=set_flow_target
2026-02-18T03:46:43.973058+01:00, outdoor_avg_60m=-7.8, flow_avg_10m=29.0, flowNow=29, powerNow=0, freqNow=0, opState=heating, status=set_flow_target
2026-02-18T03:46:44.110774+01:00, outdoor_avg_60m=-7.73, flow_avg_10m=29.0, flowNow=29, powerNow=0, freqNow=0, opState=heating, status=set_flow_target
2026-02-18T03:46:44.117804+01:00, outdoor_avg_60m=-7.73, flow_avg_10m=29.0, flowNow=29, powerNow=0, freqNow=0, opState=heating, status=set_flow_target
2026-02-18T03:50:01.594290+01:00, outdoor_avg_60m=-7.67, flow_avg_10m=29.0, flowNow=38, powerNow=0, freqNow=46, opState=heating, status=set_flow_target
2026-02-18T03:50:01.602919+01:00, outdoor_avg_60m=-7.67, flow_avg_10m=29.0, flowNow=38, powerNow=0, freqNow=46, opState=heating, status=set_flow_target
2026-02-18T03:55:01.617006+01:00, outdoor_avg_60m=-7.5, flow_avg_10m=31.25, flowNow=50, powerNow=3000, freqNow=70, opState=heating, status=set_flow_target
2026-02-18T03:55:01.628999+01:00, outdoor_avg_60m=-7.5, flow_avg_10m=31.25, flowNow=50, powerNow=3000, freqNow=70, opState=heating, status=set_flow_target
2026-02-18T04:00:01.654544+01:00, outdoor_avg_60m=-7.33, flow_avg_10m=50.0, flowNow=50.5, powerNow=3000, freqNow=72, opState=heating, status=set_flow_target
2026-02-18T04:00:01.662203+01:00, outdoor_avg_60m=-7.33, flow_avg_10m=50.0, flowNow=50.5, powerNow=3000, freqNow=72, opState=heating, status=set_flow_target
2026-02-18T04:05:01.478735+01:00, outdoor_avg_60m=-7.17, flow_avg_10m=50.25, flowNow=50.5, powerNow=3000, freqNow=72, opState=heating, status=set_flow_target
2026-02-18T04:05:01.487210+01:00, outdoor_avg_60m=-7.17, flow_avg_10m=50.25, flowNow=50.5, powerNow=3000, freqNow=72, opState=heating, status=set_flow_target
2026-02-18T04:10:01.517760+01:00, outdoor_avg_60m=-7.0, flow_avg_10m=50.5, flowNow=50.5, powerNow=3000, freqNow=70, opState=heating, status=set_flow_target
2026-02-18T04:10:01.524837+01:00, outdoor_avg_60m=-7.0, flow_avg_10m=50.5, flowNow=50.5, powerNow=3000, freqNow=70, opState=heating, status=set_flow_target
2026-02-18T04:15:01.544252+01:00, outdoor_avg_60m=-6.83, flow_avg_10m=50.5, flowNow=50.5, powerNow=3000, freqNow=70, opState=heating, status=set_flow_target
2026-02-18T04:15:01.551355+01:00, outdoor_avg_60m=-6.83, flow_avg_10m=50.5, flowNow=50.5, powerNow=3000, freqNow=70, opState=heating, status=set_flow_target
2026-02-18T04:20:01.576589+01:00, outdoor_avg_60m=-6.75, flow_avg_10m=50.5, flowNow=50.5, powerNow=3000, freqNow=70, opState=heating, status=set_flow_target
2026-02-18T04:20:01.587476+01:00, outdoor_avg_60m=-6.75, flow_avg_10m=50.5, flowNow=50.5, powerNow=3000, freqNow=70, opState=heating, status=set_flow_target
2026-02-18T04:25:01.604852+01:00, outdoor_avg_60m=-6.67, flow_avg_10m=50.5, flowNow=50.5, powerNow=3000, freqNow=70, opState=heating, status=set_flow_target
2026-02-18T04:25:01.616037+01:00, outdoor_avg_60m=-6.67, flow_avg_10m=50.5, flowNow=50.5, powerNow=3000, freqNow=70, opState=heating, status=set_flow_target
2026-02-18T04:30:01.643803+01:00, outdoor_avg_60m=-6.69, flow_avg_10m=50.5, flowNow=50.5, powerNow=3000, freqNow=64, opState=heating, status=set_flow_target
2026-02-18T04:30:01.650794+01:00, outdoor_avg_60m=-6.69, flow_avg_10m=50.5, flowNow=50.5, powerNow=3000, freqNow=64, opState=heating, status=set_flow_target
2026-02-18T04:35:01.675876+01:00, outdoor_avg_60m=-6.62, flow_avg_10m=50.5, flowNow=50, powerNow=2000, freqNow=64, opState=heating, status=set_flow_target
2026-02-18T04:35:01.684266+01:00, outdoor_avg_60m=-6.62, flow_avg_10m=50.5, flowNow=50, powerNow=2000, freqNow=64, opState=heating, status=set_flow_target
2026-02-18T04:40:00.683553+01:00, outdoor_avg_60m=-6.71, flow_avg_10m=50.25, flowNow=50, powerNow=2000, freqNow=64, opState=heating, status=no_change
2026-02-18T04:40:00.694770+01:00, outdoor_avg_60m=-6.71, flow_avg_10m=50.25, flowNow=50, powerNow=2000, freqNow=64, opState=heating, status=no_change
2026-02-18T04:45:00.714200+01:00, outdoor_avg_60m=-6.79, flow_avg_10m=50.0, flowNow=50, powerNow=2000, freqNow=64, opState=heating, status=no_change
2026-02-18T04:45:00.726601+01:00, outdoor_avg_60m=-6.79, flow_avg_10m=50.0, flowNow=50, powerNow=2000, freqNow=64, opState=heating, status=no_change
2026-02-18T04:50:00.600135+01:00, outdoor_avg_60m=-6.83, flow_avg_10m=50.0, flowNow=30, powerNow=0, freqNow=42, opState=heating, status=no_change
2026-02-18T04:50:00.611442+01:00, outdoor_avg_60m=-6.83, flow_avg_10m=50.0, flowNow=30, powerNow=0, freqNow=42, opState=heating, status=no_change
2026-02-18T04:55:00.988842+01:00, outdoor_avg_60m=-7.0, flow_avg_10m=30.0, flowNow=45, powerNow=2000, freqNow=48, opState=heating, status=no_change
2026-02-18T04:55:00.997652+01:00, outdoor_avg_60m=-7.0, flow_avg_10m=30.0, flowNow=45, powerNow=2000, freqNow=48, opState=heating, status=no_change
2026-02-18T05:00:01.628743+01:00, outdoor_avg_60m=-7.17, flow_avg_10m=45.0, flowNow=48.5, powerNow=3000, freqNow=86, opState=heating, status=set_flow_target
2026-02-18T05:00:01.640664+01:00, outdoor_avg_60m=-7.17, flow_avg_10m=45.0, flowNow=48.5, powerNow=3000, freqNow=86, opState=heating, status=set_flow_target
2026-02-18T05:05:01.668313+01:00, outdoor_avg_60m=-7.45, flow_avg_10m=48.5, flowNow=50, powerNow=3000, freqNow=86, opState=heating, status=set_flow_target
2026-02-18T05:05:01.678839+01:00, outdoor_avg_60m=-7.45, flow_avg_10m=48.5, flowNow=50, powerNow=3000, freqNow=86, opState=heating, status=set_flow_target
2026-02-18T05:10:00.684355+01:00, outdoor_avg_60m=-7.5, flow_avg_10m=49.25, flowNow=50.5, powerNow=3000, freqNow=86, opState=heating, status=no_change
2026-02-18T05:10:00.690944+01:00, outdoor_avg_60m=-7.5, flow_avg_10m=49.25, flowNow=50.5, powerNow=3000, freqNow=86, opState=heating, status=no_change
2026-02-18T05:15:01.726614+01:00, outdoor_avg_60m=-7.73, flow_avg_10m=50.5, flowNow=50.5, powerNow=3000, freqNow=86, opState=heating, status=set_flow_target
2026-02-18T05:15:01.738957+01:00, outdoor_avg_60m=-7.73, flow_avg_10m=50.5, flowNow=50.5, powerNow=3000, freqNow=86, opState=heating, status=set_flow_target
2026-02-18T05:20:02.987090+01:00, outdoor_avg_60m=-7.82, flow_avg_10m=50.5, flowNow=50.5, powerNow=3000, freqNow=78, opState=heating, status=set_flow_target
2026-02-18T05:20:02.998027+01:00, outdoor_avg_60m=-7.82, flow_avg_10m=50.5, flowNow=50.5, powerNow=3000, freqNow=78, opState=heating, status=set_flow_target
2026-02-18T05:25:01.591730+01:00, outdoor_avg_60m=-7.83, flow_avg_10m=50.5, flowNow=51.5, powerNow=3000, freqNow=76, opState=heating, status=set_flow_target
2026-02-18T05:25:01.599807+01:00, outdoor_avg_60m=-7.83, flow_avg_10m=50.5, flowNow=51.5, powerNow=3000, freqNow=76, opState=heating, status=set_flow_target
2026-02-18T05:30:01.827612+01:00, outdoor_avg_60m=-8.0, flow_avg_10m=51.0, flowNow=51.5, powerNow=3000, freqNow=76, opState=heating, status=set_flow_target
2026-02-18T05:30:01.839481+01:00, outdoor_avg_60m=-8.0, flow_avg_10m=51.0, flowNow=51.5, powerNow=3000, freqNow=76, opState=heating, status=set_flow_target
2026-02-18T05:35:01.663907+01:00, outdoor_avg_60m=-8.0, flow_avg_10m=51.5, flowNow=51.5, powerNow=3000, freqNow=76, opState=heating, status=set_flow_target
2026-02-18T05:35:01.673552+01:00, outdoor_avg_60m=-8.0, flow_avg_10m=51.5, flowNow=51.5, powerNow=3000, freqNow=76, opState=heating, status=set_flow_target
2026-02-18T05:40:01.687100+01:00, outdoor_avg_60m=-8.0, flow_avg_10m=51.5, flowNow=51.5, powerNow=3000, freqNow=74, opState=heating, status=set_flow_target
2026-02-18T05:40:01.699165+01:00, outdoor_avg_60m=-8.0, flow_avg_10m=51.5, flowNow=51.5, powerNow=3000, freqNow=74, opState=heating, status=set_flow_target
2026-02-18T05:45:01.944215+01:00, outdoor_avg_60m=-8.0, flow_avg_10m=51.5, flowNow=51.5, powerNow=3000, freqNow=74, opState=heating, status=set_flow_target
2026-02-18T05:45:01.952035+01:00, outdoor_avg_60m=-8.0, flow_avg_10m=51.5, flowNow=51.5, powerNow=3000, freqNow=74, opState=heating, status=set_flow_target
2026-02-18T05:50:01.756563+01:00, outdoor_avg_60m=-8.09, flow_avg_10m=51.5, flowNow=51.5, powerNow=3000, freqNow=74, opState=heating, status=set_flow_target
2026-02-18T05:50:01.763870+01:00, outdoor_avg_60m=-8.09, flow_avg_10m=51.5, flowNow=51.5, powerNow=3000, freqNow=74, opState=heating, status=set_flow_target
2026-02-18T05:55:01.583771+01:00, outdoor_avg_60m=-8.18, flow_avg_10m=51.5, flowNow=51.5, powerNow=3000, freqNow=70, opState=heating, status=set_flow_target
2026-02-18T05:55:01.594519+01:00, outdoor_avg_60m=-8.18, flow_avg_10m=51.5, flowNow=51.5, powerNow=3000, freqNow=70, opState=heating, status=set_flow_target
2026-02-18T06:00:01.826870+01:00, outdoor_avg_60m=-8.27, flow_avg_10m=51.5, flowNow=50.5, powerNow=3000, freqNow=68, opState=heating, status=set_flow_target
2026-02-18T06:00:01.836467+01:00, outdoor_avg_60m=-8.27, flow_avg_10m=51.5, flowNow=50.5, powerNow=3000, freqNow=68, opState=heating, status=set_flow_target
2026-02-18T06:05:01.644782+01:00, outdoor_avg_60m=-8.33, flow_avg_10m=50.5, flowNow=50.5, powerNow=3000, freqNow=70, opState=heating, status=set_flow_target
2026-02-18T06:05:01.656926+01:00, outdoor_avg_60m=-8.33, flow_avg_10m=50.5, flowNow=50.5, powerNow=3000, freqNow=70, opState=heating, status=set_flow_target
2026-02-18T06:10:01.679149+01:00, outdoor_avg_60m=-8.45, flow_avg_10m=50.5, flowNow=50.5, powerNow=3000, freqNow=70, opState=heating, status=set_flow_target
2026-02-18T06:10:01.690328+01:00, outdoor_avg_60m=-8.45, flow_avg_10m=50.5, flowNow=50.5, powerNow=3000, freqNow=70, opState=heating, status=set_flow_target
2026-02-18T06:15:01.719163+01:00, outdoor_avg_60m=-8.5, flow_avg_10m=50.5, flowNow=50.5, powerNow=3000, freqNow=70, opState=heating, status=set_flow_target
2026-02-18T06:15:01.726136+01:00, outdoor_avg_60m=-8.5, flow_avg_10m=50.5, flowNow=50.5, powerNow=3000, freqNow=70, opState=heating, status=set_flow_target
2026-02-18T06:20:01.744391+01:00, outdoor_avg_60m=-8.58, flow_avg_10m=50.5, flowNow=37, powerNow=0, freqNow=0, opState=heating, status=set_flow_target
2026-02-18T06:20:01.762134+01:00, outdoor_avg_60m=-8.58, flow_avg_10m=50.5, flowNow=37, powerNow=0, freqNow=0, opState=heating, status=set_flow_target
2026-02-18T06:25:01.567922+01:00, outdoor_avg_60m=-8.67, flow_avg_10m=43.75, flowNow=45, powerNow=2000, freqNow=48, opState=heating, status=set_flow_target
2026-02-18T06:25:01.580338+01:00, outdoor_avg_60m=-8.67, flow_avg_10m=43.75, flowNow=45, powerNow=2000, freqNow=48, opState=heating, status=set_flow_target
2026-02-18T06:30:01.812860+01:00, outdoor_avg_60m=-8.75, flow_avg_10m=45.0, flowNow=49.5, powerNow=3000, freqNow=86, opState=heating, status=set_flow_target
2026-02-18T06:30:01.820168+01:00, outdoor_avg_60m=-8.75, flow_avg_10m=45.0, flowNow=49.5, powerNow=3000, freqNow=86, opState=heating, status=set_flow_target
2026-02-18T06:35:01.634175+01:00, outdoor_avg_60m=-8.83, flow_avg_10m=49.5, flowNow=50, powerNow=3000, freqNow=86, opState=heating, status=set_flow_target
2026-02-18T06:35:01.645468+01:00, outdoor_avg_60m=-8.83, flow_avg_10m=49.5, flowNow=50, powerNow=3000, freqNow=86, opState=heating, status=set_flow_target
2026-02-18T06:40:01.674128+01:00, outdoor_avg_60m=-8.92, flow_avg_10m=49.75, flowNow=50.5, powerNow=3000, freqNow=86, opState=heating, status=set_flow_target
2026-02-18T06:40:01.681721+01:00, outdoor_avg_60m=-8.92, flow_avg_10m=49.75, flowNow=50.5, powerNow=3000, freqNow=86, opState=heating, status=set_flow_target
2026-02-18T06:45:01.703231+01:00, outdoor_avg_60m=-9.0, flow_avg_10m=50.5, flowNow=51.5, powerNow=4000, freqNow=86, opState=heating, status=set_flow_target
2026-02-18T06:45:01.714170+01:00, outdoor_avg_60m=-9.0, flow_avg_10m=50.5, flowNow=51.5, powerNow=4000, freqNow=86, opState=heating, status=set_flow_target
2026-02-18T06:50:01.736088+01:00, outdoor_avg_60m=-9.0, flow_avg_10m=51.5, flowNow=51.5, powerNow=3000, freqNow=78, opState=heating, status=set_flow_target
2026-02-18T06:50:01.748683+01:00, outdoor_avg_60m=-9.0, flow_avg_10m=51.5, flowNow=51.5, powerNow=3000, freqNow=78, opState=heating, status=set_flow_target
2026-02-18T06:55:01.763025+01:00, outdoor_avg_60m=-9.0, flow_avg_10m=51.5, flowNow=51.5, powerNow=3000, freqNow=76, opState=heating, status=set_flow_target
2026-02-18T06:55:01.774558+01:00, outdoor_avg_60m=-9.0, flow_avg_10m=51.5, flowNow=51.5, powerNow=3000, freqNow=76, opState=heating, status=set_flow_target
2026-02-18T07:00:01.799201+01:00, outdoor_avg_60m=-9.0, flow_avg_10m=51.5, flowNow=51.5, powerNow=3000, freqNow=76, opState=heating, status=set_flow_target
2026-02-18T07:00:01.810424+01:00, outdoor_avg_60m=-9.0, flow_avg_10m=51.5, flowNow=51.5, powerNow=3000, freqNow=76, opState=heating, status=set_flow_target
2026-02-18T07:05:00.601018+01:00, outdoor_avg_60m=-9.0, flow_avg_10m=51.5, flowNow=50.5, powerNow=3000, freqNow=72, opState=heating, status=no_change
2026-02-18T07:05:00.609496+01:00, outdoor_avg_60m=-9.0, flow_avg_10m=51.5, flowNow=50.5, powerNow=3000, freqNow=72, opState=heating, status=no_change
2026-02-18T07:10:01.658834+01:00, outdoor_avg_60m=-9.0, flow_avg_10m=51.0, flowNow=51.5, powerNow=3000, freqNow=72, opState=heating, status=set_flow_target
2026-02-18T07:10:01.670788+01:00, outdoor_avg_60m=-9.0, flow_avg_10m=51.0, flowNow=51.5, powerNow=3000, freqNow=72, opState=heating, status=set_flow_target
2026-02-18T07:15:00.663598+01:00, outdoor_avg_60m=-9.0, flow_avg_10m=51.5, flowNow=51.5, powerNow=3000, freqNow=72, opState=heating, status=no_change
2026-02-18T07:15:00.674260+01:00, outdoor_avg_60m=-9.0, flow_avg_10m=51.5, flowNow=51.5, powerNow=3000, freqNow=72, opState=heating, status=no_change
2026-02-18T07:20:01.721875+01:00, outdoor_avg_60m=-9.0, flow_avg_10m=51.5, flowNow=50.5, powerNow=3000, freqNow=70, opState=heating, status=set_flow_target
2026-02-18T07:20:01.733564+01:00, outdoor_avg_60m=-9.0, flow_avg_10m=51.5, flowNow=50.5, powerNow=3000, freqNow=70, opState=heating, status=set_flow_target
2026-02-18T07:25:00.526581+01:00, outdoor_avg_60m=-9.0, flow_avg_10m=51.0, flowNow=50.5, powerNow=3000, freqNow=70, opState=heating, status=no_change
2026-02-18T07:25:00.538085+01:00, outdoor_avg_60m=-9.0, flow_avg_10m=51.0, flowNow=50.5, powerNow=3000, freqNow=70, opState=heating, status=no_change
2026-02-18T07:30:00.763663+01:00, outdoor_avg_60m=-9.0, flow_avg_10m=50.5, flowNow=50.5, powerNow=3000, freqNow=70, opState=heating, status=no_change
2026-02-18T07:30:00.774504+01:00, outdoor_avg_60m=-9.0, flow_avg_10m=50.5, flowNow=50.5, powerNow=3000, freqNow=70, opState=heating, status=no_change
2026-02-18T07:35:01.615788+01:00, outdoor_avg_60m=-9.0, flow_avg_10m=50.5, flowNow=50.5, powerNow=3000, freqNow=70, opState=heating, status=no_change
2026-02-18T07:35:01.627681+01:00, outdoor_avg_60m=-9.0, flow_avg_10m=50.5, flowNow=50.5, powerNow=3000, freqNow=70, opState=heating, status=no_change
2026-02-18T07:40:01.655957+01:00, outdoor_avg_60m=-9.0, flow_avg_10m=50.5, flowNow=50.5, powerNow=3000, freqNow=70, opState=heating, status=set_flow_target
2026-02-18T07:40:01.663266+01:00, outdoor_avg_60m=-9.0, flow_avg_10m=50.5, flowNow=50.5, powerNow=3000, freqNow=70, opState=heating, status=set_flow_target
2026-02-18T07:45:01.678883+01:00, outdoor_avg_60m=-9.0, flow_avg_10m=50.5, flowNow=50.5, powerNow=3000, freqNow=70, opState=heating, status=set_flow_target
2026-02-18T07:45:01.690115+01:00, outdoor_avg_60m=-9.0, flow_avg_10m=50.5, flowNow=50.5, powerNow=3000, freqNow=70, opState=heating, status=set_flow_target
2026-02-18T07:50:01.712674+01:00, outdoor_avg_60m=-9.0, flow_avg_10m=50.5, flowNow=34.5, powerNow=0, freqNow=0, opState=heating, status=set_flow_target
2026-02-18T07:50:01.724089+01:00, outdoor_avg_60m=-9.0, flow_avg_10m=50.5, flowNow=34.5, powerNow=0, freqNow=0, opState=heating, status=set_flow_target
2026-02-18T07:55:01.749398+01:00, outdoor_avg_60m=-9.0, flow_avg_10m=34.5, flowNow=45, powerNow=2000, freqNow=48, opState=heating, status=set_flow_target
2026-02-18T07:55:01.760693+01:00, outdoor_avg_60m=-9.0, flow_avg_10m=34.5, flowNow=45, powerNow=2000, freqNow=48, opState=heating, status=set_flow_target
2026-02-18T08:00:01.985574+01:00, outdoor_avg_60m=-9.0, flow_avg_10m=45.0, flowNow=49, powerNow=3000, freqNow=84, opState=heating, status=set_flow_target
2026-02-18T08:00:02.003682+01:00, outdoor_avg_60m=-9.0, flow_avg_10m=45.0, flowNow=49, powerNow=3000, freqNow=84, opState=heating, status=set_flow_target
2026-02-18T08:05:01.612790+01:00, outdoor_avg_60m=-9.0, flow_avg_10m=47.0, flowNow=50, powerNow=3000, freqNow=84, opState=heating, status=set_flow_target
2026-02-18T08:05:01.620535+01:00, outdoor_avg_60m=-9.0, flow_avg_10m=47.0, flowNow=50, powerNow=3000, freqNow=84, opState=heating, status=set_flow_target
2026-02-18T08:10:04.720608+01:00, outdoor_avg_60m=-9.0, flow_avg_10m=50.0, flowNow=50.5, powerNow=3000, freqNow=84, opState=heating, status=set_flow_target
2026-02-18T08:10:04.727915+01:00, outdoor_avg_60m=-9.0, flow_avg_10m=50.0, flowNow=50.5, powerNow=3000, freqNow=84, opState=heating, status=set_flow_target
2026-02-18T08:15:01.668619+01:00, outdoor_avg_60m=-9.0, flow_avg_10m=50.5, flowNow=50, powerNow=3000, freqNow=74, opState=heating, status=set_flow_target
2026-02-18T08:15:01.680023+01:00, outdoor_avg_60m=-9.0, flow_avg_10m=50.5, flowNow=50, powerNow=3000, freqNow=74, opState=heating, status=set_flow_target
2026-02-18T08:20:01.606612+01:00, outdoor_avg_60m=-9.0, flow_avg_10m=50.25, flowNow=50.5, powerNow=3000, freqNow=74, opState=heating, status=set_flow_target
2026-02-18T08:20:01.614377+01:00, outdoor_avg_60m=-9.0, flow_avg_10m=50.25, flowNow=50.5, powerNow=3000, freqNow=74, opState=heating, status=set_flow_target
2026-02-18T08:25:01.739803+01:00, outdoor_avg_60m=-8.91, flow_avg_10m=50.5, flowNow=50, powerNow=2000, freqNow=64, opState=heating, status=set_flow_target
2026-02-18T08:25:01.747063+01:00, outdoor_avg_60m=-8.91, flow_avg_10m=50.5, flowNow=50, powerNow=2000, freqNow=64, opState=heating, status=set_flow_target
2026-02-18T08:30:01.768796+01:00, outdoor_avg_60m=-8.82, flow_avg_10m=50.0, flowNow=50, powerNow=2000, freqNow=64, opState=heating, status=set_flow_target
2026-02-18T08:30:01.780332+01:00, outdoor_avg_60m=-8.82, flow_avg_10m=50.0, flowNow=50, powerNow=2000, freqNow=64, opState=heating, status=set_flow_target
2026-02-18T08:35:01.599467+01:00, outdoor_avg_60m=-8.75, flow_avg_10m=50.0, flowNow=50, powerNow=2000, freqNow=64, opState=heating, status=set_flow_target
2026-02-18T08:35:01.606499+01:00, outdoor_avg_60m=-8.75, flow_avg_10m=50.0, flowNow=50, powerNow=2000, freqNow=64, opState=heating, status=set_flow_target
2026-02-18T08:40:01.623434+01:00, outdoor_avg_60m=-8.67, flow_avg_10m=50.0, flowNow=49, powerNow=2000, freqNow=56, opState=heating, status=set_flow_target
2026-02-18T08:40:01.635652+01:00, outdoor_avg_60m=-8.67, flow_avg_10m=50.0, flowNow=49, powerNow=2000, freqNow=56, opState=heating, status=set_flow_target
2026-02-18T08:45:01.659725+01:00, outdoor_avg_60m=-8.58, flow_avg_10m=49.0, flowNow=49, powerNow=2000, freqNow=48, opState=heating, status=set_flow_target
2026-02-18T08:45:01.670580+01:00, outdoor_avg_60m=-8.58, flow_avg_10m=49.0, flowNow=49, powerNow=2000, freqNow=48, opState=heating, status=set_flow_target
2026-02-18T08:50:01.695015+01:00, outdoor_avg_60m=-8.42, flow_avg_10m=49.0, flowNow=48.5, powerNow=2000, freqNow=50, opState=heating, status=set_flow_target
2026-02-18T08:50:01.706609+01:00, outdoor_avg_60m=-8.42, flow_avg_10m=49.0, flowNow=48.5, powerNow=2000, freqNow=50, opState=heating, status=set_flow_target
2026-02-18T08:55:01.403744+01:00, outdoor_avg_60m=-8.25, flow_avg_10m=48.75, flowNow=48.5, powerNow=2000, freqNow=50, opState=heating, status=set_flow_target
2026-02-18T08:55:01.417174+01:00, outdoor_avg_60m=-8.25, flow_avg_10m=48.75, flowNow=48.5, powerNow=2000, freqNow=50, opState=heating, status=set_flow_target
2026-02-18T09:00:01.466529+01:00, outdoor_avg_60m=-8.0, flow_avg_10m=48.5, flowNow=48, powerNow=2000, freqNow=48, opState=heating, status=set_flow_target
2026-02-18T09:00:01.478308+01:00, outdoor_avg_60m=-8.0, flow_avg_10m=48.5, flowNow=48, powerNow=2000, freqNow=48, opState=heating, status=set_flow_target
2026-02-18T09:05:01.378349+01:00, outdoor_avg_60m=-7.75, flow_avg_10m=48.25, flowNow=48, powerNow=2000, freqNow=48, opState=heating, status=set_flow_target
2026-02-18T09:05:01.389644+01:00, outdoor_avg_60m=-7.75, flow_avg_10m=48.25, flowNow=48, powerNow=2000, freqNow=48, opState=heating, status=set_flow_target
2026-02-18T09:10:01.824917+01:00, outdoor_avg_60m=-7.5, flow_avg_10m=48.0, flowNow=48, powerNow=2000, freqNow=48, opState=heating, status=set_flow_target
2026-02-18T09:10:01.836387+01:00, outdoor_avg_60m=-7.5, flow_avg_10m=48.0, flowNow=48, powerNow=2000, freqNow=48, opState=heating, status=set_flow_target
2026-02-18T09:15:01.651047+01:00, outdoor_avg_60m=-7.17, flow_avg_10m=48.0, flowNow=48, powerNow=2000, freqNow=48, opState=heating, status=set_flow_target
2026-02-18T09:15:01.659204+01:00, outdoor_avg_60m=-7.17, flow_avg_10m=48.0, flowNow=48, powerNow=2000, freqNow=48, opState=heating, status=set_flow_target
2026-02-18T09:20:01.682996+01:00, outdoor_avg_60m=-6.73, flow_avg_10m=48.0, flowNow=48, powerNow=2000, freqNow=48, opState=heating, status=set_flow_target
2026-02-18T09:20:01.694958+01:00, outdoor_avg_60m=-6.73, flow_avg_10m=48.0, flowNow=48, powerNow=2000, freqNow=48, opState=heating, status=set_flow_target
2026-02-18T09:25:01.724795+01:00, outdoor_avg_60m=-6.58, flow_avg_10m=48.0, flowNow=47.5, powerNow=2000, freqNow=48, opState=heating, status=set_flow_target
2026-02-18T09:25:01.732376+01:00, outdoor_avg_60m=-6.58, flow_avg_10m=48.0, flowNow=47.5, powerNow=2000, freqNow=48, opState=heating, status=set_flow_target
2026-02-18T09:30:01.751506+01:00, outdoor_avg_60m=-6.33, flow_avg_10m=47.5, flowNow=47.5, powerNow=2000, freqNow=48, opState=heating, status=set_flow_target
2026-02-18T09:30:01.763398+01:00, outdoor_avg_60m=-6.33, flow_avg_10m=47.5, flowNow=47.5, powerNow=2000, freqNow=48, opState=heating, status=set_flow_target
2026-02-18T09:35:00.757846+01:00, outdoor_avg_60m=-6.0, flow_avg_10m=47.5, flowNow=47.5, powerNow=2000, freqNow=48, opState=heating, status=no_change
2026-02-18T09:35:00.779196+01:00, outdoor_avg_60m=-6.0, flow_avg_10m=47.5, flowNow=47.5, powerNow=2000, freqNow=48, opState=heating, status=no_change
2026-02-18T09:40:00.584408+01:00, outdoor_avg_60m=-5.67, flow_avg_10m=47.5, flowNow=47.5, powerNow=2000, freqNow=48, opState=heating, status=no_change
2026-02-18T09:40:00.596095+01:00, outdoor_avg_60m=-5.67, flow_avg_10m=47.5, flowNow=47.5, powerNow=2000, freqNow=48, opState=heating, status=no_change
2026-02-18T09:45:00.619037+01:00, outdoor_avg_60m=-5.33, flow_avg_10m=47.5, flowNow=47.5, powerNow=2000, freqNow=48, opState=heating, status=no_change
2026-02-18T09:45:00.630554+01:00, outdoor_avg_60m=-5.33, flow_avg_10m=47.5, flowNow=47.5, powerNow=2000, freqNow=48, opState=heating, status=no_change
2026-02-18T09:50:01.675628+01:00, outdoor_avg_60m=-5.08, flow_avg_10m=47.5, flowNow=47.5, powerNow=2000, freqNow=48, opState=heating, status=set_flow_target
2026-02-18T09:50:01.686752+01:00, outdoor_avg_60m=-5.08, flow_avg_10m=47.5, flowNow=47.5, powerNow=2000, freqNow=48, opState=heating, status=set_flow_target
2026-02-18T09:55:01.708751+01:00, outdoor_avg_60m=-4.64, flow_avg_10m=47.5, flowNow=47.5, powerNow=2000, freqNow=48, opState=heating, status=set_flow_target
2026-02-18T09:55:01.720260+01:00, outdoor_avg_60m=-4.64, flow_avg_10m=47.5, flowNow=47.5, powerNow=2000, freqNow=48, opState=heating, status=set_flow_target
2026-02-18T10:00:01.744801+01:00, outdoor_avg_60m=-4.36, flow_avg_10m=47.5, flowNow=47.5, powerNow=2000, freqNow=48, opState=heating, status=set_flow_target
2026-02-18T10:00:01.751723+01:00, outdoor_avg_60m=-4.36, flow_avg_10m=47.5, flowNow=47.5, powerNow=2000, freqNow=48, opState=heating, status=set_flow_target
2026-02-18T10:05:01.566530+01:00, outdoor_avg_60m=-4.09, flow_avg_10m=47.5, flowNow=47.5, powerNow=2000, freqNow=48, opState=heating, status=set_flow_target
2026-02-18T10:05:01.578571+01:00, outdoor_avg_60m=-4.09, flow_avg_10m=47.5, flowNow=47.5, powerNow=2000, freqNow=48, opState=heating, status=set_flow_target
2026-02-18T10:10:01.606276+01:00, outdoor_avg_60m=-4.0, flow_avg_10m=47.5, flowNow=47.5, powerNow=2000, freqNow=48, opState=heating, status=set_flow_target
2026-02-18T10:10:01.613630+01:00, outdoor_avg_60m=-4.0, flow_avg_10m=47.5, flowNow=47.5, powerNow=2000, freqNow=48, opState=heating, status=set_flow_target
2026-02-18T10:15:01.836776+01:00, outdoor_avg_60m=-3.73, flow_avg_10m=47.5, flowNow=47.5, powerNow=2000, freqNow=48, opState=heating, status=set_flow_target
2026-02-18T10:15:01.848681+01:00, outdoor_avg_60m=-3.73, flow_avg_10m=47.5, flowNow=47.5, powerNow=2000, freqNow=48, opState=heating, status=set_flow_target
2026-02-18T10:20:01.425997+01:00, outdoor_avg_60m=-3.67, flow_avg_10m=47.5, flowNow=47, powerNow=2000, freqNow=48, opState=heating, status=set_flow_target
2026-02-18T10:20:01.433536+01:00, outdoor_avg_60m=-3.67, flow_avg_10m=47.5, flowNow=47, powerNow=2000, freqNow=48, opState=heating, status=set_flow_target
2026-02-18T10:25:01.779630+01:00, outdoor_avg_60m=-3.36, flow_avg_10m=47.25, flowNow=47, powerNow=2000, freqNow=48, opState=heating, status=set_flow_target
2026-02-18T10:25:01.788233+01:00, outdoor_avg_60m=-3.36, flow_avg_10m=47.25, flowNow=47, powerNow=2000, freqNow=48, opState=heating, status=set_flow_target
2026-02-18T10:30:02.060249+01:00, outdoor_avg_60m=-3.33, flow_avg_10m=47.0, flowNow=47, powerNow=2000, freqNow=48, opState=heating, status=set_flow_target
2026-02-18T10:30:02.067113+01:00, outdoor_avg_60m=-3.33, flow_avg_10m=47.0, flowNow=47, powerNow=2000, freqNow=48, opState=heating, status=set_flow_target
2026-02-18T10:35:01.763298+01:00, outdoor_avg_60m=-3.18, flow_avg_10m=47.0, flowNow=47, powerNow=2000, freqNow=50, opState=heating, status=set_flow_target
2026-02-18T10:35:01.771484+01:00, outdoor_avg_60m=-3.18, flow_avg_10m=47.0, flowNow=47, powerNow=2000, freqNow=50, opState=heating, status=set_flow_target
2026-02-18T10:40:01.359606+01:00, outdoor_avg_60m=-3.09, flow_avg_10m=47.0, flowNow=47, powerNow=2000, freqNow=50, opState=heating, status=set_flow_target
2026-02-18T10:40:01.370440+01:00, outdoor_avg_60m=-3.09, flow_avg_10m=47.0, flowNow=47, powerNow=2000, freqNow=50, opState=heating, status=set_flow_target
2026-02-18T10:45:01.342465+01:00, outdoor_avg_60m=-3.0, flow_avg_10m=47.0, flowNow=47, powerNow=2000, freqNow=50, opState=heating, status=set_flow_target
2026-02-18T10:45:01.355051+01:00, outdoor_avg_60m=-3.0, flow_avg_10m=47.0, flowNow=47, powerNow=2000, freqNow=50, opState=heating, status=set_flow_target
2026-02-18T10:50:01.360152+01:00, outdoor_avg_60m=-3.0, flow_avg_10m=47.0, flowNow=47, powerNow=2000, freqNow=50, opState=heating, status=set_flow_target
2026-02-18T10:50:01.371189+01:00, outdoor_avg_60m=-3.0, flow_avg_10m=47.0, flowNow=47, powerNow=2000, freqNow=50, opState=heating, status=set_flow_target
2026-02-18T10:55:01.324732+01:00, outdoor_avg_60m=-3.0, flow_avg_10m=47.0, flowNow=47, powerNow=2000, freqNow=50, opState=heating, status=set_flow_target
2026-02-18T10:55:01.335717+01:00, outdoor_avg_60m=-3.0, flow_avg_10m=47.0, flowNow=47, powerNow=2000, freqNow=50, opState=heating, status=set_flow_target
2026-02-18T11:00:01.462949+01:00, outdoor_avg_60m=-3.0, flow_avg_10m=47.0, flowNow=47, powerNow=2000, freqNow=50, opState=heating, status=set_flow_target
2026-02-18T11:00:01.474057+01:00, outdoor_avg_60m=-3.0, flow_avg_10m=47.0, flowNow=47, powerNow=2000, freqNow=50, opState=heating, status=set_flow_target
2026-02-18T11:05:01.369575+01:00, outdoor_avg_60m=-3.0, flow_avg_10m=47.0, flowNow=46.5, powerNow=2000, freqNow=50, opState=heating, status=set_flow_target
2026-02-18T11:05:01.381277+01:00, outdoor_avg_60m=-3.0, flow_avg_10m=47.0, flowNow=46.5, powerNow=2000, freqNow=50, opState=heating, status=set_flow_target
2026-02-18T11:10:01.371579+01:00, outdoor_avg_60m=-2.92, flow_avg_10m=46.75, flowNow=47, powerNow=2000, freqNow=52, opState=heating, status=set_flow_target
2026-02-18T11:10:01.379279+01:00, outdoor_avg_60m=-2.92, flow_avg_10m=46.75, flowNow=47, powerNow=2000, freqNow=52, opState=heating, status=set_flow_target
2026-02-18T11:15:01.317238+01:00, outdoor_avg_60m=-2.83, flow_avg_10m=46.75, flowNow=47, powerNow=2000, freqNow=52, opState=heating, status=set_flow_target
2026-02-18T11:15:01.329195+01:00, outdoor_avg_60m=-2.83, flow_avg_10m=46.75, flowNow=47, powerNow=2000, freqNow=52, opState=heating, status=set_flow_target
2026-02-18T11:20:01.364354+01:00, outdoor_avg_60m=-2.75, flow_avg_10m=47.0, flowNow=47, powerNow=2000, freqNow=52, opState=heating, status=set_flow_target
2026-02-18T11:20:01.375881+01:00, outdoor_avg_60m=-2.75, flow_avg_10m=47.0, flowNow=47, powerNow=2000, freqNow=52, opState=heating, status=set_flow_target
2026-02-18T11:25:01.320183+01:00, outdoor_avg_60m=-2.67, flow_avg_10m=47.0, flowNow=47, powerNow=2000, freqNow=52, opState=heating, status=set_flow_target
2026-02-18T11:25:01.330995+01:00, outdoor_avg_60m=-2.67, flow_avg_10m=47.0, flowNow=47, powerNow=2000, freqNow=52, opState=heating, status=set_flow_target
2026-02-18T11:30:01.372050+01:00, outdoor_avg_60m=-2.58, flow_avg_10m=47.0, flowNow=47.5, powerNow=2000, freqNow=52, opState=heating, status=set_flow_target
2026-02-18T11:30:01.383967+01:00, outdoor_avg_60m=-2.58, flow_avg_10m=47.0, flowNow=47.5, powerNow=2000, freqNow=52, opState=heating, status=set_flow_target
2026-02-18T11:35:01.377883+01:00, outdoor_avg_60m=-2.5, flow_avg_10m=47.5, flowNow=47.5, powerNow=2000, freqNow=52, opState=heating, status=set_flow_target
2026-02-18T11:35:01.385084+01:00, outdoor_avg_60m=-2.5, flow_avg_10m=47.5, flowNow=47.5, powerNow=2000, freqNow=52, opState=heating, status=set_flow_target
2026-02-18T11:40:01.402801+01:00, outdoor_avg_60m=-2.36, flow_avg_10m=47.5, flowNow=47.5, powerNow=2000, freqNow=52, opState=heating, status=set_flow_target
2026-02-18T11:40:01.410078+01:00, outdoor_avg_60m=-2.36, flow_avg_10m=47.5, flowNow=47.5, powerNow=2000, freqNow=52, opState=heating, status=set_flow_target
2026-02-18T11:45:01.339938+01:00, outdoor_avg_60m=-2.33, flow_avg_10m=47.5, flowNow=47.5, powerNow=2000, freqNow=52, opState=heating, status=set_flow_target
2026-02-18T11:45:01.351699+01:00, outdoor_avg_60m=-2.33, flow_avg_10m=47.5, flowNow=47.5, powerNow=2000, freqNow=52, opState=heating, status=set_flow_target
2026-02-18T11:50:01.634360+01:00, outdoor_avg_60m=-2.18, flow_avg_10m=47.5, flowNow=47.5, powerNow=2000, freqNow=52, opState=heating, status=set_flow_target
2026-02-18T11:50:01.652710+01:00, outdoor_avg_60m=-2.18, flow_avg_10m=47.5, flowNow=47.5, powerNow=2000, freqNow=52, opState=heating, status=set_flow_target
2026-02-18T11:55:01.672374+01:00, outdoor_avg_60m=-2.09, flow_avg_10m=47.5, flowNow=47.5, powerNow=2000, freqNow=52, opState=heating, status=set_flow_target
2026-02-18T11:55:01.679818+01:00, outdoor_avg_60m=-2.09, flow_avg_10m=47.5, flowNow=47.5, powerNow=2000, freqNow=52, opState=heating, status=set_flow_target
2026-02-18T12:00:01.701615+01:00, outdoor_avg_60m=-2.0, flow_avg_10m=47.5, flowNow=47.5, powerNow=2000, freqNow=52, opState=heating, status=set_flow_target
2026-02-18T12:00:01.713242+01:00, outdoor_avg_60m=-2.0, flow_avg_10m=47.5, flowNow=47.5, powerNow=2000, freqNow=52, opState=heating, status=set_flow_target
2026-02-18T12:05:01.734474+01:00, outdoor_avg_60m=-2.0, flow_avg_10m=47.5, flowNow=47.5, powerNow=2000, freqNow=52, opState=heating, status=set_flow_target
2026-02-18T12:05:01.746824+01:00, outdoor_avg_60m=-2.0, flow_avg_10m=47.5, flowNow=47.5, powerNow=2000, freqNow=52, opState=heating, status=set_flow_target
2026-02-18T12:10:01.565231+01:00, outdoor_avg_60m=-2.0, flow_avg_10m=47.5, flowNow=48, powerNow=2000, freqNow=52, opState=heating, status=set_flow_target
2026-02-18T12:10:01.573219+01:00, outdoor_avg_60m=-2.0, flow_avg_10m=47.5, flowNow=48, powerNow=2000, freqNow=52, opState=heating, status=set_flow_target
2026-02-18T12:15:01.796690+01:00, outdoor_avg_60m=-2.0, flow_avg_10m=48.0, flowNow=47.5, powerNow=2000, freqNow=50, opState=heating, status=set_flow_target
2026-02-18T12:15:01.808977+01:00, outdoor_avg_60m=-2.0, flow_avg_10m=48.0, flowNow=47.5, powerNow=2000, freqNow=50, opState=heating, status=set_flow_target
2026-02-18T12:20:01.630174+01:00, outdoor_avg_60m=-2.0, flow_avg_10m=47.5, flowNow=47.5, powerNow=2000, freqNow=50, opState=heating, status=set_flow_target
2026-02-18T12:20:01.637210+01:00, outdoor_avg_60m=-2.0, flow_avg_10m=47.5, flowNow=47.5, powerNow=2000, freqNow=50, opState=heating, status=set_flow_target
2026-02-18T12:25:01.657127+01:00, outdoor_avg_60m=-2.0, flow_avg_10m=47.5, flowNow=47.5, powerNow=2000, freqNow=50, opState=heating, status=set_flow_target
2026-02-18T12:25:01.669636+01:00, outdoor_avg_60m=-2.0, flow_avg_10m=47.5, flowNow=47.5, powerNow=2000, freqNow=50, opState=heating, status=set_flow_target
2026-02-18T12:30:01.448783+01:00, outdoor_avg_60m=-2.0, flow_avg_10m=47.5, flowNow=47.5, powerNow=2000, freqNow=50, opState=heating, status=set_flow_target
2026-02-18T12:30:01.461270+01:00, outdoor_avg_60m=-2.0, flow_avg_10m=47.5, flowNow=47.5, powerNow=2000, freqNow=50, opState=heating, status=set_flow_target
2026-02-18T12:35:01.724127+01:00, outdoor_avg_60m=-2.0, flow_avg_10m=47.5, flowNow=47.5, powerNow=2000, freqNow=50, opState=heating, status=set_flow_target
2026-02-18T12:35:01.734879+01:00, outdoor_avg_60m=-2.0, flow_avg_10m=47.5, flowNow=47.5, powerNow=2000, freqNow=50, opState=heating, status=set_flow_target
2026-02-18T12:40:01.760505+01:00, outdoor_avg_60m=-2.0, flow_avg_10m=47.5, flowNow=47.5, powerNow=2000, freqNow=48, opState=heating, status=set_flow_target
2026-02-18T12:40:01.767933+01:00, outdoor_avg_60m=-2.0, flow_avg_10m=47.5, flowNow=47.5, powerNow=2000, freqNow=48, opState=heating, status=set_flow_target
2026-02-18T12:45:01.378161+01:00, outdoor_avg_60m=-2.0, flow_avg_10m=47.5, flowNow=47.5, powerNow=2000, freqNow=48, opState=heating, status=set_flow_target
2026-02-18T12:45:01.389476+01:00, outdoor_avg_60m=-2.0, flow_avg_10m=47.5, flowNow=47.5, powerNow=2000, freqNow=48, opState=heating, status=set_flow_target
2026-02-18T12:50:01.617220+01:00, outdoor_avg_60m=-2.0, flow_avg_10m=47.5, flowNow=47.5, powerNow=2000, freqNow=48, opState=heating, status=set_flow_target
2026-02-18T12:50:01.637368+01:00, outdoor_avg_60m=-2.0, flow_avg_10m=47.5, flowNow=47.5, powerNow=2000, freqNow=48, opState=heating, status=set_flow_target
2026-02-18T12:55:01.355898+01:00, outdoor_avg_60m=-2.0, flow_avg_10m=47.5, flowNow=47.5, powerNow=2000, freqNow=48, opState=heating, status=set_flow_target
2026-02-18T12:55:01.363617+01:00, outdoor_avg_60m=-2.0, flow_avg_10m=47.5, flowNow=47.5, powerNow=2000, freqNow=48, opState=heating, status=set_flow_target
2026-02-18T13:00:01.891136+01:00, outdoor_avg_60m=-2.0, flow_avg_10m=47.5, flowNow=33, powerNow=1000, freqNow=42, opState=heating, status=set_flow_target
2026-02-18T13:00:01.899580+01:00, outdoor_avg_60m=-2.0, flow_avg_10m=47.5, flowNow=33, powerNow=1000, freqNow=42, opState=heating, status=set_flow_target
2026-02-18T14:05:00.673500+01:00, outdoor_avg_60m=-1.0, flow_avg_10m=57.0, flowNow=36, powerNow=1000, freqNow=62, opState=heating, status=no_change
2026-02-18T14:05:00.686695+01:00, outdoor_avg_60m=-1.0, flow_avg_10m=57.0, flowNow=36, powerNow=1000, freqNow=62, opState=heating, status=no_change
2026-02-18T14:10:00.701530+01:00, outdoor_avg_60m=-1.0, flow_avg_10m=46.5, flowNow=41, powerNow=2000, freqNow=72, opState=heating, status=no_change
2026-02-18T14:10:00.713951+01:00, outdoor_avg_60m=-1.0, flow_avg_10m=46.5, flowNow=41, powerNow=2000, freqNow=72, opState=heating, status=no_change
2026-02-18T14:15:00.741247+01:00, outdoor_avg_60m=-1.0, flow_avg_10m=41.0, flowNow=43.5, powerNow=3000, freqNow=72, opState=heating, status=no_change
2026-02-18T14:15:00.749367+01:00, outdoor_avg_60m=-1.0, flow_avg_10m=41.0, flowNow=43.5, powerNow=3000, freqNow=72, opState=heating, status=no_change
2026-02-18T14:20:00.766389+01:00, outdoor_avg_60m=-0.75, flow_avg_10m=43.5, flowNow=45, powerNow=3000, freqNow=72, opState=heating, status=no_change
2026-02-18T14:20:00.777531+01:00, outdoor_avg_60m=-0.75, flow_avg_10m=43.5, flowNow=45, powerNow=3000, freqNow=72, opState=heating, status=no_change
2026-02-18T14:25:00.811955+01:00, outdoor_avg_60m=-0.6, flow_avg_10m=45.0, flowNow=47, powerNow=3000, freqNow=72, opState=heating, status=no_change
2026-02-18T14:25:00.819098+01:00, outdoor_avg_60m=-0.6, flow_avg_10m=45.0, flowNow=47, powerNow=3000, freqNow=72, opState=heating, status=no_change
2026-02-18T14:30:00.631390+01:00, outdoor_avg_60m=-0.5, flow_avg_10m=46.0, flowNow=48, powerNow=3000, freqNow=72, opState=heating, status=no_change
2026-02-18T14:30:00.639509+01:00, outdoor_avg_60m=-0.5, flow_avg_10m=46.0, flowNow=48, powerNow=3000, freqNow=72, opState=heating, status=no_change
2026-02-18T14:35:00.664235+01:00, outdoor_avg_60m=-0.43, flow_avg_10m=47.5, flowNow=47.5, powerNow=2000, freqNow=62, opState=heating, status=no_change
2026-02-18T14:35:00.671573+01:00, outdoor_avg_60m=-0.43, flow_avg_10m=47.5, flowNow=47.5, powerNow=2000, freqNow=62, opState=heating, status=no_change
2026-02-18T14:40:00.693279+01:00, outdoor_avg_60m=-0.38, flow_avg_10m=47.5, flowNow=47, powerNow=2000, freqNow=56, opState=heating, status=no_change
2026-02-18T14:40:00.712611+01:00, outdoor_avg_60m=-0.38, flow_avg_10m=47.5, flowNow=47, powerNow=2000, freqNow=56, opState=heating, status=no_change
2026-02-18T14:45:00.528581+01:00, outdoor_avg_60m=-0.33, flow_avg_10m=47.25, flowNow=46.5, powerNow=2000, freqNow=48, opState=heating, status=no_change
2026-02-18T14:45:00.536076+01:00, outdoor_avg_60m=-0.33, flow_avg_10m=47.25, flowNow=46.5, powerNow=2000, freqNow=48, opState=heating, status=no_change
2026-02-18T14:50:00.414296+01:00, outdoor_avg_60m=-0.3, flow_avg_10m=46.75, flowNow=47, powerNow=2000, freqNow=50, opState=heating, status=no_change
2026-02-18T14:50:00.421801+01:00, outdoor_avg_60m=-0.3, flow_avg_10m=46.75, flowNow=47, powerNow=2000, freqNow=50, opState=heating, status=no_change
2026-02-18T14:55:00.583942+01:00, outdoor_avg_60m=-0.27, flow_avg_10m=47.0, flowNow=46, powerNow=1000, freqNow=44, opState=heating, status=no_change
2026-02-18T14:55:00.596411+01:00, outdoor_avg_60m=-0.27, flow_avg_10m=47.0, flowNow=46, powerNow=1000, freqNow=44, opState=heating, status=no_change
2026-02-18T15:00:00.623676+01:00, outdoor_avg_60m=-0.25, flow_avg_10m=46.0, flowNow=46, powerNow=1000, freqNow=44, opState=heating, status=no_change
2026-02-18T15:00:00.630778+01:00, outdoor_avg_60m=-0.25, flow_avg_10m=46.0, flowNow=46, powerNow=1000, freqNow=44, opState=heating, status=no_change
2026-02-18T15:05:00.306626+01:00, outdoor_avg_60m=-0.17, flow_avg_10m=46.0, flowNow=46, powerNow=1000, freqNow=44, opState=heating, status=no_change
2026-02-18T15:05:00.317343+01:00, outdoor_avg_60m=-0.17, flow_avg_10m=46.0, flowNow=46, powerNow=1000, freqNow=44, opState=heating, status=no_change
2026-02-18T15:20:01.775639+01:00, outdoor_avg_60m=0.1, flow_avg_10m=46.0, flowNow=46, powerNow=1000, freqNow=44, opState=heating, status=set_flow_target
2026-02-18T15:20:01.787471+01:00, outdoor_avg_60m=0.1, flow_avg_10m=46.0, flowNow=46, powerNow=1000, freqNow=44, opState=heating, status=set_flow_target
2026-02-18T15:25:01.602031+01:00, outdoor_avg_60m=0.2, flow_avg_10m=46.0, flowNow=46, powerNow=1000, freqNow=44, opState=heating, status=set_flow_target
2026-02-18T15:25:01.613377+01:00, outdoor_avg_60m=0.2, flow_avg_10m=46.0, flowNow=46, powerNow=1000, freqNow=44, opState=heating, status=set_flow_target
2026-02-18T15:30:01.637820+01:00, outdoor_avg_60m=0.3, flow_avg_10m=46.0, flowNow=46, powerNow=1000, freqNow=44, opState=heating, status=set_flow_target
2026-02-18T15:30:01.645154+01:00, outdoor_avg_60m=0.3, flow_avg_10m=46.0, flowNow=46, powerNow=1000, freqNow=44, opState=heating, status=set_flow_target
2026-02-18T15:35:01.660811+01:00, outdoor_avg_60m=0.4, flow_avg_10m=46.0, flowNow=46, powerNow=1000, freqNow=44, opState=heating, status=set_flow_target
2026-02-18T15:35:01.672478+01:00, outdoor_avg_60m=0.4, flow_avg_10m=46.0, flowNow=46, powerNow=1000, freqNow=44, opState=heating, status=set_flow_target
2026-02-18T15:40:01.403640+01:00, outdoor_avg_60m=0.5, flow_avg_10m=46.0, flowNow=46, powerNow=1000, freqNow=44, opState=heating, status=set_flow_target
2026-02-18T15:40:01.410665+01:00, outdoor_avg_60m=0.5, flow_avg_10m=46.0, flowNow=46, powerNow=1000, freqNow=44, opState=heating, status=set_flow_target
2026-02-18T15:45:01.937072+01:00, outdoor_avg_60m=0.6, flow_avg_10m=46.0, flowNow=46, powerNow=1000, freqNow=44, opState=heating, status=set_flow_target
2026-02-18T15:45:01.959754+01:00, outdoor_avg_60m=0.6, flow_avg_10m=46.0, flowNow=46, powerNow=1000, freqNow=44, opState=heating, status=set_flow_target
2026-02-18T15:50:00.741704+01:00, outdoor_avg_60m=0.7, flow_avg_10m=46.0, flowNow=46, powerNow=1000, freqNow=44, opState=heating, status=no_change
2026-02-18T15:50:00.754290+01:00, outdoor_avg_60m=0.7, flow_avg_10m=46.0, flowNow=46, powerNow=1000, freqNow=44, opState=heating, status=no_change
2026-02-18T15:55:00.563589+01:00, outdoor_avg_60m=0.64, flow_avg_10m=46.0, flowNow=46.5, powerNow=1000, freqNow=44, opState=heating, status=no_change
2026-02-18T15:55:00.575337+01:00, outdoor_avg_60m=0.64, flow_avg_10m=46.0, flowNow=46.5, powerNow=1000, freqNow=44, opState=heating, status=no_change
2026-02-18T16:00:00.559697+01:00, outdoor_avg_60m=0.64, flow_avg_10m=46.25, flowNow=46.5, powerNow=1000, freqNow=44, opState=heating, status=no_change
2026-02-18T16:00:00.566087+01:00, outdoor_avg_60m=0.64, flow_avg_10m=46.25, flowNow=46.5, powerNow=1000, freqNow=44, opState=heating, status=no_change
2026-02-18T16:05:00.532025+01:00, outdoor_avg_60m=0.7, flow_avg_10m=46.5, flowNow=46, powerNow=1000, freqNow=44, opState=heating, status=no_change
2026-02-18T16:05:00.547297+01:00, outdoor_avg_60m=0.7, flow_avg_10m=46.5, flowNow=46, powerNow=1000, freqNow=44, opState=heating, status=no_change
2026-02-18T16:10:00.667178+01:00, outdoor_avg_60m=0.64, flow_avg_10m=46.0, flowNow=46, powerNow=1000, freqNow=42, opState=heating, status=no_change
2026-02-18T16:10:00.674414+01:00, outdoor_avg_60m=0.64, flow_avg_10m=46.0, flowNow=46, powerNow=1000, freqNow=42, opState=heating, status=no_change
2026-02-18T16:15:00.694097+01:00, outdoor_avg_60m=0.58, flow_avg_10m=46.0, flowNow=46, powerNow=1000, freqNow=42, opState=heating, status=no_change
2026-02-18T16:15:00.705861+01:00, outdoor_avg_60m=0.58, flow_avg_10m=46.0, flowNow=46, powerNow=1000, freqNow=42, opState=heating, status=no_change
2026-02-18T16:20:01.759337+01:00, outdoor_avg_60m=0.5, flow_avg_10m=46.0, flowNow=46, powerNow=1000, freqNow=42, opState=heating, status=set_flow_target
2026-02-18T16:20:01.767074+01:00, outdoor_avg_60m=0.5, flow_avg_10m=46.0, flowNow=46, powerNow=1000, freqNow=42, opState=heating, status=set_flow_target
2026-02-18T16:25:01.580696+01:00, outdoor_avg_60m=0.5, flow_avg_10m=46.0, flowNow=46, powerNow=1000, freqNow=42, opState=heating, status=set_flow_target
2026-02-18T16:25:01.593280+01:00, outdoor_avg_60m=0.5, flow_avg_10m=46.0, flowNow=46, powerNow=1000, freqNow=42, opState=heating, status=set_flow_target
2026-02-18T16:30:01.618341+01:00, outdoor_avg_60m=0.5, flow_avg_10m=46.0, flowNow=46, powerNow=1000, freqNow=42, opState=heating, status=set_flow_target
2026-02-18T16:30:01.626059+01:00, outdoor_avg_60m=0.5, flow_avg_10m=46.0, flowNow=46, powerNow=1000, freqNow=42, opState=heating, status=set_flow_target
2026-02-18T16:35:01.648582+01:00, outdoor_avg_60m=0.5, flow_avg_10m=46.0, flowNow=46, powerNow=1000, freqNow=42, opState=heating, status=set_flow_target
2026-02-18T16:35:01.655615+01:00, outdoor_avg_60m=0.5, flow_avg_10m=46.0, flowNow=46, powerNow=1000, freqNow=42, opState=heating, status=set_flow_target
2026-02-18T16:40:02.809957+01:00, outdoor_avg_60m=0.45, flow_avg_10m=46.0, flowNow=46, powerNow=1000, freqNow=42, opState=heating, status=set_flow_target
2026-02-18T16:40:02.825087+01:00, outdoor_avg_60m=0.45, flow_avg_10m=46.0, flowNow=46, powerNow=1000, freqNow=42, opState=heating, status=set_flow_target
2026-02-18T16:45:01.710481+01:00, outdoor_avg_60m=0.5, flow_avg_10m=46.0, flowNow=46, powerNow=1000, freqNow=42, opState=heating, status=set_flow_target
2026-02-18T16:45:01.717662+01:00, outdoor_avg_60m=0.5, flow_avg_10m=46.0, flowNow=46, powerNow=1000, freqNow=42, opState=heating, status=set_flow_target
2026-02-18T16:50:01.742091+01:00, outdoor_avg_60m=0.55, flow_avg_10m=46.0, flowNow=46, powerNow=1000, freqNow=44, opState=heating, status=set_flow_target
2026-02-18T16:50:01.753496+01:00, outdoor_avg_60m=0.55, flow_avg_10m=46.0, flowNow=46, powerNow=1000, freqNow=44, opState=heating, status=set_flow_target
2026-02-18T16:55:01.585136+01:00, outdoor_avg_60m=0.64, flow_avg_10m=46.0, flowNow=46, powerNow=1000, freqNow=44, opState=heating, status=set_flow_target
2026-02-18T16:55:01.592706+01:00, outdoor_avg_60m=0.64, flow_avg_10m=46.0, flowNow=46, powerNow=1000, freqNow=44, opState=heating, status=set_flow_target
2026-02-18T17:00:01.804750+01:00, outdoor_avg_60m=0.64, flow_avg_10m=46.0, flowNow=46.5, powerNow=2000, freqNow=46, opState=heating, status=set_flow_target
2026-02-18T17:00:01.817157+01:00, outdoor_avg_60m=0.64, flow_avg_10m=46.0, flowNow=46.5, powerNow=2000, freqNow=46, opState=heating, status=set_flow_target
2026-02-18T17:05:01.637995+01:00, outdoor_avg_60m=0.64, flow_avg_10m=46.5, flowNow=46.5, powerNow=2000, freqNow=46, opState=heating, status=set_flow_target
2026-02-18T17:05:01.645541+01:00, outdoor_avg_60m=0.64, flow_avg_10m=46.5, flowNow=46.5, powerNow=2000, freqNow=46, opState=heating, status=set_flow_target
2026-02-18T17:10:01.385322+01:00, outdoor_avg_60m=0.64, flow_avg_10m=46.5, flowNow=46.5, powerNow=2000, freqNow=46, opState=heating, status=set_flow_target
2026-02-18T17:10:01.394430+01:00, outdoor_avg_60m=0.64, flow_avg_10m=46.5, flowNow=46.5, powerNow=2000, freqNow=46, opState=heating, status=set_flow_target
2026-02-18T17:15:01.702250+01:00, outdoor_avg_60m=0.64, flow_avg_10m=46.5, flowNow=47, powerNow=2000, freqNow=48, opState=heating, status=set_flow_target
2026-02-18T17:15:01.714560+01:00, outdoor_avg_60m=0.64, flow_avg_10m=46.5, flowNow=47, powerNow=2000, freqNow=48, opState=heating, status=set_flow_target
2026-02-18T17:20:01.739651+01:00, outdoor_avg_60m=0.58, flow_avg_10m=47.0, flowNow=47, powerNow=2000, freqNow=48, opState=heating, status=set_flow_target
2026-02-18T17:20:01.746190+01:00, outdoor_avg_60m=0.58, flow_avg_10m=47.0, flowNow=47, powerNow=2000, freqNow=48, opState=heating, status=set_flow_target
2026-02-18T17:25:01.763657+01:00, outdoor_avg_60m=0.45, flow_avg_10m=47.0, flowNow=47, powerNow=2000, freqNow=48, opState=heating, status=set_flow_target
2026-02-18T17:25:01.775459+01:00, outdoor_avg_60m=0.45, flow_avg_10m=47.0, flowNow=47, powerNow=2000, freqNow=48, opState=heating, status=set_flow_target
2026-02-18T17:30:01.599589+01:00, outdoor_avg_60m=0.42, flow_avg_10m=47.0, flowNow=47, powerNow=2000, freqNow=48, opState=heating, status=set_flow_target
2026-02-18T17:30:01.606745+01:00, outdoor_avg_60m=0.42, flow_avg_10m=47.0, flowNow=47, powerNow=2000, freqNow=48, opState=heating, status=set_flow_target
2026-02-18T17:35:00.599343+01:00, outdoor_avg_60m=0.33, flow_avg_10m=47.0, flowNow=47, powerNow=2000, freqNow=48, opState=heating, status=no_change
2026-02-18T17:35:00.611410+01:00, outdoor_avg_60m=0.33, flow_avg_10m=47.0, flowNow=47, powerNow=2000, freqNow=48, opState=heating, status=no_change
2026-02-18T17:40:00.636457+01:00, outdoor_avg_60m=0.17, flow_avg_10m=47.0, flowNow=47, powerNow=2000, freqNow=48, opState=heating, status=no_change
2026-02-18T17:40:00.644833+01:00, outdoor_avg_60m=0.17, flow_avg_10m=47.0, flowNow=47, powerNow=2000, freqNow=48, opState=heating, status=no_change
2026-02-18T17:45:00.662831+01:00, outdoor_avg_60m=0.0, flow_avg_10m=47.0, flowNow=47, powerNow=2000, freqNow=48, opState=heating, status=no_change
2026-02-18T17:45:00.674103+01:00, outdoor_avg_60m=0.0, flow_avg_10m=47.0, flowNow=47, powerNow=2000, freqNow=48, opState=heating, status=no_change
2026-02-18T17:50:00.702394+01:00, outdoor_avg_60m=-0.17, flow_avg_10m=47.0, flowNow=47, powerNow=2000, freqNow=48, opState=heating, status=no_change
2026-02-18T17:50:00.710071+01:00, outdoor_avg_60m=-0.17, flow_avg_10m=47.0, flowNow=47, powerNow=2000, freqNow=48, opState=heating, status=no_change
2026-02-18T17:55:00.527766+01:00, outdoor_avg_60m=-0.33, flow_avg_10m=47.0, flowNow=47, powerNow=2000, freqNow=48, opState=heating, status=no_change
2026-02-18T17:55:00.539866+01:00, outdoor_avg_60m=-0.33, flow_avg_10m=47.0, flowNow=47, powerNow=2000, freqNow=48, opState=heating, status=no_change
2026-02-18T18:00:00.967766+01:00, outdoor_avg_60m=-0.42, flow_avg_10m=47.0, flowNow=47, powerNow=2000, freqNow=48, opState=heating, status=no_change
2026-02-18T18:00:00.976509+01:00, outdoor_avg_60m=-0.42, flow_avg_10m=47.0, flowNow=47, powerNow=2000, freqNow=48, opState=heating, status=no_change
2026-02-18T18:05:00.597351+01:00, outdoor_avg_60m=-0.5, flow_avg_10m=47.0, flowNow=47, powerNow=2000, freqNow=48, opState=heating, status=no_change
2026-02-18T18:05:00.604403+01:00, outdoor_avg_60m=-0.5, flow_avg_10m=47.0, flowNow=47, powerNow=2000, freqNow=48, opState=heating, status=no_change
2026-02-18T18:10:00.621819+01:00, outdoor_avg_60m=-0.58, flow_avg_10m=47.0, flowNow=47, powerNow=2000, freqNow=48, opState=heating, status=no_change
2026-02-18T18:10:00.633660+01:00, outdoor_avg_60m=-0.58, flow_avg_10m=47.0, flowNow=47, powerNow=2000, freqNow=48, opState=heating, status=no_change
2026-02-18T18:15:00.663474+01:00, outdoor_avg_60m=-0.67, flow_avg_10m=47.0, flowNow=47, powerNow=2000, freqNow=48, opState=heating, status=no_change
2026-02-18T18:15:00.670915+01:00, outdoor_avg_60m=-0.67, flow_avg_10m=47.0, flowNow=47, powerNow=2000, freqNow=48, opState=heating, status=no_change
2026-02-18T18:20:00.688243+01:00, outdoor_avg_60m=-0.75, flow_avg_10m=47.0, flowNow=30, powerNow=0, freqNow=42, opState=heating, status=no_change
2026-02-18T18:20:00.700644+01:00, outdoor_avg_60m=-0.75, flow_avg_10m=47.0, flowNow=30, powerNow=0, freqNow=42, opState=heating, status=no_change
2026-02-18T18:25:00.722677+01:00, outdoor_avg_60m=-0.83, flow_avg_10m=30.0, flowNow=39.5, powerNow=0, freqNow=48, opState=heating, status=no_change
2026-02-18T18:25:00.733546+01:00, outdoor_avg_60m=-0.83, flow_avg_10m=30.0, flowNow=39.5, powerNow=0, freqNow=48, opState=heating, status=no_change
2026-02-18T18:30:00.760712+01:00, outdoor_avg_60m=-0.92, flow_avg_10m=39.5, flowNow=46, powerNow=2000, freqNow=60, opState=heating, status=no_change
2026-02-18T18:30:00.768319+01:00, outdoor_avg_60m=-0.92, flow_avg_10m=39.5, flowNow=46, powerNow=2000, freqNow=60, opState=heating, status=no_change
2026-02-18T18:35:00.584644+01:00, outdoor_avg_60m=-1.0, flow_avg_10m=42.75, flowNow=46.5, powerNow=2000, freqNow=60, opState=heating, status=no_change
2026-02-18T18:35:00.596276+01:00, outdoor_avg_60m=-1.0, flow_avg_10m=42.75, flowNow=46.5, powerNow=2000, freqNow=60, opState=heating, status=no_change
2026-02-18T18:40:00.587400+01:00, outdoor_avg_60m=-1.0, flow_avg_10m=46.25, flowNow=47.5, powerNow=2000, freqNow=62, opState=heating, status=no_change
2026-02-18T18:40:00.594997+01:00, outdoor_avg_60m=-1.0, flow_avg_10m=46.25, flowNow=47.5, powerNow=2000, freqNow=62, opState=heating, status=no_change
2026-02-18T18:45:00.649101+01:00, outdoor_avg_60m=-1.0, flow_avg_10m=47.5, flowNow=48, powerNow=2000, freqNow=62, opState=heating, status=no_change
2026-02-18T18:45:00.661178+01:00, outdoor_avg_60m=-1.0, flow_avg_10m=47.5, flowNow=48, powerNow=2000, freqNow=62, opState=heating, status=no_change
2026-02-18T18:50:00.677894+01:00, outdoor_avg_60m=-1.0, flow_avg_10m=48.0, flowNow=48, powerNow=2000, freqNow=58, opState=heating, status=no_change
2026-02-18T18:50:00.690301+01:00, outdoor_avg_60m=-1.0, flow_avg_10m=48.0, flowNow=48, powerNow=2000, freqNow=58, opState=heating, status=no_change
2026-02-18T18:55:00.716702+01:00, outdoor_avg_60m=-1.0, flow_avg_10m=48.0, flowNow=47.5, powerNow=2000, freqNow=52, opState=heating, status=no_change
2026-02-18T18:55:00.724476+01:00, outdoor_avg_60m=-1.0, flow_avg_10m=48.0, flowNow=47.5, powerNow=2000, freqNow=52, opState=heating, status=no_change
2026-02-18T19:00:00.742878+01:00, outdoor_avg_60m=-1.0, flow_avg_10m=47.5, flowNow=47.5, powerNow=2000, freqNow=52, opState=heating, status=no_change
2026-02-18T19:00:00.754660+01:00, outdoor_avg_60m=-1.0, flow_avg_10m=47.5, flowNow=47.5, powerNow=2000, freqNow=52, opState=heating, status=no_change
2026-02-18T19:05:00.777025+01:00, outdoor_avg_60m=-1.0, flow_avg_10m=47.5, flowNow=47.5, powerNow=2000, freqNow=52, opState=heating, status=no_change
2026-02-18T19:05:00.789830+01:00, outdoor_avg_60m=-1.0, flow_avg_10m=47.5, flowNow=47.5, powerNow=2000, freqNow=52, opState=heating, status=no_change
2026-02-18T19:10:02.040103+01:00, outdoor_avg_60m=-1.0, flow_avg_10m=47.5, flowNow=47.5, powerNow=2000, freqNow=52, opState=heating, status=set_flow_target
2026-02-18T19:10:02.051622+01:00, outdoor_avg_60m=-1.0, flow_avg_10m=47.5, flowNow=47.5, powerNow=2000, freqNow=52, opState=heating, status=set_flow_target
2026-02-18T19:15:01.660462+01:00, outdoor_avg_60m=-1.09, flow_avg_10m=47.5, flowNow=47.5, powerNow=2000, freqNow=52, opState=heating, status=set_flow_target
2026-02-18T19:15:01.672058+01:00, outdoor_avg_60m=-1.09, flow_avg_10m=47.5, flowNow=47.5, powerNow=2000, freqNow=52, opState=heating, status=set_flow_target
2026-02-18T19:20:01.696181+01:00, outdoor_avg_60m=-1.18, flow_avg_10m=47.5, flowNow=47.5, powerNow=2000, freqNow=52, opState=heating, status=set_flow_target
2026-02-18T19:20:01.709236+01:00, outdoor_avg_60m=-1.18, flow_avg_10m=47.5, flowNow=47.5, powerNow=2000, freqNow=52, opState=heating, status=set_flow_target
2026-02-18T19:25:01.727390+01:00, outdoor_avg_60m=-1.27, flow_avg_10m=47.5, flowNow=47.5, powerNow=2000, freqNow=52, opState=heating, status=set_flow_target
2026-02-18T19:25:01.735408+01:00, outdoor_avg_60m=-1.27, flow_avg_10m=47.5, flowNow=47.5, powerNow=2000, freqNow=52, opState=heating, status=set_flow_target
2026-02-18T19:30:01.758539+01:00, outdoor_avg_60m=-1.36, flow_avg_10m=47.5, flowNow=47.5, powerNow=2000, freqNow=52, opState=heating, status=set_flow_target
2026-02-18T19:30:01.769957+01:00, outdoor_avg_60m=-1.36, flow_avg_10m=47.5, flowNow=47.5, powerNow=2000, freqNow=52, opState=heating, status=set_flow_target
2026-02-18T19:35:01.589235+01:00, outdoor_avg_60m=-1.45, flow_avg_10m=47.5, flowNow=47.5, powerNow=2000, freqNow=52, opState=heating, status=set_flow_target
2026-02-18T19:35:01.601176+01:00, outdoor_avg_60m=-1.45, flow_avg_10m=47.5, flowNow=47.5, powerNow=2000, freqNow=52, opState=heating, status=set_flow_target
2026-02-18T19:40:01.823400+01:00, outdoor_avg_60m=-1.55, flow_avg_10m=47.5, flowNow=32.5, powerNow=0, freqNow=42, opState=heating, status=set_flow_target
2026-02-18T19:40:01.830121+01:00, outdoor_avg_60m=-1.55, flow_avg_10m=47.5, flowNow=32.5, powerNow=0, freqNow=42, opState=heating, status=set_flow_target
2026-02-18T19:45:01.854201+01:00, outdoor_avg_60m=-1.64, flow_avg_10m=32.5, flowNow=34.5, powerNow=0, freqNow=0, opState=heating, status=set_flow_target
2026-02-18T19:45:01.872776+01:00, outdoor_avg_60m=-1.64, flow_avg_10m=32.5, flowNow=34.5, powerNow=0, freqNow=0, opState=heating, status=set_flow_target
2026-02-18T19:50:01.684474+01:00, outdoor_avg_60m=-1.82, flow_avg_10m=33.5, flowNow=47, powerNow=2000, freqNow=66, opState=heating, status=set_flow_target
2026-02-18T19:50:01.697269+01:00, outdoor_avg_60m=-1.82, flow_avg_10m=33.5, flowNow=47, powerNow=2000, freqNow=66, opState=heating, status=set_flow_target
2026-02-18T19:55:01.718345+01:00, outdoor_avg_60m=-1.91, flow_avg_10m=40.75, flowNow=47, powerNow=2000, freqNow=62, opState=heating, status=set_flow_target
2026-02-18T19:55:01.726451+01:00, outdoor_avg_60m=-1.91, flow_avg_10m=40.75, flowNow=47, powerNow=2000, freqNow=62, opState=heating, status=set_flow_target
2026-02-18T20:00:01.750236+01:00, outdoor_avg_60m=-2.0, flow_avg_10m=47.0, flowNow=47.5, powerNow=2000, freqNow=62, opState=heating, status=set_flow_target
2026-02-18T20:00:01.764363+01:00, outdoor_avg_60m=-2.0, flow_avg_10m=47.0, flowNow=47.5, powerNow=2000, freqNow=62, opState=heating, status=set_flow_target
2026-02-18T20:05:01.780778+01:00, outdoor_avg_60m=-2.09, flow_avg_10m=47.5, flowNow=48, powerNow=2000, freqNow=62, opState=heating, status=set_flow_target
2026-02-18T20:05:01.793282+01:00, outdoor_avg_60m=-2.09, flow_avg_10m=47.5, flowNow=48, powerNow=2000, freqNow=62, opState=heating, status=set_flow_target
2026-02-18T20:10:01.610837+01:00, outdoor_avg_60m=-2.08, flow_avg_10m=47.75, flowNow=48.5, powerNow=2000, freqNow=62, opState=heating, status=set_flow_target
2026-02-18T20:10:01.623766+01:00, outdoor_avg_60m=-2.08, flow_avg_10m=47.75, flowNow=48.5, powerNow=2000, freqNow=62, opState=heating, status=set_flow_target
2026-02-18T20:15:01.642723+01:00, outdoor_avg_60m=-2.08, flow_avg_10m=48.25, flowNow=48, powerNow=2000, freqNow=56, opState=heating, status=set_flow_target
2026-02-18T20:15:01.653744+01:00, outdoor_avg_60m=-2.08, flow_avg_10m=48.25, flowNow=48, powerNow=2000, freqNow=56, opState=heating, status=set_flow_target
2026-02-18T20:20:01.687803+01:00, outdoor_avg_60m=-2.08, flow_avg_10m=48.0, flowNow=48.5, powerNow=2000, freqNow=58, opState=heating, status=set_flow_target
2026-02-18T20:20:01.695347+01:00, outdoor_avg_60m=-2.08, flow_avg_10m=48.0, flowNow=48.5, powerNow=2000, freqNow=58, opState=heating, status=set_flow_target
2026-02-18T20:25:01.708594+01:00, outdoor_avg_60m=-2.08, flow_avg_10m=48.5, flowNow=48.5, powerNow=2000, freqNow=58, opState=heating, status=set_flow_target
2026-02-18T20:25:01.715751+01:00, outdoor_avg_60m=-2.08, flow_avg_10m=48.5, flowNow=48.5, powerNow=2000, freqNow=58, opState=heating, status=set_flow_target
2026-02-18T20:30:01.743589+01:00, outdoor_avg_60m=-2.08, flow_avg_10m=48.5, flowNow=48, powerNow=2000, freqNow=54, opState=heating, status=set_flow_target
2026-02-18T20:30:01.751704+01:00, outdoor_avg_60m=-2.08, flow_avg_10m=48.5, flowNow=48, powerNow=2000, freqNow=54, opState=heating, status=set_flow_target
2026-02-18T20:35:01.570206+01:00, outdoor_avg_60m=-2.08, flow_avg_10m=48.25, flowNow=48, powerNow=2000, freqNow=54, opState=heating, status=set_flow_target
2026-02-18T20:35:01.591862+01:00, outdoor_avg_60m=-2.08, flow_avg_10m=48.25, flowNow=48, powerNow=2000, freqNow=54, opState=heating, status=set_flow_target
2026-02-18T20:40:01.600918+01:00, outdoor_avg_60m=-2.08, flow_avg_10m=48.0, flowNow=48, powerNow=2000, freqNow=54, opState=heating, status=set_flow_target
2026-02-18T20:40:01.612258+01:00, outdoor_avg_60m=-2.08, flow_avg_10m=48.0, flowNow=48, powerNow=2000, freqNow=54, opState=heating, status=set_flow_target
2026-02-18T20:45:01.644073+01:00, outdoor_avg_60m=-2.08, flow_avg_10m=48.0, flowNow=48, powerNow=2000, freqNow=52, opState=heating, status=set_flow_target
2026-02-18T20:45:01.651426+01:00, outdoor_avg_60m=-2.08, flow_avg_10m=48.0, flowNow=48, powerNow=2000, freqNow=52, opState=heating, status=set_flow_target
2026-02-18T20:50:01.670571+01:00, outdoor_avg_60m=-2.0, flow_avg_10m=48.0, flowNow=35.5, powerNow=0, freqNow=0, opState=heating, status=set_flow_target
2026-02-18T20:50:01.683289+01:00, outdoor_avg_60m=-2.0, flow_avg_10m=48.0, flowNow=35.5, powerNow=0, freqNow=0, opState=heating, status=set_flow_target
2026-02-18T20:55:01.697126+01:00, outdoor_avg_60m=-2.08, flow_avg_10m=35.5, flowNow=45, powerNow=2000, freqNow=54, opState=heating, status=set_flow_target
2026-02-18T20:55:01.708753+01:00, outdoor_avg_60m=-2.08, flow_avg_10m=35.5, flowNow=45, powerNow=2000, freqNow=54, opState=heating, status=set_flow_target
2026-02-18T21:00:01.730894+01:00, outdoor_avg_60m=-2.08, flow_avg_10m=45.0, flowNow=47, powerNow=2000, freqNow=62, opState=heating, status=set_flow_target
2026-02-18T21:00:01.742423+01:00, outdoor_avg_60m=-2.08, flow_avg_10m=45.0, flowNow=47, powerNow=2000, freqNow=62, opState=heating, status=set_flow_target
2026-02-18T21:05:01.757560+01:00, outdoor_avg_60m=-2.08, flow_avg_10m=47.0, flowNow=48, powerNow=2000, freqNow=62, opState=heating, status=set_flow_target
2026-02-18T21:05:01.769428+01:00, outdoor_avg_60m=-2.08, flow_avg_10m=47.0, flowNow=48, powerNow=2000, freqNow=62, opState=heating, status=set_flow_target
2026-02-18T21:10:01.802193+01:00, outdoor_avg_60m=-2.09, flow_avg_10m=48.0, flowNow=48, powerNow=2000, freqNow=60, opState=heating, status=set_flow_target
2026-02-18T21:10:01.809689+01:00, outdoor_avg_60m=-2.09, flow_avg_10m=48.0, flowNow=48, powerNow=2000, freqNow=60, opState=heating, status=set_flow_target
2026-02-18T21:15:01.637295+01:00, outdoor_avg_60m=-2.08, flow_avg_10m=48.0, flowNow=47.5, powerNow=2000, freqNow=56, opState=heating, status=set_flow_target
2026-02-18T21:15:01.644984+01:00, outdoor_avg_60m=-2.08, flow_avg_10m=48.0, flowNow=47.5, powerNow=2000, freqNow=56, opState=heating, status=set_flow_target
2026-02-18T21:20:01.660960+01:00, outdoor_avg_60m=-2.08, flow_avg_10m=47.75, flowNow=48, powerNow=2000, freqNow=52, opState=heating, status=set_flow_target
2026-02-18T21:20:01.668891+01:00, outdoor_avg_60m=-2.08, flow_avg_10m=47.75, flowNow=48, powerNow=2000, freqNow=52, opState=heating, status=set_flow_target
2026-02-18T21:25:01.688167+01:00, outdoor_avg_60m=-2.08, flow_avg_10m=48.0, flowNow=48, powerNow=2000, freqNow=52, opState=heating, status=set_flow_target
2026-02-18T21:25:01.699796+01:00, outdoor_avg_60m=-2.08, flow_avg_10m=48.0, flowNow=48, powerNow=2000, freqNow=52, opState=heating, status=set_flow_target
2026-02-18T21:30:01.718068+01:00, outdoor_avg_60m=-2.08, flow_avg_10m=48.0, flowNow=47.5, powerNow=2000, freqNow=44, opState=heating, status=set_flow_target
2026-02-18T21:30:01.730462+01:00, outdoor_avg_60m=-2.08, flow_avg_10m=48.0, flowNow=47.5, powerNow=2000, freqNow=44, opState=heating, status=set_flow_target
2026-02-18T21:35:01.758843+01:00, outdoor_avg_60m=-2.09, flow_avg_10m=47.5, flowNow=47.5, powerNow=2000, freqNow=46, opState=heating, status=set_flow_target
2026-02-18T21:35:01.765391+01:00, outdoor_avg_60m=-2.09, flow_avg_10m=47.5, flowNow=47.5, powerNow=2000, freqNow=46, opState=heating, status=set_flow_target
2026-02-18T21:40:01.789496+01:00, outdoor_avg_60m=-2.09, flow_avg_10m=47.5, flowNow=47, powerNow=2000, freqNow=46, opState=heating, status=set_flow_target
2026-02-18T21:40:01.800923+01:00, outdoor_avg_60m=-2.09, flow_avg_10m=47.5, flowNow=47, powerNow=2000, freqNow=46, opState=heating, status=set_flow_target
2026-02-18T21:45:02.026839+01:00, outdoor_avg_60m=-2.09, flow_avg_10m=47.0, flowNow=47, powerNow=2000, freqNow=46, opState=heating, status=set_flow_target
2026-02-18T21:45:02.034190+01:00, outdoor_avg_60m=-2.09, flow_avg_10m=47.0, flowNow=47, powerNow=2000, freqNow=46, opState=heating, status=set_flow_target
2026-02-18T21:50:00.631259+01:00, outdoor_avg_60m=-2.0, flow_avg_10m=47.0, flowNow=47, powerNow=2000, freqNow=46, opState=heating, status=no_change
2026-02-18T21:50:00.638316+01:00, outdoor_avg_60m=-2.0, flow_avg_10m=47.0, flowNow=47, powerNow=2000, freqNow=46, opState=heating, status=no_change
2026-02-18T21:55:01.885755+01:00, outdoor_avg_60m=-1.82, flow_avg_10m=47.0, flowNow=47, powerNow=2000, freqNow=46, opState=heating, status=set_flow_target
2026-02-18T21:55:01.897626+01:00, outdoor_avg_60m=-1.82, flow_avg_10m=47.0, flowNow=47, powerNow=2000, freqNow=46, opState=heating, status=set_flow_target
2026-02-18T22:00:02.123728+01:00, outdoor_avg_60m=-1.82, flow_avg_10m=47.0, flowNow=31, powerNow=0, freqNow=42, opState=heating, status=set_flow_target
2026-02-18T22:00:02.131786+01:00, outdoor_avg_60m=-1.82, flow_avg_10m=47.0, flowNow=31, powerNow=0, freqNow=42, opState=heating, status=set_flow_target
2026-02-18T22:05:01.741735+01:00, outdoor_avg_60m=-1.75, flow_avg_10m=39.0, flowNow=35.5, powerNow=0, freqNow=0, opState=heating, status=no_change
2026-02-18T22:05:01.753893+01:00, outdoor_avg_60m=-1.75, flow_avg_10m=39.0, flowNow=35.5, powerNow=0, freqNow=0, opState=heating, status=no_change
2026-02-18T22:10:00.749352+01:00, outdoor_avg_60m=-1.67, flow_avg_10m=33.25, flowNow=46, powerNow=2000, freqNow=58, opState=heating, status=no_change
2026-02-18T22:10:00.763372+01:00, outdoor_avg_60m=-1.67, flow_avg_10m=33.25, flowNow=46, powerNow=2000, freqNow=58, opState=heating, status=no_change
2026-02-18T22:15:00.799446+01:00, outdoor_avg_60m=-1.58, flow_avg_10m=40.75, flowNow=46.5, powerNow=2000, freqNow=58, opState=heating, status=no_change
2026-02-18T22:15:00.806878+01:00, outdoor_avg_60m=-1.58, flow_avg_10m=40.75, flowNow=46.5, powerNow=2000, freqNow=58, opState=heating, status=no_change
2026-02-18T22:20:00.814541+01:00, outdoor_avg_60m=-1.5, flow_avg_10m=46.5, flowNow=47, powerNow=2000, freqNow=58, opState=heating, status=no_change
2026-02-18T22:20:00.825625+01:00, outdoor_avg_60m=-1.5, flow_avg_10m=46.5, flowNow=47, powerNow=2000, freqNow=58, opState=heating, status=no_change
2026-02-18T22:25:00.642291+01:00, outdoor_avg_60m=-1.42, flow_avg_10m=46.75, flowNow=47.5, powerNow=2000, freqNow=56, opState=heating, status=no_change
2026-02-18T22:25:00.653999+01:00, outdoor_avg_60m=-1.42, flow_avg_10m=46.75, flowNow=47.5, powerNow=2000, freqNow=56, opState=heating, status=no_change
2026-02-18T22:30:00.680277+01:00, outdoor_avg_60m=-1.33, flow_avg_10m=47.25, flowNow=47, powerNow=2000, freqNow=50, opState=heating, status=no_change
2026-02-18T22:30:00.692002+01:00, outdoor_avg_60m=-1.33, flow_avg_10m=47.25, flowNow=47, powerNow=2000, freqNow=50, opState=heating, status=no_change
2026-02-18T22:35:00.720195+01:00, outdoor_avg_60m=-1.25, flow_avg_10m=47.0, flowNow=47.5, powerNow=2000, freqNow=48, opState=heating, status=no_change
2026-02-18T22:35:00.727620+01:00, outdoor_avg_60m=-1.25, flow_avg_10m=47.0, flowNow=47.5, powerNow=2000, freqNow=48, opState=heating, status=no_change
2026-02-18T22:40:00.952435+01:00, outdoor_avg_60m=-1.17, flow_avg_10m=47.5, flowNow=47.5, powerNow=2000, freqNow=48, opState=heating, status=no_change
2026-02-18T22:40:00.959372+01:00, outdoor_avg_60m=-1.17, flow_avg_10m=47.5, flowNow=47.5, powerNow=2000, freqNow=48, opState=heating, status=no_change
2026-02-18T22:45:00.771927+01:00, outdoor_avg_60m=-1.08, flow_avg_10m=47.5, flowNow=47.5, powerNow=2000, freqNow=46, opState=heating, status=no_change
2026-02-18T22:45:00.779950+01:00, outdoor_avg_60m=-1.08, flow_avg_10m=47.5, flowNow=47.5, powerNow=2000, freqNow=46, opState=heating, status=no_change
2026-02-18T22:50:00.605862+01:00, outdoor_avg_60m=-1.08, flow_avg_10m=47.5, flowNow=47, powerNow=2000, freqNow=44, opState=heating, status=no_change
2026-02-18T22:50:00.617771+01:00, outdoor_avg_60m=-1.08, flow_avg_10m=47.5, flowNow=47, powerNow=2000, freqNow=44, opState=heating, status=no_change
2026-02-18T22:55:00.643319+01:00, outdoor_avg_60m=-1.08, flow_avg_10m=47.25, flowNow=47, powerNow=1000, freqNow=44, opState=heating, status=no_change
2026-02-18T22:55:00.654909+01:00, outdoor_avg_60m=-1.08, flow_avg_10m=47.25, flowNow=47, powerNow=1000, freqNow=44, opState=heating, status=no_change
2026-02-18T23:00:00.878860+01:00, outdoor_avg_60m=-1.0, flow_avg_10m=47.0, flowNow=47, powerNow=1000, freqNow=42, opState=heating, status=no_change
2026-02-18T23:00:00.886151+01:00, outdoor_avg_60m=-1.0, flow_avg_10m=47.0, flowNow=47, powerNow=1000, freqNow=42, opState=heating, status=no_change
2026-02-18T23:05:00.707891+01:00, outdoor_avg_60m=-1.0, flow_avg_10m=47.0, flowNow=47, powerNow=1000, freqNow=42, opState=heating, status=no_change
2026-02-18T23:05:00.714954+01:00, outdoor_avg_60m=-1.0, flow_avg_10m=47.0, flowNow=47, powerNow=1000, freqNow=42, opState=heating, status=no_change
2026-02-18T23:10:00.735312+01:00, outdoor_avg_60m=-1.0, flow_avg_10m=47.0, flowNow=46.5, powerNow=1000, freqNow=42, opState=heating, status=no_change
2026-02-18T23:10:00.747196+01:00, outdoor_avg_60m=-1.0, flow_avg_10m=47.0, flowNow=46.5, powerNow=1000, freqNow=42, opState=heating, status=no_change
2026-02-18T23:15:00.569189+01:00, outdoor_avg_60m=-1.0, flow_avg_10m=46.75, flowNow=46.5, powerNow=1000, freqNow=42, opState=heating, status=no_change
2026-02-18T23:15:00.576687+01:00, outdoor_avg_60m=-1.0, flow_avg_10m=46.75, flowNow=46.5, powerNow=1000, freqNow=42, opState=heating, status=no_change
2026-02-18T23:20:00.794779+01:00, outdoor_avg_60m=-1.0, flow_avg_10m=46.5, flowNow=46.5, powerNow=1000, freqNow=42, opState=heating, status=no_change
2026-02-18T23:20:00.806311+01:00, outdoor_avg_60m=-1.0, flow_avg_10m=46.5, flowNow=46.5, powerNow=1000, freqNow=42, opState=heating, status=no_change
2026-02-18T23:25:00.621958+01:00, outdoor_avg_60m=-1.0, flow_avg_10m=46.5, flowNow=46.5, powerNow=1000, freqNow=42, opState=heating, status=no_change
2026-02-18T23:25:00.634084+01:00, outdoor_avg_60m=-1.0, flow_avg_10m=46.5, flowNow=46.5, powerNow=1000, freqNow=42, opState=heating, status=no_change
2026-02-18T23:30:00.657964+01:00, outdoor_avg_60m=-1.0, flow_avg_10m=46.5, flowNow=46.5, powerNow=1000, freqNow=42, opState=heating, status=no_change
2026-02-18T23:30:00.666323+01:00, outdoor_avg_60m=-1.0, flow_avg_10m=46.5, flowNow=46.5, powerNow=1000, freqNow=42, opState=heating, status=no_change
2026-02-18T23:35:00.689555+01:00, outdoor_avg_60m=-1.0, flow_avg_10m=46.5, flowNow=35.5, powerNow=1000, freqNow=42, opState=heating, status=no_change
2026-02-18T23:35:00.712957+01:00, outdoor_avg_60m=-1.0, flow_avg_10m=46.5, flowNow=35.5, powerNow=1000, freqNow=42, opState=heating, status=no_change
2026-02-18T23:40:00.519896+01:00, outdoor_avg_60m=-1.0, flow_avg_10m=41.0, flowNow=39, powerNow=0, freqNow=46, opState=heating, status=no_change
2026-02-18T23:40:00.537326+01:00, outdoor_avg_60m=-1.0, flow_avg_10m=41.0, flowNow=39, powerNow=0, freqNow=46, opState=heating, status=no_change
2026-02-18T23:45:01.783823+01:00, outdoor_avg_60m=-1.0, flow_avg_10m=39.0, flowNow=45.5, powerNow=2000, freqNow=52, opState=heating, status=set_flow_target
2026-02-18T23:45:01.792102+01:00, outdoor_avg_60m=-1.0, flow_avg_10m=39.0, flowNow=45.5, powerNow=2000, freqNow=52, opState=heating, status=set_flow_target
2026-02-18T23:50:01.614924+01:00, outdoor_avg_60m=-0.91, flow_avg_10m=45.5, flowNow=46, powerNow=2000, freqNow=54, opState=heating, status=set_flow_target
2026-02-18T23:50:01.627220+01:00, outdoor_avg_60m=-0.91, flow_avg_10m=45.5, flowNow=46, powerNow=2000, freqNow=54, opState=heating, status=set_flow_target
2026-02-18T23:55:01.646539+01:00, outdoor_avg_60m=-0.82, flow_avg_10m=45.75, flowNow=46.5, powerNow=2000, freqNow=54, opState=heating, status=set_flow_target
2026-02-18T23:55:01.653918+01:00, outdoor_avg_60m=-0.82, flow_avg_10m=45.75, flowNow=46.5, powerNow=2000, freqNow=54, opState=heating, status=set_flow_target
2026-02-19T00:00:01.881410+01:00, outdoor_avg_60m=-0.73, flow_avg_10m=46.5, flowNow=47, powerNow=2000, freqNow=52, opState=heating, status=set_flow_target
2026-02-19T00:00:01.889047+01:00, outdoor_avg_60m=-0.73, flow_avg_10m=46.5, flowNow=47, powerNow=2000, freqNow=52, opState=heating, status=set_flow_target
2026-02-19T00:05:01.704453+01:00, outdoor_avg_60m=-0.64, flow_avg_10m=47.0, flowNow=46, powerNow=2000, freqNow=46, opState=heating, status=set_flow_target
2026-02-19T00:05:01.716578+01:00, outdoor_avg_60m=-0.64, flow_avg_10m=47.0, flowNow=46, powerNow=2000, freqNow=46, opState=heating, status=set_flow_target
2026-02-19T00:10:01.740039+01:00, outdoor_avg_60m=-0.55, flow_avg_10m=46.5, flowNow=47, powerNow=2000, freqNow=46, opState=heating, status=set_flow_target
2026-02-19T00:10:01.752481+01:00, outdoor_avg_60m=-0.55, flow_avg_10m=46.5, flowNow=47, powerNow=2000, freqNow=46, opState=heating, status=set_flow_target
2026-02-19T00:15:01.566610+01:00, outdoor_avg_60m=-0.45, flow_avg_10m=46.5, flowNow=47, powerNow=2000, freqNow=46, opState=heating, status=set_flow_target
2026-02-19T00:15:01.578420+01:00, outdoor_avg_60m=-0.45, flow_avg_10m=46.5, flowNow=47, powerNow=2000, freqNow=46, opState=heating, status=set_flow_target
2026-02-19T00:20:01.598765+01:00, outdoor_avg_60m=-0.36, flow_avg_10m=47.0, flowNow=47, powerNow=2000, freqNow=46, opState=heating, status=set_flow_target
2026-02-19T00:20:01.611541+01:00, outdoor_avg_60m=-0.36, flow_avg_10m=47.0, flowNow=47, powerNow=2000, freqNow=46, opState=heating, status=set_flow_target
2026-02-19T00:25:01.631742+01:00, outdoor_avg_60m=-0.27, flow_avg_10m=47.0, flowNow=46.5, powerNow=1000, freqNow=42, opState=heating, status=set_flow_target
2026-02-19T00:25:01.643959+01:00, outdoor_avg_60m=-0.27, flow_avg_10m=47.0, flowNow=46.5, powerNow=1000, freqNow=42, opState=heating, status=set_flow_target
2026-02-19T00:30:01.880054+01:00, outdoor_avg_60m=-0.18, flow_avg_10m=46.5, flowNow=46.5, powerNow=1000, freqNow=42, opState=heating, status=set_flow_target
2026-02-19T00:30:01.886935+01:00, outdoor_avg_60m=-0.18, flow_avg_10m=46.5, flowNow=46.5, powerNow=1000, freqNow=42, opState=heating, status=set_flow_target
2026-02-19T00:35:01.701045+01:00, outdoor_avg_60m=-0.09, flow_avg_10m=46.5, flowNow=46.5, powerNow=1000, freqNow=42, opState=heating, status=set_flow_target
2026-02-19T00:35:01.708266+01:00, outdoor_avg_60m=-0.09, flow_avg_10m=46.5, flowNow=46.5, powerNow=1000, freqNow=42, opState=heating, status=set_flow_target
2026-02-19T00:40:01.727738+01:00, outdoor_avg_60m=0.0, flow_avg_10m=46.5, flowNow=46.5, powerNow=1000, freqNow=42, opState=heating, status=set_flow_target
2026-02-19T00:40:01.739849+01:00, outdoor_avg_60m=0.0, flow_avg_10m=46.5, flowNow=46.5, powerNow=1000, freqNow=42, opState=heating, status=set_flow_target
2026-02-19T00:45:01.761754+01:00, outdoor_avg_60m=0.0, flow_avg_10m=46.5, flowNow=46.5, powerNow=1000, freqNow=42, opState=heating, status=set_flow_target
2026-02-19T00:45:01.769327+01:00, outdoor_avg_60m=0.0, flow_avg_10m=46.5, flowNow=46.5, powerNow=1000, freqNow=42, opState=heating, status=set_flow_target
2026-02-19T00:50:01.792859+01:00, outdoor_avg_60m=0.0, flow_avg_10m=46.5, flowNow=46.5, powerNow=1000, freqNow=42, opState=heating, status=set_flow_target
2026-02-19T00:50:01.804684+01:00, outdoor_avg_60m=0.0, flow_avg_10m=46.5, flowNow=46.5, powerNow=1000, freqNow=42, opState=heating, status=set_flow_target
2026-02-19T00:55:01.621451+01:00, outdoor_avg_60m=0.0, flow_avg_10m=46.5, flowNow=46.5, powerNow=1000, freqNow=42, opState=heating, status=set_flow_target
2026-02-19T00:55:01.636740+01:00, outdoor_avg_60m=0.0, flow_avg_10m=46.5, flowNow=46.5, powerNow=1000, freqNow=42, opState=heating, status=set_flow_target
2026-02-19T01:00:01.656968+01:00, outdoor_avg_60m=0.0, flow_avg_10m=46.5, flowNow=33.5, powerNow=0, freqNow=0, opState=heating, status=set_flow_target
2026-02-19T01:00:01.665031+01:00, outdoor_avg_60m=0.0, flow_avg_10m=46.5, flowNow=33.5, powerNow=0, freqNow=0, opState=heating, status=set_flow_target
2026-02-19T01:05:01.684326+01:00, outdoor_avg_60m=0.0, flow_avg_10m=33.5, flowNow=45, powerNow=2000, freqNow=48, opState=heating, status=set_flow_target
2026-02-19T01:05:01.696574+01:00, outdoor_avg_60m=0.0, flow_avg_10m=33.5, flowNow=45, powerNow=2000, freqNow=48, opState=heating, status=set_flow_target
2026-02-19T01:10:01.730728+01:00, outdoor_avg_60m=0.0, flow_avg_10m=45.0, flowNow=45.5, powerNow=2000, freqNow=52, opState=heating, status=set_flow_target
2026-02-19T01:10:01.737989+01:00, outdoor_avg_60m=0.0, flow_avg_10m=45.0, flowNow=45.5, powerNow=2000, freqNow=52, opState=heating, status=set_flow_target
2026-02-19T01:15:01.753096+01:00, outdoor_avg_60m=0.0, flow_avg_10m=45.5, flowNow=46.5, powerNow=2000, freqNow=50, opState=heating, status=set_flow_target
2026-02-19T01:15:01.764485+01:00, outdoor_avg_60m=0.0, flow_avg_10m=45.5, flowNow=46.5, powerNow=2000, freqNow=50, opState=heating, status=set_flow_target
2026-02-19T01:20:01.581184+01:00, outdoor_avg_60m=0.0, flow_avg_10m=46.0, flowNow=46.5, powerNow=2000, freqNow=50, opState=heating, status=set_flow_target
2026-02-19T01:20:01.588227+01:00, outdoor_avg_60m=0.0, flow_avg_10m=46.0, flowNow=46.5, powerNow=2000, freqNow=50, opState=heating, status=set_flow_target
2026-02-19T01:25:01.610233+01:00, outdoor_avg_60m=0.0, flow_avg_10m=46.5, flowNow=47, powerNow=2000, freqNow=48, opState=heating, status=set_flow_target
2026-02-19T01:25:01.618560+01:00, outdoor_avg_60m=0.0, flow_avg_10m=46.5, flowNow=47, powerNow=2000, freqNow=48, opState=heating, status=set_flow_target
2026-02-19T01:30:01.645614+01:00, outdoor_avg_60m=0.0, flow_avg_10m=47.0, flowNow=47, powerNow=2000, freqNow=44, opState=heating, status=set_flow_target
2026-02-19T01:30:01.653182+01:00, outdoor_avg_60m=0.0, flow_avg_10m=47.0, flowNow=47, powerNow=2000, freqNow=44, opState=heating, status=set_flow_target
2026-02-19T01:35:01.673145+01:00, outdoor_avg_60m=0.0, flow_avg_10m=47.0, flowNow=46.5, powerNow=1000, freqNow=42, opState=heating, status=set_flow_target
2026-02-19T01:35:01.685998+01:00, outdoor_avg_60m=0.0, flow_avg_10m=47.0, flowNow=46.5, powerNow=1000, freqNow=42, opState=heating, status=set_flow_target
2026-02-19T01:40:01.712121+01:00, outdoor_avg_60m=0.0, flow_avg_10m=46.5, flowNow=47, powerNow=1000, freqNow=42, opState=heating, status=set_flow_target
2026-02-19T01:40:01.719418+01:00, outdoor_avg_60m=0.0, flow_avg_10m=46.5, flowNow=47, powerNow=1000, freqNow=42, opState=heating, status=set_flow_target
2026-02-19T01:45:01.739826+01:00, outdoor_avg_60m=0.0, flow_avg_10m=47.0, flowNow=47, powerNow=1000, freqNow=42, opState=heating, status=set_flow_target
2026-02-19T01:45:01.751029+01:00, outdoor_avg_60m=0.0, flow_avg_10m=47.0, flowNow=47, powerNow=1000, freqNow=42, opState=heating, status=set_flow_target
2026-02-19T01:50:01.772481+01:00, outdoor_avg_60m=0.0, flow_avg_10m=47.0, flowNow=46, powerNow=1000, freqNow=38, opState=heating, status=set_flow_target
2026-02-19T01:50:01.785180+01:00, outdoor_avg_60m=0.0, flow_avg_10m=47.0, flowNow=46, powerNow=1000, freqNow=38, opState=heating, status=set_flow_target
2026-02-19T01:55:01.602340+01:00, outdoor_avg_60m=0.0, flow_avg_10m=46.5, flowNow=46, powerNow=1000, freqNow=38, opState=heating, status=set_flow_target
2026-02-19T01:55:01.609636+01:00, outdoor_avg_60m=0.0, flow_avg_10m=46.5, flowNow=46, powerNow=1000, freqNow=38, opState=heating, status=set_flow_target
2026-02-19T02:00:01.838935+01:00, outdoor_avg_60m=0.0, flow_avg_10m=46.0, flowNow=46, powerNow=1000, freqNow=38, opState=heating, status=set_flow_target
2026-02-19T02:00:01.849883+01:00, outdoor_avg_60m=0.0, flow_avg_10m=46.0, flowNow=46, powerNow=1000, freqNow=38, opState=heating, status=set_flow_target
2026-02-19T02:05:01.663048+01:00, outdoor_avg_60m=0.0, flow_avg_10m=46.0, flowNow=46.5, powerNow=1000, freqNow=38, opState=heating, status=set_flow_target
2026-02-19T02:05:01.674917+01:00, outdoor_avg_60m=0.0, flow_avg_10m=46.0, flowNow=46.5, powerNow=1000, freqNow=38, opState=heating, status=set_flow_target
2026-02-19T02:10:01.703654+01:00, outdoor_avg_60m=0.0, flow_avg_10m=46.25, flowNow=45.5, powerNow=1000, freqNow=38, opState=heating, status=set_flow_target
2026-02-19T02:10:01.710912+01:00, outdoor_avg_60m=0.0, flow_avg_10m=46.25, flowNow=45.5, powerNow=1000, freqNow=38, opState=heating, status=set_flow_target
2026-02-19T02:15:01.731042+01:00, outdoor_avg_60m=0.0, flow_avg_10m=45.5, flowNow=46, powerNow=1000, freqNow=38, opState=heating, status=set_flow_target
2026-02-19T02:15:01.742536+01:00, outdoor_avg_60m=0.0, flow_avg_10m=45.5, flowNow=46, powerNow=1000, freqNow=38, opState=heating, status=set_flow_target
2026-02-19T02:20:01.762879+01:00, outdoor_avg_60m=0.0, flow_avg_10m=46.0, flowNow=46, powerNow=1000, freqNow=42, opState=heating, status=set_flow_target
2026-02-19T02:20:01.774661+01:00, outdoor_avg_60m=0.0, flow_avg_10m=46.0, flowNow=46, powerNow=1000, freqNow=42, opState=heating, status=set_flow_target
2026-02-19T02:25:01.587547+01:00, outdoor_avg_60m=0.0, flow_avg_10m=46.0, flowNow=46, powerNow=1000, freqNow=42, opState=heating, status=set_flow_target
2026-02-19T02:25:01.595409+01:00, outdoor_avg_60m=0.0, flow_avg_10m=46.0, flowNow=46, powerNow=1000, freqNow=42, opState=heating, status=set_flow_target
2026-02-19T02:31:46.068915+01:00, outdoor_avg_60m=0.0, flow_avg_10m=46.0, flowNow=46, powerNow=1000, freqNow=42, opState=heating, status=set_flow_target
2026-02-19T02:31:46.082379+01:00, outdoor_avg_60m=0.0, flow_avg_10m=46.0, flowNow=46, powerNow=1000, freqNow=42, opState=heating, status=set_flow_target
2026-02-19T02:40:40.396131+01:00, outdoor_avg_60m=0.0, flow_avg_10m=46.0, flowNow=46, powerNow=1000, freqNow=42, opState=heating, status=set_flow_target
2026-02-19T02:40:40.408252+01:00, outdoor_avg_60m=0.0, flow_avg_10m=46.0, flowNow=46, powerNow=1000, freqNow=42, opState=heating, status=set_flow_target
2026-02-19T02:44:44.519404+01:00, outdoor_avg_60m=0.0, flow_avg_10m=46.0, flowNow=46, powerNow=1000, freqNow=42, opState=heating, status=set_flow_target
2026-02-19T02:44:44.530895+01:00, outdoor_avg_60m=0.0, flow_avg_10m=46.0, flowNow=46, powerNow=1000, freqNow=42, opState=heating, status=set_flow_target
2026-02-19T02:45:01.305205+01:00, outdoor_avg_60m=0.0, flow_avg_10m=46.0, flowNow=46, powerNow=1000, freqNow=42, opState=heating, status=set_flow_target
2026-02-19T02:45:01.316208+01:00, outdoor_avg_60m=0.0, flow_avg_10m=46.0, flowNow=46, powerNow=1000, freqNow=42, opState=heating, status=set_flow_target
2026-02-19T02:52:38.635445+01:00, outdoor_avg_60m=0.0, flow_avg_10m=46.0, flowNow=46, powerNow=1000, freqNow=42, opState=heating, status=set_flow_target
2026-02-19T02:52:38.642896+01:00, outdoor_avg_60m=0.0, flow_avg_10m=46.0, flowNow=46, powerNow=1000, freqNow=42, opState=heating, status=set_flow_target
2026-02-19T02:59:47.690068+01:00, outdoor_avg_60m=0.0, flow_avg_10m=46.0, flowNow=46, powerNow=1000, freqNow=42, opState=heating, status=set_flow_target
2026-02-19T02:59:47.697132+01:00, outdoor_avg_60m=0.0, flow_avg_10m=46.0, flowNow=46, powerNow=1000, freqNow=42, opState=heating, status=set_flow_target
2026-02-19T03:00:01.408067+01:00, outdoor_avg_60m=0.0, flow_avg_10m=46.0, flowNow=46, powerNow=1000, freqNow=42, opState=heating, status=set_flow_target
2026-02-19T03:00:01.414988+01:00, outdoor_avg_60m=0.0, flow_avg_10m=46.0, flowNow=46, powerNow=1000, freqNow=42, opState=heating, status=set_flow_target
2026-02-19T03:05:01.650918+01:00, outdoor_avg_60m=0.0, flow_avg_10m=46.0, flowNow=46.5, powerNow=2000, freqNow=62, opState=heating, status=set_flow_target
2026-02-19T03:05:01.657463+01:00, outdoor_avg_60m=0.0, flow_avg_10m=46.0, flowNow=46.5, powerNow=2000, freqNow=62, opState=heating, status=set_flow_target
2026-02-19T03:10:01.676941+01:00, outdoor_avg_60m=0.0, flow_avg_10m=46.5, flowNow=45, powerNow=2000, freqNow=50, opState=heating, status=set_flow_target
2026-02-19T03:10:01.688584+01:00, outdoor_avg_60m=0.0, flow_avg_10m=46.5, flowNow=45, powerNow=2000, freqNow=50, opState=heating, status=set_flow_target
2026-02-19T03:15:01.719862+01:00, outdoor_avg_60m=0.0, flow_avg_10m=45.0, flowNow=48, powerNow=2000, freqNow=60, opState=heating, status=set_flow_target
2026-02-19T03:15:01.727335+01:00, outdoor_avg_60m=0.0, flow_avg_10m=45.0, flowNow=48, powerNow=2000, freqNow=60, opState=heating, status=set_flow_target
2026-02-19T03:20:01.534854+01:00, outdoor_avg_60m=0.0, flow_avg_10m=46.5, flowNow=48, powerNow=2000, freqNow=60, opState=heating, status=set_flow_target
2026-02-19T03:20:01.546418+01:00, outdoor_avg_60m=0.0, flow_avg_10m=46.5, flowNow=48, powerNow=2000, freqNow=60, opState=heating, status=set_flow_target
2026-02-19T03:25:00.542996+01:00, outdoor_avg_60m=0.0, flow_avg_10m=48.0, flowNow=48, powerNow=2000, freqNow=54, opState=heating, status=no_change
2026-02-19T03:25:00.554468+01:00, outdoor_avg_60m=0.0, flow_avg_10m=48.0, flowNow=48, powerNow=2000, freqNow=54, opState=heating, status=no_change
2026-02-19T03:30:00.580772+01:00, outdoor_avg_60m=-0.08, flow_avg_10m=48.0, flowNow=48, powerNow=2000, freqNow=52, opState=heating, status=no_change
2026-02-19T03:30:00.587951+01:00, outdoor_avg_60m=-0.08, flow_avg_10m=48.0, flowNow=48, powerNow=2000, freqNow=52, opState=heating, status=no_change
2026-02-19T03:35:00.611499+01:00, outdoor_avg_60m=-0.17, flow_avg_10m=48.0, flowNow=48, powerNow=2000, freqNow=52, opState=heating, status=no_change
2026-02-19T03:35:00.632122+01:00, outdoor_avg_60m=-0.17, flow_avg_10m=48.0, flowNow=48, powerNow=2000, freqNow=52, opState=heating, status=no_change
2026-02-19T03:40:00.645248+01:00, outdoor_avg_60m=-0.23, flow_avg_10m=48.0, flowNow=47.5, powerNow=2000, freqNow=50, opState=heating, status=no_change
2026-02-19T03:40:00.652686+01:00, outdoor_avg_60m=-0.23, flow_avg_10m=48.0, flowNow=47.5, powerNow=2000, freqNow=50, opState=heating, status=no_change
2026-02-19T03:45:00.679683+01:00, outdoor_avg_60m=-0.33, flow_avg_10m=47.5, flowNow=47.5, powerNow=2000, freqNow=50, opState=heating, status=no_change
2026-02-19T03:45:00.686729+01:00, outdoor_avg_60m=-0.33, flow_avg_10m=47.5, flowNow=47.5, powerNow=2000, freqNow=50, opState=heating, status=no_change
2026-02-19T03:50:00.713490+01:00, outdoor_avg_60m=-0.42, flow_avg_10m=47.5, flowNow=28, powerNow=0, freqNow=42, opState=heating, status=no_change
2026-02-19T03:50:00.721621+01:00, outdoor_avg_60m=-0.42, flow_avg_10m=47.5, flowNow=28, powerNow=0, freqNow=42, opState=heating, status=no_change
2026-02-19T03:55:01.767986+01:00, outdoor_avg_60m=-0.5, flow_avg_10m=28.0, flowNow=45, powerNow=2000, freqNow=54, opState=heating, status=set_flow_target
2026-02-19T03:55:01.779483+01:00, outdoor_avg_60m=-0.5, flow_avg_10m=28.0, flowNow=45, powerNow=2000, freqNow=54, opState=heating, status=set_flow_target
2026-02-19T04:00:01.797596+01:00, outdoor_avg_60m=-0.73, flow_avg_10m=45.0, flowNow=47, powerNow=2000, freqNow=62, opState=heating, status=set_flow_target
2026-02-19T04:00:01.809527+01:00, outdoor_avg_60m=-0.73, flow_avg_10m=45.0, flowNow=47, powerNow=2000, freqNow=62, opState=heating, status=set_flow_target
2026-02-19T04:05:01.627200+01:00, outdoor_avg_60m=-0.83, flow_avg_10m=46.0, flowNow=47.5, powerNow=2000, freqNow=60, opState=heating, status=set_flow_target
2026-02-19T04:05:01.635268+01:00, outdoor_avg_60m=-0.83, flow_avg_10m=46.0, flowNow=47.5, powerNow=2000, freqNow=60, opState=heating, status=set_flow_target
2026-02-19T04:10:01.661844+01:00, outdoor_avg_60m=-1.0, flow_avg_10m=47.25, flowNow=48, powerNow=2000, freqNow=60, opState=heating, status=set_flow_target
2026-02-19T04:10:01.668978+01:00, outdoor_avg_60m=-1.0, flow_avg_10m=47.25, flowNow=48, powerNow=2000, freqNow=60, opState=heating, status=set_flow_target
2026-02-19T04:15:01.693030+01:00, outdoor_avg_60m=-1.17, flow_avg_10m=48.0, flowNow=48, powerNow=2000, freqNow=56, opState=heating, status=set_flow_target
2026-02-19T04:15:01.704957+01:00, outdoor_avg_60m=-1.17, flow_avg_10m=48.0, flowNow=48, powerNow=2000, freqNow=56, opState=heating, status=set_flow_target
2026-02-19T04:20:01.729169+01:00, outdoor_avg_60m=-1.45, flow_avg_10m=48.0, flowNow=48, powerNow=2000, freqNow=52, opState=heating, status=set_flow_target
2026-02-19T04:20:01.736294+01:00, outdoor_avg_60m=-1.45, flow_avg_10m=48.0, flowNow=48, powerNow=2000, freqNow=52, opState=heating, status=set_flow_target
2026-02-19T04:25:01.766491+01:00, outdoor_avg_60m=-1.55, flow_avg_10m=48.0, flowNow=48, powerNow=2000, freqNow=52, opState=heating, status=set_flow_target
2026-02-19T04:25:01.773382+01:00, outdoor_avg_60m=-1.55, flow_avg_10m=48.0, flowNow=48, powerNow=2000, freqNow=52, opState=heating, status=set_flow_target
2026-02-19T04:30:01.789592+01:00, outdoor_avg_60m=-1.64, flow_avg_10m=48.0, flowNow=48, powerNow=2000, freqNow=52, opState=heating, status=set_flow_target
2026-02-19T04:30:01.800796+01:00, outdoor_avg_60m=-1.64, flow_avg_10m=48.0, flowNow=48, powerNow=2000, freqNow=52, opState=heating, status=set_flow_target
2026-02-19T04:35:01.620543+01:00, outdoor_avg_60m=-1.73, flow_avg_10m=48.0, flowNow=48, powerNow=2000, freqNow=52, opState=heating, status=set_flow_target
2026-02-19T04:35:01.628399+01:00, outdoor_avg_60m=-1.73, flow_avg_10m=48.0, flowNow=48, powerNow=2000, freqNow=52, opState=heating, status=set_flow_target
2026-02-19T04:40:01.647220+01:00, outdoor_avg_60m=-1.82, flow_avg_10m=48.0, flowNow=47.5, powerNow=2000, freqNow=50, opState=heating, status=set_flow_target
2026-02-19T04:40:01.655337+01:00, outdoor_avg_60m=-1.82, flow_avg_10m=48.0, flowNow=47.5, powerNow=2000, freqNow=50, opState=heating, status=set_flow_target
2026-02-19T04:45:01.680710+01:00, outdoor_avg_60m=-1.91, flow_avg_10m=47.5, flowNow=28, powerNow=0, freqNow=0, opState=heating, status=set_flow_target
2026-02-19T04:45:01.693960+01:00, outdoor_avg_60m=-1.91, flow_avg_10m=47.5, flowNow=28, powerNow=0, freqNow=0, opState=heating, status=set_flow_target
2026-02-19T04:50:01.714236+01:00, outdoor_avg_60m=-2.0, flow_avg_10m=28.0, flowNow=45.5, powerNow=2000, freqNow=48, opState=heating, status=set_flow_target
2026-02-19T04:50:01.725619+01:00, outdoor_avg_60m=-2.0, flow_avg_10m=28.0, flowNow=45.5, powerNow=2000, freqNow=48, opState=heating, status=set_flow_target
2026-02-19T04:55:01.548890+01:00, outdoor_avg_60m=-2.0, flow_avg_10m=36.75, flowNow=46.5, powerNow=2000, freqNow=58, opState=heating, status=set_flow_target
2026-02-19T04:55:01.555424+01:00, outdoor_avg_60m=-2.0, flow_avg_10m=36.75, flowNow=46.5, powerNow=2000, freqNow=58, opState=heating, status=set_flow_target
2026-02-19T05:00:01.571939+01:00, outdoor_avg_60m=-2.0, flow_avg_10m=46.0, flowNow=47.5, powerNow=2000, freqNow=62, opState=heating, status=set_flow_target
2026-02-19T05:00:01.584209+01:00, outdoor_avg_60m=-2.0, flow_avg_10m=46.0, flowNow=47.5, powerNow=2000, freqNow=62, opState=heating, status=set_flow_target
2026-02-19T05:05:01.614361+01:00, outdoor_avg_60m=-2.0, flow_avg_10m=47.5, flowNow=48.5, powerNow=2000, freqNow=62, opState=heating, status=set_flow_target
2026-02-19T05:05:01.623816+01:00, outdoor_avg_60m=-2.0, flow_avg_10m=47.5, flowNow=48.5, powerNow=2000, freqNow=62, opState=heating, status=set_flow_target
2026-02-19T05:20:01.710141+01:00, outdoor_avg_60m=-2.0, flow_avg_10m=48.5, flowNow=49, powerNow=2000, freqNow=58, opState=heating, status=set_flow_target
2026-02-19T05:20:01.717595+01:00, outdoor_avg_60m=-2.0, flow_avg_10m=48.5, flowNow=49, powerNow=2000, freqNow=58, opState=heating, status=set_flow_target
2026-02-19T05:25:01.536933+01:00, outdoor_avg_60m=-2.0, flow_avg_10m=48.75, flowNow=48.5, powerNow=2000, freqNow=54, opState=heating, status=set_flow_target
2026-02-19T05:25:01.544580+01:00, outdoor_avg_60m=-2.0, flow_avg_10m=48.75, flowNow=48.5, powerNow=2000, freqNow=54, opState=heating, status=set_flow_target
2026-02-19T05:30:01.772475+01:00, outdoor_avg_60m=-2.0, flow_avg_10m=48.5, flowNow=48.5, powerNow=2000, freqNow=54, opState=heating, status=set_flow_target
2026-02-19T05:30:01.779593+01:00, outdoor_avg_60m=-2.0, flow_avg_10m=48.5, flowNow=48.5, powerNow=2000, freqNow=54, opState=heating, status=set_flow_target
2026-02-19T05:35:01.598940+01:00, outdoor_avg_60m=-2.0, flow_avg_10m=48.5, flowNow=48, powerNow=2000, freqNow=54, opState=heating, status=set_flow_target
2026-02-19T05:35:01.609672+01:00, outdoor_avg_60m=-2.0, flow_avg_10m=48.5, flowNow=48, powerNow=2000, freqNow=54, opState=heating, status=set_flow_target
2026-02-19T05:40:01.439278+01:00, outdoor_avg_60m=-2.09, flow_avg_10m=48.25, flowNow=32, powerNow=0, freqNow=42, opState=heating, status=set_flow_target
2026-02-19T05:40:01.447089+01:00, outdoor_avg_60m=-2.09, flow_avg_10m=48.25, flowNow=32, powerNow=0, freqNow=42, opState=heating, status=set_flow_target
2026-02-19T05:45:01.868355+01:00, outdoor_avg_60m=-2.2, flow_avg_10m=32.0, flowNow=45, powerNow=2000, freqNow=48, opState=heating, status=set_flow_target
2026-02-19T05:45:01.879195+01:00, outdoor_avg_60m=-2.2, flow_avg_10m=32.0, flowNow=45, powerNow=2000, freqNow=48, opState=heating, status=set_flow_target
2026-02-19T05:50:01.703589+01:00, outdoor_avg_60m=-2.27, flow_avg_10m=45.0, flowNow=46, powerNow=2000, freqNow=54, opState=heating, status=set_flow_target
2026-02-19T05:50:01.711073+01:00, outdoor_avg_60m=-2.27, flow_avg_10m=45.0, flowNow=46, powerNow=2000, freqNow=54, opState=heating, status=set_flow_target
2026-02-19T05:55:01.520220+01:00, outdoor_avg_60m=-2.36, flow_avg_10m=45.5, flowNow=46.5, powerNow=2000, freqNow=54, opState=heating, status=set_flow_target
2026-02-19T05:55:01.532427+01:00, outdoor_avg_60m=-2.36, flow_avg_10m=45.5, flowNow=46.5, powerNow=2000, freqNow=54, opState=heating, status=set_flow_target
2026-02-19T06:00:01.763033+01:00, outdoor_avg_60m=-2.5, flow_avg_10m=46.5, flowNow=47, powerNow=2000, freqNow=56, opState=heating, status=set_flow_target
2026-02-19T06:00:01.770647+01:00, outdoor_avg_60m=-2.5, flow_avg_10m=46.5, flowNow=47, powerNow=2000, freqNow=56, opState=heating, status=set_flow_target
2026-02-19T06:05:01.584348+01:00, outdoor_avg_60m=-2.55, flow_avg_10m=47.0, flowNow=48, powerNow=2000, freqNow=58, opState=heating, status=set_flow_target
2026-02-19T06:05:01.596542+01:00, outdoor_avg_60m=-2.55, flow_avg_10m=47.0, flowNow=48, powerNow=2000, freqNow=58, opState=heating, status=set_flow_target
2026-02-19T06:10:01.629820+01:00, outdoor_avg_60m=-2.64, flow_avg_10m=47.5, flowNow=48, powerNow=2000, freqNow=58, opState=heating, status=set_flow_target
2026-02-19T06:10:01.639208+01:00, outdoor_avg_60m=-2.64, flow_avg_10m=47.5, flowNow=48, powerNow=2000, freqNow=58, opState=heating, status=set_flow_target
2026-02-19T06:15:01.649631+01:00, outdoor_avg_60m=-2.67, flow_avg_10m=48.0, flowNow=48.5, powerNow=2000, freqNow=58, opState=heating, status=set_flow_target
2026-02-19T06:15:01.657745+01:00, outdoor_avg_60m=-2.67, flow_avg_10m=48.0, flowNow=48.5, powerNow=2000, freqNow=58, opState=heating, status=set_flow_target
2026-02-19T06:20:01.686222+01:00, outdoor_avg_60m=-2.75, flow_avg_10m=48.5, flowNow=48.5, powerNow=2000, freqNow=58, opState=heating, status=set_flow_target
2026-02-19T06:20:01.693537+01:00, outdoor_avg_60m=-2.75, flow_avg_10m=48.5, flowNow=48.5, powerNow=2000, freqNow=58, opState=heating, status=set_flow_target
2026-02-19T06:25:01.721358+01:00, outdoor_avg_60m=-2.91, flow_avg_10m=48.5, flowNow=48.5, powerNow=2000, freqNow=58, opState=heating, status=set_flow_target
2026-02-19T06:25:01.728770+01:00, outdoor_avg_60m=-2.91, flow_avg_10m=48.5, flowNow=48.5, powerNow=2000, freqNow=58, opState=heating, status=set_flow_target
2026-02-19T06:30:01.357246+01:00, outdoor_avg_60m=-2.92, flow_avg_10m=48.5, flowNow=48.5, powerNow=2000, freqNow=56, opState=heating, status=set_flow_target
2026-02-19T06:30:01.368939+01:00, outdoor_avg_60m=-2.92, flow_avg_10m=48.5, flowNow=48.5, powerNow=2000, freqNow=56, opState=heating, status=set_flow_target
2026-02-19T06:35:01.580689+01:00, outdoor_avg_60m=-3.0, flow_avg_10m=48.5, flowNow=48.5, powerNow=2000, freqNow=56, opState=heating, status=set_flow_target
2026-02-19T06:35:01.587664+01:00, outdoor_avg_60m=-3.0, flow_avg_10m=48.5, flowNow=48.5, powerNow=2000, freqNow=56, opState=heating, status=set_flow_target
2026-02-19T06:40:01.608467+01:00, outdoor_avg_60m=-3.0, flow_avg_10m=48.5, flowNow=31.5, powerNow=0, freqNow=42, opState=heating, status=set_flow_target
2026-02-19T06:40:01.631620+01:00, outdoor_avg_60m=-3.0, flow_avg_10m=48.5, flowNow=31.5, powerNow=0, freqNow=42, opState=heating, status=set_flow_target
2026-02-19T06:45:01.639964+01:00, outdoor_avg_60m=-3.0, flow_avg_10m=31.5, flowNow=34.5, powerNow=0, freqNow=0, opState=heating, status=set_flow_target
2026-02-19T06:45:01.651360+01:00, outdoor_avg_60m=-3.0, flow_avg_10m=31.5, flowNow=34.5, powerNow=0, freqNow=0, opState=heating, status=set_flow_target
2026-02-19T06:50:01.678110+01:00, outdoor_avg_60m=-3.0, flow_avg_10m=34.5, flowNow=47, powerNow=2000, freqNow=62, opState=heating, status=set_flow_target
2026-02-19T06:50:01.685568+01:00, outdoor_avg_60m=-3.0, flow_avg_10m=34.5, flowNow=47, powerNow=2000, freqNow=62, opState=heating, status=set_flow_target
2026-02-19T06:55:01.506984+01:00, outdoor_avg_60m=-3.0, flow_avg_10m=40.75, flowNow=47, powerNow=2000, freqNow=62, opState=heating, status=set_flow_target
2026-02-19T06:55:01.514149+01:00, outdoor_avg_60m=-3.0, flow_avg_10m=40.75, flowNow=47, powerNow=2000, freqNow=62, opState=heating, status=set_flow_target
2026-02-19T07:00:01.736989+01:00, outdoor_avg_60m=-3.0, flow_avg_10m=47.0, flowNow=48.5, powerNow=2000, freqNow=64, opState=heating, status=set_flow_target
2026-02-19T07:00:01.748553+01:00, outdoor_avg_60m=-3.0, flow_avg_10m=47.0, flowNow=48.5, powerNow=2000, freqNow=64, opState=heating, status=set_flow_target
2026-02-19T07:05:01.573619+01:00, outdoor_avg_60m=-3.0, flow_avg_10m=48.5, flowNow=49, powerNow=2000, freqNow=64, opState=heating, status=set_flow_target
2026-02-19T07:05:01.581100+01:00, outdoor_avg_60m=-3.0, flow_avg_10m=48.5, flowNow=49, powerNow=2000, freqNow=64, opState=heating, status=set_flow_target
2026-02-19T07:10:01.601425+01:00, outdoor_avg_60m=-3.0, flow_avg_10m=48.75, flowNow=49.5, powerNow=2000, freqNow=64, opState=heating, status=set_flow_target
2026-02-19T07:10:01.613533+01:00, outdoor_avg_60m=-3.0, flow_avg_10m=48.75, flowNow=49.5, powerNow=2000, freqNow=64, opState=heating, status=set_flow_target
2026-02-19T07:15:01.632319+01:00, outdoor_avg_60m=-3.0, flow_avg_10m=49.5, flowNow=49.5, powerNow=2000, freqNow=64, opState=heating, status=set_flow_target
2026-02-19T07:15:01.651707+01:00, outdoor_avg_60m=-3.0, flow_avg_10m=49.5, flowNow=49.5, powerNow=2000, freqNow=64, opState=heating, status=set_flow_target
2026-02-19T07:20:01.662762+01:00, outdoor_avg_60m=-3.08, flow_avg_10m=49.5, flowNow=49.5, powerNow=2000, freqNow=64, opState=heating, status=set_flow_target
2026-02-19T07:20:01.675035+01:00, outdoor_avg_60m=-3.08, flow_avg_10m=49.5, flowNow=49.5, powerNow=2000, freqNow=64, opState=heating, status=set_flow_target
2026-02-19T07:25:01.700144+01:00, outdoor_avg_60m=-3.17, flow_avg_10m=49.5, flowNow=49.5, powerNow=2000, freqNow=64, opState=heating, status=set_flow_target
2026-02-19T07:25:01.707305+01:00, outdoor_avg_60m=-3.17, flow_avg_10m=49.5, flowNow=49.5, powerNow=2000, freqNow=64, opState=heating, status=set_flow_target
2026-02-19T07:30:01.729471+01:00, outdoor_avg_60m=-3.27, flow_avg_10m=49.5, flowNow=49.5, powerNow=2000, freqNow=64, opState=heating, status=set_flow_target
2026-02-19T07:30:01.737263+01:00, outdoor_avg_60m=-3.27, flow_avg_10m=49.5, flowNow=49.5, powerNow=2000, freqNow=64, opState=heating, status=set_flow_target
2026-02-19T07:35:02.030633+01:00, outdoor_avg_60m=-3.36, flow_avg_10m=49.5, flowNow=49.5, powerNow=2000, freqNow=62, opState=heating, status=set_flow_target
2026-02-19T07:35:02.042159+01:00, outdoor_avg_60m=-3.36, flow_avg_10m=49.5, flowNow=49.5, powerNow=2000, freqNow=62, opState=heating, status=set_flow_target
2026-02-19T07:40:01.584973+01:00, outdoor_avg_60m=-3.42, flow_avg_10m=49.5, flowNow=37.5, powerNow=0, freqNow=42, opState=heating, status=set_flow_target
2026-02-19T07:40:01.596633+01:00, outdoor_avg_60m=-3.42, flow_avg_10m=49.5, flowNow=37.5, powerNow=0, freqNow=42, opState=heating, status=set_flow_target
2026-02-19T07:45:01.622688+01:00, outdoor_avg_60m=-3.5, flow_avg_10m=43.5, flowNow=45.5, powerNow=2000, freqNow=56, opState=heating, status=set_flow_target
2026-02-19T07:45:01.634837+01:00, outdoor_avg_60m=-3.5, flow_avg_10m=43.5, flowNow=45.5, powerNow=2000, freqNow=56, opState=heating, status=set_flow_target
2026-02-19T07:50:01.660922+01:00, outdoor_avg_60m=-3.58, flow_avg_10m=45.5, flowNow=48, powerNow=2000, freqNow=66, opState=heating, status=set_flow_target
2026-02-19T07:50:01.667600+01:00, outdoor_avg_60m=-3.58, flow_avg_10m=45.5, flowNow=48, powerNow=2000, freqNow=66, opState=heating, status=set_flow_target
2026-02-19T07:55:01.688144+01:00, outdoor_avg_60m=-3.73, flow_avg_10m=48.0, flowNow=48.5, powerNow=2000, freqNow=66, opState=heating, status=set_flow_target
2026-02-19T07:55:01.700158+01:00, outdoor_avg_60m=-3.73, flow_avg_10m=48.0, flowNow=48.5, powerNow=2000, freqNow=66, opState=heating, status=set_flow_target
2026-02-19T08:00:01.717668+01:00, outdoor_avg_60m=-3.75, flow_avg_10m=48.5, flowNow=49.5, powerNow=3000, freqNow=70, opState=heating, status=set_flow_target
2026-02-19T08:00:01.730251+01:00, outdoor_avg_60m=-3.75, flow_avg_10m=48.5, flowNow=49.5, powerNow=3000, freqNow=70, opState=heating, status=set_flow_target
2026-02-19T08:05:01.753675+01:00, outdoor_avg_60m=-4.0, flow_avg_10m=49.5, flowNow=50, powerNow=3000, freqNow=70, opState=heating, status=set_flow_target
2026-02-19T08:05:01.761978+01:00, outdoor_avg_60m=-4.0, flow_avg_10m=49.5, flowNow=50, powerNow=3000, freqNow=70, opState=heating, status=set_flow_target
2026-02-19T08:10:01.684678+01:00, outdoor_avg_60m=-4.18, flow_avg_10m=49.75, flowNow=49.5, powerNow=2000, freqNow=62, opState=heating, status=set_flow_target
2026-02-19T08:10:01.696470+01:00, outdoor_avg_60m=-4.18, flow_avg_10m=49.75, flowNow=49.5, powerNow=2000, freqNow=62, opState=heating, status=set_flow_target
2026-02-19T08:15:01.717180+01:00, outdoor_avg_60m=-4.27, flow_avg_10m=49.75, flowNow=49.5, powerNow=2000, freqNow=62, opState=heating, status=set_flow_target
2026-02-19T08:15:01.728899+01:00, outdoor_avg_60m=-4.27, flow_avg_10m=49.75, flowNow=49.5, powerNow=2000, freqNow=62, opState=heating, status=set_flow_target
2026-02-19T08:20:01.769572+01:00, outdoor_avg_60m=-4.36, flow_avg_10m=49.5, flowNow=49.5, powerNow=2000, freqNow=58, opState=heating, status=set_flow_target
2026-02-19T08:20:01.781868+01:00, outdoor_avg_60m=-4.36, flow_avg_10m=49.5, flowNow=49.5, powerNow=2000, freqNow=58, opState=heating, status=set_flow_target
2026-02-19T08:25:01.582739+01:00, outdoor_avg_60m=-4.42, flow_avg_10m=49.5, flowNow=49.5, powerNow=2000, freqNow=58, opState=heating, status=set_flow_target
2026-02-19T08:25:01.590073+01:00, outdoor_avg_60m=-4.42, flow_avg_10m=49.5, flowNow=49.5, powerNow=2000, freqNow=58, opState=heating, status=set_flow_target
2026-02-19T08:30:01.612101+01:00, outdoor_avg_60m=-4.5, flow_avg_10m=49.5, flowNow=49, powerNow=2000, freqNow=56, opState=heating, status=set_flow_target
2026-02-19T08:30:01.619178+01:00, outdoor_avg_60m=-4.5, flow_avg_10m=49.5, flowNow=49, powerNow=2000, freqNow=56, opState=heating, status=set_flow_target
2026-02-19T08:35:01.653205+01:00, outdoor_avg_60m=-4.58, flow_avg_10m=49.0, flowNow=49, powerNow=2000, freqNow=56, opState=heating, status=set_flow_target
2026-02-19T08:35:01.660369+01:00, outdoor_avg_60m=-4.58, flow_avg_10m=49.0, flowNow=49, powerNow=2000, freqNow=56, opState=heating, status=set_flow_target
2026-02-19T08:40:01.676994+01:00, outdoor_avg_60m=-4.73, flow_avg_10m=49.0, flowNow=48, powerNow=2000, freqNow=50, opState=heating, status=set_flow_target
2026-02-19T08:40:01.684728+01:00, outdoor_avg_60m=-4.73, flow_avg_10m=49.0, flowNow=48, powerNow=2000, freqNow=50, opState=heating, status=set_flow_target
2026-02-19T08:45:01.704642+01:00, outdoor_avg_60m=-4.82, flow_avg_10m=48.0, flowNow=48, powerNow=2000, freqNow=50, opState=heating, status=set_flow_target
2026-02-19T08:45:01.712158+01:00, outdoor_avg_60m=-4.82, flow_avg_10m=48.0, flowNow=48, powerNow=2000, freqNow=50, opState=heating, status=set_flow_target
2026-02-19T08:50:01.737266+01:00, outdoor_avg_60m=-4.91, flow_avg_10m=48.0, flowNow=48, powerNow=2000, freqNow=50, opState=heating, status=set_flow_target
2026-02-19T08:50:01.749412+01:00, outdoor_avg_60m=-4.91, flow_avg_10m=48.0, flowNow=48, powerNow=2000, freqNow=50, opState=heating, status=set_flow_target
2026-02-19T08:55:01.575225+01:00, outdoor_avg_60m=-4.92, flow_avg_10m=48.0, flowNow=48, powerNow=2000, freqNow=50, opState=heating, status=set_flow_target
2026-02-19T08:55:01.582533+01:00, outdoor_avg_60m=-4.92, flow_avg_10m=48.0, flowNow=48, powerNow=2000, freqNow=50, opState=heating, status=set_flow_target
2026-02-19T09:00:00.587159+01:00, outdoor_avg_60m=-5.0, flow_avg_10m=48.0, flowNow=47.5, powerNow=2000, freqNow=50, opState=heating, status=no_change
2026-02-19T09:00:00.594576+01:00, outdoor_avg_60m=-5.0, flow_avg_10m=48.0, flowNow=47.5, powerNow=2000, freqNow=50, opState=heating, status=no_change
2026-02-19T09:05:00.605239+01:00, outdoor_avg_60m=-4.92, flow_avg_10m=47.75, flowNow=47.5, powerNow=2000, freqNow=50, opState=heating, status=no_change
2026-02-19T09:05:00.622801+01:00, outdoor_avg_60m=-4.92, flow_avg_10m=47.75, flowNow=47.5, powerNow=2000, freqNow=50, opState=heating, status=no_change
2026-02-19T09:10:01.671216+01:00, outdoor_avg_60m=-4.83, flow_avg_10m=47.5, flowNow=47.5, powerNow=2000, freqNow=50, opState=heating, status=set_flow_target
2026-02-19T09:10:01.677614+01:00, outdoor_avg_60m=-4.83, flow_avg_10m=47.5, flowNow=47.5, powerNow=2000, freqNow=50, opState=heating, status=set_flow_target
2026-02-19T09:15:01.697638+01:00, outdoor_avg_60m=-4.75, flow_avg_10m=47.5, flowNow=47.5, powerNow=2000, freqNow=50, opState=heating, status=set_flow_target
2026-02-19T09:15:01.709198+01:00, outdoor_avg_60m=-4.75, flow_avg_10m=47.5, flowNow=47.5, powerNow=2000, freqNow=50, opState=heating, status=set_flow_target
2026-02-19T09:20:01.726120+01:00, outdoor_avg_60m=-4.67, flow_avg_10m=47.5, flowNow=47.5, powerNow=2000, freqNow=52, opState=heating, status=set_flow_target
2026-02-19T09:20:01.734606+01:00, outdoor_avg_60m=-4.67, flow_avg_10m=47.5, flowNow=47.5, powerNow=2000, freqNow=52, opState=heating, status=set_flow_target
2026-02-19T09:25:01.761555+01:00, outdoor_avg_60m=-4.55, flow_avg_10m=47.5, flowNow=47.5, powerNow=2000, freqNow=52, opState=heating, status=set_flow_target
2026-02-19T09:25:01.774980+01:00, outdoor_avg_60m=-4.55, flow_avg_10m=47.5, flowNow=47.5, powerNow=2000, freqNow=52, opState=heating, status=set_flow_target
2026-02-19T09:30:01.596666+01:00, outdoor_avg_60m=-4.5, flow_avg_10m=47.5, flowNow=47.5, powerNow=2000, freqNow=52, opState=heating, status=set_flow_target
2026-02-19T09:30:01.604038+01:00, outdoor_avg_60m=-4.5, flow_avg_10m=47.5, flowNow=47.5, powerNow=2000, freqNow=52, opState=heating, status=set_flow_target
2026-02-19T09:35:01.627315+01:00, outdoor_avg_60m=-4.42, flow_avg_10m=47.5, flowNow=47.5, powerNow=2000, freqNow=52, opState=heating, status=set_flow_target
2026-02-19T09:35:01.634305+01:00, outdoor_avg_60m=-4.42, flow_avg_10m=47.5, flowNow=47.5, powerNow=2000, freqNow=52, opState=heating, status=set_flow_target
2026-02-19T09:40:01.650706+01:00, outdoor_avg_60m=-4.33, flow_avg_10m=47.5, flowNow=48, powerNow=2000, freqNow=52, opState=heating, status=set_flow_target
2026-02-19T09:40:01.663568+01:00, outdoor_avg_60m=-4.33, flow_avg_10m=47.5, flowNow=48, powerNow=2000, freqNow=52, opState=heating, status=set_flow_target
2026-02-19T09:45:01.690237+01:00, outdoor_avg_60m=-4.25, flow_avg_10m=48.0, flowNow=48, powerNow=2000, freqNow=52, opState=heating, status=set_flow_target
2026-02-19T09:45:01.697545+01:00, outdoor_avg_60m=-4.25, flow_avg_10m=48.0, flowNow=48, powerNow=2000, freqNow=52, opState=heating, status=set_flow_target
2026-02-19T09:50:01.716766+01:00, outdoor_avg_60m=-4.17, flow_avg_10m=48.0, flowNow=48, powerNow=2000, freqNow=52, opState=heating, status=set_flow_target
2026-02-19T09:50:01.729005+01:00, outdoor_avg_60m=-4.17, flow_avg_10m=48.0, flowNow=48, powerNow=2000, freqNow=52, opState=heating, status=set_flow_target
2026-02-19T09:55:01.553122+01:00, outdoor_avg_60m=-4.08, flow_avg_10m=48.0, flowNow=48, powerNow=2000, freqNow=52, opState=heating, status=set_flow_target
2026-02-19T09:55:01.560351+01:00, outdoor_avg_60m=-4.08, flow_avg_10m=48.0, flowNow=48, powerNow=2000, freqNow=52, opState=heating, status=set_flow_target
2026-02-19T10:00:01.787918+01:00, outdoor_avg_60m=-4.0, flow_avg_10m=48.0, flowNow=48, powerNow=2000, freqNow=52, opState=heating, status=set_flow_target
2026-02-19T10:00:01.800428+01:00, outdoor_avg_60m=-4.0, flow_avg_10m=48.0, flowNow=48, powerNow=2000, freqNow=52, opState=heating, status=set_flow_target
2026-02-19T10:05:01.616441+01:00, outdoor_avg_60m=-4.0, flow_avg_10m=48.0, flowNow=47.5, powerNow=2000, freqNow=52, opState=heating, status=set_flow_target
2026-02-19T10:05:01.636699+01:00, outdoor_avg_60m=-4.0, flow_avg_10m=48.0, flowNow=47.5, powerNow=2000, freqNow=52, opState=heating, status=set_flow_target
2026-02-19T10:10:01.643648+01:00, outdoor_avg_60m=-4.0, flow_avg_10m=47.75, flowNow=48, powerNow=2000, freqNow=52, opState=heating, status=set_flow_target
2026-02-19T10:10:01.656995+01:00, outdoor_avg_60m=-4.0, flow_avg_10m=47.75, flowNow=48, powerNow=2000, freqNow=52, opState=heating, status=set_flow_target
2026-02-19T10:15:01.679697+01:00, outdoor_avg_60m=-4.0, flow_avg_10m=48.0, flowNow=32, powerNow=0, freqNow=42, opState=heating, status=set_flow_target
2026-02-19T10:15:01.687543+01:00, outdoor_avg_60m=-4.0, flow_avg_10m=48.0, flowNow=32, powerNow=0, freqNow=42, opState=heating, status=set_flow_target
2026-02-19T10:20:01.707399+01:00, outdoor_avg_60m=-4.0, flow_avg_10m=32.0, flowNow=43.5, powerNow=0, freqNow=46, opState=heating, status=set_flow_target
2026-02-19T10:20:01.720362+01:00, outdoor_avg_60m=-4.0, flow_avg_10m=32.0, flowNow=43.5, powerNow=0, freqNow=46, opState=heating, status=set_flow_target
2026-02-19T10:25:01.743318+01:00, outdoor_avg_60m=-4.0, flow_avg_10m=43.5, flowNow=46, powerNow=2000, freqNow=66, opState=heating, status=set_flow_target
2026-02-19T10:25:01.756698+01:00, outdoor_avg_60m=-4.0, flow_avg_10m=43.5, flowNow=46, powerNow=2000, freqNow=66, opState=heating, status=set_flow_target
2026-02-19T10:30:01.780592+01:00, outdoor_avg_60m=-3.91, flow_avg_10m=46.0, flowNow=47, powerNow=2000, freqNow=64, opState=heating, status=set_flow_target
2026-02-19T10:30:01.788026+01:00, outdoor_avg_60m=-3.91, flow_avg_10m=46.0, flowNow=47, powerNow=2000, freqNow=64, opState=heating, status=set_flow_target
2026-02-19T10:35:01.713111+01:00, outdoor_avg_60m=-3.82, flow_avg_10m=46.5, flowNow=47.5, powerNow=2000, freqNow=64, opState=heating, status=set_flow_target
2026-02-19T10:35:01.724380+01:00, outdoor_avg_60m=-3.82, flow_avg_10m=46.5, flowNow=47.5, powerNow=2000, freqNow=64, opState=heating, status=set_flow_target
2026-02-19T10:40:01.546502+01:00, outdoor_avg_60m=-3.75, flow_avg_10m=47.25, flowNow=48, powerNow=2000, freqNow=64, opState=heating, status=set_flow_target
2026-02-19T10:40:01.553933+01:00, outdoor_avg_60m=-3.75, flow_avg_10m=47.25, flowNow=48, powerNow=2000, freqNow=64, opState=heating, status=set_flow_target
2026-02-19T10:45:01.774102+01:00, outdoor_avg_60m=-3.64, flow_avg_10m=48.0, flowNow=48.5, powerNow=2000, freqNow=64, opState=heating, status=set_flow_target
2026-02-19T10:45:01.781381+01:00, outdoor_avg_60m=-3.64, flow_avg_10m=48.0, flowNow=48.5, powerNow=2000, freqNow=64, opState=heating, status=set_flow_target
2026-02-19T10:50:01.598951+01:00, outdoor_avg_60m=-3.58, flow_avg_10m=48.5, flowNow=48, powerNow=2000, freqNow=54, opState=heating, status=set_flow_target
2026-02-19T10:50:01.606424+01:00, outdoor_avg_60m=-3.58, flow_avg_10m=48.5, flowNow=48, powerNow=2000, freqNow=54, opState=heating, status=set_flow_target
2026-02-19T10:55:01.635693+01:00, outdoor_avg_60m=-3.45, flow_avg_10m=48.25, flowNow=47.5, powerNow=2000, freqNow=54, opState=heating, status=set_flow_target
2026-02-19T10:55:01.642874+01:00, outdoor_avg_60m=-3.45, flow_avg_10m=48.25, flowNow=47.5, powerNow=2000, freqNow=54, opState=heating, status=set_flow_target
2026-02-19T11:00:01.666092+01:00, outdoor_avg_60m=-3.42, flow_avg_10m=47.5, flowNow=47.5, powerNow=2000, freqNow=52, opState=heating, status=set_flow_target
2026-02-19T11:00:01.673199+01:00, outdoor_avg_60m=-3.42, flow_avg_10m=47.5, flowNow=47.5, powerNow=2000, freqNow=52, opState=heating, status=set_flow_target
2026-02-19T11:05:01.695384+01:00, outdoor_avg_60m=-3.27, flow_avg_10m=47.5, flowNow=47.5, powerNow=2000, freqNow=52, opState=heating, status=set_flow_target
2026-02-19T11:05:01.702343+01:00, outdoor_avg_60m=-3.27, flow_avg_10m=47.5, flowNow=47.5, powerNow=2000, freqNow=52, opState=heating, status=set_flow_target
2026-02-19T11:10:01.725649+01:00, outdoor_avg_60m=-3.18, flow_avg_10m=47.5, flowNow=47.5, powerNow=2000, freqNow=52, opState=heating, status=set_flow_target
2026-02-19T11:10:01.737010+01:00, outdoor_avg_60m=-3.18, flow_avg_10m=47.5, flowNow=47.5, powerNow=2000, freqNow=52, opState=heating, status=set_flow_target
2026-02-19T11:15:01.765205+01:00, outdoor_avg_60m=-3.0, flow_avg_10m=47.5, flowNow=47.5, powerNow=2000, freqNow=52, opState=heating, status=set_flow_target
2026-02-19T11:15:01.772212+01:00, outdoor_avg_60m=-3.0, flow_avg_10m=47.5, flowNow=47.5, powerNow=2000, freqNow=52, opState=heating, status=set_flow_target
2026-02-19T11:20:01.590981+01:00, outdoor_avg_60m=-2.92, flow_avg_10m=47.5, flowNow=47.5, powerNow=2000, freqNow=52, opState=heating, status=set_flow_target
2026-02-19T11:20:01.598211+01:00, outdoor_avg_60m=-2.92, flow_avg_10m=47.5, flowNow=47.5, powerNow=2000, freqNow=52, opState=heating, status=set_flow_target
2026-02-19T11:25:01.625905+01:00, outdoor_avg_60m=-2.75, flow_avg_10m=47.5, flowNow=47.5, powerNow=2000, freqNow=52, opState=heating, status=set_flow_target
2026-02-19T11:25:01.633176+01:00, outdoor_avg_60m=-2.75, flow_avg_10m=47.5, flowNow=47.5, powerNow=2000, freqNow=52, opState=heating, status=set_flow_target
2026-02-19T11:30:01.759216+01:00, outdoor_avg_60m=-2.67, flow_avg_10m=47.5, flowNow=47.5, powerNow=2000, freqNow=52, opState=heating, status=set_flow_target
2026-02-19T11:30:01.767494+01:00, outdoor_avg_60m=-2.67, flow_avg_10m=47.5, flowNow=47.5, powerNow=2000, freqNow=52, opState=heating, status=set_flow_target
2026-02-19T11:35:01.580107+01:00, outdoor_avg_60m=-2.58, flow_avg_10m=47.5, flowNow=47.5, powerNow=2000, freqNow=52, opState=heating, status=set_flow_target
2026-02-19T11:35:01.589516+01:00, outdoor_avg_60m=-2.58, flow_avg_10m=47.5, flowNow=47.5, powerNow=2000, freqNow=52, opState=heating, status=set_flow_target
2026-02-19T11:40:01.616215+01:00, outdoor_avg_60m=-2.45, flow_avg_10m=47.5, flowNow=47.5, powerNow=2000, freqNow=52, opState=heating, status=set_flow_target
2026-02-19T11:40:01.629929+01:00, outdoor_avg_60m=-2.45, flow_avg_10m=47.5, flowNow=47.5, powerNow=2000, freqNow=52, opState=heating, status=set_flow_target
2026-02-19T11:45:01.646258+01:00, outdoor_avg_60m=-2.42, flow_avg_10m=47.5, flowNow=47.5, powerNow=2000, freqNow=52, opState=heating, status=set_flow_target
2026-02-19T11:45:01.657675+01:00, outdoor_avg_60m=-2.42, flow_avg_10m=47.5, flowNow=47.5, powerNow=2000, freqNow=52, opState=heating, status=set_flow_target
2026-02-19T11:50:01.695009+01:00, outdoor_avg_60m=-2.27, flow_avg_10m=47.5, flowNow=47.5, powerNow=2000, freqNow=50, opState=heating, status=set_flow_target
2026-02-19T11:50:01.702207+01:00, outdoor_avg_60m=-2.27, flow_avg_10m=47.5, flowNow=47.5, powerNow=2000, freqNow=50, opState=heating, status=set_flow_target
2026-02-19T11:55:01.505515+01:00, outdoor_avg_60m=-2.25, flow_avg_10m=47.5, flowNow=47.5, powerNow=2000, freqNow=50, opState=heating, status=set_flow_target
2026-02-19T11:55:01.517637+01:00, outdoor_avg_60m=-2.25, flow_avg_10m=47.5, flowNow=47.5, powerNow=2000, freqNow=50, opState=heating, status=set_flow_target
2026-02-19T12:00:01.743636+01:00, outdoor_avg_60m=-2.09, flow_avg_10m=47.5, flowNow=47.5, powerNow=2000, freqNow=50, opState=heating, status=set_flow_target
2026-02-19T12:00:01.754601+01:00, outdoor_avg_60m=-2.09, flow_avg_10m=47.5, flowNow=47.5, powerNow=2000, freqNow=50, opState=heating, status=set_flow_target
2026-02-19T12:05:01.339433+01:00, outdoor_avg_60m=-2.08, flow_avg_10m=47.5, flowNow=47.5, powerNow=2000, freqNow=50, opState=heating, status=set_flow_target
2026-02-19T12:05:01.346993+01:00, outdoor_avg_60m=-2.08, flow_avg_10m=47.5, flowNow=47.5, powerNow=2000, freqNow=50, opState=heating, status=set_flow_target
2026-02-19T12:10:01.664364+01:00, outdoor_avg_60m=-2.0, flow_avg_10m=47.5, flowNow=47.5, powerNow=2000, freqNow=50, opState=heating, status=set_flow_target
2026-02-19T12:10:01.676408+01:00, outdoor_avg_60m=-2.0, flow_avg_10m=47.5, flowNow=47.5, powerNow=2000, freqNow=50, opState=heating, status=set_flow_target
2026-02-19T12:15:01.457168+01:00, outdoor_avg_60m=-2.0, flow_avg_10m=47.5, flowNow=47.5, powerNow=2000, freqNow=50, opState=heating, status=set_flow_target
2026-02-19T12:15:01.465506+01:00, outdoor_avg_60m=-2.0, flow_avg_10m=47.5, flowNow=47.5, powerNow=2000, freqNow=50, opState=heating, status=set_flow_target
2026-02-19T12:20:01.672580+01:00, outdoor_avg_60m=-2.0, flow_avg_10m=47.5, flowNow=47.5, powerNow=2000, freqNow=50, opState=heating, status=set_flow_target
2026-02-19T12:20:01.679721+01:00, outdoor_avg_60m=-2.0, flow_avg_10m=47.5, flowNow=47.5, powerNow=2000, freqNow=50, opState=heating, status=set_flow_target
2026-02-19T12:25:01.360747+01:00, outdoor_avg_60m=-2.0, flow_avg_10m=47.5, flowNow=47.5, powerNow=2000, freqNow=50, opState=heating, status=set_flow_target
2026-02-19T12:25:01.368042+01:00, outdoor_avg_60m=-2.0, flow_avg_10m=47.5, flowNow=47.5, powerNow=2000, freqNow=50, opState=heating, status=set_flow_target
2026-02-19T12:30:01.731078+01:00, outdoor_avg_60m=-2.0, flow_avg_10m=47.5, flowNow=47, powerNow=2000, freqNow=48, opState=heating, status=set_flow_target
2026-02-19T12:30:01.743623+01:00, outdoor_avg_60m=-2.0, flow_avg_10m=47.5, flowNow=47, powerNow=2000, freqNow=48, opState=heating, status=set_flow_target
2026-02-19T12:35:01.558837+01:00, outdoor_avg_60m=-2.0, flow_avg_10m=47.0, flowNow=47, powerNow=2000, freqNow=48, opState=heating, status=set_flow_target
2026-02-19T12:35:01.573412+01:00, outdoor_avg_60m=-2.0, flow_avg_10m=47.0, flowNow=47, powerNow=2000, freqNow=48, opState=heating, status=set_flow_target
2026-02-19T12:40:01.799505+01:00, outdoor_avg_60m=-2.0, flow_avg_10m=47.0, flowNow=47, powerNow=2000, freqNow=48, opState=heating, status=set_flow_target
2026-02-19T12:40:01.812454+01:00, outdoor_avg_60m=-2.0, flow_avg_10m=47.0, flowNow=47, powerNow=2000, freqNow=48, opState=heating, status=set_flow_target
2026-02-19T12:45:01.389984+01:00, outdoor_avg_60m=-2.0, flow_avg_10m=47.0, flowNow=47, powerNow=2000, freqNow=48, opState=heating, status=set_flow_target
2026-02-19T12:45:01.396676+01:00, outdoor_avg_60m=-2.0, flow_avg_10m=47.0, flowNow=47, powerNow=2000, freqNow=48, opState=heating, status=set_flow_target
2026-02-19T12:50:01.656645+01:00, outdoor_avg_60m=-2.0, flow_avg_10m=47.0, flowNow=47, powerNow=2000, freqNow=48, opState=heating, status=set_flow_target
2026-02-19T12:50:01.667337+01:00, outdoor_avg_60m=-2.0, flow_avg_10m=47.0, flowNow=47, powerNow=2000, freqNow=48, opState=heating, status=set_flow_target
2026-02-19T12:55:01.691280+01:00, outdoor_avg_60m=-2.0, flow_avg_10m=47.0, flowNow=47, powerNow=2000, freqNow=48, opState=heating, status=set_flow_target
2026-02-19T12:55:01.702684+01:00, outdoor_avg_60m=-2.0, flow_avg_10m=47.0, flowNow=47, powerNow=2000, freqNow=48, opState=heating, status=set_flow_target
2026-02-19T13:00:01.924356+01:00, outdoor_avg_60m=-2.0, flow_avg_10m=47.0, flowNow=47, powerNow=2000, freqNow=48, opState=heating, status=set_flow_target
2026-02-19T13:00:01.935299+01:00, outdoor_avg_60m=-2.0, flow_avg_10m=47.0, flowNow=47, powerNow=2000, freqNow=48, opState=heating, status=set_flow_target
2026-02-19T13:05:00.728766+01:00, outdoor_avg_60m=-1.92, flow_avg_10m=47.0, flowNow=47, powerNow=2000, freqNow=48, opState=heating, status=no_change
2026-02-19T13:05:00.739630+01:00, outdoor_avg_60m=-1.92, flow_avg_10m=47.0, flowNow=47, powerNow=2000, freqNow=48, opState=heating, status=no_change
2026-02-19T13:10:00.973453+01:00, outdoor_avg_60m=-1.83, flow_avg_10m=47.0, flowNow=47, powerNow=2000, freqNow=48, opState=heating, status=no_change
2026-02-19T13:10:00.979881+01:00, outdoor_avg_60m=-1.83, flow_avg_10m=47.0, flowNow=47, powerNow=2000, freqNow=48, opState=heating, status=no_change
2026-02-19T13:15:00.592223+01:00, outdoor_avg_60m=-1.75, flow_avg_10m=47.0, flowNow=47, powerNow=2000, freqNow=48, opState=heating, status=no_change
2026-02-19T13:15:00.609979+01:00, outdoor_avg_60m=-1.75, flow_avg_10m=47.0, flowNow=47, powerNow=2000, freqNow=48, opState=heating, status=no_change
2026-02-19T13:20:00.623704+01:00, outdoor_avg_60m=-1.67, flow_avg_10m=47.0, flowNow=47.5, powerNow=2000, freqNow=48, opState=heating, status=no_change
2026-02-19T13:20:00.630154+01:00, outdoor_avg_60m=-1.67, flow_avg_10m=47.0, flowNow=47.5, powerNow=2000, freqNow=48, opState=heating, status=no_change
2026-02-19T13:25:00.656637+01:00, outdoor_avg_60m=-1.58, flow_avg_10m=47.5, flowNow=47, powerNow=2000, freqNow=46, opState=heating, status=no_change
2026-02-19T13:25:00.668712+01:00, outdoor_avg_60m=-1.58, flow_avg_10m=47.5, flowNow=47, powerNow=2000, freqNow=46, opState=heating, status=no_change
2026-02-19T13:30:00.684829+01:00, outdoor_avg_60m=-1.5, flow_avg_10m=47.0, flowNow=47, powerNow=2000, freqNow=46, opState=heating, status=no_change
2026-02-19T13:30:00.696105+01:00, outdoor_avg_60m=-1.5, flow_avg_10m=47.0, flowNow=47, powerNow=2000, freqNow=46, opState=heating, status=no_change
2026-02-19T13:35:00.513473+01:00, outdoor_avg_60m=-1.42, flow_avg_10m=47.0, flowNow=47, powerNow=2000, freqNow=46, opState=heating, status=no_change
2026-02-19T13:35:00.535962+01:00, outdoor_avg_60m=-1.42, flow_avg_10m=47.0, flowNow=47, powerNow=2000, freqNow=46, opState=heating, status=no_change
2026-02-19T13:40:00.753806+01:00, outdoor_avg_60m=-1.33, flow_avg_10m=47.0, flowNow=47, powerNow=2000, freqNow=46, opState=heating, status=no_change
2026-02-19T13:40:00.765540+01:00, outdoor_avg_60m=-1.33, flow_avg_10m=47.0, flowNow=47, powerNow=2000, freqNow=46, opState=heating, status=no_change
2026-02-19T13:45:00.584762+01:00, outdoor_avg_60m=-1.25, flow_avg_10m=47.0, flowNow=47, powerNow=2000, freqNow=46, opState=heating, status=no_change
2026-02-19T13:45:00.592064+01:00, outdoor_avg_60m=-1.25, flow_avg_10m=47.0, flowNow=47, powerNow=2000, freqNow=46, opState=heating, status=no_change
2026-02-19T13:50:00.617504+01:00, outdoor_avg_60m=-1.17, flow_avg_10m=47.0, flowNow=47, powerNow=2000, freqNow=46, opState=heating, status=no_change
2026-02-19T13:50:00.629168+01:00, outdoor_avg_60m=-1.17, flow_avg_10m=47.0, flowNow=47, powerNow=2000, freqNow=46, opState=heating, status=no_change
2026-02-19T13:55:00.657285+01:00, outdoor_avg_60m=-1.08, flow_avg_10m=47.0, flowNow=47, powerNow=2000, freqNow=46, opState=heating, status=no_change
2026-02-19T13:55:00.664143+01:00, outdoor_avg_60m=-1.08, flow_avg_10m=47.0, flowNow=47, powerNow=2000, freqNow=46, opState=heating, status=no_change
2026-02-19T14:00:00.680889+01:00, outdoor_avg_60m=-1.0, flow_avg_10m=47.0, flowNow=47, powerNow=2000, freqNow=46, opState=heating, status=no_change
2026-02-19T14:00:00.691832+01:00, outdoor_avg_60m=-1.0, flow_avg_10m=47.0, flowNow=47, powerNow=2000, freqNow=46, opState=heating, status=no_change
2026-02-19T14:05:00.313282+01:00, outdoor_avg_60m=-1.0, flow_avg_10m=47.0, flowNow=47, powerNow=2000, freqNow=46, opState=heating, status=no_change
2026-02-19T14:05:00.321353+01:00, outdoor_avg_60m=-1.0, flow_avg_10m=47.0, flowNow=47, powerNow=2000, freqNow=46, opState=heating, status=no_change
2026-02-19T15:00:01.891253+01:00, outdoor_avg_60m=-0.5, flow_avg_10m=57.0, flowNow=38, powerNow=1000, freqNow=52, opState=heating, status=set_flow_target
2026-02-19T15:00:01.902692+01:00, outdoor_avg_60m=-0.5, flow_avg_10m=57.0, flowNow=38, powerNow=1000, freqNow=52, opState=heating, status=set_flow_target
2026-02-19T15:05:01.718137+01:00, outdoor_avg_60m=0.0, flow_avg_10m=38.0, flowNow=43.5, powerNow=3000, freqNow=72, opState=heating, status=set_flow_target
2026-02-19T15:05:01.729541+01:00, outdoor_avg_60m=0.0, flow_avg_10m=38.0, flowNow=43.5, powerNow=3000, freqNow=72, opState=heating, status=set_flow_target
2026-02-19T15:10:01.762491+01:00, outdoor_avg_60m=0.0, flow_avg_10m=40.75, flowNow=45, powerNow=3000, freqNow=72, opState=heating, status=set_flow_target
2026-02-19T15:10:01.769139+01:00, outdoor_avg_60m=0.0, flow_avg_10m=40.75, flowNow=45, powerNow=3000, freqNow=72, opState=heating, status=set_flow_target
2026-02-19T15:15:01.789555+01:00, outdoor_avg_60m=0.0, flow_avg_10m=45.0, flowNow=47, powerNow=3000, freqNow=72, opState=heating, status=set_flow_target
2026-02-19T15:15:01.796766+01:00, outdoor_avg_60m=0.0, flow_avg_10m=45.0, flowNow=47, powerNow=3000, freqNow=72, opState=heating, status=set_flow_target
2026-02-19T15:20:01.611968+01:00, outdoor_avg_60m=0.0, flow_avg_10m=46.0, flowNow=48, powerNow=3000, freqNow=68, opState=heating, status=set_flow_target
2026-02-19T15:20:01.630000+01:00, outdoor_avg_60m=0.0, flow_avg_10m=46.0, flowNow=48, powerNow=3000, freqNow=68, opState=heating, status=set_flow_target
2026-02-19T15:25:01.641963+01:00, outdoor_avg_60m=0.0, flow_avg_10m=47.5, flowNow=47.5, powerNow=2000, freqNow=66, opState=heating, status=set_flow_target
2026-02-19T15:25:01.655862+01:00, outdoor_avg_60m=0.0, flow_avg_10m=47.5, flowNow=47.5, powerNow=2000, freqNow=66, opState=heating, status=set_flow_target
2026-02-19T15:30:01.488492+01:00, outdoor_avg_60m=0.0, flow_avg_10m=47.75, flowNow=35, powerNow=0, freqNow=46, opState=heating, status=set_flow_target
2026-02-19T15:30:01.495007+01:00, outdoor_avg_60m=0.0, flow_avg_10m=47.75, flowNow=35, powerNow=0, freqNow=46, opState=heating, status=set_flow_target
2026-02-19T15:35:01.706558+01:00, outdoor_avg_60m=0.0, flow_avg_10m=35.0, flowNow=44.5, powerNow=2000, freqNow=56, opState=heating, status=set_flow_target
2026-02-19T15:35:01.717971+01:00, outdoor_avg_60m=0.0, flow_avg_10m=35.0, flowNow=44.5, powerNow=2000, freqNow=56, opState=heating, status=set_flow_target
2026-02-19T15:40:01.365535+01:00, outdoor_avg_60m=0.0, flow_avg_10m=39.75, flowNow=46.5, powerNow=2000, freqNow=58, opState=heating, status=set_flow_target
2026-02-19T15:40:01.373132+01:00, outdoor_avg_60m=0.0, flow_avg_10m=39.75, flowNow=46.5, powerNow=2000, freqNow=58, opState=heating, status=set_flow_target
2026-02-19T15:45:01.454785+01:00, outdoor_avg_60m=0.0, flow_avg_10m=45.5, flowNow=47, powerNow=2000, freqNow=58, opState=heating, status=set_flow_target
2026-02-19T15:45:01.465856+01:00, outdoor_avg_60m=0.0, flow_avg_10m=45.5, flowNow=47, powerNow=2000, freqNow=58, opState=heating, status=set_flow_target
2026-02-19T15:50:01.404001+01:00, outdoor_avg_60m=0.0, flow_avg_10m=47.0, flowNow=47.5, powerNow=2000, freqNow=58, opState=heating, status=set_flow_target
2026-02-19T15:50:01.411531+01:00, outdoor_avg_60m=0.0, flow_avg_10m=47.0, flowNow=47.5, powerNow=2000, freqNow=58, opState=heating, status=set_flow_target
2026-02-19T15:55:01.540469+01:00, outdoor_avg_60m=0.0, flow_avg_10m=47.5, flowNow=48, powerNow=2000, freqNow=58, opState=heating, status=set_flow_target
2026-02-19T15:55:01.547766+01:00, outdoor_avg_60m=0.0, flow_avg_10m=47.5, flowNow=48, powerNow=2000, freqNow=58, opState=heating, status=set_flow_target
2026-02-19T16:00:01.484318+01:00, outdoor_avg_60m=0.0, flow_avg_10m=48.0, flowNow=47, powerNow=2000, freqNow=50, opState=heating, status=set_flow_target
2026-02-19T16:00:01.496452+01:00, outdoor_avg_60m=0.0, flow_avg_10m=48.0, flowNow=47, powerNow=2000, freqNow=50, opState=heating, status=set_flow_target
2026-02-19T16:05:01.694436+01:00, outdoor_avg_60m=0.0, flow_avg_10m=47.0, flowNow=47.5, powerNow=2000, freqNow=52, opState=heating, status=set_flow_target
2026-02-19T16:05:01.706850+01:00, outdoor_avg_60m=0.0, flow_avg_10m=47.0, flowNow=47.5, powerNow=2000, freqNow=52, opState=heating, status=set_flow_target
2026-02-19T16:10:01.528647+01:00, outdoor_avg_60m=0.0, flow_avg_10m=47.5, flowNow=47.5, powerNow=2000, freqNow=52, opState=heating, status=set_flow_target
2026-02-19T16:10:01.535736+01:00, outdoor_avg_60m=0.0, flow_avg_10m=47.5, flowNow=47.5, powerNow=2000, freqNow=52, opState=heating, status=set_flow_target
2026-02-19T16:15:00.540547+01:00, outdoor_avg_60m=0.0, flow_avg_10m=47.5, flowNow=47.5, powerNow=2000, freqNow=50, opState=heating, status=no_change
2026-02-19T16:15:00.558260+01:00, outdoor_avg_60m=0.0, flow_avg_10m=47.5, flowNow=47.5, powerNow=2000, freqNow=50, opState=heating, status=no_change
2026-02-19T16:20:00.386582+01:00, outdoor_avg_60m=-0.08, flow_avg_10m=47.5, flowNow=47.5, powerNow=2000, freqNow=50, opState=heating, status=no_change
2026-02-19T16:20:00.392868+01:00, outdoor_avg_60m=-0.08, flow_avg_10m=47.5, flowNow=47.5, powerNow=2000, freqNow=50, opState=heating, status=no_change
2026-02-19T16:25:00.322082+01:00, outdoor_avg_60m=-0.17, flow_avg_10m=47.5, flowNow=47.5, powerNow=2000, freqNow=50, opState=heating, status=no_change
2026-02-19T16:25:00.336247+01:00, outdoor_avg_60m=-0.17, flow_avg_10m=47.5, flowNow=47.5, powerNow=2000, freqNow=50, opState=heating, status=no_change
2026-02-19T16:30:00.437390+01:00, outdoor_avg_60m=-0.25, flow_avg_10m=47.5, flowNow=47.5, powerNow=2000, freqNow=50, opState=heating, status=no_change
2026-02-19T16:30:00.444709+01:00, outdoor_avg_60m=-0.25, flow_avg_10m=47.5, flowNow=47.5, powerNow=2000, freqNow=50, opState=heating, status=no_change
2026-02-19T16:35:00.374094+01:00, outdoor_avg_60m=-0.33, flow_avg_10m=47.5, flowNow=47.5, powerNow=2000, freqNow=48, opState=heating, status=no_change
2026-02-19T16:35:00.385035+01:00, outdoor_avg_60m=-0.33, flow_avg_10m=47.5, flowNow=47.5, powerNow=2000, freqNow=48, opState=heating, status=no_change
2026-02-19T16:40:00.401830+01:00, outdoor_avg_60m=-0.42, flow_avg_10m=47.5, flowNow=47.5, powerNow=2000, freqNow=48, opState=heating, status=no_change
2026-02-19T16:40:00.409141+01:00, outdoor_avg_60m=-0.42, flow_avg_10m=47.5, flowNow=47.5, powerNow=2000, freqNow=48, opState=heating, status=no_change
2026-02-19T16:45:00.532583+01:00, outdoor_avg_60m=-0.5, flow_avg_10m=47.5, flowNow=47.5, powerNow=2000, freqNow=48, opState=heating, status=no_change
2026-02-19T16:45:00.545925+01:00, outdoor_avg_60m=-0.5, flow_avg_10m=47.5, flowNow=47.5, powerNow=2000, freqNow=48, opState=heating, status=no_change
2026-02-19T16:50:00.559949+01:00, outdoor_avg_60m=-0.58, flow_avg_10m=47.5, flowNow=47.5, powerNow=2000, freqNow=48, opState=heating, status=no_change
2026-02-19T16:50:00.571870+01:00, outdoor_avg_60m=-0.58, flow_avg_10m=47.5, flowNow=47.5, powerNow=2000, freqNow=48, opState=heating, status=no_change
2026-02-19T16:55:01.373912+01:00, outdoor_avg_60m=-0.67, flow_avg_10m=47.5, flowNow=47.5, powerNow=2000, freqNow=48, opState=heating, status=set_flow_target
2026-02-19T16:55:01.381562+01:00, outdoor_avg_60m=-0.67, flow_avg_10m=47.5, flowNow=47.5, powerNow=2000, freqNow=48, opState=heating, status=set_flow_target
2026-02-19T17:00:01.510545+01:00, outdoor_avg_60m=-0.82, flow_avg_10m=47.5, flowNow=47.5, powerNow=2000, freqNow=48, opState=heating, status=set_flow_target
2026-02-19T17:00:01.523000+01:00, outdoor_avg_60m=-0.82, flow_avg_10m=47.5, flowNow=47.5, powerNow=2000, freqNow=48, opState=heating, status=set_flow_target
2026-02-19T17:05:01.329413+01:00, outdoor_avg_60m=-0.83, flow_avg_10m=47.5, flowNow=47.5, powerNow=2000, freqNow=48, opState=heating, status=set_flow_target
2026-02-19T17:05:01.336456+01:00, outdoor_avg_60m=-0.83, flow_avg_10m=47.5, flowNow=47.5, powerNow=2000, freqNow=48, opState=heating, status=set_flow_target
2026-02-19T17:10:01.714807+01:00, outdoor_avg_60m=-1.0, flow_avg_10m=47.5, flowNow=47, powerNow=2000, freqNow=48, opState=heating, status=set_flow_target
2026-02-19T17:10:01.723051+01:00, outdoor_avg_60m=-1.0, flow_avg_10m=47.5, flowNow=47, powerNow=2000, freqNow=48, opState=heating, status=set_flow_target
2026-02-19T17:15:01.751686+01:00, outdoor_avg_60m=-1.0, flow_avg_10m=47.0, flowNow=47, powerNow=2000, freqNow=48, opState=heating, status=set_flow_target
2026-02-19T17:15:01.758955+01:00, outdoor_avg_60m=-1.0, flow_avg_10m=47.0, flowNow=47, powerNow=2000, freqNow=48, opState=heating, status=set_flow_target
2026-02-19T17:20:01.785889+01:00, outdoor_avg_60m=-1.0, flow_avg_10m=47.0, flowNow=47, powerNow=2000, freqNow=48, opState=heating, status=set_flow_target
2026-02-19T17:20:01.795890+01:00, outdoor_avg_60m=-1.0, flow_avg_10m=47.0, flowNow=47, powerNow=2000, freqNow=48, opState=heating, status=set_flow_target
2026-02-19T17:25:01.805058+01:00, outdoor_avg_60m=-1.0, flow_avg_10m=47.0, flowNow=47.5, powerNow=2000, freqNow=52, opState=heating, status=set_flow_target
2026-02-19T17:25:01.816103+01:00, outdoor_avg_60m=-1.0, flow_avg_10m=47.0, flowNow=47.5, powerNow=2000, freqNow=52, opState=heating, status=set_flow_target
2026-02-19T17:30:01.654882+01:00, outdoor_avg_60m=-1.09, flow_avg_10m=47.25, flowNow=47.5, powerNow=2000, freqNow=52, opState=heating, status=set_flow_target
2026-02-19T17:30:01.662467+01:00, outdoor_avg_60m=-1.09, flow_avg_10m=47.25, flowNow=47.5, powerNow=2000, freqNow=52, opState=heating, status=set_flow_target
2026-02-19T17:35:01.371694+01:00, outdoor_avg_60m=-1.18, flow_avg_10m=47.5, flowNow=47.5, powerNow=2000, freqNow=52, opState=heating, status=set_flow_target
2026-02-19T17:35:01.383048+01:00, outdoor_avg_60m=-1.18, flow_avg_10m=47.5, flowNow=47.5, powerNow=2000, freqNow=52, opState=heating, status=set_flow_target
2026-02-19T17:40:01.699838+01:00, outdoor_avg_60m=-1.27, flow_avg_10m=47.5, flowNow=47.5, powerNow=2000, freqNow=52, opState=heating, status=set_flow_target
2026-02-19T17:40:01.706892+01:00, outdoor_avg_60m=-1.27, flow_avg_10m=47.5, flowNow=47.5, powerNow=2000, freqNow=52, opState=heating, status=set_flow_target
2026-02-19T17:45:01.734134+01:00, outdoor_avg_60m=-1.36, flow_avg_10m=47.5, flowNow=47.5, powerNow=2000, freqNow=52, opState=heating, status=set_flow_target
2026-02-19T17:45:01.747955+01:00, outdoor_avg_60m=-1.36, flow_avg_10m=47.5, flowNow=47.5, powerNow=2000, freqNow=52, opState=heating, status=set_flow_target
2026-02-19T17:50:01.567915+01:00, outdoor_avg_60m=-1.45, flow_avg_10m=47.5, flowNow=47.5, powerNow=2000, freqNow=52, opState=heating, status=set_flow_target
2026-02-19T17:50:01.575856+01:00, outdoor_avg_60m=-1.45, flow_avg_10m=47.5, flowNow=47.5, powerNow=2000, freqNow=52, opState=heating, status=set_flow_target
2026-02-19T17:55:01.604414+01:00, outdoor_avg_60m=-1.55, flow_avg_10m=47.5, flowNow=47.5, powerNow=2000, freqNow=52, opState=heating, status=set_flow_target
2026-02-19T17:55:01.611217+01:00, outdoor_avg_60m=-1.55, flow_avg_10m=47.5, flowNow=47.5, powerNow=2000, freqNow=52, opState=heating, status=set_flow_target
2026-02-19T18:00:01.420174+01:00, outdoor_avg_60m=-1.58, flow_avg_10m=47.5, flowNow=48, powerNow=2000, freqNow=54, opState=heating, status=set_flow_target
2026-02-19T18:00:01.427392+01:00, outdoor_avg_60m=-1.58, flow_avg_10m=47.5, flowNow=48, powerNow=2000, freqNow=54, opState=heating, status=set_flow_target
2026-02-19T18:05:01.509912+01:00, outdoor_avg_60m=-1.82, flow_avg_10m=47.75, flowNow=48, powerNow=2000, freqNow=54, opState=heating, status=set_flow_target
2026-02-19T18:05:01.521537+01:00, outdoor_avg_60m=-1.82, flow_avg_10m=47.75, flowNow=48, powerNow=2000, freqNow=54, opState=heating, status=set_flow_target
2026-02-19T18:10:01.597132+01:00, outdoor_avg_60m=-1.92, flow_avg_10m=48.0, flowNow=48, powerNow=2000, freqNow=54, opState=heating, status=set_flow_target
2026-02-19T18:10:01.604443+01:00, outdoor_avg_60m=-1.92, flow_avg_10m=48.0, flowNow=48, powerNow=2000, freqNow=54, opState=heating, status=set_flow_target
2026-02-19T18:15:01.524089+01:00, outdoor_avg_60m=-2.08, flow_avg_10m=48.0, flowNow=48, powerNow=2000, freqNow=54, opState=heating, status=set_flow_target
2026-02-19T18:15:01.534529+01:00, outdoor_avg_60m=-2.08, flow_avg_10m=48.0, flowNow=48, powerNow=2000, freqNow=54, opState=heating, status=set_flow_target
2026-02-19T18:20:01.554023+01:00, outdoor_avg_60m=-2.25, flow_avg_10m=48.0, flowNow=48, powerNow=2000, freqNow=54, opState=heating, status=set_flow_target
2026-02-19T18:20:01.565852+01:00, outdoor_avg_60m=-2.25, flow_avg_10m=48.0, flowNow=48, powerNow=2000, freqNow=54, opState=heating, status=set_flow_target
2026-02-19T18:25:01.590354+01:00, outdoor_avg_60m=-2.42, flow_avg_10m=48.0, flowNow=48, powerNow=2000, freqNow=54, opState=heating, status=set_flow_target
2026-02-19T18:25:01.597825+01:00, outdoor_avg_60m=-2.42, flow_avg_10m=48.0, flowNow=48, powerNow=2000, freqNow=54, opState=heating, status=set_flow_target
2026-02-19T18:30:01.621733+01:00, outdoor_avg_60m=-2.5, flow_avg_10m=48.0, flowNow=48, powerNow=2000, freqNow=54, opState=heating, status=set_flow_target
2026-02-19T18:30:01.629923+01:00, outdoor_avg_60m=-2.5, flow_avg_10m=48.0, flowNow=48, powerNow=2000, freqNow=54, opState=heating, status=set_flow_target
2026-02-19T18:35:01.649732+01:00, outdoor_avg_60m=-2.64, flow_avg_10m=48.0, flowNow=48.5, powerNow=2000, freqNow=56, opState=heating, status=set_flow_target
2026-02-19T18:35:01.675477+01:00, outdoor_avg_60m=-2.64, flow_avg_10m=48.0, flowNow=48.5, powerNow=2000, freqNow=56, opState=heating, status=set_flow_target
2026-02-19T18:40:01.366968+01:00, outdoor_avg_60m=-2.67, flow_avg_10m=48.25, flowNow=48.5, powerNow=2000, freqNow=56, opState=heating, status=set_flow_target
2026-02-19T18:40:01.374249+01:00, outdoor_avg_60m=-2.67, flow_avg_10m=48.25, flowNow=48.5, powerNow=2000, freqNow=56, opState=heating, status=set_flow_target
2026-02-19T18:45:01.378333+01:00, outdoor_avg_60m=-2.75, flow_avg_10m=48.5, flowNow=48.5, powerNow=2000, freqNow=56, opState=heating, status=set_flow_target
2026-02-19T18:45:01.390918+01:00, outdoor_avg_60m=-2.75, flow_avg_10m=48.5, flowNow=48.5, powerNow=2000, freqNow=56, opState=heating, status=set_flow_target
2026-02-19T18:50:01.452080+01:00, outdoor_avg_60m=-2.83, flow_avg_10m=48.5, flowNow=48.5, powerNow=2000, freqNow=58, opState=heating, status=set_flow_target
2026-02-19T18:50:01.459526+01:00, outdoor_avg_60m=-2.83, flow_avg_10m=48.5, flowNow=48.5, powerNow=2000, freqNow=58, opState=heating, status=set_flow_target
2026-02-19T18:55:01.577238+01:00, outdoor_avg_60m=-3.0, flow_avg_10m=48.5, flowNow=48.5, powerNow=2000, freqNow=58, opState=heating, status=set_flow_target
2026-02-19T18:55:01.589730+01:00, outdoor_avg_60m=-3.0, flow_avg_10m=48.5, flowNow=48.5, powerNow=2000, freqNow=58, opState=heating, status=set_flow_target
2026-02-19T19:00:01.616357+01:00, outdoor_avg_60m=-3.18, flow_avg_10m=48.5, flowNow=48.5, powerNow=2000, freqNow=58, opState=heating, status=set_flow_target
2026-02-19T19:00:01.624221+01:00, outdoor_avg_60m=-3.18, flow_avg_10m=48.5, flowNow=48.5, powerNow=2000, freqNow=58, opState=heating, status=set_flow_target
2026-02-19T19:05:01.439949+01:00, outdoor_avg_60m=-3.25, flow_avg_10m=48.5, flowNow=49, powerNow=2000, freqNow=58, opState=heating, status=set_flow_target
2026-02-19T19:05:01.452050+01:00, outdoor_avg_60m=-3.25, flow_avg_10m=48.5, flowNow=49, powerNow=2000, freqNow=58, opState=heating, status=set_flow_target
2026-02-19T19:10:01.346494+01:00, outdoor_avg_60m=-3.33, flow_avg_10m=48.75, flowNow=49, powerNow=2000, freqNow=58, opState=heating, status=set_flow_target
2026-02-19T19:10:01.358458+01:00, outdoor_avg_60m=-3.33, flow_avg_10m=48.75, flowNow=49, powerNow=2000, freqNow=58, opState=heating, status=set_flow_target
2026-02-19T19:15:01.714097+01:00, outdoor_avg_60m=-3.45, flow_avg_10m=49.0, flowNow=49, powerNow=2000, freqNow=58, opState=heating, status=set_flow_target
2026-02-19T19:15:01.724710+01:00, outdoor_avg_60m=-3.45, flow_avg_10m=49.0, flowNow=49, powerNow=2000, freqNow=58, opState=heating, status=set_flow_target
2026-02-19T19:20:01.739713+01:00, outdoor_avg_60m=-3.55, flow_avg_10m=49.0, flowNow=49, powerNow=2000, freqNow=58, opState=heating, status=set_flow_target
2026-02-19T19:20:01.751893+01:00, outdoor_avg_60m=-3.55, flow_avg_10m=49.0, flowNow=49, powerNow=2000, freqNow=58, opState=heating, status=set_flow_target
2026-02-19T19:25:01.566955+01:00, outdoor_avg_60m=-3.58, flow_avg_10m=49.0, flowNow=49, powerNow=2000, freqNow=58, opState=heating, status=set_flow_target
2026-02-19T19:25:01.579315+01:00, outdoor_avg_60m=-3.58, flow_avg_10m=49.0, flowNow=49, powerNow=2000, freqNow=58, opState=heating, status=set_flow_target
2026-02-19T19:30:01.401639+01:00, outdoor_avg_60m=-3.67, flow_avg_10m=49.0, flowNow=49, powerNow=2000, freqNow=60, opState=heating, status=set_flow_target
2026-02-19T19:30:01.413159+01:00, outdoor_avg_60m=-3.67, flow_avg_10m=49.0, flowNow=49, powerNow=2000, freqNow=60, opState=heating, status=set_flow_target
2026-02-19T19:35:01.633521+01:00, outdoor_avg_60m=-3.75, flow_avg_10m=49.0, flowNow=49, powerNow=2000, freqNow=60, opState=heating, status=set_flow_target
2026-02-19T19:35:01.640520+01:00, outdoor_avg_60m=-3.75, flow_avg_10m=49.0, flowNow=49, powerNow=2000, freqNow=60, opState=heating, status=set_flow_target
2026-02-19T19:40:01.663944+01:00, outdoor_avg_60m=-3.91, flow_avg_10m=49.0, flowNow=49, powerNow=2000, freqNow=60, opState=heating, status=set_flow_target
2026-02-19T19:40:01.671095+01:00, outdoor_avg_60m=-3.91, flow_avg_10m=49.0, flowNow=49, powerNow=2000, freqNow=60, opState=heating, status=set_flow_target
2026-02-19T19:45:01.490884+01:00, outdoor_avg_60m=-4.0, flow_avg_10m=49.0, flowNow=49, powerNow=2000, freqNow=60, opState=heating, status=set_flow_target
2026-02-19T19:45:01.503140+01:00, outdoor_avg_60m=-4.0, flow_avg_10m=49.0, flowNow=49, powerNow=2000, freqNow=60, opState=heating, status=set_flow_target
2026-02-19T19:50:01.526097+01:00, outdoor_avg_60m=-4.0, flow_avg_10m=49.0, flowNow=49, powerNow=2000, freqNow=60, opState=heating, status=set_flow_target
2026-02-19T19:50:01.537875+01:00, outdoor_avg_60m=-4.0, flow_avg_10m=49.0, flowNow=49, powerNow=2000, freqNow=60, opState=heating, status=set_flow_target
2026-02-19T19:55:01.570021+01:00, outdoor_avg_60m=-4.08, flow_avg_10m=49.0, flowNow=33, powerNow=1000, freqNow=42, opState=heating, status=set_flow_target
2026-02-19T19:55:01.577960+01:00, outdoor_avg_60m=-4.08, flow_avg_10m=49.0, flowNow=33, powerNow=1000, freqNow=42, opState=heating, status=set_flow_target
2026-02-19T20:00:01.588027+01:00, outdoor_avg_60m=-4.17, flow_avg_10m=33.0, flowNow=37, powerNow=0, freqNow=0, opState=heating, status=set_flow_target
2026-02-19T20:00:01.600065+01:00, outdoor_avg_60m=-4.17, flow_avg_10m=33.0, flowNow=37, powerNow=0, freqNow=0, opState=heating, status=set_flow_target
2026-02-19T20:05:01.620811+01:00, outdoor_avg_60m=-4.27, flow_avg_10m=37.0, flowNow=47, powerNow=2000, freqNow=72, opState=heating, status=set_flow_target
2026-02-19T20:05:01.633213+01:00, outdoor_avg_60m=-4.27, flow_avg_10m=37.0, flowNow=47, powerNow=2000, freqNow=72, opState=heating, status=set_flow_target
2026-02-19T20:10:01.659215+01:00, outdoor_avg_60m=-4.36, flow_avg_10m=47.0, flowNow=47.5, powerNow=2000, freqNow=70, opState=heating, status=set_flow_target
2026-02-19T20:10:01.666543+01:00, outdoor_avg_60m=-4.36, flow_avg_10m=47.0, flowNow=47.5, powerNow=2000, freqNow=70, opState=heating, status=set_flow_target
2026-02-19T20:15:01.684771+01:00, outdoor_avg_60m=-4.42, flow_avg_10m=47.5, flowNow=48.5, powerNow=3000, freqNow=72, opState=heating, status=set_flow_target
2026-02-19T20:15:01.697841+01:00, outdoor_avg_60m=-4.42, flow_avg_10m=47.5, flowNow=48.5, powerNow=3000, freqNow=72, opState=heating, status=set_flow_target
2026-02-19T20:20:01.520128+01:00, outdoor_avg_60m=-4.5, flow_avg_10m=48.0, flowNow=49, powerNow=3000, freqNow=72, opState=heating, status=set_flow_target
2026-02-19T20:20:01.531328+01:00, outdoor_avg_60m=-4.5, flow_avg_10m=48.0, flowNow=49, powerNow=3000, freqNow=72, opState=heating, status=set_flow_target
2026-02-19T20:25:01.546653+01:00, outdoor_avg_60m=-4.58, flow_avg_10m=48.75, flowNow=49.5, powerNow=3000, freqNow=72, opState=heating, status=set_flow_target
2026-02-19T20:25:01.558951+01:00, outdoor_avg_60m=-4.58, flow_avg_10m=48.75, flowNow=49.5, powerNow=3000, freqNow=72, opState=heating, status=set_flow_target
2026-02-19T20:30:01.538378+01:00, outdoor_avg_60m=-4.73, flow_avg_10m=49.5, flowNow=50, powerNow=3000, freqNow=72, opState=heating, status=set_flow_target
2026-02-19T20:30:01.563541+01:00, outdoor_avg_60m=-4.73, flow_avg_10m=49.5, flowNow=50, powerNow=3000, freqNow=72, opState=heating, status=set_flow_target
2026-02-19T20:35:01.616833+01:00, outdoor_avg_60m=-4.75, flow_avg_10m=50.0, flowNow=50, powerNow=3000, freqNow=68, opState=heating, status=set_flow_target
2026-02-19T20:35:01.624689+01:00, outdoor_avg_60m=-4.75, flow_avg_10m=50.0, flowNow=50, powerNow=3000, freqNow=68, opState=heating, status=set_flow_target
2026-02-19T20:40:01.454311+01:00, outdoor_avg_60m=-4.83, flow_avg_10m=50.0, flowNow=50, powerNow=3000, freqNow=68, opState=heating, status=set_flow_target
2026-02-19T20:40:01.461850+01:00, outdoor_avg_60m=-4.83, flow_avg_10m=50.0, flowNow=50, powerNow=3000, freqNow=68, opState=heating, status=set_flow_target
2026-02-19T20:45:01.489545+01:00, outdoor_avg_60m=-4.92, flow_avg_10m=50.0, flowNow=50, powerNow=3000, freqNow=64, opState=heating, status=set_flow_target
2026-02-19T20:45:01.502863+01:00, outdoor_avg_60m=-4.92, flow_avg_10m=50.0, flowNow=50, powerNow=3000, freqNow=64, opState=heating, status=set_flow_target
2026-02-19T20:50:01.719392+01:00, outdoor_avg_60m=-5.0, flow_avg_10m=50.0, flowNow=50, powerNow=2000, freqNow=64, opState=heating, status=set_flow_target
2026-02-19T20:50:01.730410+01:00, outdoor_avg_60m=-5.0, flow_avg_10m=50.0, flowNow=50, powerNow=2000, freqNow=64, opState=heating, status=set_flow_target
2026-02-19T20:55:01.541232+01:00, outdoor_avg_60m=-5.0, flow_avg_10m=50.0, flowNow=50, powerNow=2000, freqNow=64, opState=heating, status=set_flow_target
2026-02-19T20:55:01.552863+01:00, outdoor_avg_60m=-5.0, flow_avg_10m=50.0, flowNow=50, powerNow=2000, freqNow=64, opState=heating, status=set_flow_target
2026-02-19T21:00:01.584228+01:00, outdoor_avg_60m=-5.0, flow_avg_10m=50.0, flowNow=50, powerNow=2000, freqNow=64, opState=heating, status=set_flow_target
2026-02-19T21:00:01.596318+01:00, outdoor_avg_60m=-5.0, flow_avg_10m=50.0, flowNow=50, powerNow=2000, freqNow=64, opState=heating, status=set_flow_target
2026-02-19T21:05:01.598417+01:00, outdoor_avg_60m=-5.0, flow_avg_10m=50.0, flowNow=50, powerNow=2000, freqNow=64, opState=heating, status=set_flow_target
2026-02-19T21:05:01.612594+01:00, outdoor_avg_60m=-5.0, flow_avg_10m=50.0, flowNow=50, powerNow=2000, freqNow=64, opState=heating, status=set_flow_target
2026-02-19T21:10:01.634845+01:00, outdoor_avg_60m=-5.0, flow_avg_10m=50.0, flowNow=49.5, powerNow=2000, freqNow=62, opState=heating, status=set_flow_target
2026-02-19T21:10:01.646400+01:00, outdoor_avg_60m=-5.0, flow_avg_10m=50.0, flowNow=49.5, powerNow=2000, freqNow=62, opState=heating, status=set_flow_target
2026-02-19T21:15:01.672539+01:00, outdoor_avg_60m=-5.0, flow_avg_10m=49.5, flowNow=37, powerNow=0, freqNow=0, opState=heating, status=set_flow_target
2026-02-19T21:15:01.679829+01:00, outdoor_avg_60m=-5.0, flow_avg_10m=49.5, flowNow=37, powerNow=0, freqNow=0, opState=heating, status=set_flow_target
2026-02-19T21:20:01.495132+01:00, outdoor_avg_60m=-5.0, flow_avg_10m=43.25, flowNow=45, powerNow=2000, freqNow=58, opState=heating, status=set_flow_target
2026-02-19T21:20:01.506039+01:00, outdoor_avg_60m=-5.0, flow_avg_10m=43.25, flowNow=45, powerNow=2000, freqNow=58, opState=heating, status=set_flow_target
2026-02-19T21:25:01.734373+01:00, outdoor_avg_60m=-5.0, flow_avg_10m=45.0, flowNow=48, powerNow=3000, freqNow=70, opState=heating, status=set_flow_target
2026-02-19T21:25:01.741714+01:00, outdoor_avg_60m=-5.0, flow_avg_10m=45.0, flowNow=48, powerNow=3000, freqNow=70, opState=heating, status=set_flow_target
2026-02-19T21:30:01.766810+01:00, outdoor_avg_60m=-5.0, flow_avg_10m=48.0, flowNow=48.5, powerNow=3000, freqNow=70, opState=heating, status=set_flow_target
2026-02-19T21:30:01.778322+01:00, outdoor_avg_60m=-5.0, flow_avg_10m=48.0, flowNow=48.5, powerNow=3000, freqNow=70, opState=heating, status=set_flow_target
2026-02-19T21:35:01.590085+01:00, outdoor_avg_60m=-5.0, flow_avg_10m=48.25, flowNow=49, powerNow=3000, freqNow=72, opState=heating, status=set_flow_target
2026-02-19T21:35:01.602197+01:00, outdoor_avg_60m=-5.0, flow_avg_10m=48.25, flowNow=49, powerNow=3000, freqNow=72, opState=heating, status=set_flow_target
2026-02-19T21:40:01.625557+01:00, outdoor_avg_60m=-5.0, flow_avg_10m=48.75, flowNow=49.5, powerNow=3000, freqNow=72, opState=heating, status=set_flow_target
2026-02-19T21:40:01.632961+01:00, outdoor_avg_60m=-5.0, flow_avg_10m=48.75, flowNow=49.5, powerNow=3000, freqNow=72, opState=heating, status=set_flow_target
2026-02-19T21:45:01.876331+01:00, outdoor_avg_60m=-5.0, flow_avg_10m=49.5, flowNow=50, powerNow=3000, freqNow=72, opState=heating, status=set_flow_target
2026-02-19T21:45:01.883318+01:00, outdoor_avg_60m=-5.0, flow_avg_10m=49.5, flowNow=50, powerNow=3000, freqNow=72, opState=heating, status=set_flow_target
2026-02-19T21:50:01.493044+01:00, outdoor_avg_60m=-5.08, flow_avg_10m=49.75, flowNow=50.5, powerNow=3000, freqNow=72, opState=heating, status=set_flow_target
2026-02-19T21:50:01.501020+01:00, outdoor_avg_60m=-5.08, flow_avg_10m=49.75, flowNow=50.5, powerNow=3000, freqNow=72, opState=heating, status=set_flow_target
2026-02-19T21:55:01.732994+01:00, outdoor_avg_60m=-5.18, flow_avg_10m=50.25, flowNow=50.5, powerNow=3000, freqNow=72, opState=heating, status=set_flow_target
2026-02-19T21:55:01.743835+01:00, outdoor_avg_60m=-5.18, flow_avg_10m=50.25, flowNow=50.5, powerNow=3000, freqNow=72, opState=heating, status=set_flow_target
2026-02-19T22:00:01.406987+01:00, outdoor_avg_60m=-5.25, flow_avg_10m=50.5, flowNow=50.5, powerNow=3000, freqNow=72, opState=heating, status=set_flow_target
2026-02-19T22:00:01.413920+01:00, outdoor_avg_60m=-5.25, flow_avg_10m=50.5, flowNow=50.5, powerNow=3000, freqNow=72, opState=heating, status=set_flow_target
2026-02-19T22:05:01.577903+01:00, outdoor_avg_60m=-5.33, flow_avg_10m=50.5, flowNow=50.5, powerNow=3000, freqNow=70, opState=heating, status=set_flow_target
2026-02-19T22:05:01.589183+01:00, outdoor_avg_60m=-5.33, flow_avg_10m=50.5, flowNow=50.5, powerNow=3000, freqNow=70, opState=heating, status=set_flow_target
2026-02-19T22:10:01.613164+01:00, outdoor_avg_60m=-5.42, flow_avg_10m=50.5, flowNow=50.5, powerNow=3000, freqNow=66, opState=heating, status=set_flow_target
2026-02-19T22:10:01.620719+01:00, outdoor_avg_60m=-5.42, flow_avg_10m=50.5, flowNow=50.5, powerNow=3000, freqNow=66, opState=heating, status=set_flow_target
2026-02-19T22:15:00.387015+01:00, outdoor_avg_60m=-5.5, flow_avg_10m=50.5, flowNow=50, powerNow=2000, freqNow=66, opState=heating, status=no_change
2026-02-19T22:15:00.395400+01:00, outdoor_avg_60m=-5.5, flow_avg_10m=50.5, flowNow=50, powerNow=2000, freqNow=66, opState=heating, status=no_change
2026-02-19T22:20:00.363548+01:00, outdoor_avg_60m=-5.58, flow_avg_10m=50.25, flowNow=50, powerNow=2000, freqNow=66, opState=heating, status=no_change
2026-02-19T22:20:00.370811+01:00, outdoor_avg_60m=-5.58, flow_avg_10m=50.25, flowNow=50, powerNow=2000, freqNow=66, opState=heating, status=no_change
2026-02-19T22:25:00.484033+01:00, outdoor_avg_60m=-5.67, flow_avg_10m=50.0, flowNow=37, powerNow=0, freqNow=0, opState=heating, status=no_change
2026-02-19T22:25:00.495651+01:00, outdoor_avg_60m=-5.67, flow_avg_10m=50.0, flowNow=37, powerNow=0, freqNow=0, opState=heating, status=no_change
2026-02-19T22:30:00.719602+01:00, outdoor_avg_60m=-5.75, flow_avg_10m=37.0, flowNow=45, powerNow=2000, freqNow=58, opState=heating, status=no_change
2026-02-19T22:30:00.730954+01:00, outdoor_avg_60m=-5.75, flow_avg_10m=37.0, flowNow=45, powerNow=2000, freqNow=58, opState=heating, status=no_change
2026-02-19T22:35:00.549915+01:00, outdoor_avg_60m=-5.83, flow_avg_10m=45.0, flowNow=48, powerNow=3000, freqNow=70, opState=heating, status=no_change
2026-02-19T22:35:00.558131+01:00, outdoor_avg_60m=-5.83, flow_avg_10m=45.0, flowNow=48, powerNow=3000, freqNow=70, opState=heating, status=no_change
2026-02-19T22:40:00.384285+01:00, outdoor_avg_60m=-5.92, flow_avg_10m=46.5, flowNow=49, powerNow=3000, freqNow=70, opState=heating, status=no_change
2026-02-19T22:40:00.391341+01:00, outdoor_avg_60m=-5.92, flow_avg_10m=46.5, flowNow=49, powerNow=3000, freqNow=70, opState=heating, status=no_change
2026-02-19T22:45:00.613632+01:00, outdoor_avg_60m=-6.0, flow_avg_10m=49.0, flowNow=49.5, powerNow=3000, freqNow=74, opState=heating, status=no_change
2026-02-19T22:45:00.625094+01:00, outdoor_avg_60m=-6.0, flow_avg_10m=49.0, flowNow=49.5, powerNow=3000, freqNow=74, opState=heating, status=no_change
2026-02-19T22:50:01.672910+01:00, outdoor_avg_60m=-6.0, flow_avg_10m=49.5, flowNow=50, powerNow=3000, freqNow=74, opState=heating, status=set_flow_target
2026-02-19T22:50:01.680166+01:00, outdoor_avg_60m=-6.0, flow_avg_10m=49.5, flowNow=50, powerNow=3000, freqNow=74, opState=heating, status=set_flow_target
2026-02-19T22:55:01.706508+01:00, outdoor_avg_60m=-6.08, flow_avg_10m=50.0, flowNow=51.5, powerNow=3000, freqNow=74, opState=heating, status=set_flow_target
2026-02-19T22:55:01.714406+01:00, outdoor_avg_60m=-6.08, flow_avg_10m=50.0, flowNow=51.5, powerNow=3000, freqNow=74, opState=heating, status=set_flow_target
2026-02-19T23:00:01.466536+01:00, outdoor_avg_60m=-6.18, flow_avg_10m=50.75, flowNow=50, powerNow=3000, freqNow=68, opState=heating, status=set_flow_target
2026-02-19T23:00:01.477831+01:00, outdoor_avg_60m=-6.18, flow_avg_10m=50.75, flowNow=50, powerNow=3000, freqNow=68, opState=heating, status=set_flow_target
2026-02-19T23:05:01.569244+01:00, outdoor_avg_60m=-6.25, flow_avg_10m=50.75, flowNow=50.5, powerNow=3000, freqNow=68, opState=heating, status=set_flow_target
2026-02-19T23:05:01.576734+01:00, outdoor_avg_60m=-6.25, flow_avg_10m=50.75, flowNow=50.5, powerNow=3000, freqNow=68, opState=heating, status=set_flow_target
2026-02-19T23:10:01.595024+01:00, outdoor_avg_60m=-6.33, flow_avg_10m=50.5, flowNow=50.5, powerNow=3000, freqNow=68, opState=heating, status=set_flow_target
2026-02-19T23:10:01.602045+01:00, outdoor_avg_60m=-6.33, flow_avg_10m=50.5, flowNow=50.5, powerNow=3000, freqNow=68, opState=heating, status=set_flow_target
2026-02-19T23:15:01.630718+01:00, outdoor_avg_60m=-6.45, flow_avg_10m=50.5, flowNow=50, powerNow=2000, freqNow=64, opState=heating, status=set_flow_target
2026-02-19T23:15:01.638086+01:00, outdoor_avg_60m=-6.45, flow_avg_10m=50.5, flowNow=50, powerNow=2000, freqNow=64, opState=heating, status=set_flow_target
2026-02-19T23:20:01.654922+01:00, outdoor_avg_60m=-6.55, flow_avg_10m=50.0, flowNow=50, powerNow=2000, freqNow=64, opState=heating, status=set_flow_target
2026-02-19T23:20:01.666146+01:00, outdoor_avg_60m=-6.55, flow_avg_10m=50.0, flowNow=50, powerNow=2000, freqNow=64, opState=heating, status=set_flow_target
2026-02-19T23:25:01.693495+01:00, outdoor_avg_60m=-6.64, flow_avg_10m=50.0, flowNow=50.5, powerNow=2000, freqNow=64, opState=heating, status=set_flow_target
2026-02-19T23:25:01.700467+01:00, outdoor_avg_60m=-6.64, flow_avg_10m=50.0, flowNow=50.5, powerNow=2000, freqNow=64, opState=heating, status=set_flow_target
2026-02-19T23:30:01.396809+01:00, outdoor_avg_60m=-6.73, flow_avg_10m=50.25, flowNow=50, powerNow=2000, freqNow=64, opState=heating, status=set_flow_target
2026-02-19T23:30:01.404288+01:00, outdoor_avg_60m=-6.73, flow_avg_10m=50.25, flowNow=50, powerNow=2000, freqNow=64, opState=heating, status=set_flow_target
2026-02-19T23:35:01.748745+01:00, outdoor_avg_60m=-6.82, flow_avg_10m=50.0, flowNow=50, powerNow=2000, freqNow=62, opState=heating, status=set_flow_target
2026-02-19T23:35:01.761826+01:00, outdoor_avg_60m=-6.82, flow_avg_10m=50.0, flowNow=50, powerNow=2000, freqNow=62, opState=heating, status=set_flow_target
2026-02-19T23:40:01.589303+01:00, outdoor_avg_60m=-6.91, flow_avg_10m=50.0, flowNow=32.5, powerNow=0, freqNow=42, opState=heating, status=set_flow_target
2026-02-19T23:40:01.597287+01:00, outdoor_avg_60m=-6.91, flow_avg_10m=50.0, flowNow=32.5, powerNow=0, freqNow=42, opState=heating, status=set_flow_target
2026-02-19T23:45:01.629099+01:00, outdoor_avg_60m=-7.0, flow_avg_10m=41.25, flowNow=45.5, powerNow=2000, freqNow=48, opState=heating, status=set_flow_target
2026-02-19T23:45:01.646630+01:00, outdoor_avg_60m=-7.0, flow_avg_10m=41.25, flowNow=45.5, powerNow=2000, freqNow=48, opState=heating, status=set_flow_target
2026-02-19T23:50:01.444630+01:00, outdoor_avg_60m=-7.0, flow_avg_10m=39.0, flowNow=48.5, powerNow=3000, freqNow=78, opState=heating, status=set_flow_target
2026-02-19T23:50:01.457455+01:00, outdoor_avg_60m=-7.0, flow_avg_10m=39.0, flowNow=48.5, powerNow=3000, freqNow=78, opState=heating, status=set_flow_target
2026-02-19T23:55:01.676124+01:00, outdoor_avg_60m=-7.0, flow_avg_10m=48.5, flowNow=49.5, powerNow=3000, freqNow=78, opState=heating, status=set_flow_target
2026-02-19T23:55:01.688354+01:00, outdoor_avg_60m=-7.0, flow_avg_10m=48.5, flowNow=49.5, powerNow=3000, freqNow=78, opState=heating, status=set_flow_target
2026-02-20T00:00:01.509434+01:00, outdoor_avg_60m=-7.0, flow_avg_10m=49.5, flowNow=50, powerNow=3000, freqNow=78, opState=heating, status=set_flow_target
2026-02-20T00:00:01.516960+01:00, outdoor_avg_60m=-7.0, flow_avg_10m=49.5, flowNow=50, powerNow=3000, freqNow=78, opState=heating, status=set_flow_target
2026-02-20T00:05:01.356332+01:00, outdoor_avg_60m=-7.0, flow_avg_10m=49.75, flowNow=50.5, powerNow=3000, freqNow=76, opState=heating, status=set_flow_target
2026-02-20T00:05:01.370125+01:00, outdoor_avg_60m=-7.0, flow_avg_10m=49.75, flowNow=50.5, powerNow=3000, freqNow=76, opState=heating, status=set_flow_target
2026-02-20T00:10:01.773768+01:00, outdoor_avg_60m=-7.0, flow_avg_10m=50.5, flowNow=51.5, powerNow=3000, freqNow=76, opState=heating, status=set_flow_target
2026-02-20T00:10:01.792444+01:00, outdoor_avg_60m=-7.0, flow_avg_10m=50.5, flowNow=51.5, powerNow=3000, freqNow=76, opState=heating, status=set_flow_target
2026-02-20T00:15:01.409443+01:00, outdoor_avg_60m=-7.0, flow_avg_10m=51.5, flowNow=50.5, powerNow=3000, freqNow=72, opState=heating, status=set_flow_target
2026-02-20T00:15:01.418024+01:00, outdoor_avg_60m=-7.0, flow_avg_10m=51.5, flowNow=50.5, powerNow=3000, freqNow=72, opState=heating, status=set_flow_target
2026-02-20T00:20:01.435419+01:00, outdoor_avg_60m=-7.0, flow_avg_10m=51.0, flowNow=51.5, powerNow=3000, freqNow=68, opState=heating, status=set_flow_target
2026-02-20T00:20:01.447849+01:00, outdoor_avg_60m=-7.0, flow_avg_10m=51.0, flowNow=51.5, powerNow=3000, freqNow=68, opState=heating, status=set_flow_target
2026-02-20T00:25:01.474574+01:00, outdoor_avg_60m=-7.0, flow_avg_10m=51.5, flowNow=50.5, powerNow=3000, freqNow=66, opState=heating, status=set_flow_target
2026-02-20T00:25:01.482035+01:00, outdoor_avg_60m=-7.0, flow_avg_10m=51.5, flowNow=50.5, powerNow=3000, freqNow=66, opState=heating, status=set_flow_target
2026-02-20T00:30:01.503435+01:00, outdoor_avg_60m=-7.0, flow_avg_10m=50.5, flowNow=50.5, powerNow=3000, freqNow=66, opState=heating, status=set_flow_target
2026-02-20T00:30:01.515105+01:00, outdoor_avg_60m=-7.0, flow_avg_10m=50.5, flowNow=50.5, powerNow=3000, freqNow=66, opState=heating, status=set_flow_target
2026-02-20T00:35:01.547977+01:00, outdoor_avg_60m=-7.0, flow_avg_10m=50.5, flowNow=50.5, powerNow=3000, freqNow=66, opState=heating, status=set_flow_target
2026-02-20T00:35:01.554909+01:00, outdoor_avg_60m=-7.0, flow_avg_10m=50.5, flowNow=50.5, powerNow=3000, freqNow=66, opState=heating, status=set_flow_target
2026-02-20T00:40:01.770612+01:00, outdoor_avg_60m=-7.0, flow_avg_10m=50.5, flowNow=50.5, powerNow=3000, freqNow=66, opState=heating, status=set_flow_target
2026-02-20T00:40:01.781806+01:00, outdoor_avg_60m=-7.0, flow_avg_10m=50.5, flowNow=50.5, powerNow=3000, freqNow=66, opState=heating, status=set_flow_target
2026-02-20T00:45:01.605084+01:00, outdoor_avg_60m=-7.0, flow_avg_10m=50.5, flowNow=50.5, powerNow=3000, freqNow=66, opState=heating, status=set_flow_target
2026-02-20T00:45:01.612300+01:00, outdoor_avg_60m=-7.0, flow_avg_10m=50.5, flowNow=50.5, powerNow=3000, freqNow=66, opState=heating, status=set_flow_target
2026-02-20T00:50:01.631858+01:00, outdoor_avg_60m=-7.0, flow_avg_10m=50.5, flowNow=50.5, powerNow=3000, freqNow=66, opState=heating, status=set_flow_target
2026-02-20T00:50:01.643539+01:00, outdoor_avg_60m=-7.0, flow_avg_10m=50.5, flowNow=50.5, powerNow=3000, freqNow=66, opState=heating, status=set_flow_target
2026-02-20T00:55:01.662466+01:00, outdoor_avg_60m=-7.0, flow_avg_10m=50.5, flowNow=33.5, powerNow=0, freqNow=0, opState=heating, status=set_flow_target
2026-02-20T00:55:01.674644+01:00, outdoor_avg_60m=-7.0, flow_avg_10m=50.5, flowNow=33.5, powerNow=0, freqNow=0, opState=heating, status=set_flow_target
2026-02-20T01:00:01.696565+01:00, outdoor_avg_60m=-7.0, flow_avg_10m=33.5, flowNow=45.5, powerNow=2000, freqNow=48, opState=heating, status=set_flow_target
2026-02-20T01:00:01.708683+01:00, outdoor_avg_60m=-7.0, flow_avg_10m=33.5, flowNow=45.5, powerNow=2000, freqNow=48, opState=heating, status=set_flow_target
2026-02-20T01:05:01.728752+01:00, outdoor_avg_60m=-7.0, flow_avg_10m=45.5, flowNow=49, powerNow=3000, freqNow=84, opState=heating, status=set_flow_target
2026-02-20T01:05:01.741354+01:00, outdoor_avg_60m=-7.0, flow_avg_10m=45.5, flowNow=49, powerNow=3000, freqNow=84, opState=heating, status=set_flow_target
2026-02-20T01:10:01.760734+01:00, outdoor_avg_60m=-7.0, flow_avg_10m=49.0, flowNow=49.5, powerNow=3000, freqNow=84, opState=heating, status=set_flow_target
2026-02-20T01:10:01.771845+01:00, outdoor_avg_60m=-7.0, flow_avg_10m=49.0, flowNow=49.5, powerNow=3000, freqNow=84, opState=heating, status=set_flow_target
2026-02-20T01:15:00.769784+01:00, outdoor_avg_60m=-7.08, flow_avg_10m=49.25, flowNow=50.5, powerNow=3000, freqNow=84, opState=heating, status=no_change
2026-02-20T01:15:00.781788+01:00, outdoor_avg_60m=-7.08, flow_avg_10m=49.25, flowNow=50.5, powerNow=3000, freqNow=84, opState=heating, status=no_change
2026-02-20T01:20:00.596521+01:00, outdoor_avg_60m=-7.17, flow_avg_10m=50.0, flowNow=50.5, powerNow=3000, freqNow=70, opState=heating, status=no_change
2026-02-20T01:20:00.607567+01:00, outdoor_avg_60m=-7.17, flow_avg_10m=50.0, flowNow=50.5, powerNow=3000, freqNow=70, opState=heating, status=no_change
2026-02-20T01:25:01.653608+01:00, outdoor_avg_60m=-7.27, flow_avg_10m=50.5, flowNow=51.5, powerNow=3000, freqNow=74, opState=heating, status=set_flow_target
2026-02-20T01:25:01.664749+01:00, outdoor_avg_60m=-7.27, flow_avg_10m=50.5, flowNow=51.5, powerNow=3000, freqNow=74, opState=heating, status=set_flow_target
2026-02-20T01:30:01.705241+01:00, outdoor_avg_60m=-7.36, flow_avg_10m=51.5, flowNow=50, powerNow=3000, freqNow=68, opState=heating, status=set_flow_target
2026-02-20T01:30:01.711468+01:00, outdoor_avg_60m=-7.36, flow_avg_10m=51.5, flowNow=50, powerNow=3000, freqNow=68, opState=heating, status=set_flow_target
2026-02-20T01:35:01.717075+01:00, outdoor_avg_60m=-7.45, flow_avg_10m=50.0, flowNow=51.5, powerNow=3000, freqNow=70, opState=heating, status=set_flow_target
2026-02-20T01:35:01.728727+01:00, outdoor_avg_60m=-7.45, flow_avg_10m=50.0, flowNow=51.5, powerNow=3000, freqNow=70, opState=heating, status=set_flow_target
2026-02-20T01:40:01.753581+01:00, outdoor_avg_60m=-7.5, flow_avg_10m=51.5, flowNow=50, powerNow=2000, freqNow=66, opState=heating, status=set_flow_target
2026-02-20T01:40:01.760832+01:00, outdoor_avg_60m=-7.5, flow_avg_10m=51.5, flowNow=50, powerNow=2000, freqNow=66, opState=heating, status=set_flow_target
2026-02-20T01:45:01.584711+01:00, outdoor_avg_60m=-7.58, flow_avg_10m=50.75, flowNow=50, powerNow=2000, freqNow=66, opState=heating, status=set_flow_target
2026-02-20T01:45:01.595914+01:00, outdoor_avg_60m=-7.58, flow_avg_10m=50.75, flowNow=50, powerNow=2000, freqNow=66, opState=heating, status=set_flow_target
2026-02-20T01:50:01.615109+01:00, outdoor_avg_60m=-7.67, flow_avg_10m=50.0, flowNow=50, powerNow=2000, freqNow=66, opState=heating, status=set_flow_target
2026-02-20T01:50:01.622364+01:00, outdoor_avg_60m=-7.67, flow_avg_10m=50.0, flowNow=50, powerNow=2000, freqNow=66, opState=heating, status=set_flow_target
2026-02-20T01:55:01.642214+01:00, outdoor_avg_60m=-7.75, flow_avg_10m=50.0, flowNow=50, powerNow=2000, freqNow=66, opState=heating, status=set_flow_target
2026-02-20T01:55:01.654079+01:00, outdoor_avg_60m=-7.75, flow_avg_10m=50.0, flowNow=50, powerNow=2000, freqNow=66, opState=heating, status=set_flow_target
2026-02-20T02:00:01.680640+01:00, outdoor_avg_60m=-7.83, flow_avg_10m=50.0, flowNow=50, powerNow=2000, freqNow=66, opState=heating, status=set_flow_target
2026-02-20T02:00:01.686792+01:00, outdoor_avg_60m=-7.83, flow_avg_10m=50.0, flowNow=50, powerNow=2000, freqNow=66, opState=heating, status=set_flow_target
2026-02-20T02:05:02.732285+01:00, outdoor_avg_60m=-8.0, flow_avg_10m=50.0, flowNow=34, powerNow=0, freqNow=0, opState=heating, status=set_flow_target
2026-02-20T02:05:02.748949+01:00, outdoor_avg_60m=-8.0, flow_avg_10m=50.0, flowNow=34, powerNow=0, freqNow=0, opState=heating, status=set_flow_target
2026-02-20T02:10:01.745031+01:00, outdoor_avg_60m=-8.0, flow_avg_10m=34.0, flowNow=45.5, powerNow=2000, freqNow=68, opState=heating, status=set_flow_target
2026-02-20T02:10:01.752343+01:00, outdoor_avg_60m=-8.0, flow_avg_10m=34.0, flowNow=45.5, powerNow=2000, freqNow=68, opState=heating, status=set_flow_target
2026-02-20T02:15:01.573086+01:00, outdoor_avg_60m=-8.0, flow_avg_10m=39.75, flowNow=49, powerNow=3000, freqNow=78, opState=heating, status=set_flow_target
2026-02-20T02:15:01.580309+01:00, outdoor_avg_60m=-8.0, flow_avg_10m=39.75, flowNow=49, powerNow=3000, freqNow=78, opState=heating, status=set_flow_target
2026-02-20T02:20:01.811006+01:00, outdoor_avg_60m=-8.0, flow_avg_10m=49.0, flowNow=50, powerNow=3000, freqNow=84, opState=heating, status=set_flow_target
2026-02-20T02:20:01.819040+01:00, outdoor_avg_60m=-8.0, flow_avg_10m=49.0, flowNow=50, powerNow=3000, freqNow=84, opState=heating, status=set_flow_target
2026-02-20T02:25:01.632986+01:00, outdoor_avg_60m=-8.0, flow_avg_10m=50.0, flowNow=50.5, powerNow=3000, freqNow=84, opState=heating, status=set_flow_target
2026-02-20T02:25:01.644490+01:00, outdoor_avg_60m=-8.0, flow_avg_10m=50.0, flowNow=50.5, powerNow=3000, freqNow=84, opState=heating, status=set_flow_target
2026-02-20T02:30:01.678525+01:00, outdoor_avg_60m=-8.0, flow_avg_10m=50.25, flowNow=50, powerNow=3000, freqNow=74, opState=heating, status=set_flow_target
2026-02-20T02:30:01.685874+01:00, outdoor_avg_60m=-8.0, flow_avg_10m=50.25, flowNow=50, powerNow=3000, freqNow=74, opState=heating, status=set_flow_target
2026-02-20T02:35:01.706173+01:00, outdoor_avg_60m=-8.0, flow_avg_10m=50.0, flowNow=51.5, powerNow=3000, freqNow=76, opState=heating, status=set_flow_target
2026-02-20T02:35:01.713796+01:00, outdoor_avg_60m=-8.0, flow_avg_10m=50.0, flowNow=51.5, powerNow=3000, freqNow=76, opState=heating, status=set_flow_target
2026-02-20T02:40:01.735879+01:00, outdoor_avg_60m=-8.0, flow_avg_10m=51.5, flowNow=50, powerNow=3000, freqNow=68, opState=heating, status=set_flow_target
2026-02-20T02:40:01.747198+01:00, outdoor_avg_60m=-8.0, flow_avg_10m=51.5, flowNow=50, powerNow=3000, freqNow=68, opState=heating, status=set_flow_target
2026-02-20T02:45:01.768907+01:00, outdoor_avg_60m=-8.0, flow_avg_10m=50.0, flowNow=50.5, powerNow=3000, freqNow=68, opState=heating, status=set_flow_target
2026-02-20T02:45:01.776360+01:00, outdoor_avg_60m=-8.0, flow_avg_10m=50.0, flowNow=50.5, powerNow=3000, freqNow=68, opState=heating, status=set_flow_target
2026-02-20T02:50:01.591848+01:00, outdoor_avg_60m=-8.0, flow_avg_10m=50.25, flowNow=50.5, powerNow=3000, freqNow=68, opState=heating, status=set_flow_target
2026-02-20T02:50:01.603363+01:00, outdoor_avg_60m=-8.0, flow_avg_10m=50.25, flowNow=50.5, powerNow=3000, freqNow=68, opState=heating, status=set_flow_target
2026-02-20T02:55:01.628475+01:00, outdoor_avg_60m=-8.0, flow_avg_10m=50.5, flowNow=50.5, powerNow=3000, freqNow=68, opState=heating, status=set_flow_target
2026-02-20T02:55:01.636042+01:00, outdoor_avg_60m=-8.0, flow_avg_10m=50.5, flowNow=50.5, powerNow=3000, freqNow=68, opState=heating, status=set_flow_target
2026-02-20T03:00:01.652885+01:00, outdoor_avg_60m=-8.0, flow_avg_10m=50.5, flowNow=50.5, powerNow=3000, freqNow=68, opState=heating, status=set_flow_target
2026-02-20T03:00:01.663333+01:00, outdoor_avg_60m=-8.0, flow_avg_10m=50.5, flowNow=50.5, powerNow=3000, freqNow=68, opState=heating, status=set_flow_target
2026-02-20T03:05:01.697282+01:00, outdoor_avg_60m=-8.0, flow_avg_10m=50.5, flowNow=50.5, powerNow=3000, freqNow=68, opState=heating, status=set_flow_target
2026-02-20T03:05:01.704373+01:00, outdoor_avg_60m=-8.0, flow_avg_10m=50.5, flowNow=50.5, powerNow=3000, freqNow=68, opState=heating, status=set_flow_target
2026-02-20T03:10:01.721531+01:00, outdoor_avg_60m=-8.0, flow_avg_10m=50.5, flowNow=50.5, powerNow=3000, freqNow=68, opState=heating, status=set_flow_target
2026-02-20T03:10:01.733968+01:00, outdoor_avg_60m=-8.0, flow_avg_10m=50.5, flowNow=50.5, powerNow=3000, freqNow=68, opState=heating, status=set_flow_target
2026-02-20T03:15:01.547864+01:00, outdoor_avg_60m=-8.0, flow_avg_10m=50.5, flowNow=50.5, powerNow=3000, freqNow=68, opState=heating, status=set_flow_target
2026-02-20T03:15:01.558999+01:00, outdoor_avg_60m=-8.0, flow_avg_10m=50.5, flowNow=50.5, powerNow=3000, freqNow=68, opState=heating, status=set_flow_target
2026-02-20T03:20:01.582465+01:00, outdoor_avg_60m=-8.0, flow_avg_10m=50.5, flowNow=37, powerNow=0, freqNow=0, opState=heating, status=set_flow_target
2026-02-20T03:20:01.590134+01:00, outdoor_avg_60m=-8.0, flow_avg_10m=50.5, flowNow=37, powerNow=0, freqNow=0, opState=heating, status=set_flow_target
2026-02-20T03:25:01.613901+01:00, outdoor_avg_60m=-8.0, flow_avg_10m=37.0, flowNow=45, powerNow=2000, freqNow=52, opState=heating, status=set_flow_target
2026-02-20T03:25:01.638822+01:00, outdoor_avg_60m=-8.0, flow_avg_10m=37.0, flowNow=45, powerNow=2000, freqNow=52, opState=heating, status=set_flow_target
2026-02-20T03:30:01.649109+01:00, outdoor_avg_60m=-8.0, flow_avg_10m=45.0, flowNow=49, powerNow=3000, freqNow=76, opState=heating, status=set_flow_target
2026-02-20T03:30:01.660370+01:00, outdoor_avg_60m=-8.0, flow_avg_10m=45.0, flowNow=49, powerNow=3000, freqNow=76, opState=heating, status=set_flow_target
2026-02-20T03:35:02.699835+01:00, outdoor_avg_60m=-8.0, flow_avg_10m=49.0, flowNow=49.5, powerNow=3000, freqNow=76, opState=heating, status=set_flow_target
2026-02-20T03:35:02.712794+01:00, outdoor_avg_60m=-8.0, flow_avg_10m=49.0, flowNow=49.5, powerNow=3000, freqNow=76, opState=heating, status=set_flow_target
2026-02-20T03:40:01.711555+01:00, outdoor_avg_60m=-8.0, flow_avg_10m=49.5, flowNow=50, powerNow=3000, freqNow=76, opState=heating, status=set_flow_target
2026-02-20T03:40:01.722105+01:00, outdoor_avg_60m=-8.0, flow_avg_10m=49.5, flowNow=50, powerNow=3000, freqNow=76, opState=heating, status=set_flow_target
2026-02-20T03:45:01.750649+01:00, outdoor_avg_60m=-8.0, flow_avg_10m=49.75, flowNow=50.5, powerNow=3000, freqNow=76, opState=heating, status=set_flow_target
2026-02-20T03:45:01.757947+01:00, outdoor_avg_60m=-8.0, flow_avg_10m=49.75, flowNow=50.5, powerNow=3000, freqNow=76, opState=heating, status=set_flow_target
2026-02-20T03:50:01.776727+01:00, outdoor_avg_60m=-8.0, flow_avg_10m=50.5, flowNow=50, powerNow=2000, freqNow=66, opState=heating, status=set_flow_target
2026-02-20T03:50:01.789390+01:00, outdoor_avg_60m=-8.0, flow_avg_10m=50.5, flowNow=50, powerNow=2000, freqNow=66, opState=heating, status=set_flow_target
2026-02-20T03:55:01.609208+01:00, outdoor_avg_60m=-8.0, flow_avg_10m=50.25, flowNow=50, powerNow=2000, freqNow=66, opState=heating, status=set_flow_target
2026-02-20T03:55:01.616348+01:00, outdoor_avg_60m=-8.0, flow_avg_10m=50.25, flowNow=50, powerNow=2000, freqNow=66, opState=heating, status=set_flow_target
2026-02-20T04:00:01.638102+01:00, outdoor_avg_60m=-7.92, flow_avg_10m=50.0, flowNow=50, powerNow=2000, freqNow=62, opState=heating, status=set_flow_target
2026-02-20T04:00:01.645662+01:00, outdoor_avg_60m=-7.92, flow_avg_10m=50.0, flowNow=50, powerNow=2000, freqNow=62, opState=heating, status=set_flow_target
2026-02-20T04:05:01.666841+01:00, outdoor_avg_60m=-7.83, flow_avg_10m=50.0, flowNow=50, powerNow=2000, freqNow=62, opState=heating, status=set_flow_target
2026-02-20T04:05:01.679216+01:00, outdoor_avg_60m=-7.83, flow_avg_10m=50.0, flowNow=50, powerNow=2000, freqNow=62, opState=heating, status=set_flow_target
2026-02-20T04:10:01.706610+01:00, outdoor_avg_60m=-7.75, flow_avg_10m=50.0, flowNow=50, powerNow=2000, freqNow=62, opState=heating, status=set_flow_target
2026-02-20T04:10:01.714265+01:00, outdoor_avg_60m=-7.75, flow_avg_10m=50.0, flowNow=50, powerNow=2000, freqNow=62, opState=heating, status=set_flow_target
2026-02-20T04:15:01.733040+01:00, outdoor_avg_60m=-7.64, flow_avg_10m=50.0, flowNow=50, powerNow=2000, freqNow=62, opState=heating, status=set_flow_target
2026-02-20T04:15:01.744983+01:00, outdoor_avg_60m=-7.64, flow_avg_10m=50.0, flowNow=50, powerNow=2000, freqNow=62, opState=heating, status=set_flow_target
2026-02-20T04:20:01.768829+01:00, outdoor_avg_60m=-7.55, flow_avg_10m=50.0, flowNow=49, powerNow=2000, freqNow=54, opState=heating, status=set_flow_target
2026-02-20T04:20:01.776811+01:00, outdoor_avg_60m=-7.55, flow_avg_10m=50.0, flowNow=49, powerNow=2000, freqNow=54, opState=heating, status=set_flow_target
2026-02-20T04:25:01.598913+01:00, outdoor_avg_60m=-7.5, flow_avg_10m=49.5, flowNow=49, powerNow=2000, freqNow=52, opState=heating, status=set_flow_target
2026-02-20T04:25:01.606173+01:00, outdoor_avg_60m=-7.5, flow_avg_10m=49.5, flowNow=49, powerNow=2000, freqNow=52, opState=heating, status=set_flow_target
2026-02-20T04:30:01.631635+01:00, outdoor_avg_60m=-7.42, flow_avg_10m=49.0, flowNow=49, powerNow=2000, freqNow=52, opState=heating, status=set_flow_target
2026-02-20T04:30:01.638043+01:00, outdoor_avg_60m=-7.42, flow_avg_10m=49.0, flowNow=49, powerNow=2000, freqNow=52, opState=heating, status=set_flow_target
2026-02-20T04:35:00.639000+01:00, outdoor_avg_60m=-7.33, flow_avg_10m=49.0, flowNow=48.5, powerNow=2000, freqNow=52, opState=heating, status=no_change
2026-02-20T04:35:00.646466+01:00, outdoor_avg_60m=-7.33, flow_avg_10m=49.0, flowNow=48.5, powerNow=2000, freqNow=52, opState=heating, status=no_change
2026-02-20T04:40:00.668812+01:00, outdoor_avg_60m=-7.17, flow_avg_10m=48.75, flowNow=48.5, powerNow=2000, freqNow=52, opState=heating, status=no_change
2026-02-20T04:40:00.680161+01:00, outdoor_avg_60m=-7.17, flow_avg_10m=48.75, flowNow=48.5, powerNow=2000, freqNow=52, opState=heating, status=no_change
2026-02-20T04:45:00.706642+01:00, outdoor_avg_60m=-7.0, flow_avg_10m=48.5, flowNow=38.5, powerNow=1000, freqNow=42, opState=heating, status=no_change
2026-02-20T04:45:00.714557+01:00, outdoor_avg_60m=-7.0, flow_avg_10m=48.5, flowNow=38.5, powerNow=1000, freqNow=42, opState=heating, status=no_change
2026-02-20T04:50:00.747643+01:00, outdoor_avg_60m=-6.83, flow_avg_10m=38.5, flowNow=42.5, powerNow=0, freqNow=46, opState=heating, status=no_change
2026-02-20T04:50:00.755539+01:00, outdoor_avg_60m=-6.83, flow_avg_10m=38.5, flowNow=42.5, powerNow=0, freqNow=46, opState=heating, status=no_change
2026-02-20T04:55:01.999875+01:00, outdoor_avg_60m=-6.64, flow_avg_10m=42.5, flowNow=46.5, powerNow=2000, freqNow=66, opState=heating, status=set_flow_target
2026-02-20T04:55:02.007515+01:00, outdoor_avg_60m=-6.64, flow_avg_10m=42.5, flowNow=46.5, powerNow=2000, freqNow=66, opState=heating, status=set_flow_target
2026-02-20T05:00:01.822093+01:00, outdoor_avg_60m=-6.45, flow_avg_10m=46.5, flowNow=48.5, powerNow=3000, freqNow=70, opState=heating, status=set_flow_target
2026-02-20T05:00:01.833516+01:00, outdoor_avg_60m=-6.45, flow_avg_10m=46.5, flowNow=48.5, powerNow=3000, freqNow=70, opState=heating, status=set_flow_target
2026-02-20T05:05:01.646837+01:00, outdoor_avg_60m=-6.33, flow_avg_10m=47.5, flowNow=48.5, powerNow=3000, freqNow=62, opState=heating, status=set_flow_target
2026-02-20T05:05:01.659277+01:00, outdoor_avg_60m=-6.33, flow_avg_10m=47.5, flowNow=48.5, powerNow=3000, freqNow=62, opState=heating, status=set_flow_target
2026-02-20T05:10:01.680731+01:00, outdoor_avg_60m=-6.17, flow_avg_10m=48.5, flowNow=48.5, powerNow=2000, freqNow=62, opState=heating, status=set_flow_target
2026-02-20T05:10:01.697617+01:00, outdoor_avg_60m=-6.17, flow_avg_10m=48.5, flowNow=48.5, powerNow=2000, freqNow=62, opState=heating, status=set_flow_target
2026-02-20T05:15:01.719592+01:00, outdoor_avg_60m=-6.0, flow_avg_10m=48.5, flowNow=48.5, powerNow=2000, freqNow=56, opState=heating, status=set_flow_target
2026-02-20T05:15:01.727269+01:00, outdoor_avg_60m=-6.0, flow_avg_10m=48.5, flowNow=48.5, powerNow=2000, freqNow=56, opState=heating, status=set_flow_target
2026-02-20T05:20:01.750832+01:00, outdoor_avg_60m=-5.75, flow_avg_10m=48.5, flowNow=48, powerNow=2000, freqNow=54, opState=heating, status=set_flow_target
2026-02-20T05:20:01.763413+01:00, outdoor_avg_60m=-5.75, flow_avg_10m=48.5, flowNow=48, powerNow=2000, freqNow=54, opState=heating, status=set_flow_target
2026-02-20T05:25:01.581962+01:00, outdoor_avg_60m=-5.5, flow_avg_10m=48.25, flowNow=48, powerNow=2000, freqNow=52, opState=heating, status=set_flow_target
2026-02-20T05:25:01.592217+01:00, outdoor_avg_60m=-5.5, flow_avg_10m=48.25, flowNow=48, powerNow=2000, freqNow=52, opState=heating, status=set_flow_target
2026-02-20T05:30:01.606100+01:00, outdoor_avg_60m=-5.25, flow_avg_10m=48.0, flowNow=48, powerNow=2000, freqNow=52, opState=heating, status=set_flow_target
2026-02-20T05:30:01.622036+01:00, outdoor_avg_60m=-5.25, flow_avg_10m=48.0, flowNow=48, powerNow=2000, freqNow=52, opState=heating, status=set_flow_target
2026-02-20T05:35:01.639051+01:00, outdoor_avg_60m=-4.91, flow_avg_10m=48.0, flowNow=48, powerNow=2000, freqNow=52, opState=heating, status=set_flow_target
2026-02-20T05:35:01.662436+01:00, outdoor_avg_60m=-4.91, flow_avg_10m=48.0, flowNow=48, powerNow=2000, freqNow=52, opState=heating, status=set_flow_target
2026-02-20T05:40:01.678208+01:00, outdoor_avg_60m=-4.73, flow_avg_10m=48.0, flowNow=48, powerNow=2000, freqNow=52, opState=heating, status=set_flow_target
2026-02-20T05:40:01.685062+01:00, outdoor_avg_60m=-4.73, flow_avg_10m=48.0, flowNow=48, powerNow=2000, freqNow=52, opState=heating, status=set_flow_target
2026-02-20T05:45:01.704344+01:00, outdoor_avg_60m=-4.55, flow_avg_10m=48.0, flowNow=48, powerNow=2000, freqNow=52, opState=heating, status=set_flow_target
2026-02-20T05:45:01.716158+01:00, outdoor_avg_60m=-4.55, flow_avg_10m=48.0, flowNow=48, powerNow=2000, freqNow=52, opState=heating, status=set_flow_target
2026-02-20T05:50:01.739486+01:00, outdoor_avg_60m=-4.36, flow_avg_10m=48.0, flowNow=48, powerNow=2000, freqNow=52, opState=heating, status=set_flow_target
2026-02-20T05:50:01.745858+01:00, outdoor_avg_60m=-4.36, flow_avg_10m=48.0, flowNow=48, powerNow=2000, freqNow=52, opState=heating, status=set_flow_target
2026-02-20T05:55:01.565366+01:00, outdoor_avg_60m=-4.33, flow_avg_10m=48.0, flowNow=48, powerNow=2000, freqNow=52, opState=heating, status=set_flow_target
2026-02-20T05:55:01.578147+01:00, outdoor_avg_60m=-4.33, flow_avg_10m=48.0, flowNow=48, powerNow=2000, freqNow=52, opState=heating, status=set_flow_target
2026-02-20T06:00:01.796859+01:00, outdoor_avg_60m=-4.25, flow_avg_10m=48.0, flowNow=35, powerNow=0, freqNow=0, opState=heating, status=set_flow_target
2026-02-20T06:00:01.809026+01:00, outdoor_avg_60m=-4.25, flow_avg_10m=48.0, flowNow=35, powerNow=0, freqNow=0, opState=heating, status=set_flow_target
2026-02-20T06:05:01.628917+01:00, outdoor_avg_60m=-4.17, flow_avg_10m=35.0, flowNow=45, powerNow=2000, freqNow=54, opState=heating, status=set_flow_target
2026-02-20T06:05:01.641770+01:00, outdoor_avg_60m=-4.17, flow_avg_10m=35.0, flowNow=45, powerNow=2000, freqNow=54, opState=heating, status=set_flow_target
2026-02-20T06:10:01.658815+01:00, outdoor_avg_60m=-4.08, flow_avg_10m=40.0, flowNow=46.5, powerNow=2000, freqNow=60, opState=heating, status=set_flow_target
2026-02-20T06:10:01.675674+01:00, outdoor_avg_60m=-4.08, flow_avg_10m=40.0, flowNow=46.5, powerNow=2000, freqNow=60, opState=heating, status=set_flow_target
2026-02-20T06:15:01.697759+01:00, outdoor_avg_60m=-4.0, flow_avg_10m=46.5, flowNow=47.5, powerNow=2000, freqNow=60, opState=heating, status=set_flow_target
2026-02-20T06:15:01.705052+01:00, outdoor_avg_60m=-4.0, flow_avg_10m=46.5, flowNow=47.5, powerNow=2000, freqNow=60, opState=heating, status=set_flow_target
2026-02-20T06:20:01.727634+01:00, outdoor_avg_60m=-4.0, flow_avg_10m=47.5, flowNow=48.5, powerNow=2000, freqNow=62, opState=heating, status=set_flow_target
2026-02-20T06:20:01.740477+01:00, outdoor_avg_60m=-4.0, flow_avg_10m=47.5, flowNow=48.5, powerNow=2000, freqNow=62, opState=heating, status=set_flow_target
2026-02-20T06:25:01.764936+01:00, outdoor_avg_60m=-4.0, flow_avg_10m=48.5, flowNow=49, powerNow=2000, freqNow=62, opState=heating, status=set_flow_target
2026-02-20T06:25:01.771983+01:00, outdoor_avg_60m=-4.0, flow_avg_10m=48.5, flowNow=49, powerNow=2000, freqNow=62, opState=heating, status=set_flow_target
2026-02-20T06:30:01.797743+01:00, outdoor_avg_60m=-4.0, flow_avg_10m=49.0, flowNow=49, powerNow=2000, freqNow=62, opState=heating, status=set_flow_target
2026-02-20T06:30:01.804911+01:00, outdoor_avg_60m=-4.0, flow_avg_10m=49.0, flowNow=49, powerNow=2000, freqNow=62, opState=heating, status=set_flow_target
2026-02-20T06:35:01.644742+01:00, outdoor_avg_60m=-4.0, flow_avg_10m=49.0, flowNow=49.5, powerNow=2000, freqNow=60, opState=heating, status=set_flow_target
2026-02-20T06:35:01.651213+01:00, outdoor_avg_60m=-4.0, flow_avg_10m=49.0, flowNow=49.5, powerNow=2000, freqNow=60, opState=heating, status=set_flow_target
2026-02-20T06:40:01.653064+01:00, outdoor_avg_60m=-4.0, flow_avg_10m=49.25, flowNow=49.5, powerNow=2000, freqNow=60, opState=heating, status=set_flow_target
2026-02-20T06:40:01.665023+01:00, outdoor_avg_60m=-4.0, flow_avg_10m=49.25, flowNow=49.5, powerNow=2000, freqNow=60, opState=heating, status=set_flow_target
2026-02-20T06:45:01.689524+01:00, outdoor_avg_60m=-4.0, flow_avg_10m=49.5, flowNow=49.5, powerNow=2000, freqNow=58, opState=heating, status=set_flow_target
2026-02-20T06:45:01.697016+01:00, outdoor_avg_60m=-4.0, flow_avg_10m=49.5, flowNow=49.5, powerNow=2000, freqNow=58, opState=heating, status=set_flow_target
2026-02-20T06:50:01.720979+01:00, outdoor_avg_60m=-4.0, flow_avg_10m=49.5, flowNow=49, powerNow=2000, freqNow=54, opState=heating, status=set_flow_target
2026-02-20T06:50:01.729049+01:00, outdoor_avg_60m=-4.0, flow_avg_10m=49.5, flowNow=49, powerNow=2000, freqNow=54, opState=heating, status=set_flow_target
2026-02-20T06:55:01.555770+01:00, outdoor_avg_60m=-4.0, flow_avg_10m=49.25, flowNow=32, powerNow=0, freqNow=42, opState=heating, status=set_flow_target
2026-02-20T06:55:01.563562+01:00, outdoor_avg_60m=-4.0, flow_avg_10m=49.25, flowNow=32, powerNow=0, freqNow=42, opState=heating, status=set_flow_target
2026-02-20T07:00:01.592539+01:00, outdoor_avg_60m=-4.0, flow_avg_10m=40.5, flowNow=45.5, powerNow=2000, freqNow=48, opState=heating, status=set_flow_target
2026-02-20T07:00:01.600016+01:00, outdoor_avg_60m=-4.0, flow_avg_10m=40.5, flowNow=45.5, powerNow=2000, freqNow=48, opState=heating, status=set_flow_target
2026-02-20T07:05:01.608172+01:00, outdoor_avg_60m=-4.0, flow_avg_10m=45.5, flowNow=46, powerNow=2000, freqNow=52, opState=heating, status=set_flow_target
2026-02-20T07:05:01.620704+01:00, outdoor_avg_60m=-4.0, flow_avg_10m=45.5, flowNow=46, powerNow=2000, freqNow=52, opState=heating, status=set_flow_target
2026-02-20T07:10:01.642991+01:00, outdoor_avg_60m=-4.0, flow_avg_10m=46.0, flowNow=47, powerNow=2000, freqNow=54, opState=heating, status=set_flow_target
2026-02-20T07:10:01.650671+01:00, outdoor_avg_60m=-4.0, flow_avg_10m=46.0, flowNow=47, powerNow=2000, freqNow=54, opState=heating, status=set_flow_target
2026-02-20T07:15:01.677492+01:00, outdoor_avg_60m=-4.0, flow_avg_10m=47.0, flowNow=47.5, powerNow=2000, freqNow=54, opState=heating, status=set_flow_target
2026-02-20T07:15:01.684633+01:00, outdoor_avg_60m=-4.0, flow_avg_10m=47.0, flowNow=47.5, powerNow=2000, freqNow=54, opState=heating, status=set_flow_target
2026-02-20T07:20:01.705302+01:00, outdoor_avg_60m=-4.0, flow_avg_10m=47.5, flowNow=47.5, powerNow=2000, freqNow=54, opState=heating, status=set_flow_target
2026-02-20T07:20:01.717850+01:00, outdoor_avg_60m=-4.0, flow_avg_10m=47.5, flowNow=47.5, powerNow=2000, freqNow=54, opState=heating, status=set_flow_target
2026-02-20T07:25:01.743794+01:00, outdoor_avg_60m=-3.92, flow_avg_10m=47.5, flowNow=48, powerNow=2000, freqNow=52, opState=heating, status=set_flow_target
2026-02-20T07:25:01.751376+01:00, outdoor_avg_60m=-3.92, flow_avg_10m=47.5, flowNow=48, powerNow=2000, freqNow=52, opState=heating, status=set_flow_target
2026-02-20T07:30:01.772767+01:00, outdoor_avg_60m=-3.83, flow_avg_10m=48.0, flowNow=48, powerNow=2000, freqNow=52, opState=heating, status=set_flow_target
2026-02-20T07:30:01.779875+01:00, outdoor_avg_60m=-3.83, flow_avg_10m=48.0, flowNow=48, powerNow=2000, freqNow=52, opState=heating, status=set_flow_target
2026-02-20T07:35:01.809980+01:00, outdoor_avg_60m=-3.73, flow_avg_10m=48.0, flowNow=48, powerNow=2000, freqNow=52, opState=heating, status=set_flow_target
2026-02-20T07:35:01.817209+01:00, outdoor_avg_60m=-3.73, flow_avg_10m=48.0, flowNow=48, powerNow=2000, freqNow=52, opState=heating, status=set_flow_target
2026-02-20T07:40:01.643295+01:00, outdoor_avg_60m=-3.67, flow_avg_10m=48.0, flowNow=48, powerNow=2000, freqNow=50, opState=heating, status=set_flow_target
2026-02-20T07:40:01.651624+01:00, outdoor_avg_60m=-3.67, flow_avg_10m=48.0, flowNow=48, powerNow=2000, freqNow=50, opState=heating, status=set_flow_target
2026-02-20T07:45:01.666601+01:00, outdoor_avg_60m=-3.58, flow_avg_10m=48.0, flowNow=47.5, powerNow=2000, freqNow=48, opState=heating, status=set_flow_target
2026-02-20T07:45:01.674178+01:00, outdoor_avg_60m=-3.58, flow_avg_10m=48.0, flowNow=47.5, powerNow=2000, freqNow=48, opState=heating, status=set_flow_target
2026-02-20T07:50:01.698832+01:00, outdoor_avg_60m=-3.5, flow_avg_10m=47.5, flowNow=47.5, powerNow=2000, freqNow=48, opState=heating, status=set_flow_target
2026-02-20T07:50:01.710031+01:00, outdoor_avg_60m=-3.5, flow_avg_10m=47.5, flowNow=47.5, powerNow=2000, freqNow=48, opState=heating, status=set_flow_target
2026-02-20T07:55:01.728281+01:00, outdoor_avg_60m=-3.27, flow_avg_10m=47.5, flowNow=47.5, powerNow=2000, freqNow=48, opState=heating, status=set_flow_target
2026-02-20T07:55:01.739820+01:00, outdoor_avg_60m=-3.27, flow_avg_10m=47.5, flowNow=47.5, powerNow=2000, freqNow=48, opState=heating, status=set_flow_target
2026-02-20T08:00:01.761112+01:00, outdoor_avg_60m=-3.09, flow_avg_10m=47.5, flowNow=47.5, powerNow=2000, freqNow=48, opState=heating, status=set_flow_target
2026-02-20T08:00:01.772818+01:00, outdoor_avg_60m=-3.09, flow_avg_10m=47.5, flowNow=47.5, powerNow=2000, freqNow=48, opState=heating, status=set_flow_target
2026-02-20T08:05:01.593714+01:00, outdoor_avg_60m=-3.0, flow_avg_10m=47.5, flowNow=29, powerNow=0, freqNow=42, opState=heating, status=set_flow_target
2026-02-20T08:05:01.606169+01:00, outdoor_avg_60m=-3.0, flow_avg_10m=47.5, flowNow=29, powerNow=0, freqNow=42, opState=heating, status=set_flow_target
2026-02-20T08:10:01.625651+01:00, outdoor_avg_60m=-2.83, flow_avg_10m=38.25, flowNow=45.5, powerNow=2000, freqNow=52, opState=heating, status=set_flow_target
2026-02-20T08:10:01.633824+01:00, outdoor_avg_60m=-2.83, flow_avg_10m=38.25, flowNow=45.5, powerNow=2000, freqNow=52, opState=heating, status=set_flow_target
2026-02-20T08:15:01.649614+01:00, outdoor_avg_60m=-2.67, flow_avg_10m=45.5, flowNow=45.5, powerNow=2000, freqNow=52, opState=heating, status=set_flow_target
2026-02-20T08:15:01.668224+01:00, outdoor_avg_60m=-2.67, flow_avg_10m=45.5, flowNow=45.5, powerNow=2000, freqNow=52, opState=heating, status=set_flow_target
2026-02-20T08:20:01.444198+01:00, outdoor_avg_60m=-2.5, flow_avg_10m=45.5, flowNow=46.5, powerNow=2000, freqNow=54, opState=heating, status=set_flow_target
2026-02-20T08:20:01.456646+01:00, outdoor_avg_60m=-2.5, flow_avg_10m=45.5, flowNow=46.5, powerNow=2000, freqNow=54, opState=heating, status=set_flow_target
2026-02-20T08:25:01.375206+01:00, outdoor_avg_60m=-2.42, flow_avg_10m=46.0, flowNow=47, powerNow=2000, freqNow=54, opState=heating, status=set_flow_target
2026-02-20T08:25:01.387135+01:00, outdoor_avg_60m=-2.42, flow_avg_10m=46.0, flowNow=47, powerNow=2000, freqNow=54, opState=heating, status=set_flow_target
2026-02-20T08:30:01.480147+01:00, outdoor_avg_60m=-2.33, flow_avg_10m=47.0, flowNow=47.5, powerNow=2000, freqNow=54, opState=heating, status=set_flow_target
2026-02-20T08:30:01.487750+01:00, outdoor_avg_60m=-2.33, flow_avg_10m=47.0, flowNow=47.5, powerNow=2000, freqNow=54, opState=heating, status=set_flow_target
2026-02-20T08:35:01.321999+01:00, outdoor_avg_60m=-2.25, flow_avg_10m=47.25, flowNow=48, powerNow=2000, freqNow=54, opState=heating, status=set_flow_target
2026-02-20T08:35:01.333069+01:00, outdoor_avg_60m=-2.25, flow_avg_10m=47.25, flowNow=48, powerNow=2000, freqNow=54, opState=heating, status=set_flow_target
2026-02-20T08:40:01.454324+01:00, outdoor_avg_60m=-2.17, flow_avg_10m=47.75, flowNow=48, powerNow=2000, freqNow=54, opState=heating, status=set_flow_target
2026-02-20T08:40:01.466184+01:00, outdoor_avg_60m=-2.17, flow_avg_10m=47.75, flowNow=48, powerNow=2000, freqNow=54, opState=heating, status=set_flow_target
2026-02-20T08:45:01.339647+01:00, outdoor_avg_60m=-2.08, flow_avg_10m=48.0, flowNow=48, powerNow=2000, freqNow=50, opState=heating, status=set_flow_target
2026-02-20T08:45:01.346804+01:00, outdoor_avg_60m=-2.08, flow_avg_10m=48.0, flowNow=48, powerNow=2000, freqNow=50, opState=heating, status=set_flow_target
2026-02-20T08:50:01.422656+01:00, outdoor_avg_60m=-2.0, flow_avg_10m=48.0, flowNow=47.5, powerNow=2000, freqNow=48, opState=heating, status=set_flow_target
2026-02-20T08:50:01.434513+01:00, outdoor_avg_60m=-2.0, flow_avg_10m=48.0, flowNow=47.5, powerNow=2000, freqNow=48, opState=heating, status=set_flow_target
2026-02-20T08:55:01.362998+01:00, outdoor_avg_60m=-2.0, flow_avg_10m=47.5, flowNow=47.5, powerNow=2000, freqNow=48, opState=heating, status=set_flow_target
2026-02-20T08:55:01.369986+01:00, outdoor_avg_60m=-2.0, flow_avg_10m=47.5, flowNow=47.5, powerNow=2000, freqNow=48, opState=heating, status=set_flow_target
2026-02-20T09:00:01.541802+01:00, outdoor_avg_60m=-2.0, flow_avg_10m=47.5, flowNow=47.5, powerNow=2000, freqNow=48, opState=heating, status=set_flow_target
2026-02-20T09:00:01.553893+01:00, outdoor_avg_60m=-2.0, flow_avg_10m=47.5, flowNow=47.5, powerNow=2000, freqNow=48, opState=heating, status=set_flow_target
2026-02-20T09:05:01.405434+01:00, outdoor_avg_60m=-2.0, flow_avg_10m=47.5, flowNow=47.5, powerNow=2000, freqNow=48, opState=heating, status=set_flow_target
2026-02-20T09:05:01.417051+01:00, outdoor_avg_60m=-2.0, flow_avg_10m=47.5, flowNow=47.5, powerNow=2000, freqNow=48, opState=heating, status=set_flow_target
2026-02-20T09:10:01.410174+01:00, outdoor_avg_60m=-2.0, flow_avg_10m=47.5, flowNow=47.5, powerNow=2000, freqNow=48, opState=heating, status=set_flow_target
2026-02-20T09:10:01.417297+01:00, outdoor_avg_60m=-2.0, flow_avg_10m=47.5, flowNow=47.5, powerNow=2000, freqNow=48, opState=heating, status=set_flow_target
2026-02-20T09:15:01.639708+01:00, outdoor_avg_60m=-2.0, flow_avg_10m=47.5, flowNow=29, powerNow=0, freqNow=42, opState=heating, status=set_flow_target
2026-02-20T09:15:01.647456+01:00, outdoor_avg_60m=-2.0, flow_avg_10m=47.5, flowNow=29, powerNow=0, freqNow=42, opState=heating, status=set_flow_target
2026-02-20T09:20:01.664342+01:00, outdoor_avg_60m=-2.0, flow_avg_10m=29.0, flowNow=45.5, powerNow=2000, freqNow=52, opState=heating, status=set_flow_target
2026-02-20T09:20:01.676276+01:00, outdoor_avg_60m=-2.0, flow_avg_10m=29.0, flowNow=45.5, powerNow=2000, freqNow=52, opState=heating, status=set_flow_target
2026-02-20T09:25:01.340559+01:00, outdoor_avg_60m=-2.0, flow_avg_10m=37.25, flowNow=45.5, powerNow=2000, freqNow=52, opState=heating, status=set_flow_target
2026-02-20T09:25:01.348417+01:00, outdoor_avg_60m=-2.0, flow_avg_10m=37.25, flowNow=45.5, powerNow=2000, freqNow=52, opState=heating, status=set_flow_target
2026-02-20T09:30:01.734916+01:00, outdoor_avg_60m=-2.0, flow_avg_10m=45.5, flowNow=46.5, powerNow=2000, freqNow=52, opState=heating, status=set_flow_target
2026-02-20T09:30:01.741939+01:00, outdoor_avg_60m=-2.0, flow_avg_10m=45.5, flowNow=46.5, powerNow=2000, freqNow=52, opState=heating, status=set_flow_target
2026-02-20T09:35:01.332092+01:00, outdoor_avg_60m=-2.0, flow_avg_10m=46.0, flowNow=47, powerNow=2000, freqNow=52, opState=heating, status=set_flow_target
2026-02-20T09:35:01.339172+01:00, outdoor_avg_60m=-2.0, flow_avg_10m=46.0, flowNow=47, powerNow=2000, freqNow=52, opState=heating, status=set_flow_target
2026-02-20T09:40:01.416726+01:00, outdoor_avg_60m=-2.0, flow_avg_10m=46.75, flowNow=47.5, powerNow=2000, freqNow=52, opState=heating, status=set_flow_target
2026-02-20T09:40:01.430877+01:00, outdoor_avg_60m=-2.0, flow_avg_10m=46.75, flowNow=47.5, powerNow=2000, freqNow=52, opState=heating, status=set_flow_target
2026-02-20T09:45:01.588786+01:00, outdoor_avg_60m=-2.0, flow_avg_10m=47.5, flowNow=47.5, powerNow=2000, freqNow=52, opState=heating, status=set_flow_target
2026-02-20T09:45:01.601315+01:00, outdoor_avg_60m=-2.0, flow_avg_10m=47.5, flowNow=47.5, powerNow=2000, freqNow=52, opState=heating, status=set_flow_target
2026-02-20T09:50:01.461770+01:00, outdoor_avg_60m=-1.91, flow_avg_10m=47.5, flowNow=47.5, powerNow=2000, freqNow=48, opState=heating, status=set_flow_target
2026-02-20T09:50:01.469236+01:00, outdoor_avg_60m=-1.91, flow_avg_10m=47.5, flowNow=47.5, powerNow=2000, freqNow=48, opState=heating, status=set_flow_target
2026-02-20T09:55:01.332166+01:00, outdoor_avg_60m=-1.83, flow_avg_10m=47.5, flowNow=47.5, powerNow=2000, freqNow=46, opState=heating, status=set_flow_target
2026-02-20T09:55:01.339169+01:00, outdoor_avg_60m=-1.83, flow_avg_10m=47.5, flowNow=47.5, powerNow=2000, freqNow=46, opState=heating, status=set_flow_target
2026-02-20T10:00:01.542639+01:00, outdoor_avg_60m=-1.75, flow_avg_10m=47.5, flowNow=47.5, powerNow=2000, freqNow=46, opState=heating, status=set_flow_target
2026-02-20T10:00:01.554023+01:00, outdoor_avg_60m=-1.75, flow_avg_10m=47.5, flowNow=47.5, powerNow=2000, freqNow=46, opState=heating, status=set_flow_target
2026-02-20T10:05:01.330571+01:00, outdoor_avg_60m=-1.67, flow_avg_10m=47.5, flowNow=47, powerNow=2000, freqNow=44, opState=heating, status=set_flow_target
2026-02-20T10:05:01.342211+01:00, outdoor_avg_60m=-1.67, flow_avg_10m=47.5, flowNow=47, powerNow=2000, freqNow=44, opState=heating, status=set_flow_target
2026-02-20T10:10:01.595350+01:00, outdoor_avg_60m=-1.55, flow_avg_10m=47.0, flowNow=47, powerNow=2000, freqNow=44, opState=heating, status=set_flow_target
2026-02-20T10:10:01.602284+01:00, outdoor_avg_60m=-1.55, flow_avg_10m=47.0, flowNow=47, powerNow=2000, freqNow=44, opState=heating, status=set_flow_target
2026-02-20T10:15:01.427532+01:00, outdoor_avg_60m=-1.5, flow_avg_10m=47.0, flowNow=47, powerNow=1000, freqNow=44, opState=heating, status=set_flow_target
2026-02-20T10:15:01.439352+01:00, outdoor_avg_60m=-1.5, flow_avg_10m=47.0, flowNow=47, powerNow=1000, freqNow=44, opState=heating, status=set_flow_target
2026-02-20T10:20:01.449549+01:00, outdoor_avg_60m=-1.42, flow_avg_10m=47.0, flowNow=46.5, powerNow=1000, freqNow=44, opState=heating, status=set_flow_target
2026-02-20T10:20:01.461413+01:00, outdoor_avg_60m=-1.42, flow_avg_10m=47.0, flowNow=46.5, powerNow=1000, freqNow=44, opState=heating, status=set_flow_target
2026-02-20T10:25:01.341974+01:00, outdoor_avg_60m=-1.33, flow_avg_10m=46.75, flowNow=46.5, powerNow=1000, freqNow=44, opState=heating, status=set_flow_target
2026-02-20T10:25:01.351348+01:00, outdoor_avg_60m=-1.33, flow_avg_10m=46.75, flowNow=46.5, powerNow=1000, freqNow=44, opState=heating, status=set_flow_target
2026-02-20T10:30:01.816010+01:00, outdoor_avg_60m=-1.18, flow_avg_10m=46.5, flowNow=46.5, powerNow=1000, freqNow=44, opState=heating, status=set_flow_target
2026-02-20T10:30:01.827991+01:00, outdoor_avg_60m=-1.18, flow_avg_10m=46.5, flowNow=46.5, powerNow=1000, freqNow=44, opState=heating, status=set_flow_target
2026-02-20T10:35:00.425019+01:00, outdoor_avg_60m=-1.17, flow_avg_10m=46.5, flowNow=46.5, powerNow=1000, freqNow=44, opState=heating, status=no_change
2026-02-20T10:35:00.437807+01:00, outdoor_avg_60m=-1.17, flow_avg_10m=46.5, flowNow=46.5, powerNow=1000, freqNow=44, opState=heating, status=no_change
2026-02-20T10:40:00.339047+01:00, outdoor_avg_60m=-1.08, flow_avg_10m=46.5, flowNow=46, powerNow=1000, freqNow=44, opState=heating, status=no_change
2026-02-20T10:40:00.347362+01:00, outdoor_avg_60m=-1.08, flow_avg_10m=46.5, flowNow=46, powerNow=1000, freqNow=44, opState=heating, status=no_change
2026-02-20T10:45:00.689106+01:00, outdoor_avg_60m=-1.0, flow_avg_10m=46.0, flowNow=46, powerNow=1000, freqNow=44, opState=heating, status=no_change
2026-02-20T10:45:00.696158+01:00, outdoor_avg_60m=-1.0, flow_avg_10m=46.0, flowNow=46, powerNow=1000, freqNow=44, opState=heating, status=no_change
2026-02-20T10:50:01.745410+01:00, outdoor_avg_60m=-1.0, flow_avg_10m=46.0, flowNow=46, powerNow=1000, freqNow=44, opState=heating, status=set_flow_target
2026-02-20T10:50:01.753381+01:00, outdoor_avg_60m=-1.0, flow_avg_10m=46.0, flowNow=46, powerNow=1000, freqNow=44, opState=heating, status=set_flow_target
2026-02-20T10:55:01.570237+01:00, outdoor_avg_60m=-0.91, flow_avg_10m=46.0, flowNow=46, powerNow=1000, freqNow=44, opState=heating, status=set_flow_target
2026-02-20T10:55:01.587532+01:00, outdoor_avg_60m=-0.91, flow_avg_10m=46.0, flowNow=46, powerNow=1000, freqNow=44, opState=heating, status=set_flow_target
2026-02-20T11:00:01.811567+01:00, outdoor_avg_60m=-0.82, flow_avg_10m=46.0, flowNow=46, powerNow=1000, freqNow=44, opState=heating, status=set_flow_target
2026-02-20T11:00:01.818778+01:00, outdoor_avg_60m=-0.82, flow_avg_10m=46.0, flowNow=46, powerNow=1000, freqNow=44, opState=heating, status=set_flow_target
2026-02-20T11:05:01.444922+01:00, outdoor_avg_60m=-0.73, flow_avg_10m=46.0, flowNow=46, powerNow=1000, freqNow=44, opState=heating, status=set_flow_target
2026-02-20T11:05:01.452165+01:00, outdoor_avg_60m=-0.73, flow_avg_10m=46.0, flowNow=46, powerNow=1000, freqNow=44, opState=heating, status=set_flow_target
2026-02-20T11:10:01.461624+01:00, outdoor_avg_60m=-0.67, flow_avg_10m=46.0, flowNow=46, powerNow=1000, freqNow=44, opState=heating, status=set_flow_target
2026-02-20T11:10:01.474189+01:00, outdoor_avg_60m=-0.67, flow_avg_10m=46.0, flowNow=46, powerNow=1000, freqNow=44, opState=heating, status=set_flow_target
2026-02-20T11:15:01.435440+01:00, outdoor_avg_60m=-0.57, flow_avg_10m=46.0, flowNow=46, powerNow=2000, freqNow=46, opState=heating, status=set_flow_target
2026-02-20T11:15:01.442573+01:00, outdoor_avg_60m=-0.57, flow_avg_10m=46.0, flowNow=46, powerNow=2000, freqNow=46, opState=heating, status=set_flow_target
2026-02-20T11:20:01.732970+01:00, outdoor_avg_60m=-0.45, flow_avg_10m=46.0, flowNow=46, powerNow=2000, freqNow=46, opState=heating, status=set_flow_target
2026-02-20T11:20:01.743618+01:00, outdoor_avg_60m=-0.45, flow_avg_10m=46.0, flowNow=46, powerNow=2000, freqNow=46, opState=heating, status=set_flow_target
2026-02-20T11:25:01.764265+01:00, outdoor_avg_60m=-0.36, flow_avg_10m=46.0, flowNow=46, powerNow=2000, freqNow=46, opState=heating, status=set_flow_target
2026-02-20T11:25:01.776595+01:00, outdoor_avg_60m=-0.36, flow_avg_10m=46.0, flowNow=46, powerNow=2000, freqNow=46, opState=heating, status=set_flow_target
2026-02-20T11:30:01.396862+01:00, outdoor_avg_60m=-0.33, flow_avg_10m=46.0, flowNow=46.5, powerNow=2000, freqNow=46, opState=heating, status=set_flow_target
2026-02-20T11:30:01.404000+01:00, outdoor_avg_60m=-0.33, flow_avg_10m=46.0, flowNow=46.5, powerNow=2000, freqNow=46, opState=heating, status=set_flow_target
2026-02-20T11:35:01.394510+01:00, outdoor_avg_60m=-0.18, flow_avg_10m=46.25, flowNow=46.5, powerNow=2000, freqNow=46, opState=heating, status=set_flow_target
2026-02-20T11:35:01.406549+01:00, outdoor_avg_60m=-0.18, flow_avg_10m=46.25, flowNow=46.5, powerNow=2000, freqNow=46, opState=heating, status=set_flow_target
2026-02-20T11:40:01.359936+01:00, outdoor_avg_60m=-0.09, flow_avg_10m=46.5, flowNow=46.5, powerNow=2000, freqNow=46, opState=heating, status=set_flow_target
2026-02-20T11:40:01.372111+01:00, outdoor_avg_60m=-0.09, flow_avg_10m=46.5, flowNow=46.5, powerNow=2000, freqNow=46, opState=heating, status=set_flow_target
2026-02-20T11:45:01.463071+01:00, outdoor_avg_60m=0.0, flow_avg_10m=46.5, flowNow=46.5, powerNow=2000, freqNow=46, opState=heating, status=set_flow_target
2026-02-20T11:45:01.470104+01:00, outdoor_avg_60m=0.0, flow_avg_10m=46.5, flowNow=46.5, powerNow=2000, freqNow=46, opState=heating, status=set_flow_target
2026-02-20T11:50:02.136230+01:00, outdoor_avg_60m=0.0, flow_avg_10m=46.5, flowNow=46.5, powerNow=2000, freqNow=46, opState=heating, status=set_flow_target
2026-02-20T11:50:02.143496+01:00, outdoor_avg_60m=0.0, flow_avg_10m=46.5, flowNow=46.5, powerNow=2000, freqNow=46, opState=heating, status=set_flow_target
2026-02-20T11:55:01.330491+01:00, outdoor_avg_60m=0.0, flow_avg_10m=46.5, flowNow=46.5, powerNow=2000, freqNow=46, opState=heating, status=set_flow_target
2026-02-20T11:55:01.342680+01:00, outdoor_avg_60m=0.0, flow_avg_10m=46.5, flowNow=46.5, powerNow=2000, freqNow=46, opState=heating, status=set_flow_target
2026-02-20T12:00:01.427019+01:00, outdoor_avg_60m=0.0, flow_avg_10m=46.5, flowNow=46.5, powerNow=2000, freqNow=46, opState=heating, status=set_flow_target
2026-02-20T12:00:01.438647+01:00, outdoor_avg_60m=0.0, flow_avg_10m=46.5, flowNow=46.5, powerNow=2000, freqNow=46, opState=heating, status=set_flow_target
2026-02-20T12:05:01.371854+01:00, outdoor_avg_60m=0.0, flow_avg_10m=46.5, flowNow=46.5, powerNow=2000, freqNow=46, opState=heating, status=set_flow_target
2026-02-20T12:05:01.384369+01:00, outdoor_avg_60m=0.0, flow_avg_10m=46.5, flowNow=46.5, powerNow=2000, freqNow=46, opState=heating, status=set_flow_target
2026-02-20T12:10:01.449963+01:00, outdoor_avg_60m=0.0, flow_avg_10m=46.5, flowNow=46.5, powerNow=2000, freqNow=46, opState=heating, status=set_flow_target
2026-02-20T12:10:01.457313+01:00, outdoor_avg_60m=0.0, flow_avg_10m=46.5, flowNow=46.5, powerNow=2000, freqNow=46, opState=heating, status=set_flow_target
2026-02-20T12:15:01.352336+01:00, outdoor_avg_60m=0.0, flow_avg_10m=46.5, flowNow=46.5, powerNow=2000, freqNow=46, opState=heating, status=set_flow_target
2026-02-20T12:15:01.365153+01:00, outdoor_avg_60m=0.0, flow_avg_10m=46.5, flowNow=46.5, powerNow=2000, freqNow=46, opState=heating, status=set_flow_target
2026-02-20T12:20:01.512050+01:00, outdoor_avg_60m=0.0, flow_avg_10m=46.5, flowNow=46.5, powerNow=2000, freqNow=44, opState=heating, status=set_flow_target
2026-02-20T12:20:01.524342+01:00, outdoor_avg_60m=0.0, flow_avg_10m=46.5, flowNow=46.5, powerNow=2000, freqNow=44, opState=heating, status=set_flow_target
2026-02-20T12:25:01.330709+01:00, outdoor_avg_60m=0.0, flow_avg_10m=46.5, flowNow=46.5, powerNow=1000, freqNow=44, opState=heating, status=set_flow_target
2026-02-20T12:25:01.338160+01:00, outdoor_avg_60m=0.0, flow_avg_10m=46.5, flowNow=46.5, powerNow=1000, freqNow=44, opState=heating, status=set_flow_target
2026-02-20T12:30:01.578582+01:00, outdoor_avg_60m=0.0, flow_avg_10m=46.5, flowNow=46, powerNow=1000, freqNow=44, opState=heating, status=set_flow_target
2026-02-20T12:30:01.585902+01:00, outdoor_avg_60m=0.0, flow_avg_10m=46.5, flowNow=46, powerNow=1000, freqNow=44, opState=heating, status=set_flow_target
2026-02-20T12:35:01.322786+01:00, outdoor_avg_60m=0.0, flow_avg_10m=46.25, flowNow=46.5, powerNow=1000, freqNow=44, opState=heating, status=set_flow_target
2026-02-20T12:35:01.334266+01:00, outdoor_avg_60m=0.0, flow_avg_10m=46.25, flowNow=46.5, powerNow=1000, freqNow=44, opState=heating, status=set_flow_target
2026-02-20T12:40:01.438806+01:00, outdoor_avg_60m=0.0, flow_avg_10m=46.25, flowNow=46, powerNow=1000, freqNow=44, opState=heating, status=set_flow_target
2026-02-20T12:40:01.445935+01:00, outdoor_avg_60m=0.0, flow_avg_10m=46.25, flowNow=46, powerNow=1000, freqNow=44, opState=heating, status=set_flow_target
2026-02-20T12:45:01.466756+01:00, outdoor_avg_60m=0.0, flow_avg_10m=46.0, flowNow=46, powerNow=1000, freqNow=44, opState=heating, status=set_flow_target
2026-02-20T12:45:01.478260+01:00, outdoor_avg_60m=0.0, flow_avg_10m=46.0, flowNow=46, powerNow=1000, freqNow=44, opState=heating, status=set_flow_target
2026-02-20T12:50:01.501282+01:00, outdoor_avg_60m=0.0, flow_avg_10m=46.0, flowNow=46, powerNow=1000, freqNow=44, opState=heating, status=set_flow_target
2026-02-20T12:50:01.522733+01:00, outdoor_avg_60m=0.0, flow_avg_10m=46.0, flowNow=46, powerNow=1000, freqNow=44, opState=heating, status=set_flow_target
2026-02-20T12:55:01.734875+01:00, outdoor_avg_60m=0.0, flow_avg_10m=46.0, flowNow=46, powerNow=1000, freqNow=44, opState=heating, status=set_flow_target
2026-02-20T12:55:01.742938+01:00, outdoor_avg_60m=0.0, flow_avg_10m=46.0, flowNow=46, powerNow=1000, freqNow=44, opState=heating, status=set_flow_target
2026-02-20T13:00:01.569424+01:00, outdoor_avg_60m=0.0, flow_avg_10m=46.0, flowNow=46, powerNow=1000, freqNow=44, opState=heating, status=set_flow_target
2026-02-20T13:00:01.576660+01:00, outdoor_avg_60m=0.0, flow_avg_10m=46.0, flowNow=46, powerNow=1000, freqNow=44, opState=heating, status=set_flow_target
2026-02-20T13:05:01.345089+01:00, outdoor_avg_60m=0.0, flow_avg_10m=46.0, flowNow=46, powerNow=1000, freqNow=44, opState=heating, status=set_flow_target
2026-02-20T13:05:01.357403+01:00, outdoor_avg_60m=0.0, flow_avg_10m=46.0, flowNow=46, powerNow=1000, freqNow=44, opState=heating, status=set_flow_target
2026-02-20T14:15:01.431903+01:00, outdoor_avg_60m=0.0, flow_avg_10m=36.5, flowNow=42.5, powerNow=2000, freqNow=72, opState=heating, status=set_flow_target
2026-02-20T14:15:01.444184+01:00, outdoor_avg_60m=0.0, flow_avg_10m=36.5, flowNow=42.5, powerNow=2000, freqNow=72, opState=heating, status=set_flow_target
2026-02-20T14:20:01.685143+01:00, outdoor_avg_60m=0.0, flow_avg_10m=39.5, flowNow=44, powerNow=3000, freqNow=72, opState=heating, status=set_flow_target
2026-02-20T14:20:01.699018+01:00, outdoor_avg_60m=0.0, flow_avg_10m=39.5, flowNow=44, powerNow=3000, freqNow=72, opState=heating, status=set_flow_target
2026-02-20T14:25:01.403112+01:00, outdoor_avg_60m=0.0, flow_avg_10m=43.25, flowNow=45.5, powerNow=3000, freqNow=72, opState=heating, status=set_flow_target
2026-02-20T14:25:01.414309+01:00, outdoor_avg_60m=0.0, flow_avg_10m=43.25, flowNow=45.5, powerNow=3000, freqNow=72, opState=heating, status=set_flow_target
2026-02-20T14:30:01.379844+01:00, outdoor_avg_60m=0.0, flow_avg_10m=44.75, flowNow=47, powerNow=3000, freqNow=50, opState=heating, status=set_flow_target
2026-02-20T14:30:01.387047+01:00, outdoor_avg_60m=0.0, flow_avg_10m=44.75, flowNow=47, powerNow=3000, freqNow=50, opState=heating, status=set_flow_target
2026-02-20T14:35:01.332313+01:00, outdoor_avg_60m=0.0, flow_avg_10m=46.25, flowNow=46.5, powerNow=2000, freqNow=64, opState=heating, status=set_flow_target
2026-02-20T14:35:01.340571+01:00, outdoor_avg_60m=0.0, flow_avg_10m=46.25, flowNow=46.5, powerNow=2000, freqNow=64, opState=heating, status=set_flow_target
2026-02-20T14:40:01.381307+01:00, outdoor_avg_60m=0.0, flow_avg_10m=46.75, flowNow=45.5, powerNow=2000, freqNow=50, opState=heating, status=set_flow_target
2026-02-20T14:40:01.393004+01:00, outdoor_avg_60m=0.0, flow_avg_10m=46.75, flowNow=45.5, powerNow=2000, freqNow=50, opState=heating, status=set_flow_target
2026-02-20T14:45:01.729473+01:00, outdoor_avg_60m=0.0, flow_avg_10m=45.5, flowNow=46, powerNow=2000, freqNow=50, opState=heating, status=set_flow_target
2026-02-20T14:45:01.742033+01:00, outdoor_avg_60m=0.0, flow_avg_10m=45.5, flowNow=46, powerNow=2000, freqNow=50, opState=heating, status=set_flow_target
2026-02-20T14:50:01.764706+01:00, outdoor_avg_60m=0.0, flow_avg_10m=46.0, flowNow=46.5, powerNow=2000, freqNow=46, opState=heating, status=set_flow_target
2026-02-20T14:50:01.777239+01:00, outdoor_avg_60m=0.0, flow_avg_10m=46.0, flowNow=46.5, powerNow=2000, freqNow=46, opState=heating, status=set_flow_target
2026-02-20T14:55:01.375765+01:00, outdoor_avg_60m=0.0, flow_avg_10m=46.25, flowNow=47, powerNow=2000, freqNow=52, opState=heating, status=set_flow_target
2026-02-20T14:55:01.383944+01:00, outdoor_avg_60m=0.0, flow_avg_10m=46.25, flowNow=47, powerNow=2000, freqNow=52, opState=heating, status=set_flow_target
2026-02-20T15:00:01.633891+01:00, outdoor_avg_60m=0.0, flow_avg_10m=46.75, flowNow=47, powerNow=2000, freqNow=52, opState=heating, status=set_flow_target
2026-02-20T15:00:01.645403+01:00, outdoor_avg_60m=0.0, flow_avg_10m=46.75, flowNow=47, powerNow=2000, freqNow=52, opState=heating, status=set_flow_target
2026-02-20T15:05:01.575281+01:00, outdoor_avg_60m=0.0, flow_avg_10m=47.0, flowNow=47, powerNow=2000, freqNow=52, opState=heating, status=set_flow_target
2026-02-20T15:05:01.587533+01:00, outdoor_avg_60m=0.0, flow_avg_10m=47.0, flowNow=47, powerNow=2000, freqNow=52, opState=heating, status=set_flow_target
2026-02-20T15:10:01.898759+01:00, outdoor_avg_60m=0.0, flow_avg_10m=47.0, flowNow=47, powerNow=2000, freqNow=50, opState=heating, status=set_flow_target
2026-02-20T15:10:01.905870+01:00, outdoor_avg_60m=0.0, flow_avg_10m=47.0, flowNow=47, powerNow=2000, freqNow=50, opState=heating, status=set_flow_target
2026-02-20T15:15:01.729775+01:00, outdoor_avg_60m=0.0, flow_avg_10m=47.0, flowNow=47, powerNow=2000, freqNow=50, opState=heating, status=set_flow_target
2026-02-20T15:15:01.736958+01:00, outdoor_avg_60m=0.0, flow_avg_10m=47.0, flowNow=47, powerNow=2000, freqNow=50, opState=heating, status=set_flow_target
2026-02-20T15:20:01.372139+01:00, outdoor_avg_60m=0.0, flow_avg_10m=47.0, flowNow=46.5, powerNow=2000, freqNow=46, opState=heating, status=set_flow_target
2026-02-20T15:20:01.383093+01:00, outdoor_avg_60m=0.0, flow_avg_10m=47.0, flowNow=46.5, powerNow=2000, freqNow=46, opState=heating, status=set_flow_target
2026-02-20T15:25:01.791656+01:00, outdoor_avg_60m=0.0, flow_avg_10m=46.5, flowNow=46.5, powerNow=2000, freqNow=46, opState=heating, status=set_flow_target
2026-02-20T15:25:01.803648+01:00, outdoor_avg_60m=0.0, flow_avg_10m=46.5, flowNow=46.5, powerNow=2000, freqNow=46, opState=heating, status=set_flow_target
2026-02-20T15:30:01.630945+01:00, outdoor_avg_60m=0.0, flow_avg_10m=46.5, flowNow=46.5, powerNow=2000, freqNow=44, opState=heating, status=set_flow_target
2026-02-20T15:30:01.638227+01:00, outdoor_avg_60m=0.0, flow_avg_10m=46.5, flowNow=46.5, powerNow=2000, freqNow=44, opState=heating, status=set_flow_target
2026-02-20T15:35:01.648164+01:00, outdoor_avg_60m=0.0, flow_avg_10m=46.5, flowNow=46.5, powerNow=2000, freqNow=44, opState=heating, status=set_flow_target
2026-02-20T15:35:01.659944+01:00, outdoor_avg_60m=0.0, flow_avg_10m=46.5, flowNow=46.5, powerNow=2000, freqNow=44, opState=heating, status=set_flow_target
2026-02-20T15:40:01.688895+01:00, outdoor_avg_60m=0.0, flow_avg_10m=46.5, flowNow=46.5, powerNow=1000, freqNow=44, opState=heating, status=set_flow_target
2026-02-20T15:40:01.696514+01:00, outdoor_avg_60m=0.0, flow_avg_10m=46.5, flowNow=46.5, powerNow=1000, freqNow=44, opState=heating, status=set_flow_target
2026-02-20T15:45:01.398660+01:00, outdoor_avg_60m=0.0, flow_avg_10m=46.5, flowNow=46.5, powerNow=1000, freqNow=44, opState=heating, status=set_flow_target
2026-02-20T15:45:01.408542+01:00, outdoor_avg_60m=0.0, flow_avg_10m=46.5, flowNow=46.5, powerNow=1000, freqNow=44, opState=heating, status=set_flow_target
2026-02-20T15:50:01.418770+01:00, outdoor_avg_60m=0.0, flow_avg_10m=46.5, flowNow=46.5, powerNow=1000, freqNow=44, opState=heating, status=set_flow_target
2026-02-20T15:50:01.430166+01:00, outdoor_avg_60m=0.0, flow_avg_10m=46.5, flowNow=46.5, powerNow=1000, freqNow=44, opState=heating, status=set_flow_target
2026-02-20T15:55:01.383220+01:00, outdoor_avg_60m=0.0, flow_avg_10m=46.5, flowNow=46.5, powerNow=1000, freqNow=44, opState=heating, status=set_flow_target
2026-02-20T15:55:01.400206+01:00, outdoor_avg_60m=0.0, flow_avg_10m=46.5, flowNow=46.5, powerNow=1000, freqNow=44, opState=heating, status=set_flow_target
2026-02-20T16:00:02.399291+01:00, outdoor_avg_60m=0.0, flow_avg_10m=46.5, flowNow=46.5, powerNow=1000, freqNow=44, opState=heating, status=set_flow_target
2026-02-20T16:00:02.410056+01:00, outdoor_avg_60m=0.0, flow_avg_10m=46.5, flowNow=46.5, powerNow=1000, freqNow=44, opState=heating, status=set_flow_target
2026-02-20T16:05:01.729538+01:00, outdoor_avg_60m=0.0, flow_avg_10m=46.5, flowNow=46.5, powerNow=1000, freqNow=44, opState=heating, status=set_flow_target
2026-02-20T16:05:01.737323+01:00, outdoor_avg_60m=0.0, flow_avg_10m=46.5, flowNow=46.5, powerNow=1000, freqNow=44, opState=heating, status=set_flow_target
2026-02-20T16:10:01.666090+01:00, outdoor_avg_60m=0.0, flow_avg_10m=46.5, flowNow=46.5, powerNow=1000, freqNow=44, opState=heating, status=set_flow_target
2026-02-20T16:10:01.678868+01:00, outdoor_avg_60m=0.0, flow_avg_10m=46.5, flowNow=46.5, powerNow=1000, freqNow=44, opState=heating, status=set_flow_target
2026-02-20T16:15:01.703619+01:00, outdoor_avg_60m=0.0, flow_avg_10m=46.5, flowNow=46.5, powerNow=1000, freqNow=44, opState=heating, status=set_flow_target
2026-02-20T16:15:01.715475+01:00, outdoor_avg_60m=0.0, flow_avg_10m=46.5, flowNow=46.5, powerNow=1000, freqNow=44, opState=heating, status=set_flow_target
2026-02-20T16:20:01.530368+01:00, outdoor_avg_60m=0.0, flow_avg_10m=46.5, flowNow=46.5, powerNow=1000, freqNow=44, opState=heating, status=set_flow_target
2026-02-20T16:20:01.542078+01:00, outdoor_avg_60m=0.0, flow_avg_10m=46.5, flowNow=46.5, powerNow=1000, freqNow=44, opState=heating, status=set_flow_target
2026-02-20T16:25:01.764413+01:00, outdoor_avg_60m=0.0, flow_avg_10m=46.5, flowNow=46.5, powerNow=1000, freqNow=44, opState=heating, status=set_flow_target
2026-02-20T16:25:01.775465+01:00, outdoor_avg_60m=0.0, flow_avg_10m=46.5, flowNow=46.5, powerNow=1000, freqNow=44, opState=heating, status=set_flow_target
2026-02-20T16:30:01.799998+01:00, outdoor_avg_60m=0.0, flow_avg_10m=46.5, flowNow=46.5, powerNow=1000, freqNow=44, opState=heating, status=set_flow_target
2026-02-20T16:30:01.806963+01:00, outdoor_avg_60m=0.0, flow_avg_10m=46.5, flowNow=46.5, powerNow=1000, freqNow=44, opState=heating, status=set_flow_target
2026-02-20T16:35:01.629768+01:00, outdoor_avg_60m=0.0, flow_avg_10m=46.5, flowNow=46.5, powerNow=1000, freqNow=44, opState=heating, status=set_flow_target
2026-02-20T16:35:01.641798+01:00, outdoor_avg_60m=0.0, flow_avg_10m=46.5, flowNow=46.5, powerNow=1000, freqNow=44, opState=heating, status=set_flow_target
2026-02-20T16:40:01.660262+01:00, outdoor_avg_60m=0.0, flow_avg_10m=46.5, flowNow=46.5, powerNow=1000, freqNow=44, opState=heating, status=set_flow_target
2026-02-20T16:40:01.672693+01:00, outdoor_avg_60m=0.0, flow_avg_10m=46.5, flowNow=46.5, powerNow=1000, freqNow=44, opState=heating, status=set_flow_target
2026-02-20T16:45:01.700718+01:00, outdoor_avg_60m=0.0, flow_avg_10m=46.5, flowNow=46.5, powerNow=1000, freqNow=44, opState=heating, status=set_flow_target
2026-02-20T16:45:01.707708+01:00, outdoor_avg_60m=0.0, flow_avg_10m=46.5, flowNow=46.5, powerNow=1000, freqNow=44, opState=heating, status=set_flow_target
2026-02-20T16:50:01.731780+01:00, outdoor_avg_60m=0.0, flow_avg_10m=46.5, flowNow=46.5, powerNow=1000, freqNow=44, opState=heating, status=set_flow_target
2026-02-20T16:50:01.738672+01:00, outdoor_avg_60m=0.0, flow_avg_10m=46.5, flowNow=46.5, powerNow=1000, freqNow=44, opState=heating, status=set_flow_target
2026-02-20T16:55:01.551333+01:00, outdoor_avg_60m=0.0, flow_avg_10m=46.5, flowNow=46.5, powerNow=1000, freqNow=44, opState=heating, status=set_flow_target
2026-02-20T16:55:01.562844+01:00, outdoor_avg_60m=0.0, flow_avg_10m=46.5, flowNow=46.5, powerNow=1000, freqNow=44, opState=heating, status=set_flow_target
2026-02-20T17:00:01.798207+01:00, outdoor_avg_60m=0.0, flow_avg_10m=46.5, flowNow=46.5, powerNow=2000, freqNow=44, opState=heating, status=set_flow_target
2026-02-20T17:00:01.812896+01:00, outdoor_avg_60m=0.0, flow_avg_10m=46.5, flowNow=46.5, powerNow=2000, freqNow=44, opState=heating, status=set_flow_target
2026-02-20T17:05:01.417837+01:00, outdoor_avg_60m=0.0, flow_avg_10m=46.5, flowNow=46.5, powerNow=1000, freqNow=44, opState=heating, status=set_flow_target
2026-02-20T17:05:01.429903+01:00, outdoor_avg_60m=0.0, flow_avg_10m=46.5, flowNow=46.5, powerNow=1000, freqNow=44, opState=heating, status=set_flow_target
2026-02-20T17:10:01.651893+01:00, outdoor_avg_60m=0.0, flow_avg_10m=46.5, flowNow=46.5, powerNow=1000, freqNow=44, opState=heating, status=set_flow_target
2026-02-20T17:10:01.663604+01:00, outdoor_avg_60m=0.0, flow_avg_10m=46.5, flowNow=46.5, powerNow=1000, freqNow=44, opState=heating, status=set_flow_target
2026-02-20T17:15:01.682738+01:00, outdoor_avg_60m=0.0, flow_avg_10m=46.5, flowNow=46.5, powerNow=1000, freqNow=44, opState=heating, status=set_flow_target
2026-02-20T17:15:01.694537+01:00, outdoor_avg_60m=0.0, flow_avg_10m=46.5, flowNow=46.5, powerNow=1000, freqNow=44, opState=heating, status=set_flow_target
2026-02-20T17:20:01.722951+01:00, outdoor_avg_60m=0.0, flow_avg_10m=46.5, flowNow=46.5, powerNow=1000, freqNow=44, opState=heating, status=set_flow_target
2026-02-20T17:20:01.735486+01:00, outdoor_avg_60m=0.0, flow_avg_10m=46.5, flowNow=46.5, powerNow=1000, freqNow=44, opState=heating, status=set_flow_target
2026-02-20T17:25:01.543253+01:00, outdoor_avg_60m=0.0, flow_avg_10m=46.5, flowNow=46.5, powerNow=1000, freqNow=44, opState=heating, status=set_flow_target
2026-02-20T17:25:01.554424+01:00, outdoor_avg_60m=0.0, flow_avg_10m=46.5, flowNow=46.5, powerNow=1000, freqNow=44, opState=heating, status=set_flow_target
2026-02-20T17:30:01.785124+01:00, outdoor_avg_60m=0.0, flow_avg_10m=46.5, flowNow=46.5, powerNow=1000, freqNow=44, opState=heating, status=set_flow_target
2026-02-20T17:30:01.794655+01:00, outdoor_avg_60m=0.0, flow_avg_10m=46.5, flowNow=46.5, powerNow=1000, freqNow=44, opState=heating, status=set_flow_target
2026-02-20T17:35:01.607430+01:00, outdoor_avg_60m=0.0, flow_avg_10m=46.5, flowNow=46.5, powerNow=1000, freqNow=44, opState=heating, status=set_flow_target
2026-02-20T17:35:01.615298+01:00, outdoor_avg_60m=0.0, flow_avg_10m=46.5, flowNow=46.5, powerNow=1000, freqNow=44, opState=heating, status=set_flow_target
2026-02-20T17:40:01.648061+01:00, outdoor_avg_60m=0.0, flow_avg_10m=46.5, flowNow=46.5, powerNow=1000, freqNow=44, opState=heating, status=set_flow_target
2026-02-20T17:40:01.655026+01:00, outdoor_avg_60m=0.0, flow_avg_10m=46.5, flowNow=46.5, powerNow=1000, freqNow=44, opState=heating, status=set_flow_target
2026-02-20T17:45:01.678523+01:00, outdoor_avg_60m=0.0, flow_avg_10m=46.5, flowNow=46.5, powerNow=1000, freqNow=44, opState=heating, status=set_flow_target
2026-02-20T17:45:01.685545+01:00, outdoor_avg_60m=0.0, flow_avg_10m=46.5, flowNow=46.5, powerNow=1000, freqNow=44, opState=heating, status=set_flow_target
2026-02-20T17:50:01.706533+01:00, outdoor_avg_60m=0.0, flow_avg_10m=46.5, flowNow=46.5, powerNow=1000, freqNow=44, opState=heating, status=set_flow_target
2026-02-20T17:50:01.718642+01:00, outdoor_avg_60m=0.0, flow_avg_10m=46.5, flowNow=46.5, powerNow=1000, freqNow=44, opState=heating, status=set_flow_target
2026-02-20T17:55:01.744964+01:00, outdoor_avg_60m=0.0, flow_avg_10m=46.5, flowNow=46.5, powerNow=1000, freqNow=44, opState=heating, status=set_flow_target
2026-02-20T17:55:01.752067+01:00, outdoor_avg_60m=0.0, flow_avg_10m=46.5, flowNow=46.5, powerNow=1000, freqNow=44, opState=heating, status=set_flow_target
2026-02-20T18:00:01.978738+01:00, outdoor_avg_60m=0.0, flow_avg_10m=46.5, flowNow=46, powerNow=1000, freqNow=44, opState=heating, status=set_flow_target
2026-02-20T18:00:01.990694+01:00, outdoor_avg_60m=0.0, flow_avg_10m=46.5, flowNow=46, powerNow=1000, freqNow=44, opState=heating, status=set_flow_target
2026-02-20T18:05:01.601555+01:00, outdoor_avg_60m=0.0, flow_avg_10m=46.25, flowNow=46.5, powerNow=1000, freqNow=44, opState=heating, status=set_flow_target
2026-02-20T18:05:01.613347+01:00, outdoor_avg_60m=0.0, flow_avg_10m=46.25, flowNow=46.5, powerNow=1000, freqNow=44, opState=heating, status=set_flow_target
2026-02-20T18:10:01.643834+01:00, outdoor_avg_60m=0.0, flow_avg_10m=46.25, flowNow=46.5, powerNow=1000, freqNow=44, opState=heating, status=set_flow_target
2026-02-20T18:10:01.655783+01:00, outdoor_avg_60m=0.0, flow_avg_10m=46.25, flowNow=46.5, powerNow=1000, freqNow=44, opState=heating, status=set_flow_target
2026-02-20T18:15:01.664393+01:00, outdoor_avg_60m=0.0, flow_avg_10m=46.5, flowNow=46, powerNow=1000, freqNow=44, opState=heating, status=set_flow_target
2026-02-20T18:15:01.671683+01:00, outdoor_avg_60m=0.0, flow_avg_10m=46.5, flowNow=46, powerNow=1000, freqNow=44, opState=heating, status=set_flow_target
2026-02-20T18:20:01.692280+01:00, outdoor_avg_60m=0.0, flow_avg_10m=46.0, flowNow=46, powerNow=1000, freqNow=44, opState=heating, status=set_flow_target
2026-02-20T18:20:01.703764+01:00, outdoor_avg_60m=0.0, flow_avg_10m=46.0, flowNow=46, powerNow=1000, freqNow=44, opState=heating, status=set_flow_target
2026-02-20T18:25:01.527869+01:00, outdoor_avg_60m=0.0, flow_avg_10m=46.0, flowNow=46.5, powerNow=1000, freqNow=44, opState=heating, status=set_flow_target
2026-02-20T18:25:01.534965+01:00, outdoor_avg_60m=0.0, flow_avg_10m=46.0, flowNow=46.5, powerNow=1000, freqNow=44, opState=heating, status=set_flow_target
2026-02-20T18:30:01.559732+01:00, outdoor_avg_60m=0.0, flow_avg_10m=46.25, flowNow=46, powerNow=1000, freqNow=44, opState=heating, status=set_flow_target
2026-02-20T18:30:01.566846+01:00, outdoor_avg_60m=0.0, flow_avg_10m=46.25, flowNow=46, powerNow=1000, freqNow=44, opState=heating, status=set_flow_target
2026-02-20T18:35:01.590715+01:00, outdoor_avg_60m=0.0, flow_avg_10m=46.0, flowNow=46, powerNow=1000, freqNow=44, opState=heating, status=set_flow_target
2026-02-20T18:35:01.601311+01:00, outdoor_avg_60m=0.0, flow_avg_10m=46.0, flowNow=46, powerNow=1000, freqNow=44, opState=heating, status=set_flow_target
2026-02-20T18:40:01.621692+01:00, outdoor_avg_60m=0.0, flow_avg_10m=46.0, flowNow=46, powerNow=1000, freqNow=44, opState=heating, status=set_flow_target
2026-02-20T18:40:01.633831+01:00, outdoor_avg_60m=0.0, flow_avg_10m=46.0, flowNow=46, powerNow=1000, freqNow=44, opState=heating, status=set_flow_target
2026-02-20T18:45:01.668217+01:00, outdoor_avg_60m=0.0, flow_avg_10m=46.0, flowNow=46, powerNow=1000, freqNow=44, opState=heating, status=set_flow_target
2026-02-20T18:45:01.675756+01:00, outdoor_avg_60m=0.0, flow_avg_10m=46.0, flowNow=46, powerNow=1000, freqNow=44, opState=heating, status=set_flow_target
2026-02-20T18:50:01.687369+01:00, outdoor_avg_60m=0.0, flow_avg_10m=46.0, flowNow=46, powerNow=1000, freqNow=44, opState=heating, status=set_flow_target
2026-02-20T18:50:01.698870+01:00, outdoor_avg_60m=0.0, flow_avg_10m=46.0, flowNow=46, powerNow=1000, freqNow=44, opState=heating, status=set_flow_target
2026-02-20T18:55:01.720821+01:00, outdoor_avg_60m=0.0, flow_avg_10m=46.0, flowNow=46, powerNow=1000, freqNow=44, opState=heating, status=set_flow_target
2026-02-20T18:55:01.732763+01:00, outdoor_avg_60m=0.0, flow_avg_10m=46.0, flowNow=46, powerNow=1000, freqNow=44, opState=heating, status=set_flow_target
2026-02-20T19:00:01.753119+01:00, outdoor_avg_60m=0.0, flow_avg_10m=46.0, flowNow=30, powerNow=0, freqNow=42, opState=heating, status=set_flow_target
2026-02-20T19:00:01.765602+01:00, outdoor_avg_60m=0.0, flow_avg_10m=46.0, flowNow=30, powerNow=0, freqNow=42, opState=heating, status=set_flow_target
2026-02-20T19:05:01.582710+01:00, outdoor_avg_60m=0.0, flow_avg_10m=38.0, flowNow=44.5, powerNow=2000, freqNow=48, opState=heating, status=set_flow_target
2026-02-20T19:05:01.594562+01:00, outdoor_avg_60m=0.0, flow_avg_10m=38.0, flowNow=44.5, powerNow=2000, freqNow=48, opState=heating, status=set_flow_target
2026-02-20T19:40:01.602720+01:00, outdoor_avg_60m=0.5, flow_avg_10m=46.5, flowNow=46.5, powerNow=2000, freqNow=50, opState=heating, status=set_flow_target
2026-02-20T19:40:01.614160+01:00, outdoor_avg_60m=0.5, flow_avg_10m=46.5, flowNow=46.5, powerNow=2000, freqNow=50, opState=heating, status=set_flow_target
2026-02-20T19:45:01.639631+01:00, outdoor_avg_60m=0.58, flow_avg_10m=46.5, flowNow=45.5, powerNow=1000, freqNow=42, opState=heating, status=set_flow_target
2026-02-20T19:45:01.649249+01:00, outdoor_avg_60m=0.58, flow_avg_10m=46.5, flowNow=45.5, powerNow=1000, freqNow=42, opState=heating, status=set_flow_target
2026-02-20T19:50:01.664706+01:00, outdoor_avg_60m=0.67, flow_avg_10m=45.5, flowNow=45.5, powerNow=1000, freqNow=42, opState=heating, status=set_flow_target
2026-02-20T19:50:01.676731+01:00, outdoor_avg_60m=0.67, flow_avg_10m=45.5, flowNow=45.5, powerNow=1000, freqNow=42, opState=heating, status=set_flow_target
2026-02-20T19:55:01.700333+01:00, outdoor_avg_60m=0.75, flow_avg_10m=45.5, flowNow=45.5, powerNow=1000, freqNow=42, opState=heating, status=set_flow_target
2026-02-20T19:55:01.711969+01:00, outdoor_avg_60m=0.75, flow_avg_10m=45.5, flowNow=45.5, powerNow=1000, freqNow=42, opState=heating, status=set_flow_target
2026-02-20T20:00:01.730414+01:00, outdoor_avg_60m=0.83, flow_avg_10m=45.5, flowNow=46.5, powerNow=1000, freqNow=44, opState=heating, status=set_flow_target
2026-02-20T20:00:01.742263+01:00, outdoor_avg_60m=0.83, flow_avg_10m=45.5, flowNow=46.5, powerNow=1000, freqNow=44, opState=heating, status=set_flow_target
2026-02-20T20:05:01.564898+01:00, outdoor_avg_60m=0.92, flow_avg_10m=46.0, flowNow=46, powerNow=1000, freqNow=44, opState=heating, status=set_flow_target
2026-02-20T20:05:01.582330+01:00, outdoor_avg_60m=0.92, flow_avg_10m=46.0, flowNow=46, powerNow=1000, freqNow=44, opState=heating, status=set_flow_target
2026-02-20T20:10:01.594329+01:00, outdoor_avg_60m=1.0, flow_avg_10m=46.25, flowNow=46, powerNow=1000, freqNow=44, opState=heating, status=set_flow_target
2026-02-20T20:10:01.609680+01:00, outdoor_avg_60m=1.0, flow_avg_10m=46.25, flowNow=46, powerNow=1000, freqNow=44, opState=heating, status=set_flow_target
2026-02-20T20:15:01.829417+01:00, outdoor_avg_60m=1.0, flow_avg_10m=46.0, flowNow=46.5, powerNow=1000, freqNow=44, opState=heating, status=set_flow_target
2026-02-20T20:15:01.843166+01:00, outdoor_avg_60m=1.0, flow_avg_10m=46.0, flowNow=46.5, powerNow=1000, freqNow=44, opState=heating, status=set_flow_target
2026-02-20T20:20:01.659806+01:00, outdoor_avg_60m=1.0, flow_avg_10m=46.5, flowNow=46.5, powerNow=1000, freqNow=44, opState=heating, status=set_flow_target
2026-02-20T20:20:01.666645+01:00, outdoor_avg_60m=1.0, flow_avg_10m=46.5, flowNow=46.5, powerNow=1000, freqNow=44, opState=heating, status=set_flow_target
2026-02-20T20:25:01.493920+01:00, outdoor_avg_60m=1.0, flow_avg_10m=46.5, flowNow=46.5, powerNow=1000, freqNow=44, opState=heating, status=set_flow_target
2026-02-20T20:25:01.505631+01:00, outdoor_avg_60m=1.0, flow_avg_10m=46.5, flowNow=46.5, powerNow=1000, freqNow=44, opState=heating, status=set_flow_target
2026-02-20T20:30:01.729731+01:00, outdoor_avg_60m=1.0, flow_avg_10m=46.5, flowNow=46.5, powerNow=1000, freqNow=44, opState=heating, status=set_flow_target
2026-02-20T20:30:01.739381+01:00, outdoor_avg_60m=1.0, flow_avg_10m=46.5, flowNow=46.5, powerNow=1000, freqNow=44, opState=heating, status=set_flow_target
2026-02-20T20:35:01.563674+01:00, outdoor_avg_60m=0.91, flow_avg_10m=46.5, flowNow=46.5, powerNow=1000, freqNow=44, opState=heating, status=set_flow_target
2026-02-20T20:35:01.575740+01:00, outdoor_avg_60m=0.91, flow_avg_10m=46.5, flowNow=46.5, powerNow=1000, freqNow=44, opState=heating, status=set_flow_target
2026-02-20T20:40:01.584317+01:00, outdoor_avg_60m=0.83, flow_avg_10m=46.5, flowNow=46.5, powerNow=1000, freqNow=44, opState=heating, status=set_flow_target
2026-02-20T20:40:01.592520+01:00, outdoor_avg_60m=0.83, flow_avg_10m=46.5, flowNow=46.5, powerNow=1000, freqNow=44, opState=heating, status=set_flow_target
2026-02-20T20:45:01.614124+01:00, outdoor_avg_60m=0.75, flow_avg_10m=46.5, flowNow=46.5, powerNow=1000, freqNow=44, opState=heating, status=set_flow_target
2026-02-20T20:45:01.630724+01:00, outdoor_avg_60m=0.75, flow_avg_10m=46.5, flowNow=46.5, powerNow=1000, freqNow=44, opState=heating, status=set_flow_target
2026-02-20T20:50:01.655805+01:00, outdoor_avg_60m=0.67, flow_avg_10m=46.5, flowNow=46.5, powerNow=2000, freqNow=44, opState=heating, status=set_flow_target
2026-02-20T20:50:01.663161+01:00, outdoor_avg_60m=0.67, flow_avg_10m=46.5, flowNow=46.5, powerNow=2000, freqNow=44, opState=heating, status=set_flow_target
2026-02-20T20:55:01.680241+01:00, outdoor_avg_60m=0.58, flow_avg_10m=46.5, flowNow=46.5, powerNow=1000, freqNow=44, opState=heating, status=set_flow_target
2026-02-20T20:55:01.693280+01:00, outdoor_avg_60m=0.58, flow_avg_10m=46.5, flowNow=46.5, powerNow=1000, freqNow=44, opState=heating, status=set_flow_target
2026-02-20T21:00:01.716434+01:00, outdoor_avg_60m=0.5, flow_avg_10m=46.5, flowNow=46.5, powerNow=1000, freqNow=44, opState=heating, status=set_flow_target
2026-02-20T21:00:01.727937+01:00, outdoor_avg_60m=0.5, flow_avg_10m=46.5, flowNow=46.5, powerNow=1000, freqNow=44, opState=heating, status=set_flow_target
2026-02-20T21:05:01.541962+01:00, outdoor_avg_60m=0.42, flow_avg_10m=46.5, flowNow=46.5, powerNow=1000, freqNow=44, opState=heating, status=set_flow_target
2026-02-20T21:05:01.553368+01:00, outdoor_avg_60m=0.42, flow_avg_10m=46.5, flowNow=46.5, powerNow=1000, freqNow=44, opState=heating, status=set_flow_target
2026-02-20T21:10:01.774920+01:00, outdoor_avg_60m=0.27, flow_avg_10m=46.5, flowNow=46.5, powerNow=1000, freqNow=44, opState=heating, status=set_flow_target
2026-02-20T21:10:01.786567+01:00, outdoor_avg_60m=0.27, flow_avg_10m=46.5, flowNow=46.5, powerNow=1000, freqNow=44, opState=heating, status=set_flow_target
2026-02-20T21:15:01.620653+01:00, outdoor_avg_60m=0.25, flow_avg_10m=46.5, flowNow=46.5, powerNow=1000, freqNow=44, opState=heating, status=set_flow_target
2026-02-20T21:15:01.628407+01:00, outdoor_avg_60m=0.25, flow_avg_10m=46.5, flowNow=46.5, powerNow=1000, freqNow=44, opState=heating, status=set_flow_target
2026-02-20T21:20:01.650092+01:00, outdoor_avg_60m=0.17, flow_avg_10m=46.5, flowNow=46.5, powerNow=1000, freqNow=44, opState=heating, status=set_flow_target
2026-02-20T21:20:01.662192+01:00, outdoor_avg_60m=0.17, flow_avg_10m=46.5, flowNow=46.5, powerNow=1000, freqNow=44, opState=heating, status=set_flow_target
2026-02-20T21:25:01.671826+01:00, outdoor_avg_60m=0.0, flow_avg_10m=46.5, flowNow=46.5, powerNow=1000, freqNow=44, opState=heating, status=set_flow_target
2026-02-20T21:25:01.682986+01:00, outdoor_avg_60m=0.0, flow_avg_10m=46.5, flowNow=46.5, powerNow=1000, freqNow=44, opState=heating, status=set_flow_target
2026-02-20T21:30:01.713587+01:00, outdoor_avg_60m=0.0, flow_avg_10m=46.5, flowNow=46.5, powerNow=1000, freqNow=44, opState=heating, status=set_flow_target
2026-02-20T21:30:01.720742+01:00, outdoor_avg_60m=0.0, flow_avg_10m=46.5, flowNow=46.5, powerNow=1000, freqNow=44, opState=heating, status=set_flow_target
2026-02-20T21:35:01.545262+01:00, outdoor_avg_60m=0.0, flow_avg_10m=46.5, flowNow=46.5, powerNow=1000, freqNow=44, opState=heating, status=set_flow_target
2026-02-20T21:35:01.552775+01:00, outdoor_avg_60m=0.0, flow_avg_10m=46.5, flowNow=46.5, powerNow=1000, freqNow=44, opState=heating, status=set_flow_target
2026-02-20T21:40:01.606363+01:00, outdoor_avg_60m=0.0, flow_avg_10m=46.5, flowNow=46.5, powerNow=1000, freqNow=44, opState=heating, status=set_flow_target
2026-02-20T21:40:01.616846+01:00, outdoor_avg_60m=0.0, flow_avg_10m=46.5, flowNow=46.5, powerNow=1000, freqNow=44, opState=heating, status=set_flow_target
2026-02-20T21:45:01.617223+01:00, outdoor_avg_60m=0.0, flow_avg_10m=46.5, flowNow=46.5, powerNow=1000, freqNow=44, opState=heating, status=set_flow_target
2026-02-20T21:45:01.625501+01:00, outdoor_avg_60m=0.0, flow_avg_10m=46.5, flowNow=46.5, powerNow=1000, freqNow=44, opState=heating, status=set_flow_target
2026-02-20T21:50:01.636947+01:00, outdoor_avg_60m=0.0, flow_avg_10m=46.5, flowNow=46.5, powerNow=1000, freqNow=44, opState=heating, status=set_flow_target
2026-02-20T21:50:01.648967+01:00, outdoor_avg_60m=0.0, flow_avg_10m=46.5, flowNow=46.5, powerNow=1000, freqNow=44, opState=heating, status=set_flow_target
2026-02-20T21:55:01.475701+01:00, outdoor_avg_60m=0.0, flow_avg_10m=46.5, flowNow=30.5, powerNow=0, freqNow=42, opState=heating, status=set_flow_target
2026-02-20T21:55:01.488252+01:00, outdoor_avg_60m=0.0, flow_avg_10m=46.5, flowNow=30.5, powerNow=0, freqNow=42, opState=heating, status=set_flow_target
2026-02-20T22:00:01.702279+01:00, outdoor_avg_60m=0.0, flow_avg_10m=30.5, flowNow=36, powerNow=0, freqNow=46, opState=heating, status=set_flow_target
2026-02-20T22:00:01.714195+01:00, outdoor_avg_60m=0.0, flow_avg_10m=30.5, flowNow=36, powerNow=0, freqNow=46, opState=heating, status=set_flow_target
2026-02-20T22:05:01.782357+01:00, outdoor_avg_60m=0.0, flow_avg_10m=36.0, flowNow=45, powerNow=2000, freqNow=54, opState=heating, status=set_flow_target
2026-02-20T22:05:01.800235+01:00, outdoor_avg_60m=0.0, flow_avg_10m=36.0, flowNow=45, powerNow=2000, freqNow=54, opState=heating, status=set_flow_target
2026-02-20T22:10:01.575102+01:00, outdoor_avg_60m=0.0, flow_avg_10m=40.5, flowNow=45.5, powerNow=2000, freqNow=50, opState=heating, status=set_flow_target
2026-02-20T22:10:01.581779+01:00, outdoor_avg_60m=0.0, flow_avg_10m=40.5, flowNow=45.5, powerNow=2000, freqNow=50, opState=heating, status=set_flow_target
2026-02-20T22:15:01.590556+01:00, outdoor_avg_60m=0.0, flow_avg_10m=45.25, flowNow=45.5, powerNow=2000, freqNow=50, opState=heating, status=set_flow_target
2026-02-20T22:15:01.602190+01:00, outdoor_avg_60m=0.0, flow_avg_10m=45.25, flowNow=45.5, powerNow=2000, freqNow=50, opState=heating, status=set_flow_target
2026-02-20T22:20:01.626328+01:00, outdoor_avg_60m=0.0, flow_avg_10m=45.5, flowNow=46, powerNow=2000, freqNow=50, opState=heating, status=set_flow_target
2026-02-20T22:20:01.633443+01:00, outdoor_avg_60m=0.0, flow_avg_10m=45.5, flowNow=46, powerNow=2000, freqNow=50, opState=heating, status=set_flow_target
2026-02-20T22:25:01.659628+01:00, outdoor_avg_60m=0.0, flow_avg_10m=46.0, flowNow=46, powerNow=2000, freqNow=48, opState=heating, status=set_flow_target
2026-02-20T22:25:01.667101+01:00, outdoor_avg_60m=0.0, flow_avg_10m=46.0, flowNow=46, powerNow=2000, freqNow=48, opState=heating, status=set_flow_target
2026-02-20T22:30:01.490076+01:00, outdoor_avg_60m=0.0, flow_avg_10m=46.0, flowNow=46.5, powerNow=2000, freqNow=46, opState=heating, status=set_flow_target
2026-02-20T22:30:01.502507+01:00, outdoor_avg_60m=0.0, flow_avg_10m=46.0, flowNow=46.5, powerNow=2000, freqNow=46, opState=heating, status=set_flow_target
2026-02-20T22:35:01.720057+01:00, outdoor_avg_60m=0.0, flow_avg_10m=46.5, flowNow=46.5, powerNow=2000, freqNow=44, opState=heating, status=set_flow_target
2026-02-20T22:35:01.731719+01:00, outdoor_avg_60m=0.0, flow_avg_10m=46.5, flowNow=46.5, powerNow=2000, freqNow=44, opState=heating, status=set_flow_target
2026-02-20T22:40:01.769377+01:00, outdoor_avg_60m=0.0, flow_avg_10m=46.5, flowNow=46.5, powerNow=2000, freqNow=44, opState=heating, status=set_flow_target
2026-02-20T22:40:01.776614+01:00, outdoor_avg_60m=0.0, flow_avg_10m=46.5, flowNow=46.5, powerNow=2000, freqNow=44, opState=heating, status=set_flow_target
2026-02-20T22:45:01.579106+01:00, outdoor_avg_60m=0.0, flow_avg_10m=46.5, flowNow=46.5, powerNow=2000, freqNow=42, opState=heating, status=set_flow_target
2026-02-20T22:45:01.591343+01:00, outdoor_avg_60m=0.0, flow_avg_10m=46.5, flowNow=46.5, powerNow=2000, freqNow=42, opState=heating, status=set_flow_target
2026-02-20T22:50:01.620175+01:00, outdoor_avg_60m=0.0, flow_avg_10m=46.5, flowNow=46.5, powerNow=2000, freqNow=42, opState=heating, status=set_flow_target
2026-02-20T22:50:01.630931+01:00, outdoor_avg_60m=0.0, flow_avg_10m=46.5, flowNow=46.5, powerNow=2000, freqNow=42, opState=heating, status=set_flow_target
2026-02-20T22:55:01.638825+01:00, outdoor_avg_60m=0.0, flow_avg_10m=46.5, flowNow=46.5, powerNow=2000, freqNow=42, opState=heating, status=set_flow_target
2026-02-20T22:55:01.650588+01:00, outdoor_avg_60m=0.0, flow_avg_10m=46.5, flowNow=46.5, powerNow=2000, freqNow=42, opState=heating, status=set_flow_target
2026-02-20T23:00:01.676108+01:00, outdoor_avg_60m=0.0, flow_avg_10m=46.5, flowNow=46.5, powerNow=2000, freqNow=42, opState=heating, status=set_flow_target
2026-02-20T23:00:01.689252+01:00, outdoor_avg_60m=0.0, flow_avg_10m=46.5, flowNow=46.5, powerNow=2000, freqNow=42, opState=heating, status=set_flow_target
2026-02-20T23:05:04.575198+01:00, outdoor_avg_60m=0.0, flow_avg_10m=46.5, flowNow=46.5, powerNow=2000, freqNow=42, opState=heating, status=set_flow_target
2026-02-20T23:05:04.587118+01:00, outdoor_avg_60m=0.0, flow_avg_10m=46.5, flowNow=46.5, powerNow=2000, freqNow=42, opState=heating, status=set_flow_target
2026-02-20T23:10:01.560645+01:00, outdoor_avg_60m=0.0, flow_avg_10m=46.5, flowNow=46.5, powerNow=2000, freqNow=42, opState=heating, status=set_flow_target
2026-02-20T23:10:01.572712+01:00, outdoor_avg_60m=0.0, flow_avg_10m=46.5, flowNow=46.5, powerNow=2000, freqNow=42, opState=heating, status=set_flow_target
2026-02-20T23:15:01.583609+01:00, outdoor_avg_60m=0.0, flow_avg_10m=46.5, flowNow=35, powerNow=0, freqNow=0, opState=heating, status=set_flow_target
2026-02-20T23:15:01.591226+01:00, outdoor_avg_60m=0.0, flow_avg_10m=46.5, flowNow=35, powerNow=0, freqNow=0, opState=heating, status=set_flow_target
2026-02-20T23:20:01.809964+01:00, outdoor_avg_60m=0.0, flow_avg_10m=35.0, flowNow=45, powerNow=2000, freqNow=52, opState=heating, status=set_flow_target
2026-02-20T23:20:01.822250+01:00, outdoor_avg_60m=0.0, flow_avg_10m=35.0, flowNow=45, powerNow=2000, freqNow=52, opState=heating, status=set_flow_target
2026-02-20T23:25:01.637358+01:00, outdoor_avg_60m=0.0, flow_avg_10m=45.0, flowNow=46, powerNow=2000, freqNow=52, opState=heating, status=set_flow_target
2026-02-20T23:25:01.645835+01:00, outdoor_avg_60m=0.0, flow_avg_10m=45.0, flowNow=46, powerNow=2000, freqNow=52, opState=heating, status=set_flow_target
2026-02-20T23:30:01.680871+01:00, outdoor_avg_60m=0.0, flow_avg_10m=45.5, flowNow=46, powerNow=2000, freqNow=50, opState=heating, status=set_flow_target
2026-02-20T23:30:01.687973+01:00, outdoor_avg_60m=0.0, flow_avg_10m=45.5, flowNow=46, powerNow=2000, freqNow=50, opState=heating, status=set_flow_target
2026-02-20T23:35:01.718202+01:00, outdoor_avg_60m=0.0, flow_avg_10m=46.0, flowNow=46.5, powerNow=2000, freqNow=44, opState=heating, status=set_flow_target
2026-02-20T23:35:01.726068+01:00, outdoor_avg_60m=0.0, flow_avg_10m=46.0, flowNow=46.5, powerNow=2000, freqNow=44, opState=heating, status=set_flow_target
2026-02-20T23:40:01.728593+01:00, outdoor_avg_60m=0.0, flow_avg_10m=46.5, flowNow=46.5, powerNow=2000, freqNow=46, opState=heating, status=set_flow_target
2026-02-20T23:40:01.740198+01:00, outdoor_avg_60m=0.0, flow_avg_10m=46.5, flowNow=46.5, powerNow=2000, freqNow=46, opState=heating, status=set_flow_target
2026-02-20T23:45:01.758958+01:00, outdoor_avg_60m=0.0, flow_avg_10m=46.5, flowNow=46.5, powerNow=1000, freqNow=44, opState=heating, status=set_flow_target
2026-02-20T23:45:01.777883+01:00, outdoor_avg_60m=0.0, flow_avg_10m=46.5, flowNow=46.5, powerNow=1000, freqNow=44, opState=heating, status=set_flow_target
2026-02-20T23:50:01.586793+01:00, outdoor_avg_60m=0.0, flow_avg_10m=46.5, flowNow=47, powerNow=1000, freqNow=44, opState=heating, status=set_flow_target
2026-02-20T23:50:01.598540+01:00, outdoor_avg_60m=0.0, flow_avg_10m=46.5, flowNow=47, powerNow=1000, freqNow=44, opState=heating, status=set_flow_target
2026-02-20T23:55:01.627596+01:00, outdoor_avg_60m=0.0, flow_avg_10m=46.75, flowNow=47, powerNow=1000, freqNow=42, opState=heating, status=set_flow_target
2026-02-20T23:55:01.634852+01:00, outdoor_avg_60m=0.0, flow_avg_10m=46.75, flowNow=47, powerNow=1000, freqNow=42, opState=heating, status=set_flow_target
2026-02-21T00:00:01.653493+01:00, outdoor_avg_60m=0.0, flow_avg_10m=47.0, flowNow=46.5, powerNow=1000, freqNow=42, opState=heating, status=set_flow_target
2026-02-21T00:00:01.660935+01:00, outdoor_avg_60m=0.0, flow_avg_10m=47.0, flowNow=46.5, powerNow=1000, freqNow=42, opState=heating, status=set_flow_target
2026-02-21T00:05:01.692082+01:00, outdoor_avg_60m=0.0, flow_avg_10m=46.5, flowNow=46, powerNow=1000, freqNow=36, opState=heating, status=set_flow_target
2026-02-21T00:05:01.700011+01:00, outdoor_avg_60m=0.0, flow_avg_10m=46.5, flowNow=46, powerNow=1000, freqNow=36, opState=heating, status=set_flow_target
2026-02-21T00:10:01.714816+01:00, outdoor_avg_60m=0.0, flow_avg_10m=46.0, flowNow=45.5, powerNow=1000, freqNow=36, opState=heating, status=set_flow_target
2026-02-21T00:10:01.726489+01:00, outdoor_avg_60m=0.0, flow_avg_10m=46.0, flowNow=45.5, powerNow=1000, freqNow=36, opState=heating, status=set_flow_target
2026-02-21T00:15:01.761020+01:00, outdoor_avg_60m=0.0, flow_avg_10m=45.5, flowNow=46.5, powerNow=1000, freqNow=42, opState=heating, status=set_flow_target
2026-02-21T00:15:01.768496+01:00, outdoor_avg_60m=0.0, flow_avg_10m=45.5, flowNow=46.5, powerNow=1000, freqNow=42, opState=heating, status=set_flow_target
2026-02-21T00:20:01.582021+01:00, outdoor_avg_60m=0.0, flow_avg_10m=46.0, flowNow=46.5, powerNow=1000, freqNow=38, opState=heating, status=set_flow_target
2026-02-21T00:20:01.590005+01:00, outdoor_avg_60m=0.0, flow_avg_10m=46.0, flowNow=46.5, powerNow=1000, freqNow=38, opState=heating, status=set_flow_target
2026-02-21T00:25:01.611560+01:00, outdoor_avg_60m=0.0, flow_avg_10m=46.5, flowNow=46.5, powerNow=1000, freqNow=38, opState=heating, status=set_flow_target
2026-02-21T00:25:01.623823+01:00, outdoor_avg_60m=0.0, flow_avg_10m=46.5, flowNow=46.5, powerNow=1000, freqNow=38, opState=heating, status=set_flow_target
2026-02-21T00:30:01.647305+01:00, outdoor_avg_60m=0.0, flow_avg_10m=46.5, flowNow=46, powerNow=1000, freqNow=38, opState=heating, status=set_flow_target
2026-02-21T00:30:01.654709+01:00, outdoor_avg_60m=0.0, flow_avg_10m=46.5, flowNow=46, powerNow=1000, freqNow=38, opState=heating, status=set_flow_target
2026-02-21T00:35:01.675782+01:00, outdoor_avg_60m=0.0, flow_avg_10m=46.0, flowNow=36, powerNow=0, freqNow=0, opState=heating, status=set_flow_target
2026-02-21T00:35:01.687918+01:00, outdoor_avg_60m=0.0, flow_avg_10m=46.0, flowNow=36, powerNow=0, freqNow=0, opState=heating, status=set_flow_target
2026-02-21T00:40:01.713714+01:00, outdoor_avg_60m=0.0, flow_avg_10m=36.0, flowNow=45.5, powerNow=2000, freqNow=52, opState=heating, status=set_flow_target
2026-02-21T00:40:01.721252+01:00, outdoor_avg_60m=0.0, flow_avg_10m=36.0, flowNow=45.5, powerNow=2000, freqNow=52, opState=heating, status=set_flow_target
2026-02-21T00:45:01.742387+01:00, outdoor_avg_60m=0.0, flow_avg_10m=45.5, flowNow=46, powerNow=2000, freqNow=52, opState=heating, status=set_flow_target
2026-02-21T00:45:01.754259+01:00, outdoor_avg_60m=0.0, flow_avg_10m=45.5, flowNow=46, powerNow=2000, freqNow=52, opState=heating, status=set_flow_target
2026-02-21T00:50:01.775821+01:00, outdoor_avg_60m=0.0, flow_avg_10m=46.0, flowNow=46.5, powerNow=2000, freqNow=50, opState=heating, status=set_flow_target
2026-02-21T00:50:01.794545+01:00, outdoor_avg_60m=0.0, flow_avg_10m=46.0, flowNow=46.5, powerNow=2000, freqNow=50, opState=heating, status=set_flow_target
2026-02-21T00:55:01.608299+01:00, outdoor_avg_60m=0.0, flow_avg_10m=46.25, flowNow=46.5, powerNow=2000, freqNow=46, opState=heating, status=set_flow_target
2026-02-21T00:55:01.615099+01:00, outdoor_avg_60m=0.0, flow_avg_10m=46.25, flowNow=46.5, powerNow=2000, freqNow=46, opState=heating, status=set_flow_target
2026-02-21T01:00:01.838749+01:00, outdoor_avg_60m=0.0, flow_avg_10m=46.5, flowNow=46, powerNow=1000, freqNow=44, opState=heating, status=set_flow_target
2026-02-21T01:00:01.851033+01:00, outdoor_avg_60m=0.0, flow_avg_10m=46.5, flowNow=46, powerNow=1000, freqNow=44, opState=heating, status=set_flow_target
2026-02-21T01:05:01.664376+01:00, outdoor_avg_60m=0.0, flow_avg_10m=46.0, flowNow=46.5, powerNow=1000, freqNow=44, opState=heating, status=set_flow_target
2026-02-21T01:05:01.675393+01:00, outdoor_avg_60m=0.0, flow_avg_10m=46.0, flowNow=46.5, powerNow=1000, freqNow=44, opState=heating, status=set_flow_target
2026-02-21T01:10:01.705217+01:00, outdoor_avg_60m=0.08, flow_avg_10m=46.25, flowNow=46.5, powerNow=1000, freqNow=44, opState=heating, status=set_flow_target
2026-02-21T01:10:01.713058+01:00, outdoor_avg_60m=0.08, flow_avg_10m=46.25, flowNow=46.5, powerNow=1000, freqNow=44, opState=heating, status=set_flow_target
2026-02-21T01:15:01.735051+01:00, outdoor_avg_60m=0.17, flow_avg_10m=46.5, flowNow=46.5, powerNow=1000, freqNow=38, opState=heating, status=set_flow_target
2026-02-21T01:15:01.742392+01:00, outdoor_avg_60m=0.17, flow_avg_10m=46.5, flowNow=46.5, powerNow=1000, freqNow=38, opState=heating, status=set_flow_target
2026-02-21T01:20:01.768655+01:00, outdoor_avg_60m=0.27, flow_avg_10m=46.5, flowNow=46, powerNow=1000, freqNow=42, opState=heating, status=set_flow_target
2026-02-21T01:20:01.775792+01:00, outdoor_avg_60m=0.27, flow_avg_10m=46.5, flowNow=46, powerNow=1000, freqNow=42, opState=heating, status=set_flow_target
2026-02-21T01:25:01.592665+01:00, outdoor_avg_60m=0.33, flow_avg_10m=46.25, flowNow=46, powerNow=1000, freqNow=42, opState=heating, status=set_flow_target
2026-02-21T01:25:01.599795+01:00, outdoor_avg_60m=0.33, flow_avg_10m=46.25, flowNow=46, powerNow=1000, freqNow=42, opState=heating, status=set_flow_target
2026-02-21T01:30:01.624857+01:00, outdoor_avg_60m=0.42, flow_avg_10m=46.0, flowNow=25.5, powerNow=0, freqNow=0, opState=heating, status=set_flow_target
2026-02-21T01:30:01.636973+01:00, outdoor_avg_60m=0.42, flow_avg_10m=46.0, flowNow=25.5, powerNow=0, freqNow=0, opState=heating, status=set_flow_target
2026-02-21T01:35:01.653558+01:00, outdoor_avg_60m=0.5, flow_avg_10m=25.5, flowNow=45.5, powerNow=2000, freqNow=48, opState=heating, status=set_flow_target
2026-02-21T01:35:01.665334+01:00, outdoor_avg_60m=0.5, flow_avg_10m=25.5, flowNow=45.5, powerNow=2000, freqNow=48, opState=heating, status=set_flow_target
2026-02-21T01:40:01.686819+01:00, outdoor_avg_60m=0.58, flow_avg_10m=45.5, flowNow=45.5, powerNow=2000, freqNow=48, opState=heating, status=set_flow_target
2026-02-21T01:40:01.697887+01:00, outdoor_avg_60m=0.58, flow_avg_10m=45.5, flowNow=45.5, powerNow=2000, freqNow=48, opState=heating, status=set_flow_target
2026-02-21T01:45:01.721635+01:00, outdoor_avg_60m=0.67, flow_avg_10m=45.5, flowNow=45.5, powerNow=1000, freqNow=46, opState=heating, status=set_flow_target
2026-02-21T01:45:01.729608+01:00, outdoor_avg_60m=0.67, flow_avg_10m=45.5, flowNow=45.5, powerNow=1000, freqNow=46, opState=heating, status=set_flow_target
2026-02-21T01:50:01.753966+01:00, outdoor_avg_60m=0.75, flow_avg_10m=45.5, flowNow=45.5, powerNow=1000, freqNow=44, opState=heating, status=set_flow_target
2026-02-21T01:50:01.765813+01:00, outdoor_avg_60m=0.75, flow_avg_10m=45.5, flowNow=45.5, powerNow=1000, freqNow=44, opState=heating, status=set_flow_target
2026-02-21T01:55:01.590963+01:00, outdoor_avg_60m=0.83, flow_avg_10m=45.5, flowNow=46.5, powerNow=1000, freqNow=44, opState=heating, status=set_flow_target
2026-02-21T01:55:01.597412+01:00, outdoor_avg_60m=0.83, flow_avg_10m=45.5, flowNow=46.5, powerNow=1000, freqNow=44, opState=heating, status=set_flow_target
2026-02-21T02:00:01.819547+01:00, outdoor_avg_60m=0.92, flow_avg_10m=46.5, flowNow=46.5, powerNow=1000, freqNow=44, opState=heating, status=set_flow_target
2026-02-21T02:00:01.832012+01:00, outdoor_avg_60m=0.92, flow_avg_10m=46.5, flowNow=46.5, powerNow=1000, freqNow=44, opState=heating, status=set_flow_target
2026-02-21T02:05:01.644133+01:00, outdoor_avg_60m=1.0, flow_avg_10m=46.5, flowNow=46.5, powerNow=1000, freqNow=44, opState=heating, status=set_flow_target
2026-02-21T02:05:01.655627+01:00, outdoor_avg_60m=1.0, flow_avg_10m=46.5, flowNow=46.5, powerNow=1000, freqNow=44, opState=heating, status=set_flow_target
2026-02-21T02:10:01.682876+01:00, outdoor_avg_60m=1.0, flow_avg_10m=46.5, flowNow=46.5, powerNow=1000, freqNow=44, opState=heating, status=set_flow_target
2026-02-21T02:10:01.690477+01:00, outdoor_avg_60m=1.0, flow_avg_10m=46.5, flowNow=46.5, powerNow=1000, freqNow=44, opState=heating, status=set_flow_target
2026-02-21T02:15:01.720415+01:00, outdoor_avg_60m=1.0, flow_avg_10m=46.5, flowNow=46.5, powerNow=1000, freqNow=42, opState=heating, status=set_flow_target
2026-02-21T02:15:01.727446+01:00, outdoor_avg_60m=1.0, flow_avg_10m=46.5, flowNow=46.5, powerNow=1000, freqNow=42, opState=heating, status=set_flow_target
2026-02-21T02:20:01.745188+01:00, outdoor_avg_60m=1.0, flow_avg_10m=46.5, flowNow=46.5, powerNow=1000, freqNow=42, opState=heating, status=set_flow_target
2026-02-21T02:20:01.756848+01:00, outdoor_avg_60m=1.0, flow_avg_10m=46.5, flowNow=46.5, powerNow=1000, freqNow=42, opState=heating, status=set_flow_target
2026-02-21T02:25:01.573874+01:00, outdoor_avg_60m=1.0, flow_avg_10m=46.5, flowNow=29.5, powerNow=0, freqNow=0, opState=heating, status=set_flow_target
2026-02-21T02:25:01.585955+01:00, outdoor_avg_60m=1.0, flow_avg_10m=46.5, flowNow=29.5, powerNow=0, freqNow=0, opState=heating, status=set_flow_target
2026-02-21T02:30:01.815509+01:00, outdoor_avg_60m=1.0, flow_avg_10m=29.5, flowNow=45.5, powerNow=2000, freqNow=48, opState=heating, status=set_flow_target
2026-02-21T02:30:01.822914+01:00, outdoor_avg_60m=1.0, flow_avg_10m=29.5, flowNow=45.5, powerNow=2000, freqNow=48, opState=heating, status=set_flow_target
2026-02-21T02:35:01.644308+01:00, outdoor_avg_60m=1.0, flow_avg_10m=45.5, flowNow=46, powerNow=2000, freqNow=52, opState=heating, status=set_flow_target
2026-02-21T02:35:01.651821+01:00, outdoor_avg_60m=1.0, flow_avg_10m=45.5, flowNow=46, powerNow=2000, freqNow=52, opState=heating, status=set_flow_target
2026-02-21T02:40:01.683649+01:00, outdoor_avg_60m=1.0, flow_avg_10m=45.75, flowNow=45.5, powerNow=1000, freqNow=44, opState=heating, status=set_flow_target
2026-02-21T02:40:01.691028+01:00, outdoor_avg_60m=1.0, flow_avg_10m=45.75, flowNow=45.5, powerNow=1000, freqNow=44, opState=heating, status=set_flow_target
2026-02-21T02:45:01.709431+01:00, outdoor_avg_60m=1.0, flow_avg_10m=45.5, flowNow=46, powerNow=1000, freqNow=44, opState=heating, status=set_flow_target
2026-02-21T02:45:01.716565+01:00, outdoor_avg_60m=1.0, flow_avg_10m=45.5, flowNow=46, powerNow=1000, freqNow=44, opState=heating, status=set_flow_target
2026-02-21T02:50:01.734228+01:00, outdoor_avg_60m=1.0, flow_avg_10m=46.0, flowNow=46, powerNow=1000, freqNow=44, opState=heating, status=set_flow_target
2026-02-21T02:50:01.746404+01:00, outdoor_avg_60m=1.0, flow_avg_10m=46.0, flowNow=46, powerNow=1000, freqNow=44, opState=heating, status=set_flow_target
2026-02-21T02:55:01.364879+01:00, outdoor_avg_60m=1.0, flow_avg_10m=46.0, flowNow=46.5, powerNow=1000, freqNow=44, opState=heating, status=set_flow_target
2026-02-21T02:55:01.372426+01:00, outdoor_avg_60m=1.0, flow_avg_10m=46.0, flowNow=46.5, powerNow=1000, freqNow=44, opState=heating, status=set_flow_target
2026-02-21T03:00:01.799917+01:00, outdoor_avg_60m=1.0, flow_avg_10m=46.5, flowNow=46.5, powerNow=1000, freqNow=44, opState=heating, status=set_flow_target
2026-02-21T03:00:01.812930+01:00, outdoor_avg_60m=1.0, flow_avg_10m=46.5, flowNow=46.5, powerNow=1000, freqNow=44, opState=heating, status=set_flow_target
2026-02-21T03:05:01.624752+01:00, outdoor_avg_60m=1.0, flow_avg_10m=46.5, flowNow=46.5, powerNow=1000, freqNow=44, opState=heating, status=set_flow_target
2026-02-21T03:05:01.636238+01:00, outdoor_avg_60m=1.0, flow_avg_10m=46.5, flowNow=46.5, powerNow=1000, freqNow=44, opState=heating, status=set_flow_target
2026-02-21T03:10:01.666402+01:00, outdoor_avg_60m=1.0, flow_avg_10m=46.5, flowNow=46.5, powerNow=1000, freqNow=42, opState=heating, status=set_flow_target
2026-02-21T03:10:01.673628+01:00, outdoor_avg_60m=1.0, flow_avg_10m=46.5, flowNow=46.5, powerNow=1000, freqNow=42, opState=heating, status=set_flow_target
2026-02-21T03:15:01.694325+01:00, outdoor_avg_60m=1.0, flow_avg_10m=46.5, flowNow=46.5, powerNow=1000, freqNow=42, opState=heating, status=set_flow_target
2026-02-21T03:15:01.701600+01:00, outdoor_avg_60m=1.0, flow_avg_10m=46.5, flowNow=46.5, powerNow=1000, freqNow=42, opState=heating, status=set_flow_target
2026-02-21T03:20:01.738361+01:00, outdoor_avg_60m=1.0, flow_avg_10m=46.5, flowNow=29, powerNow=0, freqNow=42, opState=heating, status=set_flow_target
2026-02-21T03:20:01.745008+01:00, outdoor_avg_60m=1.0, flow_avg_10m=46.5, flowNow=29, powerNow=0, freqNow=42, opState=heating, status=set_flow_target
2026-02-21T03:25:01.763369+01:00, outdoor_avg_60m=1.0, flow_avg_10m=29.0, flowNow=45, powerNow=2000, freqNow=48, opState=heating, status=set_flow_target
2026-02-21T03:25:01.770988+01:00, outdoor_avg_60m=1.0, flow_avg_10m=29.0, flowNow=45, powerNow=2000, freqNow=48, opState=heating, status=set_flow_target
2026-02-21T03:30:01.789255+01:00, outdoor_avg_60m=1.0, flow_avg_10m=45.0, flowNow=45.5, powerNow=2000, freqNow=50, opState=heating, status=set_flow_target
2026-02-21T03:30:01.801008+01:00, outdoor_avg_60m=1.0, flow_avg_10m=45.0, flowNow=45.5, powerNow=2000, freqNow=50, opState=heating, status=set_flow_target
2026-02-21T03:35:01.617657+01:00, outdoor_avg_60m=1.0, flow_avg_10m=45.25, flowNow=45.5, powerNow=1000, freqNow=44, opState=heating, status=set_flow_target
2026-02-21T03:35:01.629526+01:00, outdoor_avg_60m=1.0, flow_avg_10m=45.25, flowNow=45.5, powerNow=1000, freqNow=44, opState=heating, status=set_flow_target
2026-02-21T03:40:01.653149+01:00, outdoor_avg_60m=1.0, flow_avg_10m=45.5, flowNow=45.5, powerNow=1000, freqNow=44, opState=heating, status=set_flow_target
2026-02-21T03:40:01.660578+01:00, outdoor_avg_60m=1.0, flow_avg_10m=45.5, flowNow=45.5, powerNow=1000, freqNow=44, opState=heating, status=set_flow_target
2026-02-21T03:45:01.683331+01:00, outdoor_avg_60m=1.0, flow_avg_10m=45.5, flowNow=46, powerNow=1000, freqNow=44, opState=heating, status=set_flow_target
2026-02-21T03:45:01.696059+01:00, outdoor_avg_60m=1.0, flow_avg_10m=45.5, flowNow=46, powerNow=1000, freqNow=44, opState=heating, status=set_flow_target
2026-02-21T03:50:01.718869+01:00, outdoor_avg_60m=1.0, flow_avg_10m=46.0, flowNow=44.5, powerNow=1000, freqNow=36, opState=heating, status=set_flow_target
2026-02-21T03:50:01.726153+01:00, outdoor_avg_60m=1.0, flow_avg_10m=46.0, flowNow=44.5, powerNow=1000, freqNow=36, opState=heating, status=set_flow_target
2026-02-21T03:55:01.547970+01:00, outdoor_avg_60m=1.0, flow_avg_10m=45.25, flowNow=45, powerNow=1000, freqNow=36, opState=heating, status=set_flow_target
2026-02-21T03:55:01.554984+01:00, outdoor_avg_60m=1.0, flow_avg_10m=45.25, flowNow=45, powerNow=1000, freqNow=36, opState=heating, status=set_flow_target
2026-02-21T04:00:01.778429+01:00, outdoor_avg_60m=1.0, flow_avg_10m=45.0, flowNow=45, powerNow=1000, freqNow=36, opState=heating, status=set_flow_target
2026-02-21T04:00:01.795560+01:00, outdoor_avg_60m=1.0, flow_avg_10m=45.0, flowNow=45, powerNow=1000, freqNow=36, opState=heating, status=set_flow_target
2026-02-21T04:05:01.606618+01:00, outdoor_avg_60m=1.0, flow_avg_10m=45.0, flowNow=45, powerNow=1000, freqNow=36, opState=heating, status=set_flow_target
2026-02-21T04:05:01.618762+01:00, outdoor_avg_60m=1.0, flow_avg_10m=45.0, flowNow=45, powerNow=1000, freqNow=36, opState=heating, status=set_flow_target
2026-02-21T04:10:01.637025+01:00, outdoor_avg_60m=1.0, flow_avg_10m=45.0, flowNow=45, powerNow=1000, freqNow=36, opState=heating, status=set_flow_target
2026-02-21T04:10:01.648264+01:00, outdoor_avg_60m=1.0, flow_avg_10m=45.0, flowNow=45, powerNow=1000, freqNow=36, opState=heating, status=set_flow_target
2026-02-21T04:15:01.677500+01:00, outdoor_avg_60m=1.0, flow_avg_10m=45.0, flowNow=29, powerNow=0, freqNow=42, opState=heating, status=set_flow_target
2026-02-21T04:15:01.685083+01:00, outdoor_avg_60m=1.0, flow_avg_10m=45.0, flowNow=29, powerNow=0, freqNow=42, opState=heating, status=set_flow_target
2026-02-21T04:20:01.702391+01:00, outdoor_avg_60m=1.0, flow_avg_10m=29.0, flowNow=38.5, powerNow=1000, freqNow=48, opState=heating, status=set_flow_target
2026-02-21T04:20:01.714119+01:00, outdoor_avg_60m=1.0, flow_avg_10m=29.0, flowNow=38.5, powerNow=1000, freqNow=48, opState=heating, status=set_flow_target
2026-02-21T04:50:01.696022+01:00, outdoor_avg_60m=1.58, flow_avg_10m=46.5, flowNow=45, powerNow=1000, freqNow=36, opState=heating, status=set_flow_target
2026-02-21T04:50:01.708093+01:00, outdoor_avg_60m=1.58, flow_avg_10m=46.5, flowNow=45, powerNow=1000, freqNow=36, opState=heating, status=set_flow_target
2026-02-21T04:55:01.728263+01:00, outdoor_avg_60m=1.73, flow_avg_10m=45.0, flowNow=45, powerNow=1000, freqNow=36, opState=heating, status=set_flow_target
2026-02-21T04:55:01.739451+01:00, outdoor_avg_60m=1.73, flow_avg_10m=45.0, flowNow=45, powerNow=1000, freqNow=36, opState=heating, status=set_flow_target
2026-02-21T05:00:01.767536+01:00, outdoor_avg_60m=1.75, flow_avg_10m=45.0, flowNow=45, powerNow=1000, freqNow=36, opState=heating, status=set_flow_target
2026-02-21T05:00:01.774965+01:00, outdoor_avg_60m=1.75, flow_avg_10m=45.0, flowNow=45, powerNow=1000, freqNow=36, opState=heating, status=set_flow_target
2026-02-21T05:05:01.593858+01:00, outdoor_avg_60m=1.83, flow_avg_10m=45.0, flowNow=45, powerNow=1000, freqNow=36, opState=heating, status=set_flow_target
2026-02-21T05:05:01.601219+01:00, outdoor_avg_60m=1.83, flow_avg_10m=45.0, flowNow=45, powerNow=1000, freqNow=36, opState=heating, status=set_flow_target
2026-02-21T05:10:01.625279+01:00, outdoor_avg_60m=1.92, flow_avg_10m=45.0, flowNow=33.5, powerNow=0, freqNow=42, opState=heating, status=set_flow_target
2026-02-21T05:10:01.633416+01:00, outdoor_avg_60m=1.92, flow_avg_10m=45.0, flowNow=33.5, powerNow=0, freqNow=42, opState=heating, status=set_flow_target
2026-02-21T05:15:01.652467+01:00, outdoor_avg_60m=2.0, flow_avg_10m=33.5, flowNow=45.5, powerNow=2000, freqNow=48, opState=heating, status=set_flow_target
2026-02-21T05:15:01.665046+01:00, outdoor_avg_60m=2.0, flow_avg_10m=33.5, flowNow=45.5, powerNow=2000, freqNow=48, opState=heating, status=set_flow_target
2026-02-21T05:20:01.686906+01:00, outdoor_avg_60m=2.08, flow_avg_10m=45.5, flowNow=45.5, powerNow=2000, freqNow=52, opState=heating, status=set_flow_target
2026-02-21T05:20:01.698978+01:00, outdoor_avg_60m=2.08, flow_avg_10m=45.5, flowNow=45.5, powerNow=2000, freqNow=52, opState=heating, status=set_flow_target
2026-02-21T05:25:01.715605+01:00, outdoor_avg_60m=2.0, flow_avg_10m=45.5, flowNow=44.5, powerNow=2000, freqNow=44, opState=heating, status=set_flow_target
2026-02-21T05:25:01.723876+01:00, outdoor_avg_60m=2.0, flow_avg_10m=45.5, flowNow=44.5, powerNow=2000, freqNow=44, opState=heating, status=set_flow_target
2026-02-21T05:30:01.551231+01:00, outdoor_avg_60m=2.0, flow_avg_10m=45.0, flowNow=45, powerNow=2000, freqNow=44, opState=heating, status=set_flow_target
2026-02-21T05:30:01.558793+01:00, outdoor_avg_60m=2.0, flow_avg_10m=45.0, flowNow=45, powerNow=2000, freqNow=44, opState=heating, status=set_flow_target
2026-02-21T05:35:01.580002+01:00, outdoor_avg_60m=2.0, flow_avg_10m=44.75, flowNow=46, powerNow=2000, freqNow=44, opState=heating, status=set_flow_target
2026-02-21T05:35:01.590709+01:00, outdoor_avg_60m=2.0, flow_avg_10m=44.75, flowNow=46, powerNow=2000, freqNow=44, opState=heating, status=set_flow_target
2026-02-21T05:40:01.627809+01:00, outdoor_avg_60m=2.0, flow_avg_10m=46.0, flowNow=46, powerNow=2000, freqNow=44, opState=heating, status=set_flow_target
2026-02-21T05:40:01.635063+01:00, outdoor_avg_60m=2.0, flow_avg_10m=46.0, flowNow=46, powerNow=2000, freqNow=44, opState=heating, status=set_flow_target
2026-02-21T05:45:01.639857+01:00, outdoor_avg_60m=2.0, flow_avg_10m=46.0, flowNow=45, powerNow=1000, freqNow=36, opState=heating, status=set_flow_target
2026-02-21T05:45:01.652087+01:00, outdoor_avg_60m=2.0, flow_avg_10m=46.0, flowNow=45, powerNow=1000, freqNow=36, opState=heating, status=set_flow_target
2026-02-21T05:50:01.675148+01:00, outdoor_avg_60m=2.0, flow_avg_10m=45.0, flowNow=45, powerNow=1000, freqNow=36, opState=heating, status=set_flow_target
2026-02-21T05:50:01.686474+01:00, outdoor_avg_60m=2.0, flow_avg_10m=45.0, flowNow=45, powerNow=1000, freqNow=36, opState=heating, status=set_flow_target
2026-02-21T05:55:01.713666+01:00, outdoor_avg_60m=2.0, flow_avg_10m=45.0, flowNow=45, powerNow=1000, freqNow=36, opState=heating, status=set_flow_target
2026-02-21T05:55:01.725428+01:00, outdoor_avg_60m=2.0, flow_avg_10m=45.0, flowNow=45, powerNow=1000, freqNow=36, opState=heating, status=set_flow_target
2026-02-21T06:00:01.744600+01:00, outdoor_avg_60m=2.0, flow_avg_10m=45.0, flowNow=45, powerNow=1000, freqNow=38, opState=heating, status=set_flow_target
2026-02-21T06:00:01.751618+01:00, outdoor_avg_60m=2.0, flow_avg_10m=45.0, flowNow=45, powerNow=1000, freqNow=38, opState=heating, status=set_flow_target
2026-02-21T06:05:04.642424+01:00, outdoor_avg_60m=2.0, flow_avg_10m=45.0, flowNow=31, powerNow=0, freqNow=42, opState=heating, status=set_flow_target
2026-02-21T06:05:04.651530+01:00, outdoor_avg_60m=2.0, flow_avg_10m=45.0, flowNow=31, powerNow=0, freqNow=42, opState=heating, status=set_flow_target
2026-02-21T06:10:01.605640+01:00, outdoor_avg_60m=2.0, flow_avg_10m=38.0, flowNow=35.5, powerNow=0, freqNow=0, opState=heating, status=set_flow_target
2026-02-21T06:10:01.613772+01:00, outdoor_avg_60m=2.0, flow_avg_10m=38.0, flowNow=35.5, powerNow=0, freqNow=0, opState=heating, status=set_flow_target
2026-02-21T06:15:01.838214+01:00, outdoor_avg_60m=2.0, flow_avg_10m=33.25, flowNow=45, powerNow=2000, freqNow=48, opState=heating, status=set_flow_target
2026-02-21T06:15:01.850534+01:00, outdoor_avg_60m=2.0, flow_avg_10m=33.25, flowNow=45, powerNow=2000, freqNow=48, opState=heating, status=set_flow_target
2026-02-21T06:20:01.663795+01:00, outdoor_avg_60m=2.0, flow_avg_10m=45.0, flowNow=45.5, powerNow=2000, freqNow=44, opState=heating, status=set_flow_target
2026-02-21T06:20:01.672612+01:00, outdoor_avg_60m=2.0, flow_avg_10m=45.0, flowNow=45.5, powerNow=2000, freqNow=44, opState=heating, status=set_flow_target
2026-02-21T06:25:01.699160+01:00, outdoor_avg_60m=2.0, flow_avg_10m=45.25, flowNow=45.5, powerNow=1000, freqNow=44, opState=heating, status=set_flow_target
2026-02-21T06:25:01.707472+01:00, outdoor_avg_60m=2.0, flow_avg_10m=45.25, flowNow=45.5, powerNow=1000, freqNow=44, opState=heating, status=set_flow_target
2026-02-21T06:30:01.733720+01:00, outdoor_avg_60m=2.0, flow_avg_10m=45.5, flowNow=45.5, powerNow=1000, freqNow=44, opState=heating, status=set_flow_target
2026-02-21T06:30:01.740685+01:00, outdoor_avg_60m=2.0, flow_avg_10m=45.5, flowNow=45.5, powerNow=1000, freqNow=44, opState=heating, status=set_flow_target
2026-02-21T06:35:01.559813+01:00, outdoor_avg_60m=2.0, flow_avg_10m=45.5, flowNow=45.5, powerNow=1000, freqNow=38, opState=heating, status=set_flow_target
2026-02-21T06:35:01.582958+01:00, outdoor_avg_60m=2.0, flow_avg_10m=45.5, flowNow=45.5, powerNow=1000, freqNow=38, opState=heating, status=set_flow_target
2026-02-21T06:40:01.589082+01:00, outdoor_avg_60m=2.0, flow_avg_10m=45.5, flowNow=46, powerNow=1000, freqNow=42, opState=heating, status=set_flow_target
2026-02-21T06:40:01.601171+01:00, outdoor_avg_60m=2.0, flow_avg_10m=45.5, flowNow=46, powerNow=1000, freqNow=42, opState=heating, status=set_flow_target
2026-02-21T06:45:01.623550+01:00, outdoor_avg_60m=2.0, flow_avg_10m=46.0, flowNow=45.5, powerNow=1000, freqNow=38, opState=heating, status=set_flow_target
2026-02-21T06:45:01.636826+01:00, outdoor_avg_60m=2.0, flow_avg_10m=46.0, flowNow=45.5, powerNow=1000, freqNow=38, opState=heating, status=set_flow_target
2026-02-21T06:50:01.657620+01:00, outdoor_avg_60m=2.0, flow_avg_10m=45.5, flowNow=45.5, powerNow=1000, freqNow=38, opState=heating, status=set_flow_target
2026-02-21T06:50:01.664979+01:00, outdoor_avg_60m=2.0, flow_avg_10m=45.5, flowNow=45.5, powerNow=1000, freqNow=38, opState=heating, status=set_flow_target
2026-02-21T06:55:01.504058+01:00, outdoor_avg_60m=2.0, flow_avg_10m=45.5, flowNow=45, powerNow=1000, freqNow=38, opState=heating, status=set_flow_target
2026-02-21T06:55:01.515092+01:00, outdoor_avg_60m=2.0, flow_avg_10m=45.5, flowNow=45, powerNow=1000, freqNow=38, opState=heating, status=set_flow_target
2026-02-21T07:00:01.543899+01:00, outdoor_avg_60m=2.0, flow_avg_10m=45.25, flowNow=45, powerNow=1000, freqNow=28, opState=heating, status=set_flow_target
2026-02-21T07:00:01.556528+01:00, outdoor_avg_60m=2.0, flow_avg_10m=45.25, flowNow=45, powerNow=1000, freqNow=28, opState=heating, status=set_flow_target
2026-02-21T07:50:01.637705+01:00, outdoor_avg_60m=2.0, flow_avg_10m=41.0, flowNow=41.5, powerNow=2000, freqNow=50, opState=heating, status=set_flow_target
2026-02-21T07:50:01.645890+01:00, outdoor_avg_60m=2.0, flow_avg_10m=41.0, flowNow=41.5, powerNow=2000, freqNow=50, opState=heating, status=set_flow_target
2026-02-21T07:55:01.591913+01:00, outdoor_avg_60m=2.0, flow_avg_10m=41.5, flowNow=41.5, powerNow=2000, freqNow=50, opState=heating, status=set_flow_target
2026-02-21T07:55:01.603452+01:00, outdoor_avg_60m=2.0, flow_avg_10m=41.5, flowNow=41.5, powerNow=2000, freqNow=50, opState=heating, status=set_flow_target
2026-02-21T08:00:01.704585+01:00, outdoor_avg_60m=2.0, flow_avg_10m=41.5, flowNow=43, powerNow=2000, freqNow=50, opState=heating, status=set_flow_target
2026-02-21T08:00:01.722157+01:00, outdoor_avg_60m=2.0, flow_avg_10m=41.5, flowNow=43, powerNow=2000, freqNow=50, opState=heating, status=set_flow_target
2026-02-21T08:05:01.527573+01:00, outdoor_avg_60m=2.0, flow_avg_10m=42.25, flowNow=44, powerNow=2000, freqNow=50, opState=heating, status=set_flow_target
2026-02-21T08:05:01.538979+01:00, outdoor_avg_60m=2.0, flow_avg_10m=42.25, flowNow=44, powerNow=2000, freqNow=50, opState=heating, status=set_flow_target
2026-02-21T08:10:01.773366+01:00, outdoor_avg_60m=2.0, flow_avg_10m=44.0, flowNow=45, powerNow=2000, freqNow=50, opState=heating, status=set_flow_target
2026-02-21T08:10:01.781059+01:00, outdoor_avg_60m=2.0, flow_avg_10m=44.0, flowNow=45, powerNow=2000, freqNow=50, opState=heating, status=set_flow_target
2026-02-21T08:15:01.600261+01:00, outdoor_avg_60m=2.0, flow_avg_10m=45.0, flowNow=45.5, powerNow=2000, freqNow=50, opState=heating, status=set_flow_target
2026-02-21T08:15:01.607486+01:00, outdoor_avg_60m=2.0, flow_avg_10m=45.0, flowNow=45.5, powerNow=2000, freqNow=50, opState=heating, status=set_flow_target
2026-02-21T08:20:01.630796+01:00, outdoor_avg_60m=2.0, flow_avg_10m=45.25, flowNow=45, powerNow=1000, freqNow=46, opState=heating, status=set_flow_target
2026-02-21T08:20:01.638465+01:00, outdoor_avg_60m=2.0, flow_avg_10m=45.25, flowNow=45, powerNow=1000, freqNow=46, opState=heating, status=set_flow_target
2026-02-21T08:25:01.658206+01:00, outdoor_avg_60m=2.0, flow_avg_10m=45.0, flowNow=29.5, powerNow=0, freqNow=42, opState=heating, status=set_flow_target
2026-02-21T08:25:01.670348+01:00, outdoor_avg_60m=2.0, flow_avg_10m=45.0, flowNow=29.5, powerNow=0, freqNow=42, opState=heating, status=set_flow_target
2026-02-21T08:30:01.693841+01:00, outdoor_avg_60m=2.0, flow_avg_10m=29.5, flowNow=44.5, powerNow=1000, freqNow=48, opState=heating, status=set_flow_target
2026-02-21T08:30:01.702014+01:00, outdoor_avg_60m=2.0, flow_avg_10m=29.5, flowNow=44.5, powerNow=1000, freqNow=48, opState=heating, status=set_flow_target
2026-02-21T08:35:01.724465+01:00, outdoor_avg_60m=2.0, flow_avg_10m=44.5, flowNow=44.5, powerNow=2000, freqNow=52, opState=heating, status=set_flow_target
2026-02-21T08:35:01.736207+01:00, outdoor_avg_60m=2.0, flow_avg_10m=44.5, flowNow=44.5, powerNow=2000, freqNow=52, opState=heating, status=set_flow_target
2026-02-21T08:40:01.756617+01:00, outdoor_avg_60m=2.0, flow_avg_10m=44.5, flowNow=45, powerNow=2000, freqNow=50, opState=heating, status=set_flow_target
2026-02-21T08:40:01.780637+01:00, outdoor_avg_60m=2.0, flow_avg_10m=44.5, flowNow=45, powerNow=2000, freqNow=50, opState=heating, status=set_flow_target
2026-02-21T08:45:01.582187+01:00, outdoor_avg_60m=2.0, flow_avg_10m=44.75, flowNow=45.5, powerNow=2000, freqNow=50, opState=heating, status=set_flow_target
2026-02-21T08:45:01.590217+01:00, outdoor_avg_60m=2.0, flow_avg_10m=44.75, flowNow=45.5, powerNow=2000, freqNow=50, opState=heating, status=set_flow_target
2026-02-21T08:50:01.365111+01:00, outdoor_avg_60m=2.0, flow_avg_10m=45.25, flowNow=45.5, powerNow=2000, freqNow=44, opState=heating, status=set_flow_target
2026-02-21T08:50:01.377047+01:00, outdoor_avg_60m=2.0, flow_avg_10m=45.25, flowNow=45.5, powerNow=2000, freqNow=44, opState=heating, status=set_flow_target
2026-02-21T08:55:01.641244+01:00, outdoor_avg_60m=2.0, flow_avg_10m=45.5, flowNow=45.5, powerNow=1000, freqNow=44, opState=heating, status=set_flow_target
2026-02-21T08:55:01.652838+01:00, outdoor_avg_60m=2.0, flow_avg_10m=45.5, flowNow=45.5, powerNow=1000, freqNow=44, opState=heating, status=set_flow_target
2026-02-21T09:00:01.681538+01:00, outdoor_avg_60m=2.0, flow_avg_10m=45.5, flowNow=45, powerNow=1000, freqNow=42, opState=heating, status=set_flow_target
2026-02-21T09:00:01.692196+01:00, outdoor_avg_60m=2.0, flow_avg_10m=45.5, flowNow=45, powerNow=1000, freqNow=42, opState=heating, status=set_flow_target
2026-02-21T09:05:01.613764+01:00, outdoor_avg_60m=2.0, flow_avg_10m=45.25, flowNow=45, powerNow=1000, freqNow=38, opState=heating, status=set_flow_target
2026-02-21T09:05:01.626155+01:00, outdoor_avg_60m=2.0, flow_avg_10m=45.25, flowNow=45, powerNow=1000, freqNow=38, opState=heating, status=set_flow_target
2026-02-21T09:10:01.643933+01:00, outdoor_avg_60m=2.0, flow_avg_10m=45.0, flowNow=45, powerNow=1000, freqNow=38, opState=heating, status=set_flow_target
2026-02-21T09:10:01.651077+01:00, outdoor_avg_60m=2.0, flow_avg_10m=45.0, flowNow=45, powerNow=1000, freqNow=38, opState=heating, status=set_flow_target
2026-02-21T09:15:01.681695+01:00, outdoor_avg_60m=2.0, flow_avg_10m=45.0, flowNow=45, powerNow=1000, freqNow=38, opState=heating, status=set_flow_target
2026-02-21T09:15:01.689018+01:00, outdoor_avg_60m=2.0, flow_avg_10m=45.0, flowNow=45, powerNow=1000, freqNow=38, opState=heating, status=set_flow_target
2026-02-21T09:20:01.709188+01:00, outdoor_avg_60m=2.0, flow_avg_10m=45.0, flowNow=31, powerNow=0, freqNow=42, opState=heating, status=set_flow_target
2026-02-21T09:20:01.716794+01:00, outdoor_avg_60m=2.0, flow_avg_10m=45.0, flowNow=31, powerNow=0, freqNow=42, opState=heating, status=set_flow_target
2026-02-21T09:25:01.535293+01:00, outdoor_avg_60m=2.0, flow_avg_10m=38.0, flowNow=35.5, powerNow=0, freqNow=18, opState=heating, status=set_flow_target
2026-02-21T09:25:01.543810+01:00, outdoor_avg_60m=2.0, flow_avg_10m=38.0, flowNow=35.5, powerNow=0, freqNow=18, opState=heating, status=set_flow_target
2026-02-21T09:35:01.600788+01:00, outdoor_avg_60m=2.25, flow_avg_10m=44.5, flowNow=45, powerNow=2000, freqNow=48, opState=heating, status=set_flow_target
2026-02-21T09:35:01.613407+01:00, outdoor_avg_60m=2.25, flow_avg_10m=44.5, flowNow=45, powerNow=2000, freqNow=48, opState=heating, status=set_flow_target
2026-02-21T09:40:01.736905+01:00, outdoor_avg_60m=2.25, flow_avg_10m=45.0, flowNow=44.5, powerNow=1000, freqNow=38, opState=heating, status=set_flow_target
2026-02-21T09:40:01.744700+01:00, outdoor_avg_60m=2.25, flow_avg_10m=45.0, flowNow=44.5, powerNow=1000, freqNow=38, opState=heating, status=set_flow_target
2026-02-21T09:45:01.564330+01:00, outdoor_avg_60m=2.25, flow_avg_10m=44.75, flowNow=45, powerNow=1000, freqNow=42, opState=heating, status=set_flow_target
2026-02-21T09:45:01.571817+01:00, outdoor_avg_60m=2.25, flow_avg_10m=44.75, flowNow=45, powerNow=1000, freqNow=42, opState=heating, status=set_flow_target
2026-02-21T09:50:01.695545+01:00, outdoor_avg_60m=2.27, flow_avg_10m=44.75, flowNow=45, powerNow=1000, freqNow=38, opState=heating, status=set_flow_target
2026-02-21T09:50:01.708314+01:00, outdoor_avg_60m=2.27, flow_avg_10m=44.75, flowNow=45, powerNow=1000, freqNow=38, opState=heating, status=set_flow_target
2026-02-21T09:55:01.731473+01:00, outdoor_avg_60m=2.27, flow_avg_10m=45.0, flowNow=45, powerNow=1000, freqNow=38, opState=heating, status=set_flow_target
2026-02-21T09:55:01.743424+01:00, outdoor_avg_60m=2.27, flow_avg_10m=45.0, flowNow=45, powerNow=1000, freqNow=38, opState=heating, status=set_flow_target
2026-02-21T10:00:01.770343+01:00, outdoor_avg_60m=2.27, flow_avg_10m=45.0, flowNow=45, powerNow=1000, freqNow=38, opState=heating, status=set_flow_target
2026-02-21T10:00:01.777581+01:00, outdoor_avg_60m=2.27, flow_avg_10m=45.0, flowNow=45, powerNow=1000, freqNow=38, opState=heating, status=set_flow_target
2026-02-21T10:05:01.592129+01:00, outdoor_avg_60m=2.25, flow_avg_10m=45.0, flowNow=45, powerNow=1000, freqNow=38, opState=heating, status=set_flow_target
2026-02-21T10:05:01.604370+01:00, outdoor_avg_60m=2.25, flow_avg_10m=45.0, flowNow=45, powerNow=1000, freqNow=38, opState=heating, status=set_flow_target
2026-02-21T10:10:01.837670+01:00, outdoor_avg_60m=2.27, flow_avg_10m=45.0, flowNow=45, powerNow=1000, freqNow=38, opState=heating, status=set_flow_target
2026-02-21T10:10:01.848917+01:00, outdoor_avg_60m=2.27, flow_avg_10m=45.0, flowNow=45, powerNow=1000, freqNow=38, opState=heating, status=set_flow_target
2026-02-21T10:15:01.658280+01:00, outdoor_avg_60m=2.25, flow_avg_10m=45.0, flowNow=44.5, powerNow=1000, freqNow=38, opState=heating, status=set_flow_target
2026-02-21T10:15:01.666422+01:00, outdoor_avg_60m=2.25, flow_avg_10m=45.0, flowNow=44.5, powerNow=1000, freqNow=38, opState=heating, status=set_flow_target
2026-02-21T10:20:01.692576+01:00, outdoor_avg_60m=2.25, flow_avg_10m=44.75, flowNow=35, powerNow=0, freqNow=18, opState=heating, status=set_flow_target
2026-02-21T10:20:01.704671+01:00, outdoor_avg_60m=2.25, flow_avg_10m=44.75, flowNow=35, powerNow=0, freqNow=18, opState=heating, status=set_flow_target
2026-02-21T10:30:01.762304+01:00, outdoor_avg_60m=2.27, flow_avg_10m=44.5, flowNow=44.5, powerNow=2000, freqNow=48, opState=heating, status=set_flow_target
2026-02-21T10:30:01.769865+01:00, outdoor_avg_60m=2.27, flow_avg_10m=44.5, flowNow=44.5, powerNow=2000, freqNow=48, opState=heating, status=set_flow_target
2026-02-21T10:35:01.590167+01:00, outdoor_avg_60m=2.25, flow_avg_10m=44.5, flowNow=45.5, powerNow=2000, freqNow=48, opState=heating, status=set_flow_target
2026-02-21T10:35:01.597523+01:00, outdoor_avg_60m=2.25, flow_avg_10m=44.5, flowNow=45.5, powerNow=2000, freqNow=48, opState=heating, status=set_flow_target
2026-02-21T10:40:01.617633+01:00, outdoor_avg_60m=2.25, flow_avg_10m=45.0, flowNow=45, powerNow=1000, freqNow=46, opState=heating, status=set_flow_target
2026-02-21T10:40:01.630132+01:00, outdoor_avg_60m=2.25, flow_avg_10m=45.0, flowNow=45, powerNow=1000, freqNow=46, opState=heating, status=set_flow_target
2026-02-22T00:35:01.721440+01:00, outdoor_avg_60m=3.0, flow_avg_10m=44.5, flowNow=43, powerNow=1000, freqNow=38, opState=heating, status=set_flow_target
2026-02-22T00:35:01.729492+01:00, outdoor_avg_60m=3.0, flow_avg_10m=44.5, flowNow=43, powerNow=1000, freqNow=38, opState=heating, status=set_flow_target
2026-02-22T00:40:02.155839+01:00, outdoor_avg_60m=2.91, flow_avg_10m=43.0, flowNow=43.5, powerNow=1000, freqNow=44, opState=heating, status=set_flow_target
2026-02-22T00:40:02.168105+01:00, outdoor_avg_60m=2.91, flow_avg_10m=43.0, flowNow=43.5, powerNow=1000, freqNow=44, opState=heating, status=set_flow_target
2026-02-22T00:45:01.598090+01:00, outdoor_avg_60m=2.82, flow_avg_10m=43.25, flowNow=44, powerNow=1000, freqNow=38, opState=heating, status=set_flow_target
2026-02-22T00:45:01.605499+01:00, outdoor_avg_60m=2.82, flow_avg_10m=43.25, flowNow=44, powerNow=1000, freqNow=38, opState=heating, status=set_flow_target
2026-02-22T00:50:01.609267+01:00, outdoor_avg_60m=2.73, flow_avg_10m=43.75, flowNow=44.5, powerNow=1000, freqNow=38, opState=heating, status=set_flow_target
2026-02-22T00:50:01.621650+01:00, outdoor_avg_60m=2.73, flow_avg_10m=43.75, flowNow=44.5, powerNow=1000, freqNow=38, opState=heating, status=set_flow_target
2026-02-22T00:55:01.646101+01:00, outdoor_avg_60m=2.64, flow_avg_10m=44.5, flowNow=44.5, powerNow=1000, freqNow=38, opState=heating, status=set_flow_target
2026-02-22T00:55:01.653389+01:00, outdoor_avg_60m=2.64, flow_avg_10m=44.5, flowNow=44.5, powerNow=1000, freqNow=38, opState=heating, status=set_flow_target
2026-02-22T01:00:01.679746+01:00, outdoor_avg_60m=2.55, flow_avg_10m=44.5, flowNow=44.5, powerNow=1000, freqNow=38, opState=heating, status=set_flow_target
2026-02-22T01:00:01.686987+01:00, outdoor_avg_60m=2.55, flow_avg_10m=44.5, flowNow=44.5, powerNow=1000, freqNow=38, opState=heating, status=set_flow_target
2026-02-22T01:05:01.714223+01:00, outdoor_avg_60m=2.45, flow_avg_10m=44.5, flowNow=44.5, powerNow=1000, freqNow=38, opState=heating, status=set_flow_target
2026-02-22T01:05:01.721502+01:00, outdoor_avg_60m=2.45, flow_avg_10m=44.5, flowNow=44.5, powerNow=1000, freqNow=38, opState=heating, status=set_flow_target
2026-02-22T01:10:01.740153+01:00, outdoor_avg_60m=2.36, flow_avg_10m=44.5, flowNow=45, powerNow=1000, freqNow=38, opState=heating, status=set_flow_target
2026-02-22T01:10:01.750760+01:00, outdoor_avg_60m=2.36, flow_avg_10m=44.5, flowNow=45, powerNow=1000, freqNow=38, opState=heating, status=set_flow_target
2026-02-22T01:15:01.373940+01:00, outdoor_avg_60m=2.27, flow_avg_10m=44.75, flowNow=45, powerNow=1000, freqNow=38, opState=heating, status=set_flow_target
2026-02-22T01:15:01.381932+01:00, outdoor_avg_60m=2.27, flow_avg_10m=44.75, flowNow=45, powerNow=1000, freqNow=38, opState=heating, status=set_flow_target
2026-02-22T01:20:01.601524+01:00, outdoor_avg_60m=2.18, flow_avg_10m=45.0, flowNow=45, powerNow=1000, freqNow=38, opState=heating, status=set_flow_target
2026-02-22T01:20:01.613106+01:00, outdoor_avg_60m=2.18, flow_avg_10m=45.0, flowNow=45, powerNow=1000, freqNow=38, opState=heating, status=set_flow_target
2026-02-22T01:25:01.631152+01:00, outdoor_avg_60m=2.09, flow_avg_10m=45.0, flowNow=45, powerNow=1000, freqNow=38, opState=heating, status=set_flow_target
2026-02-22T01:25:01.643113+01:00, outdoor_avg_60m=2.09, flow_avg_10m=45.0, flowNow=45, powerNow=1000, freqNow=38, opState=heating, status=set_flow_target
2026-02-22T01:30:01.666238+01:00, outdoor_avg_60m=2.0, flow_avg_10m=45.0, flowNow=45, powerNow=1000, freqNow=38, opState=heating, status=set_flow_target
2026-02-22T01:30:01.673460+01:00, outdoor_avg_60m=2.0, flow_avg_10m=45.0, flowNow=45, powerNow=1000, freqNow=38, opState=heating, status=set_flow_target
2026-02-22T01:35:01.705724+01:00, outdoor_avg_60m=2.0, flow_avg_10m=45.0, flowNow=45, powerNow=1000, freqNow=38, opState=heating, status=set_flow_target
2026-02-22T01:35:01.717289+01:00, outdoor_avg_60m=2.0, flow_avg_10m=45.0, flowNow=45, powerNow=1000, freqNow=38, opState=heating, status=set_flow_target
2026-02-22T01:40:01.736263+01:00, outdoor_avg_60m=2.0, flow_avg_10m=45.0, flowNow=45, powerNow=1000, freqNow=38, opState=heating, status=set_flow_target
2026-02-22T01:40:01.743170+01:00, outdoor_avg_60m=2.0, flow_avg_10m=45.0, flowNow=45, powerNow=1000, freqNow=38, opState=heating, status=set_flow_target
2026-02-22T01:45:01.763006+01:00, outdoor_avg_60m=2.0, flow_avg_10m=45.0, flowNow=45, powerNow=1000, freqNow=38, opState=heating, status=set_flow_target
2026-02-22T01:45:01.774291+01:00, outdoor_avg_60m=2.0, flow_avg_10m=45.0, flowNow=45, powerNow=1000, freqNow=38, opState=heating, status=set_flow_target
2026-02-22T01:50:01.590875+01:00, outdoor_avg_60m=2.0, flow_avg_10m=45.0, flowNow=45, powerNow=1000, freqNow=40, opState=heating, status=set_flow_target
2026-02-22T01:50:01.598492+01:00, outdoor_avg_60m=2.0, flow_avg_10m=45.0, flowNow=45, powerNow=1000, freqNow=40, opState=heating, status=set_flow_target
2026-02-22T01:55:01.627778+01:00, outdoor_avg_60m=2.0, flow_avg_10m=45.0, flowNow=45.5, powerNow=1000, freqNow=38, opState=heating, status=set_flow_target
2026-02-22T01:55:01.635098+01:00, outdoor_avg_60m=2.0, flow_avg_10m=45.0, flowNow=45.5, powerNow=1000, freqNow=38, opState=heating, status=set_flow_target
2026-02-22T02:00:01.654244+01:00, outdoor_avg_60m=2.0, flow_avg_10m=45.5, flowNow=45.5, powerNow=1000, freqNow=38, opState=heating, status=set_flow_target
2026-02-22T02:00:01.665822+01:00, outdoor_avg_60m=2.0, flow_avg_10m=45.5, flowNow=45.5, powerNow=1000, freqNow=38, opState=heating, status=set_flow_target
2026-02-22T02:05:01.684508+01:00, outdoor_avg_60m=2.0, flow_avg_10m=45.5, flowNow=45, powerNow=1000, freqNow=42, opState=heating, status=set_flow_target
2026-02-22T02:05:01.697354+01:00, outdoor_avg_60m=2.0, flow_avg_10m=45.5, flowNow=45, powerNow=1000, freqNow=42, opState=heating, status=set_flow_target
2026-02-22T02:10:01.722855+01:00, outdoor_avg_60m=2.0, flow_avg_10m=45.0, flowNow=45, powerNow=1000, freqNow=38, opState=heating, status=set_flow_target
2026-02-22T02:10:01.734505+01:00, outdoor_avg_60m=2.0, flow_avg_10m=45.0, flowNow=45, powerNow=1000, freqNow=38, opState=heating, status=set_flow_target
2026-02-22T02:15:01.751994+01:00, outdoor_avg_60m=1.91, flow_avg_10m=45.0, flowNow=45.5, powerNow=1000, freqNow=38, opState=heating, status=set_flow_target
2026-02-22T02:15:01.767938+01:00, outdoor_avg_60m=1.91, flow_avg_10m=45.0, flowNow=45.5, powerNow=1000, freqNow=38, opState=heating, status=set_flow_target
2026-02-22T02:20:01.579844+01:00, outdoor_avg_60m=1.83, flow_avg_10m=45.25, flowNow=30, powerNow=0, freqNow=42, opState=heating, status=set_flow_target
2026-02-22T02:20:01.591267+01:00, outdoor_avg_60m=1.83, flow_avg_10m=45.25, flowNow=30, powerNow=0, freqNow=42, opState=heating, status=set_flow_target
2026-02-22T02:25:01.612171+01:00, outdoor_avg_60m=1.75, flow_avg_10m=37.75, flowNow=45.5, powerNow=2000, freqNow=48, opState=heating, status=set_flow_target
2026-02-22T02:25:01.624517+01:00, outdoor_avg_60m=1.75, flow_avg_10m=37.75, flowNow=45.5, powerNow=2000, freqNow=48, opState=heating, status=set_flow_target
2026-02-22T02:30:01.648480+01:00, outdoor_avg_60m=1.67, flow_avg_10m=45.5, flowNow=45, powerNow=2000, freqNow=52, opState=heating, status=set_flow_target
2026-02-22T02:30:01.655681+01:00, outdoor_avg_60m=1.67, flow_avg_10m=45.5, flowNow=45, powerNow=2000, freqNow=52, opState=heating, status=set_flow_target
2026-02-22T02:35:01.676064+01:00, outdoor_avg_60m=1.58, flow_avg_10m=45.0, flowNow=44.5, powerNow=1000, freqNow=44, opState=heating, status=set_flow_target
2026-02-22T02:35:01.686959+01:00, outdoor_avg_60m=1.58, flow_avg_10m=45.0, flowNow=44.5, powerNow=1000, freqNow=44, opState=heating, status=set_flow_target
2026-02-22T02:40:01.711770+01:00, outdoor_avg_60m=1.5, flow_avg_10m=44.5, flowNow=44.5, powerNow=1000, freqNow=44, opState=heating, status=set_flow_target
2026-02-22T02:40:01.723818+01:00, outdoor_avg_60m=1.5, flow_avg_10m=44.5, flowNow=44.5, powerNow=1000, freqNow=44, opState=heating, status=set_flow_target
2026-02-22T02:45:01.743438+01:00, outdoor_avg_60m=1.42, flow_avg_10m=44.5, flowNow=44.5, powerNow=1000, freqNow=44, opState=heating, status=set_flow_target
2026-02-22T02:45:01.751814+01:00, outdoor_avg_60m=1.42, flow_avg_10m=44.5, flowNow=44.5, powerNow=1000, freqNow=44, opState=heating, status=set_flow_target
2026-02-22T02:50:01.569504+01:00, outdoor_avg_60m=1.33, flow_avg_10m=44.5, flowNow=45.5, powerNow=1000, freqNow=44, opState=heating, status=set_flow_target
2026-02-22T02:50:01.580497+01:00, outdoor_avg_60m=1.33, flow_avg_10m=44.5, flowNow=45.5, powerNow=1000, freqNow=44, opState=heating, status=set_flow_target
2026-02-22T02:55:01.609843+01:00, outdoor_avg_60m=1.25, flow_avg_10m=45.0, flowNow=45.5, powerNow=1000, freqNow=44, opState=heating, status=set_flow_target
2026-02-22T02:55:01.617134+01:00, outdoor_avg_60m=1.25, flow_avg_10m=45.0, flowNow=45.5, powerNow=1000, freqNow=44, opState=heating, status=set_flow_target
2026-02-22T03:00:01.840785+01:00, outdoor_avg_60m=1.09, flow_avg_10m=45.5, flowNow=46, powerNow=1000, freqNow=44, opState=heating, status=set_flow_target
2026-02-22T03:00:01.852319+01:00, outdoor_avg_60m=1.09, flow_avg_10m=45.5, flowNow=46, powerNow=1000, freqNow=44, opState=heating, status=set_flow_target
2026-02-22T03:05:01.694023+01:00, outdoor_avg_60m=1.04, flow_avg_10m=46.0, flowNow=46, powerNow=1000, freqNow=44, opState=heating, status=set_flow_target
2026-02-22T03:05:01.705970+01:00, outdoor_avg_60m=1.04, flow_avg_10m=46.0, flowNow=46, powerNow=1000, freqNow=44, opState=heating, status=set_flow_target
2026-02-22T03:10:01.508368+01:00, outdoor_avg_60m=1.0, flow_avg_10m=46.0, flowNow=46, powerNow=1000, freqNow=44, opState=heating, status=set_flow_target
2026-02-22T03:10:01.516592+01:00, outdoor_avg_60m=1.0, flow_avg_10m=46.0, flowNow=46, powerNow=1000, freqNow=44, opState=heating, status=set_flow_target
2026-02-22T03:15:01.734240+01:00, outdoor_avg_60m=1.0, flow_avg_10m=46.0, flowNow=45, powerNow=1000, freqNow=40, opState=heating, status=set_flow_target
2026-02-22T03:15:01.741375+01:00, outdoor_avg_60m=1.0, flow_avg_10m=46.0, flowNow=45, powerNow=1000, freqNow=40, opState=heating, status=set_flow_target
2026-02-22T03:20:01.762701+01:00, outdoor_avg_60m=1.0, flow_avg_10m=45.0, flowNow=46, powerNow=1000, freqNow=42, opState=heating, status=set_flow_target
2026-02-22T03:20:01.773591+01:00, outdoor_avg_60m=1.0, flow_avg_10m=45.0, flowNow=46, powerNow=1000, freqNow=42, opState=heating, status=set_flow_target
2026-02-22T03:25:01.593907+01:00, outdoor_avg_60m=1.0, flow_avg_10m=45.5, flowNow=46, powerNow=1000, freqNow=42, opState=heating, status=set_flow_target
2026-02-22T03:25:01.601422+01:00, outdoor_avg_60m=1.0, flow_avg_10m=45.5, flowNow=46, powerNow=1000, freqNow=42, opState=heating, status=set_flow_target
2026-02-22T03:30:01.623506+01:00, outdoor_avg_60m=1.0, flow_avg_10m=46.0, flowNow=30.5, powerNow=0, freqNow=42, opState=heating, status=set_flow_target
2026-02-22T03:30:01.636472+01:00, outdoor_avg_60m=1.0, flow_avg_10m=46.0, flowNow=30.5, powerNow=0, freqNow=42, opState=heating, status=set_flow_target
2026-02-22T03:35:01.652947+01:00, outdoor_avg_60m=1.0, flow_avg_10m=30.5, flowNow=35.5, powerNow=0, freqNow=0, opState=heating, status=set_flow_target
2026-02-22T03:35:01.665756+01:00, outdoor_avg_60m=1.0, flow_avg_10m=30.5, flowNow=35.5, powerNow=0, freqNow=0, opState=heating, status=set_flow_target
2026-02-22T03:40:01.499870+01:00, outdoor_avg_60m=0.92, flow_avg_10m=33.0, flowNow=45, powerNow=2000, freqNow=52, opState=heating, status=set_flow_target
2026-02-22T03:40:01.507270+01:00, outdoor_avg_60m=0.92, flow_avg_10m=33.0, flowNow=45, powerNow=2000, freqNow=52, opState=heating, status=set_flow_target
2026-02-22T03:45:01.724760+01:00, outdoor_avg_60m=0.92, flow_avg_10m=45.0, flowNow=46, powerNow=2000, freqNow=52, opState=heating, status=set_flow_target
2026-02-22T03:45:01.735993+01:00, outdoor_avg_60m=0.92, flow_avg_10m=45.0, flowNow=46, powerNow=2000, freqNow=52, opState=heating, status=set_flow_target
2026-02-22T03:50:01.757010+01:00, outdoor_avg_60m=0.91, flow_avg_10m=46.0, flowNow=45, powerNow=1000, freqNow=44, opState=heating, status=set_flow_target
2026-02-22T03:50:01.769076+01:00, outdoor_avg_60m=0.91, flow_avg_10m=46.0, flowNow=45, powerNow=1000, freqNow=44, opState=heating, status=set_flow_target
2026-02-22T03:55:01.443607+01:00, outdoor_avg_60m=0.83, flow_avg_10m=45.5, flowNow=45.5, powerNow=1000, freqNow=44, opState=heating, status=set_flow_target
2026-02-22T03:55:01.450865+01:00, outdoor_avg_60m=0.83, flow_avg_10m=45.5, flowNow=45.5, powerNow=1000, freqNow=44, opState=heating, status=set_flow_target
2026-02-22T04:00:01.821285+01:00, outdoor_avg_60m=0.75, flow_avg_10m=45.5, flowNow=46, powerNow=1000, freqNow=44, opState=heating, status=set_flow_target
2026-02-22T04:00:01.832696+01:00, outdoor_avg_60m=0.75, flow_avg_10m=45.5, flowNow=46, powerNow=1000, freqNow=44, opState=heating, status=set_flow_target
2026-02-22T04:05:01.645715+01:00, outdoor_avg_60m=0.75, flow_avg_10m=46.0, flowNow=46, powerNow=1000, freqNow=44, opState=heating, status=set_flow_target
2026-02-22T04:05:01.656584+01:00, outdoor_avg_60m=0.75, flow_avg_10m=46.0, flowNow=46, powerNow=1000, freqNow=44, opState=heating, status=set_flow_target
2026-02-22T05:15:01.905920+01:00, outdoor_avg_60m=1.0, flow_avg_10m=35.0, flowNow=41.5, powerNow=2000, freqNow=72, opState=heating, status=set_flow_target
2026-02-22T05:15:01.913979+01:00, outdoor_avg_60m=1.0, flow_avg_10m=35.0, flowNow=41.5, powerNow=2000, freqNow=72, opState=heating, status=set_flow_target
2026-02-22T05:20:01.732297+01:00, outdoor_avg_60m=1.0, flow_avg_10m=41.5, flowNow=43.5, powerNow=3000, freqNow=72, opState=heating, status=set_flow_target
2026-02-22T05:20:01.740639+01:00, outdoor_avg_60m=1.0, flow_avg_10m=41.5, flowNow=43.5, powerNow=3000, freqNow=72, opState=heating, status=set_flow_target
2026-02-22T05:25:01.565347+01:00, outdoor_avg_60m=1.0, flow_avg_10m=42.5, flowNow=44.5, powerNow=3000, freqNow=72, opState=heating, status=set_flow_target
2026-02-22T05:25:01.576539+01:00, outdoor_avg_60m=1.0, flow_avg_10m=42.5, flowNow=44.5, powerNow=3000, freqNow=72, opState=heating, status=set_flow_target
2026-02-22T05:30:01.586473+01:00, outdoor_avg_60m=1.0, flow_avg_10m=44.0, flowNow=45, powerNow=2000, freqNow=70, opState=heating, status=set_flow_target
2026-02-22T05:30:01.597437+01:00, outdoor_avg_60m=1.0, flow_avg_10m=44.0, flowNow=45, powerNow=2000, freqNow=70, opState=heating, status=set_flow_target
2026-02-22T05:35:01.618957+01:00, outdoor_avg_60m=1.0, flow_avg_10m=45.0, flowNow=28, powerNow=0, freqNow=42, opState=heating, status=set_flow_target
2026-02-22T05:35:01.630643+01:00, outdoor_avg_60m=1.0, flow_avg_10m=45.0, flowNow=28, powerNow=0, freqNow=42, opState=heating, status=set_flow_target
2026-02-22T05:40:01.650097+01:00, outdoor_avg_60m=1.0, flow_avg_10m=28.0, flowNow=41.5, powerNow=1000, freqNow=48, opState=heating, status=set_flow_target
2026-02-22T05:40:01.661799+01:00, outdoor_avg_60m=1.0, flow_avg_10m=28.0, flowNow=41.5, powerNow=1000, freqNow=48, opState=heating, status=set_flow_target
2026-02-22T05:45:01.691606+01:00, outdoor_avg_60m=1.0, flow_avg_10m=41.5, flowNow=45, powerNow=3000, freqNow=70, opState=heating, status=set_flow_target
2026-02-22T05:45:01.698512+01:00, outdoor_avg_60m=1.0, flow_avg_10m=41.5, flowNow=45, powerNow=3000, freqNow=70, opState=heating, status=set_flow_target
2026-02-22T05:50:01.718369+01:00, outdoor_avg_60m=1.0, flow_avg_10m=45.0, flowNow=47, powerNow=2000, freqNow=68, opState=heating, status=set_flow_target
2026-02-22T05:50:01.726801+01:00, outdoor_avg_60m=1.0, flow_avg_10m=45.0, flowNow=47, powerNow=2000, freqNow=68, opState=heating, status=set_flow_target
2026-02-22T05:55:01.544926+01:00, outdoor_avg_60m=1.0, flow_avg_10m=46.0, flowNow=46.5, powerNow=2000, freqNow=60, opState=heating, status=set_flow_target
2026-02-22T05:55:01.557808+01:00, outdoor_avg_60m=1.0, flow_avg_10m=46.0, flowNow=46.5, powerNow=2000, freqNow=60, opState=heating, status=set_flow_target
2026-02-22T06:00:01.788129+01:00, outdoor_avg_60m=1.0, flow_avg_10m=46.5, flowNow=45.5, powerNow=2000, freqNow=50, opState=heating, status=set_flow_target
2026-02-22T06:00:01.795029+01:00, outdoor_avg_60m=1.0, flow_avg_10m=46.5, flowNow=45.5, powerNow=2000, freqNow=50, opState=heating, status=set_flow_target
2026-02-22T06:05:01.608598+01:00, outdoor_avg_60m=1.0, flow_avg_10m=45.5, flowNow=46.5, powerNow=2000, freqNow=50, opState=heating, status=set_flow_target
2026-02-22T06:05:01.620916+01:00, outdoor_avg_60m=1.0, flow_avg_10m=45.5, flowNow=46.5, powerNow=2000, freqNow=50, opState=heating, status=set_flow_target
2026-02-22T06:10:01.644073+01:00, outdoor_avg_60m=1.0, flow_avg_10m=46.0, flowNow=46, powerNow=2000, freqNow=46, opState=heating, status=set_flow_target
2026-02-22T06:10:01.651496+01:00, outdoor_avg_60m=1.0, flow_avg_10m=46.0, flowNow=46, powerNow=2000, freqNow=46, opState=heating, status=set_flow_target
2026-02-22T06:15:01.674874+01:00, outdoor_avg_60m=1.0, flow_avg_10m=46.0, flowNow=46.5, powerNow=1000, freqNow=44, opState=heating, status=set_flow_target
2026-02-22T06:15:01.686873+01:00, outdoor_avg_60m=1.0, flow_avg_10m=46.0, flowNow=46.5, powerNow=1000, freqNow=44, opState=heating, status=set_flow_target
2026-02-22T06:20:01.711582+01:00, outdoor_avg_60m=1.0, flow_avg_10m=46.5, flowNow=46.5, powerNow=1000, freqNow=44, opState=heating, status=set_flow_target
2026-02-22T06:20:01.718509+01:00, outdoor_avg_60m=1.0, flow_avg_10m=46.5, flowNow=46.5, powerNow=1000, freqNow=44, opState=heating, status=set_flow_target
2026-02-22T06:25:01.546846+01:00, outdoor_avg_60m=1.0, flow_avg_10m=46.5, flowNow=46.5, powerNow=1000, freqNow=44, opState=heating, status=set_flow_target
2026-02-22T06:25:01.553986+01:00, outdoor_avg_60m=1.0, flow_avg_10m=46.5, flowNow=46.5, powerNow=1000, freqNow=44, opState=heating, status=set_flow_target
2026-02-22T06:30:01.567280+01:00, outdoor_avg_60m=1.0, flow_avg_10m=46.5, flowNow=35, powerNow=0, freqNow=42, opState=heating, status=set_flow_target
2026-02-22T06:30:01.575706+01:00, outdoor_avg_60m=1.0, flow_avg_10m=46.5, flowNow=35, powerNow=0, freqNow=42, opState=heating, status=set_flow_target
2026-02-22T06:35:01.604956+01:00, outdoor_avg_60m=1.0, flow_avg_10m=35.0, flowNow=33.5, powerNow=0, freqNow=0, opState=heating, status=set_flow_target
2026-02-22T06:35:01.612840+01:00, outdoor_avg_60m=1.0, flow_avg_10m=35.0, flowNow=33.5, powerNow=0, freqNow=0, opState=heating, status=set_flow_target
2026-02-22T06:40:01.636566+01:00, outdoor_avg_60m=1.0, flow_avg_10m=33.5, flowNow=45.5, powerNow=2000, freqNow=52, opState=heating, status=set_flow_target
2026-02-22T06:40:01.644546+01:00, outdoor_avg_60m=1.0, flow_avg_10m=33.5, flowNow=45.5, powerNow=2000, freqNow=52, opState=heating, status=set_flow_target
2026-02-22T06:45:01.666014+01:00, outdoor_avg_60m=1.0, flow_avg_10m=45.5, flowNow=45.5, powerNow=2000, freqNow=52, opState=heating, status=set_flow_target
2026-02-22T06:45:01.678061+01:00, outdoor_avg_60m=1.0, flow_avg_10m=45.5, flowNow=45.5, powerNow=2000, freqNow=52, opState=heating, status=set_flow_target
2026-02-22T06:50:01.701757+01:00, outdoor_avg_60m=1.0, flow_avg_10m=45.5, flowNow=46.5, powerNow=2000, freqNow=50, opState=heating, status=set_flow_target
2026-02-22T06:50:01.709100+01:00, outdoor_avg_60m=1.0, flow_avg_10m=45.5, flowNow=46.5, powerNow=2000, freqNow=50, opState=heating, status=set_flow_target
2026-02-22T06:55:01.745204+01:00, outdoor_avg_60m=1.0, flow_avg_10m=46.5, flowNow=46.5, powerNow=2000, freqNow=50, opState=heating, status=set_flow_target
2026-02-22T06:55:01.755939+01:00, outdoor_avg_60m=1.0, flow_avg_10m=46.5, flowNow=46.5, powerNow=2000, freqNow=50, opState=heating, status=set_flow_target
2026-02-22T07:00:01.587816+01:00, outdoor_avg_60m=1.0, flow_avg_10m=46.5, flowNow=46, powerNow=1000, freqNow=44, opState=heating, status=set_flow_target
2026-02-22T07:00:01.595506+01:00, outdoor_avg_60m=1.0, flow_avg_10m=46.5, flowNow=46, powerNow=1000, freqNow=44, opState=heating, status=set_flow_target
2026-02-22T07:05:01.796906+01:00, outdoor_avg_60m=1.0, flow_avg_10m=46.0, flowNow=46, powerNow=1000, freqNow=42, opState=heating, status=set_flow_target
2026-02-22T07:05:01.805162+01:00, outdoor_avg_60m=1.0, flow_avg_10m=46.0, flowNow=46, powerNow=1000, freqNow=42, opState=heating, status=set_flow_target
2026-02-22T07:10:01.826985+01:00, outdoor_avg_60m=1.0, flow_avg_10m=46.0, flowNow=46.5, powerNow=1000, freqNow=42, opState=heating, status=set_flow_target
2026-02-22T07:10:01.838692+01:00, outdoor_avg_60m=1.0, flow_avg_10m=46.0, flowNow=46.5, powerNow=1000, freqNow=42, opState=heating, status=set_flow_target
2026-02-22T07:15:02.065485+01:00, outdoor_avg_60m=1.0, flow_avg_10m=46.5, flowNow=45.5, powerNow=1000, freqNow=42, opState=heating, status=set_flow_target
2026-02-22T07:15:02.077325+01:00, outdoor_avg_60m=1.0, flow_avg_10m=46.5, flowNow=45.5, powerNow=1000, freqNow=42, opState=heating, status=set_flow_target
2026-02-22T07:20:01.692972+01:00, outdoor_avg_60m=1.0, flow_avg_10m=46.0, flowNow=45.5, powerNow=1000, freqNow=42, opState=heating, status=set_flow_target
2026-02-22T07:20:01.700214+01:00, outdoor_avg_60m=1.0, flow_avg_10m=46.0, flowNow=45.5, powerNow=1000, freqNow=42, opState=heating, status=set_flow_target
2026-02-22T07:25:01.930364+01:00, outdoor_avg_60m=1.0, flow_avg_10m=45.5, flowNow=45.5, powerNow=1000, freqNow=42, opState=heating, status=set_flow_target
2026-02-22T07:25:01.943321+01:00, outdoor_avg_60m=1.0, flow_avg_10m=45.5, flowNow=45.5, powerNow=1000, freqNow=42, opState=heating, status=set_flow_target
2026-02-22T07:30:01.754137+01:00, outdoor_avg_60m=1.0, flow_avg_10m=45.5, flowNow=35.5, powerNow=0, freqNow=18, opState=heating, status=set_flow_target
2026-02-22T07:30:01.767499+01:00, outdoor_avg_60m=1.0, flow_avg_10m=45.5, flowNow=35.5, powerNow=0, freqNow=18, opState=heating, status=set_flow_target
2026-02-22T07:40:01.618996+01:00, outdoor_avg_60m=1.25, flow_avg_10m=40.25, flowNow=46, powerNow=2000, freqNow=50, opState=heating, status=set_flow_target
2026-02-22T07:40:01.627025+01:00, outdoor_avg_60m=1.25, flow_avg_10m=40.25, flowNow=46, powerNow=2000, freqNow=50, opState=heating, status=set_flow_target
2026-02-22T07:45:01.650500+01:00, outdoor_avg_60m=1.25, flow_avg_10m=46.0, flowNow=46.5, powerNow=2000, freqNow=50, opState=heating, status=set_flow_target
2026-02-22T07:45:01.657622+01:00, outdoor_avg_60m=1.25, flow_avg_10m=46.0, flowNow=46.5, powerNow=2000, freqNow=50, opState=heating, status=set_flow_target
2026-02-22T07:50:01.682870+01:00, outdoor_avg_60m=1.25, flow_avg_10m=46.5, flowNow=46, powerNow=2000, freqNow=44, opState=heating, status=set_flow_target
2026-02-22T07:50:01.690279+01:00, outdoor_avg_60m=1.25, flow_avg_10m=46.5, flowNow=46, powerNow=2000, freqNow=44, opState=heating, status=set_flow_target
2026-02-22T07:55:01.716378+01:00, outdoor_avg_60m=1.25, flow_avg_10m=46.0, flowNow=46.5, powerNow=2000, freqNow=44, opState=heating, status=set_flow_target
2026-02-22T07:55:01.723433+01:00, outdoor_avg_60m=1.25, flow_avg_10m=46.0, flowNow=46.5, powerNow=2000, freqNow=44, opState=heating, status=set_flow_target
2026-02-22T08:00:01.947032+01:00, outdoor_avg_60m=1.27, flow_avg_10m=46.5, flowNow=46.5, powerNow=1000, freqNow=44, opState=heating, status=set_flow_target
2026-02-22T08:00:01.964601+01:00, outdoor_avg_60m=1.27, flow_avg_10m=46.5, flowNow=46.5, powerNow=1000, freqNow=44, opState=heating, status=set_flow_target
2026-02-22T08:05:01.587602+01:00, outdoor_avg_60m=1.25, flow_avg_10m=46.5, flowNow=46, powerNow=1000, freqNow=38, opState=heating, status=set_flow_target
2026-02-22T08:05:01.599546+01:00, outdoor_avg_60m=1.25, flow_avg_10m=46.5, flowNow=46, powerNow=1000, freqNow=38, opState=heating, status=set_flow_target
2026-02-22T08:10:01.812480+01:00, outdoor_avg_60m=1.25, flow_avg_10m=46.25, flowNow=46, powerNow=1000, freqNow=38, opState=heating, status=set_flow_target
2026-02-22T08:10:01.824354+01:00, outdoor_avg_60m=1.25, flow_avg_10m=46.25, flowNow=46, powerNow=1000, freqNow=38, opState=heating, status=set_flow_target
2026-02-22T08:15:01.642890+01:00, outdoor_avg_60m=1.25, flow_avg_10m=46.0, flowNow=45.5, powerNow=1000, freqNow=38, opState=heating, status=set_flow_target
2026-02-22T08:15:01.650047+01:00, outdoor_avg_60m=1.25, flow_avg_10m=46.0, flowNow=45.5, powerNow=1000, freqNow=38, opState=heating, status=set_flow_target
2026-02-22T08:20:01.811173+01:00, outdoor_avg_60m=1.27, flow_avg_10m=45.75, flowNow=45.5, powerNow=1000, freqNow=38, opState=heating, status=set_flow_target
2026-02-22T08:20:01.823376+01:00, outdoor_avg_60m=1.27, flow_avg_10m=45.75, flowNow=45.5, powerNow=1000, freqNow=38, opState=heating, status=set_flow_target
2026-02-22T08:25:01.697041+01:00, outdoor_avg_60m=1.25, flow_avg_10m=45.5, flowNow=26, powerNow=0, freqNow=0, opState=heating, status=set_flow_target
2026-02-22T08:25:01.709211+01:00, outdoor_avg_60m=1.25, flow_avg_10m=45.5, flowNow=26, powerNow=0, freqNow=0, opState=heating, status=set_flow_target
2026-02-22T08:30:01.730918+01:00, outdoor_avg_60m=1.25, flow_avg_10m=35.75, flowNow=45, powerNow=2000, freqNow=48, opState=heating, status=set_flow_target
2026-02-22T08:30:01.742719+01:00, outdoor_avg_60m=1.25, flow_avg_10m=35.75, flowNow=45, powerNow=2000, freqNow=48, opState=heating, status=set_flow_target
2026-02-22T08:35:01.570082+01:00, outdoor_avg_60m=1.0, flow_avg_10m=35.5, flowNow=45.5, powerNow=2000, freqNow=52, opState=heating, status=set_flow_target
2026-02-22T08:35:01.577360+01:00, outdoor_avg_60m=1.0, flow_avg_10m=35.5, flowNow=45.5, powerNow=2000, freqNow=52, opState=heating, status=set_flow_target
2026-02-22T08:40:01.594377+01:00, outdoor_avg_60m=1.0, flow_avg_10m=45.25, flowNow=46.5, powerNow=2000, freqNow=44, opState=heating, status=set_flow_target
2026-02-22T08:40:01.605883+01:00, outdoor_avg_60m=1.0, flow_avg_10m=45.25, flowNow=46.5, powerNow=2000, freqNow=44, opState=heating, status=set_flow_target
2026-02-22T08:45:01.638327+01:00, outdoor_avg_60m=1.0, flow_avg_10m=46.5, flowNow=45.5, powerNow=1000, freqNow=42, opState=heating, status=set_flow_target
2026-02-22T08:45:01.646071+01:00, outdoor_avg_60m=1.0, flow_avg_10m=46.5, flowNow=45.5, powerNow=1000, freqNow=42, opState=heating, status=set_flow_target
2026-02-22T08:50:01.661696+01:00, outdoor_avg_60m=1.0, flow_avg_10m=45.5, flowNow=46, powerNow=1000, freqNow=42, opState=heating, status=set_flow_target
2026-02-22T08:50:01.668947+01:00, outdoor_avg_60m=1.0, flow_avg_10m=45.5, flowNow=46, powerNow=1000, freqNow=42, opState=heating, status=set_flow_target
2026-02-22T08:55:01.691977+01:00, outdoor_avg_60m=1.0, flow_avg_10m=46.0, flowNow=45.5, powerNow=1000, freqNow=38, opState=heating, status=set_flow_target
2026-02-22T08:55:01.707299+01:00, outdoor_avg_60m=1.0, flow_avg_10m=46.0, flowNow=45.5, powerNow=1000, freqNow=38, opState=heating, status=set_flow_target
2026-02-22T09:00:01.740934+01:00, outdoor_avg_60m=1.0, flow_avg_10m=45.5, flowNow=46, powerNow=1000, freqNow=38, opState=heating, status=set_flow_target
2026-02-22T09:00:01.753673+01:00, outdoor_avg_60m=1.0, flow_avg_10m=45.5, flowNow=46, powerNow=1000, freqNow=38, opState=heating, status=set_flow_target
2026-02-22T09:05:01.559554+01:00, outdoor_avg_60m=1.0, flow_avg_10m=45.75, flowNow=46, powerNow=1000, freqNow=42, opState=heating, status=set_flow_target
2026-02-22T09:05:01.567054+01:00, outdoor_avg_60m=1.0, flow_avg_10m=45.75, flowNow=46, powerNow=1000, freqNow=42, opState=heating, status=set_flow_target
2026-02-22T09:10:01.588528+01:00, outdoor_avg_60m=1.0, flow_avg_10m=46.0, flowNow=45.5, powerNow=1000, freqNow=38, opState=heating, status=set_flow_target
2026-02-22T09:10:01.596197+01:00, outdoor_avg_60m=1.0, flow_avg_10m=46.0, flowNow=45.5, powerNow=1000, freqNow=38, opState=heating, status=set_flow_target
2026-02-22T09:15:01.619990+01:00, outdoor_avg_60m=1.0, flow_avg_10m=45.5, flowNow=45.5, powerNow=1000, freqNow=38, opState=heating, status=set_flow_target
2026-02-22T09:15:01.631179+01:00, outdoor_avg_60m=1.0, flow_avg_10m=45.5, flowNow=45.5, powerNow=1000, freqNow=38, opState=heating, status=set_flow_target
2026-02-22T09:20:01.648046+01:00, outdoor_avg_60m=1.0, flow_avg_10m=45.5, flowNow=40, powerNow=1000, freqNow=42, opState=heating, status=set_flow_target
2026-02-22T09:20:01.660837+01:00, outdoor_avg_60m=1.0, flow_avg_10m=45.5, flowNow=40, powerNow=1000, freqNow=42, opState=heating, status=set_flow_target
2026-02-22T09:25:01.688862+01:00, outdoor_avg_60m=1.0, flow_avg_10m=40.0, flowNow=35.5, powerNow=0, freqNow=0, opState=heating, status=set_flow_target
2026-02-22T09:25:01.700536+01:00, outdoor_avg_60m=1.0, flow_avg_10m=40.0, flowNow=35.5, powerNow=0, freqNow=0, opState=heating, status=set_flow_target
2026-02-22T09:30:01.721190+01:00, outdoor_avg_60m=1.0, flow_avg_10m=35.5, flowNow=45.5, powerNow=2000, freqNow=52, opState=heating, status=set_flow_target
2026-02-22T09:30:01.728871+01:00, outdoor_avg_60m=1.0, flow_avg_10m=35.5, flowNow=45.5, powerNow=2000, freqNow=52, opState=heating, status=set_flow_target
2026-02-22T09:35:01.545028+01:00, outdoor_avg_60m=1.0, flow_avg_10m=40.5, flowNow=46, powerNow=2000, freqNow=52, opState=heating, status=set_flow_target
2026-02-22T09:35:01.552383+01:00, outdoor_avg_60m=1.0, flow_avg_10m=40.5, flowNow=46, powerNow=2000, freqNow=52, opState=heating, status=set_flow_target
2026-02-22T09:40:01.579996+01:00, outdoor_avg_60m=1.0, flow_avg_10m=45.75, flowNow=45.5, powerNow=1000, freqNow=44, opState=heating, status=set_flow_target
2026-02-22T09:40:01.587744+01:00, outdoor_avg_60m=1.0, flow_avg_10m=45.75, flowNow=45.5, powerNow=1000, freqNow=44, opState=heating, status=set_flow_target
2026-02-22T09:45:01.599423+01:00, outdoor_avg_60m=1.08, flow_avg_10m=45.5, flowNow=46, powerNow=1000, freqNow=44, opState=heating, status=set_flow_target
2026-02-22T09:45:01.623114+01:00, outdoor_avg_60m=1.08, flow_avg_10m=45.5, flowNow=46, powerNow=1000, freqNow=44, opState=heating, status=set_flow_target
2026-02-22T09:50:01.639200+01:00, outdoor_avg_60m=1.17, flow_avg_10m=46.0, flowNow=46, powerNow=1000, freqNow=36, opState=heating, status=set_flow_target
2026-02-22T09:50:01.650578+01:00, outdoor_avg_60m=1.17, flow_avg_10m=46.0, flowNow=46, powerNow=1000, freqNow=36, opState=heating, status=set_flow_target
2026-02-22T09:55:01.674005+01:00, outdoor_avg_60m=1.25, flow_avg_10m=46.0, flowNow=45, powerNow=1000, freqNow=34, opState=heating, status=set_flow_target
2026-02-22T09:55:01.685479+01:00, outdoor_avg_60m=1.25, flow_avg_10m=46.0, flowNow=45, powerNow=1000, freqNow=34, opState=heating, status=set_flow_target
2026-02-22T10:00:01.707403+01:00, outdoor_avg_60m=1.33, flow_avg_10m=45.0, flowNow=45, powerNow=1000, freqNow=34, opState=heating, status=set_flow_target
2026-02-22T10:00:01.714794+01:00, outdoor_avg_60m=1.33, flow_avg_10m=45.0, flowNow=45, powerNow=1000, freqNow=34, opState=heating, status=set_flow_target
2026-02-22T10:05:04.599902+01:00, outdoor_avg_60m=1.45, flow_avg_10m=45.0, flowNow=45, powerNow=1000, freqNow=34, opState=heating, status=set_flow_target
2026-02-22T10:05:04.613851+01:00, outdoor_avg_60m=1.45, flow_avg_10m=45.0, flowNow=45, powerNow=1000, freqNow=34, opState=heating, status=set_flow_target
2026-02-22T10:10:01.767308+01:00, outdoor_avg_60m=1.55, flow_avg_10m=45.0, flowNow=44.5, powerNow=1000, freqNow=34, opState=heating, status=set_flow_target
2026-02-22T10:10:01.778788+01:00, outdoor_avg_60m=1.55, flow_avg_10m=45.0, flowNow=44.5, powerNow=1000, freqNow=34, opState=heating, status=set_flow_target
2026-02-22T10:15:01.604205+01:00, outdoor_avg_60m=1.58, flow_avg_10m=44.75, flowNow=44.5, powerNow=1000, freqNow=34, opState=heating, status=set_flow_target
2026-02-22T10:15:01.611683+01:00, outdoor_avg_60m=1.58, flow_avg_10m=44.75, flowNow=44.5, powerNow=1000, freqNow=34, opState=heating, status=set_flow_target
2026-02-22T10:20:01.630002+01:00, outdoor_avg_60m=1.67, flow_avg_10m=44.5, flowNow=44.5, powerNow=1000, freqNow=38, opState=heating, status=set_flow_target
2026-02-22T10:20:01.651213+01:00, outdoor_avg_60m=1.67, flow_avg_10m=44.5, flowNow=44.5, powerNow=1000, freqNow=38, opState=heating, status=set_flow_target
2026-02-22T10:25:01.664670+01:00, outdoor_avg_60m=2.0, flow_avg_10m=44.5, flowNow=27, powerNow=0, freqNow=0, opState=heating, status=set_flow_target
2026-02-22T10:25:01.673722+01:00, outdoor_avg_60m=2.0, flow_avg_10m=44.5, flowNow=27, powerNow=0, freqNow=0, opState=heating, status=set_flow_target
2026-02-22T10:30:01.697162+01:00, outdoor_avg_60m=2.0, flow_avg_10m=32.83, flowNow=44.5, powerNow=2000, freqNow=52, opState=heating, status=set_flow_target
2026-02-22T10:30:01.708370+01:00, outdoor_avg_60m=2.0, flow_avg_10m=32.83, flowNow=44.5, powerNow=2000, freqNow=52, opState=heating, status=set_flow_target
2026-02-22T10:35:01.726591+01:00, outdoor_avg_60m=2.0, flow_avg_10m=44.5, flowNow=45.5, powerNow=2000, freqNow=54, opState=heating, status=set_flow_target
2026-02-22T10:35:01.738375+01:00, outdoor_avg_60m=2.0, flow_avg_10m=44.5, flowNow=45.5, powerNow=2000, freqNow=54, opState=heating, status=set_flow_target
2026-02-22T10:40:01.552720+01:00, outdoor_avg_60m=2.0, flow_avg_10m=45.0, flowNow=45.5, powerNow=2000, freqNow=50, opState=heating, status=set_flow_target
2026-02-22T10:40:01.563491+01:00, outdoor_avg_60m=2.0, flow_avg_10m=45.0, flowNow=45.5, powerNow=2000, freqNow=50, opState=heating, status=set_flow_target
2026-02-22T10:45:01.791798+01:00, outdoor_avg_60m=2.0, flow_avg_10m=45.5, flowNow=46, powerNow=2000, freqNow=50, opState=heating, status=set_flow_target
2026-02-22T10:45:01.811546+01:00, outdoor_avg_60m=2.0, flow_avg_10m=45.5, flowNow=46, powerNow=2000, freqNow=50, opState=heating, status=set_flow_target
2026-02-22T10:50:01.636381+01:00, outdoor_avg_60m=2.0, flow_avg_10m=46.0, flowNow=45, powerNow=1000, freqNow=42, opState=heating, status=set_flow_target
2026-02-22T10:50:01.647770+01:00, outdoor_avg_60m=2.0, flow_avg_10m=46.0, flowNow=45, powerNow=1000, freqNow=42, opState=heating, status=set_flow_target
2026-02-22T10:55:01.651801+01:00, outdoor_avg_60m=2.0, flow_avg_10m=45.5, flowNow=45, powerNow=1000, freqNow=38, opState=heating, status=set_flow_target
2026-02-22T10:55:01.664265+01:00, outdoor_avg_60m=2.0, flow_avg_10m=45.5, flowNow=45, powerNow=1000, freqNow=38, opState=heating, status=set_flow_target
2026-02-22T11:00:01.687049+01:00, outdoor_avg_60m=2.0, flow_avg_10m=45.0, flowNow=45, powerNow=1000, freqNow=42, opState=heating, status=set_flow_target
2026-02-22T11:00:01.694107+01:00, outdoor_avg_60m=2.0, flow_avg_10m=45.0, flowNow=45, powerNow=1000, freqNow=42, opState=heating, status=set_flow_target
2026-02-22T11:05:01.714934+01:00, outdoor_avg_60m=2.0, flow_avg_10m=45.0, flowNow=45, powerNow=1000, freqNow=40, opState=heating, status=set_flow_target
2026-02-22T11:05:01.729826+01:00, outdoor_avg_60m=2.0, flow_avg_10m=45.0, flowNow=45, powerNow=1000, freqNow=40, opState=heating, status=set_flow_target
2026-02-22T11:10:07.683566+01:00, outdoor_avg_60m=2.0, flow_avg_10m=45.0, flowNow=44.5, powerNow=1000, freqNow=40, opState=heating, status=set_flow_target
2026-02-22T11:10:07.696336+01:00, outdoor_avg_60m=2.0, flow_avg_10m=45.0, flowNow=44.5, powerNow=1000, freqNow=40, opState=heating, status=set_flow_target
2026-02-22T11:15:01.785041+01:00, outdoor_avg_60m=2.0, flow_avg_10m=44.5, flowNow=44.5, powerNow=1000, freqNow=38, opState=heating, status=set_flow_target
2026-02-22T11:15:01.796229+01:00, outdoor_avg_60m=2.0, flow_avg_10m=44.5, flowNow=44.5, powerNow=1000, freqNow=38, opState=heating, status=set_flow_target
2026-02-22T11:20:01.611750+01:00, outdoor_avg_60m=2.0, flow_avg_10m=44.5, flowNow=30, powerNow=0, freqNow=0, opState=heating, status=set_flow_target
2026-02-22T11:20:01.624629+01:00, outdoor_avg_60m=2.0, flow_avg_10m=44.5, flowNow=30, powerNow=0, freqNow=0, opState=heating, status=set_flow_target
2026-02-22T11:25:01.641487+01:00, outdoor_avg_60m=2.0, flow_avg_10m=37.25, flowNow=45.5, powerNow=2000, freqNow=48, opState=heating, status=set_flow_target
2026-02-22T11:25:01.653097+01:00, outdoor_avg_60m=2.0, flow_avg_10m=37.25, flowNow=45.5, powerNow=2000, freqNow=48, opState=heating, status=set_flow_target
2026-02-22T11:30:01.678426+01:00, outdoor_avg_60m=2.0, flow_avg_10m=45.5, flowNow=44.5, powerNow=2000, freqNow=48, opState=heating, status=set_flow_target
2026-02-22T11:30:01.685330+01:00, outdoor_avg_60m=2.0, flow_avg_10m=45.5, flowNow=44.5, powerNow=2000, freqNow=48, opState=heating, status=set_flow_target
2026-02-22T11:35:01.712145+01:00, outdoor_avg_60m=2.0, flow_avg_10m=44.5, flowNow=45.5, powerNow=2000, freqNow=48, opState=heating, status=set_flow_target
2026-02-22T11:35:01.719182+01:00, outdoor_avg_60m=2.0, flow_avg_10m=44.5, flowNow=45.5, powerNow=2000, freqNow=48, opState=heating, status=set_flow_target
2026-02-22T11:40:01.747596+01:00, outdoor_avg_60m=2.0, flow_avg_10m=45.5, flowNow=45, powerNow=1000, freqNow=44, opState=heating, status=set_flow_target
2026-02-22T11:40:01.756076+01:00, outdoor_avg_60m=2.0, flow_avg_10m=45.5, flowNow=45, powerNow=1000, freqNow=44, opState=heating, status=set_flow_target
2026-02-22T11:45:01.570437+01:00, outdoor_avg_60m=2.0, flow_avg_10m=45.25, flowNow=45.5, powerNow=1000, freqNow=44, opState=heating, status=set_flow_target
2026-02-22T11:45:01.577605+01:00, outdoor_avg_60m=2.0, flow_avg_10m=45.25, flowNow=45.5, powerNow=1000, freqNow=44, opState=heating, status=set_flow_target
2026-02-22T11:50:01.600871+01:00, outdoor_avg_60m=2.0, flow_avg_10m=45.25, flowNow=46, powerNow=1000, freqNow=42, opState=heating, status=set_flow_target
2026-02-22T11:50:01.612527+01:00, outdoor_avg_60m=2.0, flow_avg_10m=45.25, flowNow=46, powerNow=1000, freqNow=42, opState=heating, status=set_flow_target
2026-02-22T11:55:01.633299+01:00, outdoor_avg_60m=2.0, flow_avg_10m=46.0, flowNow=44.5, powerNow=1000, freqNow=36, opState=heating, status=set_flow_target
2026-02-22T11:55:01.645932+01:00, outdoor_avg_60m=2.0, flow_avg_10m=46.0, flowNow=44.5, powerNow=1000, freqNow=36, opState=heating, status=set_flow_target
2026-02-22T12:00:01.662019+01:00, outdoor_avg_60m=2.0, flow_avg_10m=44.5, flowNow=44.5, powerNow=1000, freqNow=36, opState=heating, status=set_flow_target
2026-02-22T12:00:01.672973+01:00, outdoor_avg_60m=2.0, flow_avg_10m=44.5, flowNow=44.5, powerNow=1000, freqNow=36, opState=heating, status=set_flow_target
2026-02-22T12:05:01.698029+01:00, outdoor_avg_60m=2.0, flow_avg_10m=44.5, flowNow=44.5, powerNow=1000, freqNow=36, opState=heating, status=set_flow_target
2026-02-22T12:05:01.705285+01:00, outdoor_avg_60m=2.0, flow_avg_10m=44.5, flowNow=44.5, powerNow=1000, freqNow=36, opState=heating, status=set_flow_target
2026-02-22T12:10:01.627952+01:00, outdoor_avg_60m=2.0, flow_avg_10m=44.5, flowNow=44.5, powerNow=1000, freqNow=36, opState=heating, status=set_flow_target
2026-02-22T12:10:01.635016+01:00, outdoor_avg_60m=2.0, flow_avg_10m=44.5, flowNow=44.5, powerNow=1000, freqNow=36, opState=heating, status=set_flow_target
2026-02-22T12:15:01.560977+01:00, outdoor_avg_60m=2.0, flow_avg_10m=44.5, flowNow=28.5, powerNow=0, freqNow=42, opState=heating, status=set_flow_target
2026-02-22T12:15:01.568906+01:00, outdoor_avg_60m=2.0, flow_avg_10m=44.5, flowNow=28.5, powerNow=0, freqNow=42, opState=heating, status=set_flow_target
2026-02-22T12:20:01.593461+01:00, outdoor_avg_60m=2.0, flow_avg_10m=36.5, flowNow=45, powerNow=2000, freqNow=48, opState=heating, status=set_flow_target
2026-02-22T12:20:01.606245+01:00, outdoor_avg_60m=2.0, flow_avg_10m=36.5, flowNow=45, powerNow=2000, freqNow=48, opState=heating, status=set_flow_target
2026-02-22T12:25:01.621561+01:00, outdoor_avg_60m=2.0, flow_avg_10m=45.0, flowNow=44.5, powerNow=2000, freqNow=48, opState=heating, status=set_flow_target
2026-02-22T12:25:01.633620+01:00, outdoor_avg_60m=2.0, flow_avg_10m=45.0, flowNow=44.5, powerNow=2000, freqNow=48, opState=heating, status=set_flow_target
2026-02-22T12:30:01.656543+01:00, outdoor_avg_60m=2.0, flow_avg_10m=44.5, flowNow=45.5, powerNow=2000, freqNow=48, opState=heating, status=set_flow_target
2026-02-22T12:30:01.668346+01:00, outdoor_avg_60m=2.0, flow_avg_10m=44.5, flowNow=45.5, powerNow=2000, freqNow=48, opState=heating, status=set_flow_target
2026-02-22T12:35:01.688083+01:00, outdoor_avg_60m=2.0, flow_avg_10m=45.5, flowNow=45, powerNow=2000, freqNow=42, opState=heating, status=set_flow_target
2026-02-22T12:35:01.699896+01:00, outdoor_avg_60m=2.0, flow_avg_10m=45.5, flowNow=45, powerNow=2000, freqNow=42, opState=heating, status=set_flow_target
2026-02-22T12:40:01.720488+01:00, outdoor_avg_60m=2.0, flow_avg_10m=45.0, flowNow=45, powerNow=1000, freqNow=42, opState=heating, status=set_flow_target
2026-02-22T12:40:01.732443+01:00, outdoor_avg_60m=2.0, flow_avg_10m=45.0, flowNow=45, powerNow=1000, freqNow=42, opState=heating, status=set_flow_target
2026-02-22T12:45:01.754636+01:00, outdoor_avg_60m=2.0, flow_avg_10m=45.0, flowNow=45.5, powerNow=1000, freqNow=42, opState=heating, status=set_flow_target
2026-02-22T12:45:01.761994+01:00, outdoor_avg_60m=2.0, flow_avg_10m=45.0, flowNow=45.5, powerNow=1000, freqNow=42, opState=heating, status=set_flow_target
2026-02-22T12:50:01.578798+01:00, outdoor_avg_60m=2.0, flow_avg_10m=45.25, flowNow=45.5, powerNow=1000, freqNow=42, opState=heating, status=set_flow_target
2026-02-22T12:50:01.590369+01:00, outdoor_avg_60m=2.0, flow_avg_10m=45.25, flowNow=45.5, powerNow=1000, freqNow=42, opState=heating, status=set_flow_target
2026-02-22T12:55:01.714387+01:00, outdoor_avg_60m=2.0, flow_avg_10m=45.5, flowNow=45.5, powerNow=1000, freqNow=42, opState=heating, status=set_flow_target
2026-02-22T12:55:01.726331+01:00, outdoor_avg_60m=2.0, flow_avg_10m=45.5, flowNow=45.5, powerNow=1000, freqNow=42, opState=heating, status=set_flow_target
2026-02-22T13:00:01.750196+01:00, outdoor_avg_60m=2.0, flow_avg_10m=45.5, flowNow=45.5, powerNow=1000, freqNow=42, opState=heating, status=set_flow_target
2026-02-22T13:00:01.762770+01:00, outdoor_avg_60m=2.0, flow_avg_10m=45.5, flowNow=45.5, powerNow=1000, freqNow=42, opState=heating, status=set_flow_target
2026-02-22T13:05:01.573664+01:00, outdoor_avg_60m=2.0, flow_avg_10m=45.5, flowNow=45, powerNow=1000, freqNow=38, opState=heating, status=set_flow_target
2026-02-22T13:05:01.585837+01:00, outdoor_avg_60m=2.0, flow_avg_10m=45.5, flowNow=45, powerNow=1000, freqNow=38, opState=heating, status=set_flow_target
2026-02-22T13:10:01.603844+01:00, outdoor_avg_60m=2.0, flow_avg_10m=45.25, flowNow=26, powerNow=0, freqNow=42, opState=heating, status=set_flow_target
2026-02-22T13:10:01.615672+01:00, outdoor_avg_60m=2.0, flow_avg_10m=45.25, flowNow=26, powerNow=0, freqNow=42, opState=heating, status=set_flow_target
2026-02-22T13:15:01.639826+01:00, outdoor_avg_60m=2.0, flow_avg_10m=26.0, flowNow=45, powerNow=2000, freqNow=48, opState=heating, status=set_flow_target
2026-02-22T13:15:01.652219+01:00, outdoor_avg_60m=2.0, flow_avg_10m=26.0, flowNow=45, powerNow=2000, freqNow=48, opState=heating, status=set_flow_target
2026-02-22T13:20:01.671714+01:00, outdoor_avg_60m=2.0, flow_avg_10m=45.0, flowNow=44.5, powerNow=2000, freqNow=48, opState=heating, status=set_flow_target
2026-02-22T13:20:01.684370+01:00, outdoor_avg_60m=2.0, flow_avg_10m=45.0, flowNow=44.5, powerNow=2000, freqNow=48, opState=heating, status=set_flow_target
2026-02-22T13:25:01.706402+01:00, outdoor_avg_60m=2.0, flow_avg_10m=44.5, flowNow=46, powerNow=2000, freqNow=48, opState=heating, status=set_flow_target
2026-02-22T13:25:01.713420+01:00, outdoor_avg_60m=2.0, flow_avg_10m=44.5, flowNow=46, powerNow=2000, freqNow=48, opState=heating, status=set_flow_target
2026-02-22T13:30:01.557275+01:00, outdoor_avg_60m=2.0, flow_avg_10m=45.25, flowNow=45, powerNow=1000, freqNow=42, opState=heating, status=set_flow_target
2026-02-22T13:30:01.568072+01:00, outdoor_avg_60m=2.0, flow_avg_10m=45.25, flowNow=45, powerNow=1000, freqNow=42, opState=heating, status=set_flow_target
2026-02-22T13:35:01.560353+01:00, outdoor_avg_60m=2.0, flow_avg_10m=45.5, flowNow=45.5, powerNow=1000, freqNow=42, opState=heating, status=set_flow_target
2026-02-22T13:35:01.575774+01:00, outdoor_avg_60m=2.0, flow_avg_10m=45.5, flowNow=45.5, powerNow=1000, freqNow=42, opState=heating, status=set_flow_target
2026-02-22T13:40:01.595636+01:00, outdoor_avg_60m=2.0, flow_avg_10m=45.5, flowNow=45.5, powerNow=1000, freqNow=42, opState=heating, status=set_flow_target
2026-02-22T13:40:01.606972+01:00, outdoor_avg_60m=2.0, flow_avg_10m=45.5, flowNow=45.5, powerNow=1000, freqNow=42, opState=heating, status=set_flow_target
2026-02-22T13:45:01.625847+01:00, outdoor_avg_60m=2.0, flow_avg_10m=45.5, flowNow=45, powerNow=1000, freqNow=42, opState=heating, status=set_flow_target
2026-02-22T13:45:01.637249+01:00, outdoor_avg_60m=2.0, flow_avg_10m=45.5, flowNow=45, powerNow=1000, freqNow=42, opState=heating, status=set_flow_target
2026-02-22T13:50:01.663485+01:00, outdoor_avg_60m=2.0, flow_avg_10m=45.0, flowNow=45, powerNow=1000, freqNow=38, opState=heating, status=set_flow_target
2026-02-22T13:50:01.676308+01:00, outdoor_avg_60m=2.0, flow_avg_10m=45.0, flowNow=45, powerNow=1000, freqNow=38, opState=heating, status=set_flow_target
2026-02-22T13:55:01.694056+01:00, outdoor_avg_60m=2.0, flow_avg_10m=45.0, flowNow=45, powerNow=1000, freqNow=38, opState=heating, status=set_flow_target
2026-02-22T13:55:01.711434+01:00, outdoor_avg_60m=2.0, flow_avg_10m=45.0, flowNow=45, powerNow=1000, freqNow=38, opState=heating, status=set_flow_target
2026-02-22T14:00:01.724432+01:00, outdoor_avg_60m=2.0, flow_avg_10m=45.0, flowNow=45, powerNow=1000, freqNow=38, opState=heating, status=set_flow_target
2026-02-22T14:00:01.736498+01:00, outdoor_avg_60m=2.0, flow_avg_10m=45.0, flowNow=45, powerNow=1000, freqNow=38, opState=heating, status=set_flow_target
2026-02-22T14:05:01.552764+01:00, outdoor_avg_60m=2.0, flow_avg_10m=45.0, flowNow=26, powerNow=0, freqNow=42, opState=heating, status=set_flow_target
2026-02-22T14:05:01.565348+01:00, outdoor_avg_60m=2.0, flow_avg_10m=45.0, flowNow=26, powerNow=0, freqNow=42, opState=heating, status=set_flow_target
2026-02-22T14:10:01.800394+01:00, outdoor_avg_60m=2.0, flow_avg_10m=26.0, flowNow=45, powerNow=2000, freqNow=48, opState=heating, status=set_flow_target
2026-02-22T14:10:01.807943+01:00, outdoor_avg_60m=2.0, flow_avg_10m=26.0, flowNow=45, powerNow=2000, freqNow=48, opState=heating, status=set_flow_target
2026-02-22T14:15:01.627568+01:00, outdoor_avg_60m=2.0, flow_avg_10m=45.0, flowNow=44.5, powerNow=2000, freqNow=48, opState=heating, status=set_flow_target
2026-02-22T14:15:01.641092+01:00, outdoor_avg_60m=2.0, flow_avg_10m=45.0, flowNow=44.5, powerNow=2000, freqNow=48, opState=heating, status=set_flow_target
2026-02-22T14:20:01.650567+01:00, outdoor_avg_60m=2.0, flow_avg_10m=44.75, flowNow=45.5, powerNow=2000, freqNow=48, opState=heating, status=set_flow_target
2026-02-22T14:20:01.662437+01:00, outdoor_avg_60m=2.0, flow_avg_10m=44.75, flowNow=45.5, powerNow=2000, freqNow=48, opState=heating, status=set_flow_target
2026-02-22T14:25:01.686967+01:00, outdoor_avg_60m=2.0, flow_avg_10m=45.5, flowNow=45, powerNow=1000, freqNow=44, opState=heating, status=set_flow_target
2026-02-22T14:25:01.694799+01:00, outdoor_avg_60m=2.0, flow_avg_10m=45.5, flowNow=45, powerNow=1000, freqNow=44, opState=heating, status=set_flow_target
2026-02-22T14:30:01.722293+01:00, outdoor_avg_60m=2.0, flow_avg_10m=45.0, flowNow=45.5, powerNow=1000, freqNow=44, opState=heating, status=set_flow_target
2026-02-22T14:30:01.729605+01:00, outdoor_avg_60m=2.0, flow_avg_10m=45.0, flowNow=45.5, powerNow=1000, freqNow=44, opState=heating, status=set_flow_target
2026-02-22T14:35:01.955281+01:00, outdoor_avg_60m=2.0, flow_avg_10m=45.5, flowNow=44.5, powerNow=1000, freqNow=38, opState=heating, status=set_flow_target
2026-02-22T14:35:01.967716+01:00, outdoor_avg_60m=2.0, flow_avg_10m=45.5, flowNow=44.5, powerNow=1000, freqNow=38, opState=heating, status=set_flow_target
2026-02-22T14:40:01.679269+01:00, outdoor_avg_60m=2.0, flow_avg_10m=45.0, flowNow=45, powerNow=1000, freqNow=38, opState=heating, status=set_flow_target
2026-02-22T14:40:01.691383+01:00, outdoor_avg_60m=2.0, flow_avg_10m=45.0, flowNow=45, powerNow=1000, freqNow=38, opState=heating, status=set_flow_target
2026-02-22T14:45:01.711793+01:00, outdoor_avg_60m=2.0, flow_avg_10m=44.75, flowNow=45, powerNow=1000, freqNow=38, opState=heating, status=set_flow_target
2026-02-22T14:45:01.719701+01:00, outdoor_avg_60m=2.0, flow_avg_10m=44.75, flowNow=45, powerNow=1000, freqNow=38, opState=heating, status=set_flow_target
2026-02-22T14:50:01.747810+01:00, outdoor_avg_60m=2.0, flow_avg_10m=45.0, flowNow=45, powerNow=1000, freqNow=38, opState=heating, status=set_flow_target
2026-02-22T14:50:01.759330+01:00, outdoor_avg_60m=2.0, flow_avg_10m=45.0, flowNow=45, powerNow=1000, freqNow=38, opState=heating, status=set_flow_target
2026-02-22T14:55:01.572884+01:00, outdoor_avg_60m=2.0, flow_avg_10m=45.0, flowNow=45, powerNow=1000, freqNow=38, opState=heating, status=set_flow_target
2026-02-22T14:55:01.584614+01:00, outdoor_avg_60m=2.0, flow_avg_10m=45.0, flowNow=45, powerNow=1000, freqNow=38, opState=heating, status=set_flow_target
2026-02-22T15:00:01.606819+01:00, outdoor_avg_60m=2.0, flow_avg_10m=45.0, flowNow=29, powerNow=0, freqNow=42, opState=heating, status=set_flow_target
2026-02-22T15:00:01.618705+01:00, outdoor_avg_60m=2.0, flow_avg_10m=45.0, flowNow=29, powerNow=0, freqNow=42, opState=heating, status=set_flow_target
2026-02-22T15:05:01.632379+01:00, outdoor_avg_60m=2.0, flow_avg_10m=29.0, flowNow=45, powerNow=2000, freqNow=48, opState=heating, status=set_flow_target
2026-02-22T15:05:01.649854+01:00, outdoor_avg_60m=2.0, flow_avg_10m=29.0, flowNow=45, powerNow=2000, freqNow=48, opState=heating, status=set_flow_target
2026-02-22T15:10:01.780043+01:00, outdoor_avg_60m=2.0, flow_avg_10m=45.0, flowNow=44.5, powerNow=2000, freqNow=48, opState=heating, status=set_flow_target
2026-02-22T15:10:01.787232+01:00, outdoor_avg_60m=2.0, flow_avg_10m=45.0, flowNow=44.5, powerNow=2000, freqNow=48, opState=heating, status=set_flow_target
2026-02-22T15:15:01.805696+01:00, outdoor_avg_60m=2.0, flow_avg_10m=44.5, flowNow=45.5, powerNow=2000, freqNow=48, opState=heating, status=set_flow_target
2026-02-22T15:15:01.817533+01:00, outdoor_avg_60m=2.0, flow_avg_10m=44.5, flowNow=45.5, powerNow=2000, freqNow=48, opState=heating, status=set_flow_target
2026-02-22T15:20:01.639649+01:00, outdoor_avg_60m=2.0, flow_avg_10m=45.0, flowNow=45, powerNow=2000, freqNow=44, opState=heating, status=set_flow_target
2026-02-22T15:20:01.650027+01:00, outdoor_avg_60m=2.0, flow_avg_10m=45.0, flowNow=45, powerNow=2000, freqNow=44, opState=heating, status=set_flow_target
2026-02-22T15:25:01.580569+01:00, outdoor_avg_60m=2.0, flow_avg_10m=45.25, flowNow=45.5, powerNow=1000, freqNow=42, opState=heating, status=set_flow_target
2026-02-22T15:25:01.587974+01:00, outdoor_avg_60m=2.0, flow_avg_10m=45.25, flowNow=45.5, powerNow=1000, freqNow=42, opState=heating, status=set_flow_target
2026-02-22T15:30:01.606142+01:00, outdoor_avg_60m=2.0, flow_avg_10m=45.25, flowNow=45.5, powerNow=1000, freqNow=42, opState=heating, status=set_flow_target
2026-02-22T15:30:01.617010+01:00, outdoor_avg_60m=2.0, flow_avg_10m=45.25, flowNow=45.5, powerNow=1000, freqNow=42, opState=heating, status=set_flow_target
2026-02-22T15:35:01.626646+01:00, outdoor_avg_60m=2.0, flow_avg_10m=45.5, flowNow=45.5, powerNow=1000, freqNow=42, opState=heating, status=set_flow_target
2026-02-22T15:35:01.637987+01:00, outdoor_avg_60m=2.0, flow_avg_10m=45.5, flowNow=45.5, powerNow=1000, freqNow=42, opState=heating, status=set_flow_target
2026-02-22T15:40:01.661652+01:00, outdoor_avg_60m=2.0, flow_avg_10m=45.5, flowNow=45.5, powerNow=1000, freqNow=42, opState=heating, status=set_flow_target
2026-02-22T15:40:01.672774+01:00, outdoor_avg_60m=2.0, flow_avg_10m=45.5, flowNow=45.5, powerNow=1000, freqNow=42, opState=heating, status=set_flow_target
2026-02-22T15:45:01.696948+01:00, outdoor_avg_60m=2.0, flow_avg_10m=45.5, flowNow=45, powerNow=1000, freqNow=38, opState=heating, status=set_flow_target
2026-02-22T15:45:01.704058+01:00, outdoor_avg_60m=2.0, flow_avg_10m=45.5, flowNow=45, powerNow=1000, freqNow=38, opState=heating, status=set_flow_target
2026-02-22T15:50:01.726086+01:00, outdoor_avg_60m=2.0, flow_avg_10m=45.0, flowNow=45, powerNow=1000, freqNow=38, opState=heating, status=set_flow_target
2026-02-22T15:50:01.737269+01:00, outdoor_avg_60m=2.0, flow_avg_10m=45.0, flowNow=45, powerNow=1000, freqNow=38, opState=heating, status=set_flow_target
2026-02-22T15:55:01.554812+01:00, outdoor_avg_60m=2.0, flow_avg_10m=45.0, flowNow=29, powerNow=0, freqNow=42, opState=heating, status=set_flow_target
2026-02-22T15:55:01.566182+01:00, outdoor_avg_60m=2.0, flow_avg_10m=45.0, flowNow=29, powerNow=0, freqNow=42, opState=heating, status=set_flow_target
2026-02-22T16:00:01.791206+01:00, outdoor_avg_60m=2.0, flow_avg_10m=29.0, flowNow=35.5, powerNow=0, freqNow=46, opState=heating, status=set_flow_target
2026-02-22T16:00:01.802461+01:00, outdoor_avg_60m=2.0, flow_avg_10m=29.0, flowNow=35.5, powerNow=0, freqNow=46, opState=heating, status=set_flow_target
2026-02-22T16:10:01.455369+01:00, outdoor_avg_60m=2.25, flow_avg_10m=40.0, flowNow=45, powerNow=2000, freqNow=48, opState=heating, status=set_flow_target
2026-02-22T16:10:01.468136+01:00, outdoor_avg_60m=2.25, flow_avg_10m=40.0, flowNow=45, powerNow=2000, freqNow=48, opState=heating, status=set_flow_target
2026-02-22T16:15:01.686178+01:00, outdoor_avg_60m=2.25, flow_avg_10m=45.0, flowNow=45, powerNow=1000, freqNow=42, opState=heating, status=set_flow_target
2026-02-22T16:15:01.697838+01:00, outdoor_avg_60m=2.25, flow_avg_10m=45.0, flowNow=45, powerNow=1000, freqNow=42, opState=heating, status=set_flow_target
2026-02-22T16:20:01.716799+01:00, outdoor_avg_60m=2.27, flow_avg_10m=45.0, flowNow=45, powerNow=1000, freqNow=42, opState=heating, status=set_flow_target
2026-02-22T16:20:01.727910+01:00, outdoor_avg_60m=2.27, flow_avg_10m=45.0, flowNow=45, powerNow=1000, freqNow=42, opState=heating, status=set_flow_target
2026-02-22T16:25:01.546436+01:00, outdoor_avg_60m=2.25, flow_avg_10m=45.0, flowNow=45.5, powerNow=1000, freqNow=42, opState=heating, status=set_flow_target
2026-02-22T16:25:01.553383+01:00, outdoor_avg_60m=2.25, flow_avg_10m=45.0, flowNow=45.5, powerNow=1000, freqNow=42, opState=heating, status=set_flow_target
2026-02-22T16:30:01.787670+01:00, outdoor_avg_60m=2.27, flow_avg_10m=45.5, flowNow=45.5, powerNow=1000, freqNow=38, opState=heating, status=set_flow_target
2026-02-22T16:30:01.799863+01:00, outdoor_avg_60m=2.27, flow_avg_10m=45.5, flowNow=45.5, powerNow=1000, freqNow=38, opState=heating, status=set_flow_target
2026-02-22T16:35:01.613264+01:00, outdoor_avg_60m=2.25, flow_avg_10m=45.5, flowNow=44.5, powerNow=1000, freqNow=36, opState=heating, status=set_flow_target
2026-02-22T16:35:01.620951+01:00, outdoor_avg_60m=2.25, flow_avg_10m=45.5, flowNow=44.5, powerNow=1000, freqNow=36, opState=heating, status=set_flow_target
2026-02-22T16:40:01.640574+01:00, outdoor_avg_60m=2.25, flow_avg_10m=45.0, flowNow=44.5, powerNow=1000, freqNow=36, opState=heating, status=set_flow_target
2026-02-22T16:40:01.647948+01:00, outdoor_avg_60m=2.25, flow_avg_10m=45.0, flowNow=44.5, powerNow=1000, freqNow=36, opState=heating, status=set_flow_target
2026-02-22T16:45:01.687492+01:00, outdoor_avg_60m=2.25, flow_avg_10m=44.5, flowNow=44.5, powerNow=1000, freqNow=36, opState=heating, status=set_flow_target
2026-02-22T16:45:01.698469+01:00, outdoor_avg_60m=2.25, flow_avg_10m=44.5, flowNow=44.5, powerNow=1000, freqNow=36, opState=heating, status=set_flow_target
2026-02-22T16:50:01.708389+01:00, outdoor_avg_60m=2.25, flow_avg_10m=44.5, flowNow=35.5, powerNow=1000, freqNow=42, opState=heating, status=set_flow_target
2026-02-22T16:50:01.715685+01:00, outdoor_avg_60m=2.25, flow_avg_10m=44.5, flowNow=35.5, powerNow=1000, freqNow=42, opState=heating, status=set_flow_target
2026-02-22T16:55:01.533793+01:00, outdoor_avg_60m=2.25, flow_avg_10m=40.0, flowNow=36, powerNow=0, freqNow=48, opState=heating, status=set_flow_target
2026-02-22T16:55:01.546063+01:00, outdoor_avg_60m=2.25, flow_avg_10m=40.0, flowNow=36, powerNow=0, freqNow=48, opState=heating, status=set_flow_target
2026-02-22T17:00:01.770996+01:00, outdoor_avg_60m=2.25, flow_avg_10m=36.0, flowNow=44.5, powerNow=2000, freqNow=48, opState=heating, status=set_flow_target
2026-02-22T17:00:01.783879+01:00, outdoor_avg_60m=2.25, flow_avg_10m=36.0, flowNow=44.5, powerNow=2000, freqNow=48, opState=heating, status=set_flow_target
2026-02-22T17:10:01.634350+01:00, outdoor_avg_60m=2.0, flow_avg_10m=44.5, flowNow=45.5, powerNow=2000, freqNow=48, opState=heating, status=set_flow_target
2026-02-22T17:10:01.646858+01:00, outdoor_avg_60m=2.0, flow_avg_10m=44.5, flowNow=45.5, powerNow=2000, freqNow=48, opState=heating, status=set_flow_target
2026-02-22T17:15:01.665699+01:00, outdoor_avg_60m=2.0, flow_avg_10m=45.5, flowNow=45.5, powerNow=1000, freqNow=44, opState=heating, status=set_flow_target
2026-02-22T17:15:01.673133+01:00, outdoor_avg_60m=2.0, flow_avg_10m=45.5, flowNow=45.5, powerNow=1000, freqNow=44, opState=heating, status=set_flow_target
2026-02-22T17:20:01.701836+01:00, outdoor_avg_60m=2.0, flow_avg_10m=45.5, flowNow=46, powerNow=1000, freqNow=44, opState=heating, status=set_flow_target
2026-02-22T17:20:01.709012+01:00, outdoor_avg_60m=2.0, flow_avg_10m=45.5, flowNow=46, powerNow=1000, freqNow=44, opState=heating, status=set_flow_target
2026-02-22T17:25:01.526584+01:00, outdoor_avg_60m=2.0, flow_avg_10m=45.75, flowNow=45, powerNow=1000, freqNow=38, opState=heating, status=set_flow_target
2026-02-22T17:25:01.533802+01:00, outdoor_avg_60m=2.0, flow_avg_10m=45.75, flowNow=45, powerNow=1000, freqNow=38, opState=heating, status=set_flow_target
2026-02-22T17:30:01.757705+01:00, outdoor_avg_60m=2.0, flow_avg_10m=45.0, flowNow=45, powerNow=1000, freqNow=38, opState=heating, status=set_flow_target
2026-02-22T17:30:01.769508+01:00, outdoor_avg_60m=2.0, flow_avg_10m=45.0, flowNow=45, powerNow=1000, freqNow=38, opState=heating, status=set_flow_target
2026-02-22T17:35:01.996251+01:00, outdoor_avg_60m=2.0, flow_avg_10m=45.0, flowNow=45, powerNow=1000, freqNow=38, opState=heating, status=set_flow_target
2026-02-22T17:35:02.007856+01:00, outdoor_avg_60m=2.0, flow_avg_10m=45.0, flowNow=45, powerNow=1000, freqNow=38, opState=heating, status=set_flow_target
2026-02-22T17:40:01.625220+01:00, outdoor_avg_60m=2.0, flow_avg_10m=45.0, flowNow=45, powerNow=1000, freqNow=38, opState=heating, status=set_flow_target
2026-02-22T17:40:01.632435+01:00, outdoor_avg_60m=2.0, flow_avg_10m=45.0, flowNow=45, powerNow=1000, freqNow=38, opState=heating, status=set_flow_target
2026-02-22T17:45:01.646947+01:00, outdoor_avg_60m=2.0, flow_avg_10m=45.0, flowNow=34.5, powerNow=1000, freqNow=42, opState=heating, status=set_flow_target
2026-02-22T17:45:01.658083+01:00, outdoor_avg_60m=2.0, flow_avg_10m=45.0, flowNow=34.5, powerNow=1000, freqNow=42, opState=heating, status=set_flow_target
2026-02-22T17:50:01.688782+01:00, outdoor_avg_60m=2.0, flow_avg_10m=34.5, flowNow=32.5, powerNow=0, freqNow=0, opState=heating, status=set_flow_target
2026-02-22T17:50:01.710730+01:00, outdoor_avg_60m=2.0, flow_avg_10m=34.5, flowNow=32.5, powerNow=0, freqNow=0, opState=heating, status=set_flow_target
2026-02-22T18:00:01.645460+01:00, outdoor_avg_60m=2.18, flow_avg_10m=38.5, flowNow=44.5, powerNow=2000, freqNow=48, opState=heating, status=set_flow_target
2026-02-22T18:00:01.656879+01:00, outdoor_avg_60m=2.18, flow_avg_10m=38.5, flowNow=44.5, powerNow=2000, freqNow=48, opState=heating, status=set_flow_target
2026-02-22T18:05:01.686434+01:00, outdoor_avg_60m=2.18, flow_avg_10m=44.5, flowNow=46, powerNow=2000, freqNow=48, opState=heating, status=set_flow_target
2026-02-22T18:05:01.693728+01:00, outdoor_avg_60m=2.18, flow_avg_10m=44.5, flowNow=46, powerNow=2000, freqNow=48, opState=heating, status=set_flow_target
2026-02-22T18:10:01.522334+01:00, outdoor_avg_60m=2.17, flow_avg_10m=45.25, flowNow=45.5, powerNow=2000, freqNow=46, opState=heating, status=set_flow_target
2026-02-22T18:10:01.534234+01:00, outdoor_avg_60m=2.17, flow_avg_10m=45.25, flowNow=45.5, powerNow=2000, freqNow=46, opState=heating, status=set_flow_target
2026-02-22T18:15:01.751993+01:00, outdoor_avg_60m=2.18, flow_avg_10m=45.5, flowNow=45.5, powerNow=1000, freqNow=44, opState=heating, status=set_flow_target
2026-02-22T18:15:01.763494+01:00, outdoor_avg_60m=2.18, flow_avg_10m=45.5, flowNow=45.5, powerNow=1000, freqNow=44, opState=heating, status=set_flow_target
2026-02-22T18:20:01.789162+01:00, outdoor_avg_60m=2.18, flow_avg_10m=45.5, flowNow=44.5, powerNow=1000, freqNow=38, opState=heating, status=set_flow_target
2026-02-22T18:20:01.796764+01:00, outdoor_avg_60m=2.18, flow_avg_10m=45.5, flowNow=44.5, powerNow=1000, freqNow=38, opState=heating, status=set_flow_target
2026-02-22T18:25:01.614308+01:00, outdoor_avg_60m=2.18, flow_avg_10m=45.0, flowNow=44.5, powerNow=1000, freqNow=38, opState=heating, status=set_flow_target
2026-02-22T18:25:01.621839+01:00, outdoor_avg_60m=2.18, flow_avg_10m=45.0, flowNow=44.5, powerNow=1000, freqNow=38, opState=heating, status=set_flow_target
2026-02-22T18:30:01.643402+01:00, outdoor_avg_60m=2.17, flow_avg_10m=44.5, flowNow=44.5, powerNow=1000, freqNow=38, opState=heating, status=set_flow_target
2026-02-22T18:30:01.650532+01:00, outdoor_avg_60m=2.17, flow_avg_10m=44.5, flowNow=44.5, powerNow=1000, freqNow=38, opState=heating, status=set_flow_target
2026-02-22T18:35:01.676197+01:00, outdoor_avg_60m=2.17, flow_avg_10m=44.5, flowNow=44.5, powerNow=1000, freqNow=38, opState=heating, status=set_flow_target
2026-02-22T18:35:01.688772+01:00, outdoor_avg_60m=2.17, flow_avg_10m=44.5, flowNow=44.5, powerNow=1000, freqNow=38, opState=heating, status=set_flow_target
2026-02-22T18:40:01.703936+01:00, outdoor_avg_60m=2.18, flow_avg_10m=44.5, flowNow=44.5, powerNow=1000, freqNow=42, opState=heating, status=set_flow_target
2026-02-22T18:40:01.715008+01:00, outdoor_avg_60m=2.18, flow_avg_10m=44.5, flowNow=44.5, powerNow=1000, freqNow=42, opState=heating, status=set_flow_target
2026-02-22T18:45:01.745450+01:00, outdoor_avg_60m=2.18, flow_avg_10m=44.5, flowNow=34, powerNow=0, freqNow=0, opState=heating, status=set_flow_target
2026-02-22T18:45:01.753240+01:00, outdoor_avg_60m=2.18, flow_avg_10m=44.5, flowNow=34, powerNow=0, freqNow=0, opState=heating, status=set_flow_target
2026-02-22T18:55:01.613195+01:00, outdoor_avg_60m=2.27, flow_avg_10m=39.25, flowNow=44.5, powerNow=2000, freqNow=48, opState=heating, status=set_flow_target
2026-02-22T18:55:01.621119+01:00, outdoor_avg_60m=2.27, flow_avg_10m=39.25, flowNow=44.5, powerNow=2000, freqNow=48, opState=heating, status=set_flow_target
2026-02-22T19:00:01.630972+01:00, outdoor_avg_60m=2.25, flow_avg_10m=44.5, flowNow=45.5, powerNow=2000, freqNow=48, opState=heating, status=set_flow_target
2026-02-22T19:00:01.644155+01:00, outdoor_avg_60m=2.25, flow_avg_10m=44.5, flowNow=45.5, powerNow=2000, freqNow=48, opState=heating, status=set_flow_target
2026-02-22T19:05:01.670370+01:00, outdoor_avg_60m=2.25, flow_avg_10m=45.5, flowNow=45, powerNow=1000, freqNow=42, opState=heating, status=set_flow_target
2026-02-22T19:05:01.677784+01:00, outdoor_avg_60m=2.25, flow_avg_10m=45.5, flowNow=45, powerNow=1000, freqNow=42, opState=heating, status=set_flow_target
2026-02-22T19:10:01.697163+01:00, outdoor_avg_60m=2.27, flow_avg_10m=45.0, flowNow=45, powerNow=1000, freqNow=42, opState=heating, status=set_flow_target
2026-02-22T19:10:01.708951+01:00, outdoor_avg_60m=2.27, flow_avg_10m=45.0, flowNow=45, powerNow=1000, freqNow=42, opState=heating, status=set_flow_target
2026-02-22T19:15:01.532778+01:00, outdoor_avg_60m=2.25, flow_avg_10m=45.0, flowNow=45.5, powerNow=1000, freqNow=42, opState=heating, status=set_flow_target
2026-02-22T19:15:01.544204+01:00, outdoor_avg_60m=2.25, flow_avg_10m=45.0, flowNow=45.5, powerNow=1000, freqNow=42, opState=heating, status=set_flow_target
2026-02-22T19:20:01.766817+01:00, outdoor_avg_60m=2.25, flow_avg_10m=45.5, flowNow=45.5, powerNow=1000, freqNow=42, opState=heating, status=set_flow_target
2026-02-22T19:20:01.779144+01:00, outdoor_avg_60m=2.25, flow_avg_10m=45.5, flowNow=45.5, powerNow=1000, freqNow=42, opState=heating, status=set_flow_target
2026-02-22T19:25:01.587210+01:00, outdoor_avg_60m=2.25, flow_avg_10m=45.5, flowNow=45.5, powerNow=1000, freqNow=38, opState=heating, status=set_flow_target
2026-02-22T19:25:01.598709+01:00, outdoor_avg_60m=2.25, flow_avg_10m=45.5, flowNow=45.5, powerNow=1000, freqNow=38, opState=heating, status=set_flow_target
2026-02-22T19:30:01.623886+01:00, outdoor_avg_60m=2.25, flow_avg_10m=45.5, flowNow=45, powerNow=1000, freqNow=38, opState=heating, status=set_flow_target
2026-02-22T19:30:01.631625+01:00, outdoor_avg_60m=2.25, flow_avg_10m=45.5, flowNow=45, powerNow=1000, freqNow=38, opState=heating, status=set_flow_target
2026-02-22T19:35:01.652389+01:00, outdoor_avg_60m=2.25, flow_avg_10m=45.0, flowNow=44.5, powerNow=1000, freqNow=38, opState=heating, status=set_flow_target
2026-02-22T19:35:01.663733+01:00, outdoor_avg_60m=2.25, flow_avg_10m=45.0, flowNow=44.5, powerNow=1000, freqNow=38, opState=heating, status=set_flow_target
2026-02-22T19:40:01.705102+01:00, outdoor_avg_60m=2.25, flow_avg_10m=44.5, flowNow=24.5, powerNow=0, freqNow=0, opState=heating, status=set_flow_target
2026-02-22T19:40:01.716834+01:00, outdoor_avg_60m=2.25, flow_avg_10m=44.5, flowNow=24.5, powerNow=0, freqNow=0, opState=heating, status=set_flow_target
2026-02-22T19:50:01.751641+01:00, outdoor_avg_60m=2.27, flow_avg_10m=45.0, flowNow=44.5, powerNow=2000, freqNow=48, opState=heating, status=set_flow_target
2026-02-22T19:50:01.762670+01:00, outdoor_avg_60m=2.27, flow_avg_10m=45.0, flowNow=44.5, powerNow=2000, freqNow=48, opState=heating, status=set_flow_target
2026-02-22T19:55:01.586331+01:00, outdoor_avg_60m=2.25, flow_avg_10m=44.5, flowNow=45.5, powerNow=2000, freqNow=48, opState=heating, status=set_flow_target
2026-02-22T19:55:01.597040+01:00, outdoor_avg_60m=2.25, flow_avg_10m=44.5, flowNow=45.5, powerNow=2000, freqNow=48, opState=heating, status=set_flow_target
2026-02-22T20:00:01.813906+01:00, outdoor_avg_60m=2.27, flow_avg_10m=45.5, flowNow=45, powerNow=1000, freqNow=44, opState=heating, status=set_flow_target
2026-02-22T20:00:01.831812+01:00, outdoor_avg_60m=2.27, flow_avg_10m=45.5, flowNow=45, powerNow=1000, freqNow=44, opState=heating, status=set_flow_target
2026-02-22T20:05:01.647323+01:00, outdoor_avg_60m=2.25, flow_avg_10m=45.0, flowNow=45.5, powerNow=1000, freqNow=42, opState=heating, status=set_flow_target
2026-02-22T20:05:01.655339+01:00, outdoor_avg_60m=2.25, flow_avg_10m=45.0, flowNow=45.5, powerNow=1000, freqNow=42, opState=heating, status=set_flow_target
2026-02-22T20:10:01.494475+01:00, outdoor_avg_60m=2.25, flow_avg_10m=45.25, flowNow=46, powerNow=1000, freqNow=38, opState=heating, status=set_flow_target
2026-02-22T20:10:01.505425+01:00, outdoor_avg_60m=2.25, flow_avg_10m=45.25, flowNow=46, powerNow=1000, freqNow=38, opState=heating, status=set_flow_target
2026-02-22T20:15:01.708676+01:00, outdoor_avg_60m=2.27, flow_avg_10m=46.0, flowNow=45, powerNow=1000, freqNow=36, opState=heating, status=set_flow_target
2026-02-22T20:15:01.719885+01:00, outdoor_avg_60m=2.27, flow_avg_10m=46.0, flowNow=45, powerNow=1000, freqNow=36, opState=heating, status=set_flow_target
2026-02-22T20:20:01.540547+01:00, outdoor_avg_60m=2.25, flow_avg_10m=45.0, flowNow=45, powerNow=1000, freqNow=36, opState=heating, status=set_flow_target
2026-02-22T20:20:01.547718+01:00, outdoor_avg_60m=2.25, flow_avg_10m=45.0, flowNow=45, powerNow=1000, freqNow=36, opState=heating, status=set_flow_target
2026-02-22T20:25:01.567222+01:00, outdoor_avg_60m=2.25, flow_avg_10m=45.0, flowNow=44.5, powerNow=1000, freqNow=36, opState=heating, status=set_flow_target
2026-02-22T20:25:01.578507+01:00, outdoor_avg_60m=2.25, flow_avg_10m=45.0, flowNow=44.5, powerNow=1000, freqNow=36, opState=heating, status=set_flow_target
2026-02-22T20:30:01.598353+01:00, outdoor_avg_60m=2.25, flow_avg_10m=44.5, flowNow=44.5, powerNow=1000, freqNow=36, opState=heating, status=set_flow_target
2026-02-22T20:30:01.609527+01:00, outdoor_avg_60m=2.25, flow_avg_10m=44.5, flowNow=44.5, powerNow=1000, freqNow=36, opState=heating, status=set_flow_target
2026-02-22T20:35:01.648264+01:00, outdoor_avg_60m=2.25, flow_avg_10m=44.5, flowNow=27.5, powerNow=0, freqNow=0, opState=heating, status=set_flow_target
2026-02-22T20:35:01.656233+01:00, outdoor_avg_60m=2.25, flow_avg_10m=44.5, flowNow=27.5, powerNow=0, freqNow=0, opState=heating, status=set_flow_target
2026-02-22T20:40:01.673097+01:00, outdoor_avg_60m=2.25, flow_avg_10m=27.5, flowNow=45, powerNow=2000, freqNow=48, opState=heating, status=set_flow_target
2026-02-22T20:40:01.680376+01:00, outdoor_avg_60m=2.25, flow_avg_10m=27.5, flowNow=45, powerNow=2000, freqNow=48, opState=heating, status=set_flow_target
2026-02-22T20:45:01.698179+01:00, outdoor_avg_60m=2.0, flow_avg_10m=45.0, flowNow=44.5, powerNow=2000, freqNow=48, opState=heating, status=set_flow_target
2026-02-22T20:45:01.710305+01:00, outdoor_avg_60m=2.0, flow_avg_10m=45.0, flowNow=44.5, powerNow=2000, freqNow=48, opState=heating, status=set_flow_target
2026-02-22T20:50:01.756177+01:00, outdoor_avg_60m=2.0, flow_avg_10m=44.5, flowNow=45.5, powerNow=2000, freqNow=48, opState=heating, status=set_flow_target
2026-02-22T20:50:01.768460+01:00, outdoor_avg_60m=2.0, flow_avg_10m=44.5, flowNow=45.5, powerNow=2000, freqNow=48, opState=heating, status=set_flow_target
2026-02-22T20:55:01.563213+01:00, outdoor_avg_60m=2.0, flow_avg_10m=45.0, flowNow=45.5, powerNow=2000, freqNow=44, opState=heating, status=set_flow_target
2026-02-22T20:55:01.570416+01:00, outdoor_avg_60m=2.0, flow_avg_10m=45.0, flowNow=45.5, powerNow=2000, freqNow=44, opState=heating, status=set_flow_target
2026-02-22T21:00:01.601451+01:00, outdoor_avg_60m=2.0, flow_avg_10m=45.5, flowNow=46, powerNow=2000, freqNow=44, opState=heating, status=set_flow_target
2026-02-22T21:00:01.609090+01:00, outdoor_avg_60m=2.0, flow_avg_10m=45.5, flowNow=46, powerNow=2000, freqNow=44, opState=heating, status=set_flow_target
2026-02-22T21:05:01.433366+01:00, outdoor_avg_60m=2.0, flow_avg_10m=45.75, flowNow=45.5, powerNow=2000, freqNow=42, opState=heating, status=set_flow_target
2026-02-22T21:05:01.440892+01:00, outdoor_avg_60m=2.0, flow_avg_10m=45.75, flowNow=45.5, powerNow=2000, freqNow=42, opState=heating, status=set_flow_target
2026-02-22T21:10:01.659083+01:00, outdoor_avg_60m=2.0, flow_avg_10m=45.5, flowNow=46, powerNow=2000, freqNow=42, opState=heating, status=set_flow_target
2026-02-22T21:10:01.670903+01:00, outdoor_avg_60m=2.0, flow_avg_10m=45.5, flowNow=46, powerNow=2000, freqNow=42, opState=heating, status=set_flow_target
2026-02-22T21:15:01.699773+01:00, outdoor_avg_60m=2.0, flow_avg_10m=46.0, flowNow=45, powerNow=1000, freqNow=38, opState=heating, status=set_flow_target
2026-02-22T21:15:01.707468+01:00, outdoor_avg_60m=2.0, flow_avg_10m=46.0, flowNow=45, powerNow=1000, freqNow=38, opState=heating, status=set_flow_target
2026-02-22T21:20:01.521141+01:00, outdoor_avg_60m=2.0, flow_avg_10m=45.5, flowNow=45, powerNow=1000, freqNow=38, opState=heating, status=set_flow_target
2026-02-22T21:20:01.533238+01:00, outdoor_avg_60m=2.0, flow_avg_10m=45.5, flowNow=45, powerNow=1000, freqNow=38, opState=heating, status=set_flow_target
2026-02-22T21:25:01.553840+01:00, outdoor_avg_60m=2.0, flow_avg_10m=45.0, flowNow=44.5, powerNow=1000, freqNow=38, opState=heating, status=set_flow_target
2026-02-22T21:25:01.560925+01:00, outdoor_avg_60m=2.0, flow_avg_10m=45.0, flowNow=44.5, powerNow=1000, freqNow=38, opState=heating, status=set_flow_target
2026-02-22T21:30:01.581692+01:00, outdoor_avg_60m=2.0, flow_avg_10m=44.5, flowNow=27, powerNow=0, freqNow=42, opState=heating, status=set_flow_target
2026-02-22T21:30:01.589071+01:00, outdoor_avg_60m=2.0, flow_avg_10m=44.5, flowNow=27, powerNow=0, freqNow=42, opState=heating, status=set_flow_target
2026-02-22T21:35:01.614184+01:00, outdoor_avg_60m=2.0, flow_avg_10m=27.0, flowNow=45, powerNow=2000, freqNow=48, opState=heating, status=set_flow_target
2026-02-22T21:35:01.629257+01:00, outdoor_avg_60m=2.0, flow_avg_10m=27.0, flowNow=45, powerNow=2000, freqNow=48, opState=heating, status=set_flow_target
2026-02-22T21:40:01.647674+01:00, outdoor_avg_60m=2.0, flow_avg_10m=45.0, flowNow=44.5, powerNow=2000, freqNow=48, opState=heating, status=set_flow_target
2026-02-22T21:40:01.655137+01:00, outdoor_avg_60m=2.0, flow_avg_10m=45.0, flowNow=44.5, powerNow=2000, freqNow=48, opState=heating, status=set_flow_target
2026-02-22T21:45:01.674923+01:00, outdoor_avg_60m=2.0, flow_avg_10m=44.5, flowNow=45.5, powerNow=2000, freqNow=48, opState=heating, status=set_flow_target
2026-02-22T21:45:01.686241+01:00, outdoor_avg_60m=2.0, flow_avg_10m=44.5, flowNow=45.5, powerNow=2000, freqNow=48, opState=heating, status=set_flow_target
2026-02-22T21:50:01.711181+01:00, outdoor_avg_60m=2.0, flow_avg_10m=45.5, flowNow=45, powerNow=1000, freqNow=44, opState=heating, status=set_flow_target
2026-02-22T21:50:01.722562+01:00, outdoor_avg_60m=2.0, flow_avg_10m=45.5, flowNow=45, powerNow=1000, freqNow=44, opState=heating, status=set_flow_target
2026-02-22T21:55:01.548735+01:00, outdoor_avg_60m=2.0, flow_avg_10m=45.25, flowNow=45.5, powerNow=1000, freqNow=44, opState=heating, status=set_flow_target
2026-02-22T21:55:01.556104+01:00, outdoor_avg_60m=2.0, flow_avg_10m=45.25, flowNow=45.5, powerNow=1000, freqNow=44, opState=heating, status=set_flow_target
2026-02-22T22:00:01.587887+01:00, outdoor_avg_60m=2.0, flow_avg_10m=45.25, flowNow=45, powerNow=1000, freqNow=38, opState=heating, status=set_flow_target
2026-02-22T22:00:01.595388+01:00, outdoor_avg_60m=2.0, flow_avg_10m=45.25, flowNow=45, powerNow=1000, freqNow=38, opState=heating, status=set_flow_target
2026-02-22T22:05:01.609700+01:00, outdoor_avg_60m=2.0, flow_avg_10m=45.0, flowNow=45, powerNow=1000, freqNow=38, opState=heating, status=set_flow_target
2026-02-22T22:05:01.616582+01:00, outdoor_avg_60m=2.0, flow_avg_10m=45.0, flowNow=45, powerNow=1000, freqNow=38, opState=heating, status=set_flow_target
2026-02-22T22:10:01.635528+01:00, outdoor_avg_60m=2.0, flow_avg_10m=45.0, flowNow=45, powerNow=1000, freqNow=38, opState=heating, status=set_flow_target
2026-02-22T22:10:01.642664+01:00, outdoor_avg_60m=2.0, flow_avg_10m=45.0, flowNow=45, powerNow=1000, freqNow=38, opState=heating, status=set_flow_target
2026-02-22T22:15:01.667812+01:00, outdoor_avg_60m=2.0, flow_avg_10m=45.0, flowNow=45, powerNow=1000, freqNow=38, opState=heating, status=set_flow_target
2026-02-22T22:15:01.674871+01:00, outdoor_avg_60m=2.0, flow_avg_10m=45.0, flowNow=45, powerNow=1000, freqNow=38, opState=heating, status=set_flow_target
2026-02-22T22:20:01.700967+01:00, outdoor_avg_60m=2.0, flow_avg_10m=45.0, flowNow=44.5, powerNow=1000, freqNow=38, opState=heating, status=set_flow_target
2026-02-22T22:20:01.708344+01:00, outdoor_avg_60m=2.0, flow_avg_10m=45.0, flowNow=44.5, powerNow=1000, freqNow=38, opState=heating, status=set_flow_target
2026-02-22T22:25:01.736887+01:00, outdoor_avg_60m=2.0, flow_avg_10m=44.5, flowNow=27.5, powerNow=0, freqNow=42, opState=heating, status=set_flow_target
2026-02-22T22:25:01.744270+01:00, outdoor_avg_60m=2.0, flow_avg_10m=44.5, flowNow=27.5, powerNow=0, freqNow=42, opState=heating, status=set_flow_target
2026-02-22T22:30:01.761473+01:00, outdoor_avg_60m=2.0, flow_avg_10m=27.5, flowNow=41, powerNow=1000, freqNow=48, opState=heating, status=set_flow_target
2026-02-22T22:30:01.772806+01:00, outdoor_avg_60m=2.0, flow_avg_10m=27.5, flowNow=41, powerNow=1000, freqNow=48, opState=heating, status=set_flow_target
2026-02-22T22:35:01.593200+01:00, outdoor_avg_60m=2.0, flow_avg_10m=34.25, flowNow=45, powerNow=2000, freqNow=48, opState=heating, status=set_flow_target
2026-02-22T22:35:01.604269+01:00, outdoor_avg_60m=2.0, flow_avg_10m=34.25, flowNow=45, powerNow=2000, freqNow=48, opState=heating, status=set_flow_target
2026-02-22T22:40:01.622679+01:00, outdoor_avg_60m=2.0, flow_avg_10m=43.0, flowNow=45.5, powerNow=2000, freqNow=48, opState=heating, status=set_flow_target
2026-02-22T22:40:01.630498+01:00, outdoor_avg_60m=2.0, flow_avg_10m=43.0, flowNow=45.5, powerNow=2000, freqNow=48, opState=heating, status=set_flow_target
2026-02-22T22:45:01.658069+01:00, outdoor_avg_60m=2.0, flow_avg_10m=45.5, flowNow=45, powerNow=1000, freqNow=42, opState=heating, status=set_flow_target
2026-02-22T22:45:01.665293+01:00, outdoor_avg_60m=2.0, flow_avg_10m=45.5, flowNow=45, powerNow=1000, freqNow=42, opState=heating, status=set_flow_target
2026-02-22T22:50:01.509985+01:00, outdoor_avg_60m=2.0, flow_avg_10m=45.25, flowNow=45, powerNow=1000, freqNow=42, opState=heating, status=set_flow_target
2026-02-22T22:50:01.517083+01:00, outdoor_avg_60m=2.0, flow_avg_10m=45.25, flowNow=45, powerNow=1000, freqNow=42, opState=heating, status=set_flow_target
2026-02-22T22:55:01.720530+01:00, outdoor_avg_60m=2.0, flow_avg_10m=45.0, flowNow=44.5, powerNow=1000, freqNow=34, opState=heating, status=set_flow_target
2026-02-22T22:55:01.731423+01:00, outdoor_avg_60m=2.0, flow_avg_10m=45.0, flowNow=44.5, powerNow=1000, freqNow=34, opState=heating, status=set_flow_target
2026-02-22T23:00:01.751449+01:00, outdoor_avg_60m=2.0, flow_avg_10m=44.5, flowNow=44.5, powerNow=1000, freqNow=34, opState=heating, status=set_flow_target
2026-02-22T23:00:01.762304+01:00, outdoor_avg_60m=2.0, flow_avg_10m=44.5, flowNow=44.5, powerNow=1000, freqNow=34, opState=heating, status=set_flow_target
2026-02-22T23:05:01.581379+01:00, outdoor_avg_60m=2.0, flow_avg_10m=44.5, flowNow=44.5, powerNow=1000, freqNow=34, opState=heating, status=set_flow_target
2026-02-22T23:05:01.592218+01:00, outdoor_avg_60m=2.0, flow_avg_10m=44.5, flowNow=44.5, powerNow=1000, freqNow=34, opState=heating, status=set_flow_target
2026-02-22T23:10:01.617154+01:00, outdoor_avg_60m=2.0, flow_avg_10m=44.5, flowNow=44.5, powerNow=1000, freqNow=34, opState=heating, status=set_flow_target
2026-02-22T23:10:01.627278+01:00, outdoor_avg_60m=2.0, flow_avg_10m=44.5, flowNow=44.5, powerNow=1000, freqNow=34, opState=heating, status=set_flow_target
2026-02-22T23:15:01.854122+01:00, outdoor_avg_60m=2.0, flow_avg_10m=44.5, flowNow=44.5, powerNow=1000, freqNow=34, opState=heating, status=set_flow_target
2026-02-22T23:15:01.861974+01:00, outdoor_avg_60m=2.0, flow_avg_10m=44.5, flowNow=44.5, powerNow=1000, freqNow=34, opState=heating, status=set_flow_target
2026-02-22T23:20:01.476587+01:00, outdoor_avg_60m=2.0, flow_avg_10m=44.5, flowNow=31.5, powerNow=1000, freqNow=42, opState=heating, status=set_flow_target
2026-02-22T23:20:01.488416+01:00, outdoor_avg_60m=2.0, flow_avg_10m=44.5, flowNow=31.5, powerNow=1000, freqNow=42, opState=heating, status=set_flow_target
2026-02-22T23:25:02.124737+01:00, outdoor_avg_60m=2.0, flow_avg_10m=31.5, flowNow=45, powerNow=1000, freqNow=48, opState=heating, status=set_flow_target
2026-02-22T23:25:02.133044+01:00, outdoor_avg_60m=2.0, flow_avg_10m=31.5, flowNow=45, powerNow=1000, freqNow=48, opState=heating, status=set_flow_target
2026-02-22T23:30:01.753047+01:00, outdoor_avg_60m=2.0, flow_avg_10m=45.0, flowNow=45, powerNow=2000, freqNow=48, opState=heating, status=set_flow_target
2026-02-22T23:30:01.760431+01:00, outdoor_avg_60m=2.0, flow_avg_10m=45.0, flowNow=45, powerNow=2000, freqNow=48, opState=heating, status=set_flow_target
2026-02-22T23:35:01.778467+01:00, outdoor_avg_60m=2.0, flow_avg_10m=45.0, flowNow=45.5, powerNow=2000, freqNow=48, opState=heating, status=set_flow_target
2026-02-22T23:35:01.787539+01:00, outdoor_avg_60m=2.0, flow_avg_10m=45.0, flowNow=45.5, powerNow=2000, freqNow=48, opState=heating, status=set_flow_target
2026-02-22T23:40:01.606249+01:00, outdoor_avg_60m=2.0, flow_avg_10m=45.25, flowNow=45, powerNow=1000, freqNow=42, opState=heating, status=set_flow_target
2026-02-22T23:40:01.617286+01:00, outdoor_avg_60m=2.0, flow_avg_10m=45.25, flowNow=45, powerNow=1000, freqNow=42, opState=heating, status=set_flow_target
2026-02-22T23:45:02.256445+01:00, outdoor_avg_60m=2.0, flow_avg_10m=45.0, flowNow=44, powerNow=1000, freqNow=32, opState=heating, status=set_flow_target
2026-02-22T23:45:02.269022+01:00, outdoor_avg_60m=2.0, flow_avg_10m=45.0, flowNow=44, powerNow=1000, freqNow=32, opState=heating, status=set_flow_target
2026-02-22T23:50:01.674213+01:00, outdoor_avg_60m=2.0, flow_avg_10m=44.0, flowNow=44, powerNow=1000, freqNow=32, opState=heating, status=set_flow_target
2026-02-22T23:50:01.682376+01:00, outdoor_avg_60m=2.0, flow_avg_10m=44.0, flowNow=44, powerNow=1000, freqNow=32, opState=heating, status=set_flow_target
2026-02-24T16:55:01.327960+01:00, outdoor_avg_60m=2.0, flow_avg_10m=44.0, flowNow=44, powerNow=1000, freqNow=38, opState=heating, status=set_flow_target
2026-02-24T16:55:01.342484+01:00, outdoor_avg_60m=2.0, flow_avg_10m=44.0, flowNow=44, powerNow=1000, freqNow=38, opState=heating, status=set_flow_target
2026-02-24T17:00:01.462653+01:00, outdoor_avg_60m=1.91, flow_avg_10m=44.0, flowNow=44.5, powerNow=1000, freqNow=38, opState=heating, status=set_flow_target
2026-02-24T17:00:01.469429+01:00, outdoor_avg_60m=1.91, flow_avg_10m=44.0, flowNow=44.5, powerNow=1000, freqNow=38, opState=heating, status=set_flow_target
2026-02-24T17:05:01.586348+01:00, outdoor_avg_60m=1.82, flow_avg_10m=44.5, flowNow=44.5, powerNow=1000, freqNow=38, opState=heating, status=set_flow_target
2026-02-24T17:05:01.593866+01:00, outdoor_avg_60m=1.82, flow_avg_10m=44.5, flowNow=44.5, powerNow=1000, freqNow=38, opState=heating, status=set_flow_target
2026-02-24T17:10:01.618240+01:00, outdoor_avg_60m=1.73, flow_avg_10m=44.5, flowNow=44.5, powerNow=1000, freqNow=38, opState=heating, status=set_flow_target
2026-02-24T17:10:01.629789+01:00, outdoor_avg_60m=1.73, flow_avg_10m=44.5, flowNow=44.5, powerNow=1000, freqNow=38, opState=heating, status=set_flow_target
2026-02-24T17:15:01.656441+01:00, outdoor_avg_60m=1.64, flow_avg_10m=44.5, flowNow=44.5, powerNow=1000, freqNow=38, opState=heating, status=set_flow_target
2026-02-24T17:15:01.663735+01:00, outdoor_avg_60m=1.64, flow_avg_10m=44.5, flowNow=44.5, powerNow=1000, freqNow=38, opState=heating, status=set_flow_target
2026-02-24T17:20:01.679396+01:00, outdoor_avg_60m=1.55, flow_avg_10m=44.5, flowNow=44.5, powerNow=1000, freqNow=38, opState=heating, status=set_flow_target
2026-02-24T17:20:01.691827+01:00, outdoor_avg_60m=1.55, flow_avg_10m=44.5, flowNow=44.5, powerNow=1000, freqNow=38, opState=heating, status=set_flow_target
2026-02-24T17:25:01.363163+01:00, outdoor_avg_60m=1.45, flow_avg_10m=44.5, flowNow=44.5, powerNow=1000, freqNow=38, opState=heating, status=set_flow_target
2026-02-24T17:25:01.369642+01:00, outdoor_avg_60m=1.45, flow_avg_10m=44.5, flowNow=44.5, powerNow=1000, freqNow=38, opState=heating, status=set_flow_target
2026-02-24T17:30:01.747881+01:00, outdoor_avg_60m=1.36, flow_avg_10m=44.5, flowNow=34.5, powerNow=1000, freqNow=42, opState=heating, status=set_flow_target
2026-02-24T17:30:01.755400+01:00, outdoor_avg_60m=1.36, flow_avg_10m=44.5, flowNow=34.5, powerNow=1000, freqNow=42, opState=heating, status=set_flow_target
2026-02-24T17:35:01.390032+01:00, outdoor_avg_60m=1.27, flow_avg_10m=34.5, flowNow=25.5, powerNow=0, freqNow=42, opState=heating, status=set_flow_target
2026-02-24T17:35:01.402428+01:00, outdoor_avg_60m=1.27, flow_avg_10m=34.5, flowNow=25.5, powerNow=0, freqNow=42, opState=heating, status=set_flow_target
2026-02-24T17:40:01.606749+01:00, outdoor_avg_60m=1.18, flow_avg_10m=30.0, flowNow=44.5, powerNow=2000, freqNow=52, opState=heating, status=set_flow_target
2026-02-24T17:40:01.614581+01:00, outdoor_avg_60m=1.18, flow_avg_10m=30.0, flowNow=44.5, powerNow=2000, freqNow=52, opState=heating, status=set_flow_target
2026-02-24T17:45:01.645541+01:00, outdoor_avg_60m=1.09, flow_avg_10m=44.5, flowNow=44.5, powerNow=2000, freqNow=52, opState=heating, status=set_flow_target
2026-02-24T17:45:01.652835+01:00, outdoor_avg_60m=1.09, flow_avg_10m=44.5, flowNow=44.5, powerNow=2000, freqNow=52, opState=heating, status=set_flow_target
2026-02-24T17:50:01.671478+01:00, outdoor_avg_60m=1.0, flow_avg_10m=44.5, flowNow=44.5, powerNow=1000, freqNow=44, opState=heating, status=set_flow_target
2026-02-24T17:50:01.683406+01:00, outdoor_avg_60m=1.0, flow_avg_10m=44.5, flowNow=44.5, powerNow=1000, freqNow=44, opState=heating, status=set_flow_target
2026-02-24T17:55:01.709492+01:00, outdoor_avg_60m=1.0, flow_avg_10m=44.5, flowNow=44.5, powerNow=1000, freqNow=44, opState=heating, status=set_flow_target
2026-02-24T17:55:01.716527+01:00, outdoor_avg_60m=1.0, flow_avg_10m=44.5, flowNow=44.5, powerNow=1000, freqNow=44, opState=heating, status=set_flow_target
2026-02-24T18:00:01.347577+01:00, outdoor_avg_60m=1.0, flow_avg_10m=44.5, flowNow=45, powerNow=1000, freqNow=44, opState=heating, status=set_flow_target
2026-02-24T18:00:01.359006+01:00, outdoor_avg_60m=1.0, flow_avg_10m=44.5, flowNow=45, powerNow=1000, freqNow=44, opState=heating, status=set_flow_target
2026-02-24T18:05:01.572096+01:00, outdoor_avg_60m=1.0, flow_avg_10m=44.75, flowNow=45, powerNow=1000, freqNow=42, opState=heating, status=set_flow_target
2026-02-24T18:05:01.579258+01:00, outdoor_avg_60m=1.0, flow_avg_10m=44.75, flowNow=45, powerNow=1000, freqNow=42, opState=heating, status=set_flow_target
2026-02-24T18:10:01.599861+01:00, outdoor_avg_60m=1.0, flow_avg_10m=45.0, flowNow=44.5, powerNow=1000, freqNow=42, opState=heating, status=set_flow_target
2026-02-24T18:10:01.610817+01:00, outdoor_avg_60m=1.0, flow_avg_10m=45.0, flowNow=44.5, powerNow=1000, freqNow=42, opState=heating, status=set_flow_target
2026-02-24T18:15:01.629959+01:00, outdoor_avg_60m=1.0, flow_avg_10m=44.5, flowNow=45, powerNow=1000, freqNow=42, opState=heating, status=set_flow_target
2026-02-24T18:15:01.641308+01:00, outdoor_avg_60m=1.0, flow_avg_10m=44.5, flowNow=45, powerNow=1000, freqNow=42, opState=heating, status=set_flow_target
2026-02-24T18:20:01.663963+01:00, outdoor_avg_60m=1.0, flow_avg_10m=45.0, flowNow=44.5, powerNow=1000, freqNow=38, opState=heating, status=set_flow_target
2026-02-24T18:20:01.675861+01:00, outdoor_avg_60m=1.0, flow_avg_10m=45.0, flowNow=44.5, powerNow=1000, freqNow=38, opState=heating, status=set_flow_target
2026-02-24T18:25:01.696662+01:00, outdoor_avg_60m=1.0, flow_avg_10m=44.5, flowNow=45, powerNow=1000, freqNow=42, opState=heating, status=set_flow_target
2026-02-24T18:25:01.703880+01:00, outdoor_avg_60m=1.0, flow_avg_10m=44.5, flowNow=45, powerNow=1000, freqNow=42, opState=heating, status=set_flow_target
2026-02-24T18:30:01.728663+01:00, outdoor_avg_60m=1.0, flow_avg_10m=45.0, flowNow=33, powerNow=0, freqNow=0, opState=heating, status=set_flow_target
2026-02-24T18:30:01.741305+01:00, outdoor_avg_60m=1.0, flow_avg_10m=45.0, flowNow=33, powerNow=0, freqNow=0, opState=heating, status=set_flow_target
2026-02-24T18:40:01.797050+01:00, outdoor_avg_60m=1.27, flow_avg_10m=40.5, flowNow=44.5, powerNow=2000, freqNow=50, opState=heating, status=set_flow_target
2026-02-24T18:40:01.808526+01:00, outdoor_avg_60m=1.27, flow_avg_10m=40.5, flowNow=44.5, powerNow=2000, freqNow=50, opState=heating, status=set_flow_target
2026-02-24T18:45:01.840920+01:00, outdoor_avg_60m=1.27, flow_avg_10m=44.5, flowNow=44.5, powerNow=1000, freqNow=44, opState=heating, status=set_flow_target
2026-02-24T18:45:01.848295+01:00, outdoor_avg_60m=1.27, flow_avg_10m=44.5, flowNow=44.5, powerNow=1000, freqNow=44, opState=heating, status=set_flow_target
2026-02-24T18:50:01.854814+01:00, outdoor_avg_60m=1.27, flow_avg_10m=44.5, flowNow=45, powerNow=1000, freqNow=44, opState=heating, status=set_flow_target
2026-02-24T18:50:01.866446+01:00, outdoor_avg_60m=1.27, flow_avg_10m=44.5, flowNow=45, powerNow=1000, freqNow=44, opState=heating, status=set_flow_target
2026-02-24T18:55:01.684841+01:00, outdoor_avg_60m=1.25, flow_avg_10m=44.75, flowNow=45, powerNow=1000, freqNow=44, opState=heating, status=set_flow_target
2026-02-24T18:55:01.696891+01:00, outdoor_avg_60m=1.25, flow_avg_10m=44.75, flowNow=45, powerNow=1000, freqNow=44, opState=heating, status=set_flow_target
2026-02-24T19:00:01.718893+01:00, outdoor_avg_60m=1.27, flow_avg_10m=45.0, flowNow=45.5, powerNow=1000, freqNow=44, opState=heating, status=set_flow_target
2026-02-24T19:00:01.731098+01:00, outdoor_avg_60m=1.27, flow_avg_10m=45.0, flowNow=45.5, powerNow=1000, freqNow=44, opState=heating, status=set_flow_target
2026-02-24T19:05:01.748990+01:00, outdoor_avg_60m=1.27, flow_avg_10m=45.5, flowNow=45.5, powerNow=1000, freqNow=44, opState=heating, status=set_flow_target
2026-02-24T19:05:01.760906+01:00, outdoor_avg_60m=1.27, flow_avg_10m=45.5, flowNow=45.5, powerNow=1000, freqNow=44, opState=heating, status=set_flow_target
2026-02-24T19:10:02.922257+01:00, outdoor_avg_60m=1.27, flow_avg_10m=45.5, flowNow=45.5, powerNow=1000, freqNow=44, opState=heating, status=set_flow_target
2026-02-24T19:10:02.933563+01:00, outdoor_avg_60m=1.27, flow_avg_10m=45.5, flowNow=45.5, powerNow=1000, freqNow=44, opState=heating, status=set_flow_target
2026-02-24T19:15:01.814402+01:00, outdoor_avg_60m=1.27, flow_avg_10m=45.5, flowNow=45, powerNow=1000, freqNow=42, opState=heating, status=set_flow_target
2026-02-24T19:15:01.826947+01:00, outdoor_avg_60m=1.27, flow_avg_10m=45.5, flowNow=45, powerNow=1000, freqNow=42, opState=heating, status=set_flow_target
2026-02-24T19:20:01.846814+01:00, outdoor_avg_60m=1.27, flow_avg_10m=45.25, flowNow=45.5, powerNow=1000, freqNow=42, opState=heating, status=set_flow_target
2026-02-24T19:20:01.858699+01:00, outdoor_avg_60m=1.27, flow_avg_10m=45.25, flowNow=45.5, powerNow=1000, freqNow=42, opState=heating, status=set_flow_target
2026-02-24T19:25:01.481241+01:00, outdoor_avg_60m=1.25, flow_avg_10m=45.25, flowNow=27, powerNow=0, freqNow=42, opState=heating, status=set_flow_target
2026-02-24T19:25:01.489068+01:00, outdoor_avg_60m=1.25, flow_avg_10m=45.25, flowNow=27, powerNow=0, freqNow=42, opState=heating, status=set_flow_target
2026-02-24T19:30:01.709152+01:00, outdoor_avg_60m=1.25, flow_avg_10m=36.25, flowNow=44.5, powerNow=2000, freqNow=50, opState=heating, status=set_flow_target
2026-02-24T19:30:01.721021+01:00, outdoor_avg_60m=1.25, flow_avg_10m=36.25, flowNow=44.5, powerNow=2000, freqNow=50, opState=heating, status=set_flow_target
2026-02-24T19:35:01.741871+01:00, outdoor_avg_60m=1.0, flow_avg_10m=44.5, flowNow=45, powerNow=2000, freqNow=52, opState=heating, status=set_flow_target
2026-02-24T19:35:01.755117+01:00, outdoor_avg_60m=1.0, flow_avg_10m=44.5, flowNow=45, powerNow=2000, freqNow=52, opState=heating, status=set_flow_target
2026-02-24T19:40:01.775908+01:00, outdoor_avg_60m=1.0, flow_avg_10m=45.0, flowNow=44.5, powerNow=1000, freqNow=44, opState=heating, status=set_flow_target
2026-02-24T19:40:01.788031+01:00, outdoor_avg_60m=1.0, flow_avg_10m=45.0, flowNow=44.5, powerNow=1000, freqNow=44, opState=heating, status=set_flow_target
2026-02-24T21:00:01.683114+01:00, outdoor_avg_60m=0.0, flow_avg_10m=45.0, flowNow=45.5, powerNow=1000, freqNow=42, opState=heating, status=set_flow_target
2026-02-24T21:00:01.694865+01:00, outdoor_avg_60m=0.0, flow_avg_10m=45.0, flowNow=45.5, powerNow=1000, freqNow=42, opState=heating, status=set_flow_target
2026-02-24T21:05:01.717908+01:00, outdoor_avg_60m=0.09, flow_avg_10m=45.5, flowNow=45, powerNow=1000, freqNow=42, opState=heating, status=set_flow_target
2026-02-24T21:05:01.728978+01:00, outdoor_avg_60m=0.09, flow_avg_10m=45.5, flowNow=45, powerNow=1000, freqNow=42, opState=heating, status=set_flow_target
2026-02-24T21:10:01.542731+01:00, outdoor_avg_60m=0.18, flow_avg_10m=45.25, flowNow=45.5, powerNow=1000, freqNow=42, opState=heating, status=set_flow_target
2026-02-24T21:10:01.553492+01:00, outdoor_avg_60m=0.18, flow_avg_10m=45.25, flowNow=45.5, powerNow=1000, freqNow=42, opState=heating, status=set_flow_target
2026-02-24T21:15:01.776120+01:00, outdoor_avg_60m=0.27, flow_avg_10m=45.5, flowNow=45, powerNow=1000, freqNow=42, opState=heating, status=set_flow_target
2026-02-24T21:15:01.794436+01:00, outdoor_avg_60m=0.27, flow_avg_10m=45.5, flowNow=45, powerNow=1000, freqNow=42, opState=heating, status=set_flow_target
2026-02-24T21:20:01.602435+01:00, outdoor_avg_60m=0.36, flow_avg_10m=45.0, flowNow=42, powerNow=1000, freqNow=42, opState=heating, status=set_flow_target
2026-02-24T21:20:01.614361+01:00, outdoor_avg_60m=0.36, flow_avg_10m=45.0, flowNow=42, powerNow=1000, freqNow=42, opState=heating, status=set_flow_target
2026-02-24T21:25:01.643653+01:00, outdoor_avg_60m=0.45, flow_avg_10m=43.5, flowNow=32, powerNow=0, freqNow=0, opState=heating, status=set_flow_target
2026-02-24T21:25:01.655519+01:00, outdoor_avg_60m=0.45, flow_avg_10m=43.5, flowNow=32, powerNow=0, freqNow=0, opState=heating, status=set_flow_target
2026-02-24T21:30:01.673000+01:00, outdoor_avg_60m=0.55, flow_avg_10m=32.0, flowNow=44.5, powerNow=2000, freqNow=48, opState=heating, status=set_flow_target
2026-02-24T21:30:01.685670+01:00, outdoor_avg_60m=0.55, flow_avg_10m=32.0, flowNow=44.5, powerNow=2000, freqNow=48, opState=heating, status=set_flow_target
2026-02-24T21:35:01.699982+01:00, outdoor_avg_60m=0.64, flow_avg_10m=44.5, flowNow=44.5, powerNow=2000, freqNow=48, opState=heating, status=set_flow_target
2026-02-24T21:35:01.724487+01:00, outdoor_avg_60m=0.64, flow_avg_10m=44.5, flowNow=44.5, powerNow=2000, freqNow=48, opState=heating, status=set_flow_target
2026-02-24T21:40:01.536169+01:00, outdoor_avg_60m=0.73, flow_avg_10m=44.5, flowNow=44.5, powerNow=1000, freqNow=44, opState=heating, status=set_flow_target
2026-02-24T21:40:01.548350+01:00, outdoor_avg_60m=0.73, flow_avg_10m=44.5, flowNow=44.5, powerNow=1000, freqNow=44, opState=heating, status=set_flow_target
2026-02-24T21:45:01.565847+01:00, outdoor_avg_60m=0.82, flow_avg_10m=44.5, flowNow=45, powerNow=1000, freqNow=44, opState=heating, status=set_flow_target
2026-02-24T21:45:01.578049+01:00, outdoor_avg_60m=0.82, flow_avg_10m=44.5, flowNow=45, powerNow=1000, freqNow=44, opState=heating, status=set_flow_target
2026-02-24T21:50:01.592570+01:00, outdoor_avg_60m=0.91, flow_avg_10m=45.0, flowNow=45.5, powerNow=1000, freqNow=44, opState=heating, status=set_flow_target
2026-02-24T21:50:01.604276+01:00, outdoor_avg_60m=0.91, flow_avg_10m=45.0, flowNow=45.5, powerNow=1000, freqNow=44, opState=heating, status=set_flow_target
2026-02-24T21:55:01.629345+01:00, outdoor_avg_60m=1.0, flow_avg_10m=45.5, flowNow=46, powerNow=1000, freqNow=44, opState=heating, status=set_flow_target
2026-02-24T21:55:01.640830+01:00, outdoor_avg_60m=1.0, flow_avg_10m=45.5, flowNow=46, powerNow=1000, freqNow=44, opState=heating, status=set_flow_target
2026-02-24T22:00:01.668100+01:00, outdoor_avg_60m=1.0, flow_avg_10m=46.0, flowNow=46, powerNow=1000, freqNow=42, opState=heating, status=set_flow_target
2026-02-24T22:00:01.680424+01:00, outdoor_avg_60m=1.0, flow_avg_10m=46.0, flowNow=46, powerNow=1000, freqNow=42, opState=heating, status=set_flow_target
2026-02-24T22:05:01.897258+01:00, outdoor_avg_60m=1.0, flow_avg_10m=46.0, flowNow=45.5, powerNow=1000, freqNow=38, opState=heating, status=set_flow_target
2026-02-24T22:05:01.909386+01:00, outdoor_avg_60m=1.0, flow_avg_10m=46.0, flowNow=45.5, powerNow=1000, freqNow=38, opState=heating, status=set_flow_target
2026-02-24T22:10:01.520834+01:00, outdoor_avg_60m=1.0, flow_avg_10m=45.75, flowNow=45.5, powerNow=1000, freqNow=38, opState=heating, status=set_flow_target
2026-02-24T22:10:01.532525+01:00, outdoor_avg_60m=1.0, flow_avg_10m=45.75, flowNow=45.5, powerNow=1000, freqNow=38, opState=heating, status=set_flow_target
2026-02-24T22:15:01.763082+01:00, outdoor_avg_60m=1.0, flow_avg_10m=45.5, flowNow=45.5, powerNow=1000, freqNow=38, opState=heating, status=set_flow_target
2026-02-24T22:15:01.770567+01:00, outdoor_avg_60m=1.0, flow_avg_10m=45.5, flowNow=45.5, powerNow=1000, freqNow=38, opState=heating, status=set_flow_target
2026-02-24T22:20:01.601011+01:00, outdoor_avg_60m=1.0, flow_avg_10m=45.5, flowNow=35, powerNow=0, freqNow=0, opState=heating, status=set_flow_target
2026-02-24T22:20:01.608970+01:00, outdoor_avg_60m=1.0, flow_avg_10m=45.5, flowNow=35, powerNow=0, freqNow=0, opState=heating, status=set_flow_target
2026-02-24T22:25:01.617186+01:00, outdoor_avg_60m=1.0, flow_avg_10m=40.25, flowNow=45, powerNow=2000, freqNow=48, opState=heating, status=set_flow_target
2026-02-24T22:25:01.628566+01:00, outdoor_avg_60m=1.0, flow_avg_10m=40.25, flowNow=45, powerNow=2000, freqNow=48, opState=heating, status=set_flow_target
2026-02-24T22:30:01.656636+01:00, outdoor_avg_60m=1.0, flow_avg_10m=45.0, flowNow=45.5, powerNow=2000, freqNow=48, opState=heating, status=set_flow_target
2026-02-24T22:30:01.668989+01:00, outdoor_avg_60m=1.0, flow_avg_10m=45.0, flowNow=45.5, powerNow=2000, freqNow=48, opState=heating, status=set_flow_target
2026-02-24T22:35:02.094584+01:00, outdoor_avg_60m=1.0, flow_avg_10m=45.5, flowNow=45, powerNow=1000, freqNow=44, opState=heating, status=set_flow_target
2026-02-24T22:35:02.106673+01:00, outdoor_avg_60m=1.0, flow_avg_10m=45.5, flowNow=45, powerNow=1000, freqNow=44, opState=heating, status=set_flow_target
2026-02-24T22:40:01.715445+01:00, outdoor_avg_60m=1.0, flow_avg_10m=45.0, flowNow=45.5, powerNow=1000, freqNow=44, opState=heating, status=set_flow_target
2026-02-24T22:40:01.729537+01:00, outdoor_avg_60m=1.0, flow_avg_10m=45.0, flowNow=45.5, powerNow=1000, freqNow=44, opState=heating, status=set_flow_target
2026-02-24T22:50:01.587397+01:00, outdoor_avg_60m=0.92, flow_avg_10m=45.75, flowNow=45, powerNow=1000, freqNow=36, opState=heating, status=set_flow_target
2026-02-24T22:50:01.595045+01:00, outdoor_avg_60m=0.92, flow_avg_10m=45.75, flowNow=45, powerNow=1000, freqNow=36, opState=heating, status=set_flow_target
2026-02-24T22:55:01.609318+01:00, outdoor_avg_60m=0.92, flow_avg_10m=45.0, flowNow=45, powerNow=1000, freqNow=36, opState=heating, status=set_flow_target
2026-02-24T22:55:01.626666+01:00, outdoor_avg_60m=0.92, flow_avg_10m=45.0, flowNow=45, powerNow=1000, freqNow=36, opState=heating, status=set_flow_target
2026-02-24T23:00:01.642948+01:00, outdoor_avg_60m=0.92, flow_avg_10m=45.0, flowNow=45, powerNow=1000, freqNow=36, opState=heating, status=set_flow_target
2026-02-24T23:00:01.655236+01:00, outdoor_avg_60m=0.92, flow_avg_10m=45.0, flowNow=45, powerNow=1000, freqNow=36, opState=heating, status=set_flow_target
2026-02-24T23:05:01.671727+01:00, outdoor_avg_60m=0.92, flow_avg_10m=45.0, flowNow=45, powerNow=1000, freqNow=36, opState=heating, status=set_flow_target
2026-02-24T23:05:01.683756+01:00, outdoor_avg_60m=0.92, flow_avg_10m=45.0, flowNow=45, powerNow=1000, freqNow=36, opState=heating, status=set_flow_target
2026-02-24T23:10:01.714623+01:00, outdoor_avg_60m=0.91, flow_avg_10m=45.0, flowNow=45, powerNow=1000, freqNow=36, opState=heating, status=set_flow_target
2026-02-24T23:10:01.722077+01:00, outdoor_avg_60m=0.91, flow_avg_10m=45.0, flowNow=45, powerNow=1000, freqNow=36, opState=heating, status=set_flow_target
2026-02-24T23:15:01.739142+01:00, outdoor_avg_60m=0.92, flow_avg_10m=45.0, flowNow=45, powerNow=1000, freqNow=36, opState=heating, status=set_flow_target
2026-02-24T23:15:01.748025+01:00, outdoor_avg_60m=0.92, flow_avg_10m=45.0, flowNow=45, powerNow=1000, freqNow=36, opState=heating, status=set_flow_target
2026-02-24T23:20:01.570478+01:00, outdoor_avg_60m=0.92, flow_avg_10m=45.0, flowNow=29.5, powerNow=0, freqNow=0, opState=heating, status=set_flow_target
2026-02-24T23:20:01.577345+01:00, outdoor_avg_60m=0.92, flow_avg_10m=45.0, flowNow=29.5, powerNow=0, freqNow=0, opState=heating, status=set_flow_target
2026-02-24T23:25:01.598115+01:00, outdoor_avg_60m=0.92, flow_avg_10m=37.25, flowNow=46, powerNow=2000, freqNow=48, opState=heating, status=set_flow_target
2026-02-24T23:25:01.610025+01:00, outdoor_avg_60m=0.92, flow_avg_10m=37.25, flowNow=46, powerNow=2000, freqNow=48, opState=heating, status=set_flow_target
2026-02-24T23:30:01.641920+01:00, outdoor_avg_60m=0.92, flow_avg_10m=46.0, flowNow=45, powerNow=2000, freqNow=48, opState=heating, status=set_flow_target
2026-02-24T23:30:01.649100+01:00, outdoor_avg_60m=0.92, flow_avg_10m=46.0, flowNow=45, powerNow=2000, freqNow=48, opState=heating, status=set_flow_target
2026-02-24T23:35:01.665077+01:00, outdoor_avg_60m=0.92, flow_avg_10m=45.0, flowNow=45, powerNow=1000, freqNow=44, opState=heating, status=set_flow_target
2026-02-24T23:35:01.676748+01:00, outdoor_avg_60m=0.92, flow_avg_10m=45.0, flowNow=45, powerNow=1000, freqNow=44, opState=heating, status=set_flow_target
2026-02-24T23:40:01.700367+01:00, outdoor_avg_60m=0.92, flow_avg_10m=45.0, flowNow=45.5, powerNow=1000, freqNow=44, opState=heating, status=set_flow_target
2026-02-24T23:40:01.707751+01:00, outdoor_avg_60m=0.92, flow_avg_10m=45.0, flowNow=45.5, powerNow=1000, freqNow=44, opState=heating, status=set_flow_target
2026-02-24T23:45:01.728842+01:00, outdoor_avg_60m=1.0, flow_avg_10m=45.5, flowNow=46, powerNow=1000, freqNow=44, opState=heating, status=set_flow_target
2026-02-24T23:45:01.741335+01:00, outdoor_avg_60m=1.0, flow_avg_10m=45.5, flowNow=46, powerNow=1000, freqNow=44, opState=heating, status=set_flow_target
2026-02-24T23:50:01.761519+01:00, outdoor_avg_60m=1.0, flow_avg_10m=46.0, flowNow=45.5, powerNow=1000, freqNow=36, opState=heating, status=set_flow_target
2026-02-24T23:50:01.769807+01:00, outdoor_avg_60m=1.0, flow_avg_10m=46.0, flowNow=45.5, powerNow=1000, freqNow=36, opState=heating, status=set_flow_target
2026-02-24T23:55:01.593910+01:00, outdoor_avg_60m=1.0, flow_avg_10m=45.75, flowNow=45, powerNow=1000, freqNow=36, opState=heating, status=set_flow_target
2026-02-24T23:55:01.601192+01:00, outdoor_avg_60m=1.0, flow_avg_10m=45.75, flowNow=45, powerNow=1000, freqNow=36, opState=heating, status=set_flow_target
2026-02-25T00:00:01.823219+01:00, outdoor_avg_60m=1.0, flow_avg_10m=45.0, flowNow=45, powerNow=1000, freqNow=36, opState=heating, status=set_flow_target
2026-02-25T00:00:01.835365+01:00, outdoor_avg_60m=1.0, flow_avg_10m=45.0, flowNow=45, powerNow=1000, freqNow=36, opState=heating, status=set_flow_target
2026-02-25T00:05:01.656685+01:00, outdoor_avg_60m=1.0, flow_avg_10m=45.0, flowNow=45.5, powerNow=1000, freqNow=36, opState=heating, status=set_flow_target
2026-02-25T00:05:01.674488+01:00, outdoor_avg_60m=1.0, flow_avg_10m=45.0, flowNow=45.5, powerNow=1000, freqNow=36, opState=heating, status=set_flow_target
2026-02-25T00:25:01.580544+01:00, outdoor_avg_60m=0.75, flow_avg_10m=39.0, flowNow=45, powerNow=2000, freqNow=48, opState=heating, status=set_flow_target
2026-02-25T00:25:01.592141+01:00, outdoor_avg_60m=0.75, flow_avg_10m=39.0, flowNow=45, powerNow=2000, freqNow=48, opState=heating, status=set_flow_target
2026-02-25T00:30:01.830336+01:00, outdoor_avg_60m=0.73, flow_avg_10m=45.0, flowNow=45, powerNow=2000, freqNow=44, opState=heating, status=set_flow_target
2026-02-25T00:30:01.837664+01:00, outdoor_avg_60m=0.73, flow_avg_10m=45.0, flowNow=45, powerNow=2000, freqNow=44, opState=heating, status=set_flow_target
2026-02-25T00:35:01.646344+01:00, outdoor_avg_60m=0.75, flow_avg_10m=45.0, flowNow=45.5, powerNow=1000, freqNow=44, opState=heating, status=set_flow_target
2026-02-25T00:35:01.658036+01:00, outdoor_avg_60m=0.75, flow_avg_10m=45.0, flowNow=45.5, powerNow=1000, freqNow=44, opState=heating, status=set_flow_target
2026-02-25T00:40:01.683109+01:00, outdoor_avg_60m=0.75, flow_avg_10m=45.25, flowNow=45.5, powerNow=1000, freqNow=44, opState=heating, status=set_flow_target
2026-02-25T00:40:01.690101+01:00, outdoor_avg_60m=0.75, flow_avg_10m=45.25, flowNow=45.5, powerNow=1000, freqNow=44, opState=heating, status=set_flow_target
2026-02-25T00:45:01.709212+01:00, outdoor_avg_60m=0.75, flow_avg_10m=45.5, flowNow=45, powerNow=1000, freqNow=38, opState=heating, status=set_flow_target
2026-02-25T00:45:01.720445+01:00, outdoor_avg_60m=0.75, flow_avg_10m=45.5, flowNow=45, powerNow=1000, freqNow=38, opState=heating, status=set_flow_target
2026-02-25T00:50:01.750224+01:00, outdoor_avg_60m=0.75, flow_avg_10m=45.0, flowNow=45, powerNow=1000, freqNow=36, opState=heating, status=set_flow_target
2026-02-25T00:50:01.757384+01:00, outdoor_avg_60m=0.75, flow_avg_10m=45.0, flowNow=45, powerNow=1000, freqNow=36, opState=heating, status=set_flow_target
2026-02-25T00:55:01.573562+01:00, outdoor_avg_60m=0.75, flow_avg_10m=45.0, flowNow=45, powerNow=1000, freqNow=36, opState=heating, status=set_flow_target
2026-02-25T00:55:01.584191+01:00, outdoor_avg_60m=0.75, flow_avg_10m=45.0, flowNow=45, powerNow=1000, freqNow=36, opState=heating, status=set_flow_target
2026-02-25T01:00:01.812527+01:00, outdoor_avg_60m=0.75, flow_avg_10m=45.0, flowNow=45, powerNow=1000, freqNow=36, opState=heating, status=set_flow_target
2026-02-25T01:00:01.819589+01:00, outdoor_avg_60m=0.75, flow_avg_10m=45.0, flowNow=45, powerNow=1000, freqNow=36, opState=heating, status=set_flow_target
2026-02-25T01:05:01.646441+01:00, outdoor_avg_60m=0.75, flow_avg_10m=45.0, flowNow=45, powerNow=1000, freqNow=36, opState=heating, status=set_flow_target
2026-02-25T01:05:01.653386+01:00, outdoor_avg_60m=0.75, flow_avg_10m=45.0, flowNow=45, powerNow=1000, freqNow=36, opState=heating, status=set_flow_target
2026-02-25T01:10:01.873443+01:00, outdoor_avg_60m=0.82, flow_avg_10m=45.0, flowNow=45, powerNow=1000, freqNow=36, opState=heating, status=set_flow_target
2026-02-25T01:10:01.881292+01:00, outdoor_avg_60m=0.82, flow_avg_10m=45.0, flowNow=45, powerNow=1000, freqNow=36, opState=heating, status=set_flow_target
2026-02-25T01:15:01.700595+01:00, outdoor_avg_60m=0.91, flow_avg_10m=45.0, flowNow=27, powerNow=0, freqNow=42, opState=heating, status=set_flow_target
2026-02-25T01:15:01.712679+01:00, outdoor_avg_60m=0.91, flow_avg_10m=45.0, flowNow=27, powerNow=0, freqNow=42, opState=heating, status=set_flow_target
2026-02-25T01:20:01.734331+01:00, outdoor_avg_60m=1.0, flow_avg_10m=36.0, flowNow=45, powerNow=1000, freqNow=48, opState=heating, status=set_flow_target
2026-02-25T01:20:01.745982+01:00, outdoor_avg_60m=1.0, flow_avg_10m=36.0, flowNow=45, powerNow=1000, freqNow=48, opState=heating, status=set_flow_target
2026-02-25T01:25:01.764523+01:00, outdoor_avg_60m=1.0, flow_avg_10m=45.0, flowNow=45, powerNow=2000, freqNow=48, opState=heating, status=set_flow_target
2026-02-25T01:25:01.775508+01:00, outdoor_avg_60m=1.0, flow_avg_10m=45.0, flowNow=45, powerNow=2000, freqNow=48, opState=heating, status=set_flow_target
2026-02-25T01:30:01.800902+01:00, outdoor_avg_60m=1.0, flow_avg_10m=45.0, flowNow=44.5, powerNow=1000, freqNow=44, opState=heating, status=set_flow_target
2026-02-25T01:30:01.808214+01:00, outdoor_avg_60m=1.0, flow_avg_10m=45.0, flowNow=44.5, powerNow=1000, freqNow=44, opState=heating, status=set_flow_target
2026-02-25T01:35:01.627003+01:00, outdoor_avg_60m=1.0, flow_avg_10m=44.75, flowNow=45.5, powerNow=1000, freqNow=44, opState=heating, status=set_flow_target
2026-02-25T01:35:01.637607+01:00, outdoor_avg_60m=1.0, flow_avg_10m=44.75, flowNow=45.5, powerNow=1000, freqNow=44, opState=heating, status=set_flow_target
2026-02-25T01:40:01.657862+01:00, outdoor_avg_60m=1.0, flow_avg_10m=45.0, flowNow=45.5, powerNow=1000, freqNow=44, opState=heating, status=set_flow_target
2026-02-25T01:40:01.669523+01:00, outdoor_avg_60m=1.0, flow_avg_10m=45.0, flowNow=45.5, powerNow=1000, freqNow=44, opState=heating, status=set_flow_target
2026-02-25T01:45:01.695438+01:00, outdoor_avg_60m=1.0, flow_avg_10m=45.5, flowNow=46, powerNow=1000, freqNow=38, opState=heating, status=set_flow_target
2026-02-25T01:45:01.702617+01:00, outdoor_avg_60m=1.0, flow_avg_10m=45.5, flowNow=46, powerNow=1000, freqNow=38, opState=heating, status=set_flow_target
2026-02-25T01:50:01.721539+01:00, outdoor_avg_60m=1.0, flow_avg_10m=46.0, flowNow=45.5, powerNow=1000, freqNow=42, opState=heating, status=set_flow_target
2026-02-25T01:50:01.729907+01:00, outdoor_avg_60m=1.0, flow_avg_10m=46.0, flowNow=45.5, powerNow=1000, freqNow=42, opState=heating, status=set_flow_target
2026-02-25T01:55:01.550091+01:00, outdoor_avg_60m=1.0, flow_avg_10m=45.75, flowNow=45.5, powerNow=1000, freqNow=38, opState=heating, status=set_flow_target
2026-02-25T01:55:01.562444+01:00, outdoor_avg_60m=1.0, flow_avg_10m=45.75, flowNow=45.5, powerNow=1000, freqNow=38, opState=heating, status=set_flow_target
2026-02-25T02:00:01.787563+01:00, outdoor_avg_60m=1.0, flow_avg_10m=45.5, flowNow=45.5, powerNow=1000, freqNow=38, opState=heating, status=set_flow_target
2026-02-25T02:00:01.803588+01:00, outdoor_avg_60m=1.0, flow_avg_10m=45.5, flowNow=45.5, powerNow=1000, freqNow=38, opState=heating, status=set_flow_target
2026-02-25T03:45:01.650572+01:00, outdoor_avg_60m=0.0, flow_avg_10m=47.0, flowNow=45.5, powerNow=2000, freqNow=50, opState=heating, status=set_flow_target
2026-02-25T03:45:01.662674+01:00, outdoor_avg_60m=0.0, flow_avg_10m=47.0, flowNow=45.5, powerNow=2000, freqNow=50, opState=heating, status=set_flow_target
2026-02-25T03:50:01.685323+01:00, outdoor_avg_60m=0.1, flow_avg_10m=45.5, flowNow=46.5, powerNow=2000, freqNow=50, opState=heating, status=set_flow_target
2026-02-25T03:50:01.696070+01:00, outdoor_avg_60m=0.1, flow_avg_10m=45.5, flowNow=46.5, powerNow=2000, freqNow=50, opState=heating, status=set_flow_target
2026-02-25T03:55:01.719991+01:00, outdoor_avg_60m=0.18, flow_avg_10m=46.5, flowNow=47, powerNow=2000, freqNow=50, opState=heating, status=set_flow_target
2026-02-25T03:55:01.727474+01:00, outdoor_avg_60m=0.18, flow_avg_10m=46.5, flowNow=47, powerNow=2000, freqNow=50, opState=heating, status=set_flow_target
2026-02-25T04:00:01.749240+01:00, outdoor_avg_60m=0.27, flow_avg_10m=47.0, flowNow=45.5, powerNow=1000, freqNow=44, opState=heating, status=set_flow_target
2026-02-25T04:00:01.762090+01:00, outdoor_avg_60m=0.27, flow_avg_10m=47.0, flowNow=45.5, powerNow=1000, freqNow=44, opState=heating, status=set_flow_target
2026-02-25T04:05:01.574147+01:00, outdoor_avg_60m=0.36, flow_avg_10m=46.25, flowNow=46, powerNow=1000, freqNow=44, opState=heating, status=set_flow_target
2026-02-25T04:05:01.586153+01:00, outdoor_avg_60m=0.36, flow_avg_10m=46.25, flowNow=46, powerNow=1000, freqNow=44, opState=heating, status=set_flow_target
2026-02-25T04:10:01.606888+01:00, outdoor_avg_60m=0.45, flow_avg_10m=45.75, flowNow=46, powerNow=1000, freqNow=44, opState=heating, status=set_flow_target
2026-02-25T04:10:01.624497+01:00, outdoor_avg_60m=0.45, flow_avg_10m=45.75, flowNow=46, powerNow=1000, freqNow=44, opState=heating, status=set_flow_target
2026-02-25T04:15:01.639946+01:00, outdoor_avg_60m=0.55, flow_avg_10m=46.0, flowNow=35, powerNow=0, freqNow=0, opState=heating, status=set_flow_target
2026-02-25T04:15:01.652689+01:00, outdoor_avg_60m=0.55, flow_avg_10m=46.0, flowNow=35, powerNow=0, freqNow=0, opState=heating, status=set_flow_target
2026-02-25T04:20:01.679815+01:00, outdoor_avg_60m=0.64, flow_avg_10m=35.0, flowNow=45, powerNow=2000, freqNow=48, opState=heating, status=set_flow_target
2026-02-25T04:20:01.687081+01:00, outdoor_avg_60m=0.64, flow_avg_10m=35.0, flowNow=45, powerNow=2000, freqNow=48, opState=heating, status=set_flow_target
2026-02-25T04:25:01.709748+01:00, outdoor_avg_60m=0.73, flow_avg_10m=45.0, flowNow=45, powerNow=2000, freqNow=48, opState=heating, status=set_flow_target
2026-02-25T04:25:01.720534+01:00, outdoor_avg_60m=0.73, flow_avg_10m=45.0, flowNow=45, powerNow=2000, freqNow=48, opState=heating, status=set_flow_target
2026-02-25T04:30:01.744191+01:00, outdoor_avg_60m=0.82, flow_avg_10m=45.0, flowNow=46, powerNow=2000, freqNow=48, opState=heating, status=set_flow_target
2026-02-25T04:30:01.752592+01:00, outdoor_avg_60m=0.82, flow_avg_10m=45.0, flowNow=46, powerNow=2000, freqNow=48, opState=heating, status=set_flow_target
2026-02-25T04:35:01.564579+01:00, outdoor_avg_60m=0.91, flow_avg_10m=45.5, flowNow=45.5, powerNow=2000, freqNow=44, opState=heating, status=set_flow_target
2026-02-25T04:35:01.577542+01:00, outdoor_avg_60m=0.91, flow_avg_10m=45.5, flowNow=45.5, powerNow=2000, freqNow=44, opState=heating, status=set_flow_target
2026-02-25T04:40:01.803872+01:00, outdoor_avg_60m=1.0, flow_avg_10m=45.5, flowNow=45, powerNow=1000, freqNow=38, opState=heating, status=set_flow_target
2026-02-25T04:40:01.818059+01:00, outdoor_avg_60m=1.0, flow_avg_10m=45.5, flowNow=45, powerNow=1000, freqNow=38, opState=heating, status=set_flow_target
2026-02-25T04:45:01.631172+01:00, outdoor_avg_60m=1.0, flow_avg_10m=45.0, flowNow=45, powerNow=1000, freqNow=38, opState=heating, status=set_flow_target
2026-02-25T04:45:01.642240+01:00, outdoor_avg_60m=1.0, flow_avg_10m=45.0, flowNow=45, powerNow=1000, freqNow=38, opState=heating, status=set_flow_target
2026-02-25T04:50:01.668585+01:00, outdoor_avg_60m=1.0, flow_avg_10m=45.0, flowNow=45, powerNow=1000, freqNow=36, opState=heating, status=set_flow_target
2026-02-25T04:50:01.677646+01:00, outdoor_avg_60m=1.0, flow_avg_10m=45.0, flowNow=45, powerNow=1000, freqNow=36, opState=heating, status=set_flow_target
2026-02-25T04:55:01.699059+01:00, outdoor_avg_60m=1.0, flow_avg_10m=45.0, flowNow=45, powerNow=1000, freqNow=36, opState=heating, status=set_flow_target
2026-02-25T04:55:01.706300+01:00, outdoor_avg_60m=1.0, flow_avg_10m=45.0, flowNow=45, powerNow=1000, freqNow=36, opState=heating, status=set_flow_target
2026-02-25T05:00:01.729644+01:00, outdoor_avg_60m=1.0, flow_avg_10m=45.0, flowNow=45, powerNow=1000, freqNow=36, opState=heating, status=set_flow_target
2026-02-25T05:00:01.740715+01:00, outdoor_avg_60m=1.0, flow_avg_10m=45.0, flowNow=45, powerNow=1000, freqNow=36, opState=heating, status=set_flow_target
2026-02-25T05:05:01.562131+01:00, outdoor_avg_60m=1.0, flow_avg_10m=45.0, flowNow=45, powerNow=1000, freqNow=36, opState=heating, status=set_flow_target
2026-02-25T05:05:01.569788+01:00, outdoor_avg_60m=1.0, flow_avg_10m=45.0, flowNow=45, powerNow=1000, freqNow=36, opState=heating, status=set_flow_target
2026-02-25T05:10:02.000287+01:00, outdoor_avg_60m=1.0, flow_avg_10m=45.0, flowNow=45, powerNow=1000, freqNow=36, opState=heating, status=set_flow_target
2026-02-25T05:10:02.012123+01:00, outdoor_avg_60m=1.0, flow_avg_10m=45.0, flowNow=45, powerNow=1000, freqNow=36, opState=heating, status=set_flow_target
2026-02-25T05:15:01.623881+01:00, outdoor_avg_60m=1.0, flow_avg_10m=45.0, flowNow=45, powerNow=1000, freqNow=36, opState=heating, status=set_flow_target
2026-02-25T05:15:01.630957+01:00, outdoor_avg_60m=1.0, flow_avg_10m=45.0, flowNow=45, powerNow=1000, freqNow=36, opState=heating, status=set_flow_target
2026-02-25T05:20:01.652800+01:00, outdoor_avg_60m=1.0, flow_avg_10m=45.0, flowNow=45, powerNow=1000, freqNow=36, opState=heating, status=set_flow_target
2026-02-25T05:20:01.664885+01:00, outdoor_avg_60m=1.0, flow_avg_10m=45.0, flowNow=45, powerNow=1000, freqNow=36, opState=heating, status=set_flow_target
2026-02-25T05:25:01.684454+01:00, outdoor_avg_60m=1.0, flow_avg_10m=45.0, flowNow=45, powerNow=1000, freqNow=36, opState=heating, status=set_flow_target
2026-02-25T05:25:01.695881+01:00, outdoor_avg_60m=1.0, flow_avg_10m=45.0, flowNow=45, powerNow=1000, freqNow=36, opState=heating, status=set_flow_target
2026-02-25T05:30:01.724933+01:00, outdoor_avg_60m=1.0, flow_avg_10m=45.0, flowNow=45, powerNow=1000, freqNow=36, opState=heating, status=set_flow_target
2026-02-25T05:30:01.731884+01:00, outdoor_avg_60m=1.0, flow_avg_10m=45.0, flowNow=45, powerNow=1000, freqNow=36, opState=heating, status=set_flow_target
2026-02-25T05:35:01.544623+01:00, outdoor_avg_60m=1.0, flow_avg_10m=45.0, flowNow=44.5, powerNow=1000, freqNow=42, opState=heating, status=set_flow_target
2026-02-25T05:35:01.557467+01:00, outdoor_avg_60m=1.0, flow_avg_10m=45.0, flowNow=44.5, powerNow=1000, freqNow=42, opState=heating, status=set_flow_target
2026-02-25T05:40:01.584104+01:00, outdoor_avg_60m=1.0, flow_avg_10m=44.75, flowNow=27.5, powerNow=0, freqNow=0, opState=heating, status=set_flow_target
2026-02-25T05:40:01.592300+01:00, outdoor_avg_60m=1.0, flow_avg_10m=44.75, flowNow=27.5, powerNow=0, freqNow=0, opState=heating, status=set_flow_target
2026-02-25T05:45:01.615093+01:00, outdoor_avg_60m=1.0, flow_avg_10m=27.5, flowNow=44.5, powerNow=2000, freqNow=48, opState=heating, status=set_flow_target
2026-02-25T05:45:01.622731+01:00, outdoor_avg_60m=1.0, flow_avg_10m=27.5, flowNow=44.5, powerNow=2000, freqNow=48, opState=heating, status=set_flow_target
2026-02-25T05:50:01.652537+01:00, outdoor_avg_60m=1.0, flow_avg_10m=44.5, flowNow=45, powerNow=2000, freqNow=48, opState=heating, status=set_flow_target
2026-02-25T05:50:01.659684+01:00, outdoor_avg_60m=1.0, flow_avg_10m=44.5, flowNow=45, powerNow=2000, freqNow=48, opState=heating, status=set_flow_target
2026-02-25T05:55:01.679404+01:00, outdoor_avg_60m=1.0, flow_avg_10m=45.0, flowNow=45.5, powerNow=2000, freqNow=48, opState=heating, status=set_flow_target
2026-02-25T05:55:01.686905+01:00, outdoor_avg_60m=1.0, flow_avg_10m=45.0, flowNow=45.5, powerNow=2000, freqNow=48, opState=heating, status=set_flow_target
2026-02-25T06:00:01.715399+01:00, outdoor_avg_60m=1.0, flow_avg_10m=45.5, flowNow=45, powerNow=1000, freqNow=42, opState=heating, status=set_flow_target
2026-02-25T06:00:01.723192+01:00, outdoor_avg_60m=1.0, flow_avg_10m=45.5, flowNow=45, powerNow=1000, freqNow=42, opState=heating, status=set_flow_target
2026-02-25T06:05:01.198851+01:00, outdoor_avg_60m=1.0, flow_avg_10m=45.25, flowNow=45, powerNow=1000, freqNow=42, opState=heating, status=set_flow_target
2026-02-25T06:05:01.210220+01:00, outdoor_avg_60m=1.0, flow_avg_10m=45.25, flowNow=45, powerNow=1000, freqNow=42, opState=heating, status=set_flow_target
2026-02-25T06:10:01.566287+01:00, outdoor_avg_60m=1.0, flow_avg_10m=45.0, flowNow=45, powerNow=1000, freqNow=38, opState=heating, status=set_flow_target
2026-02-25T06:10:01.578672+01:00, outdoor_avg_60m=1.0, flow_avg_10m=45.0, flowNow=45, powerNow=1000, freqNow=38, opState=heating, status=set_flow_target
2026-02-25T06:15:01.803544+01:00, outdoor_avg_60m=1.0, flow_avg_10m=45.0, flowNow=45, powerNow=1000, freqNow=38, opState=heating, status=set_flow_target
2026-02-25T06:15:01.815339+01:00, outdoor_avg_60m=1.0, flow_avg_10m=45.0, flowNow=45, powerNow=1000, freqNow=38, opState=heating, status=set_flow_target
2026-02-25T06:20:01.443724+01:00, outdoor_avg_60m=1.0, flow_avg_10m=45.0, flowNow=45, powerNow=1000, freqNow=36, opState=heating, status=set_flow_target
2026-02-25T06:20:01.455905+01:00, outdoor_avg_60m=1.0, flow_avg_10m=45.0, flowNow=45, powerNow=1000, freqNow=36, opState=heating, status=set_flow_target
2026-02-25T06:25:01.464147+01:00, outdoor_avg_60m=1.0, flow_avg_10m=45.0, flowNow=45, powerNow=1000, freqNow=36, opState=heating, status=set_flow_target
2026-02-25T06:25:01.475249+01:00, outdoor_avg_60m=1.0, flow_avg_10m=45.0, flowNow=45, powerNow=1000, freqNow=36, opState=heating, status=set_flow_target
2026-02-25T06:30:01.606169+01:00, outdoor_avg_60m=1.0, flow_avg_10m=45.0, flowNow=45, powerNow=1000, freqNow=36, opState=heating, status=set_flow_target
2026-02-25T06:30:01.617136+01:00, outdoor_avg_60m=1.0, flow_avg_10m=45.0, flowNow=45, powerNow=1000, freqNow=36, opState=heating, status=set_flow_target
2026-02-25T06:35:01.309610+01:00, outdoor_avg_60m=1.0, flow_avg_10m=45.0, flowNow=45, powerNow=1000, freqNow=36, opState=heating, status=set_flow_target
2026-02-25T06:35:01.316519+01:00, outdoor_avg_60m=1.0, flow_avg_10m=45.0, flowNow=45, powerNow=1000, freqNow=36, opState=heating, status=set_flow_target
2026-02-25T06:40:01.348934+01:00, outdoor_avg_60m=1.0, flow_avg_10m=45.0, flowNow=45, powerNow=1000, freqNow=36, opState=heating, status=set_flow_target
2026-02-25T06:40:01.370807+01:00, outdoor_avg_60m=1.0, flow_avg_10m=45.0, flowNow=45, powerNow=1000, freqNow=36, opState=heating, status=set_flow_target
2026-02-25T06:45:01.590562+01:00, outdoor_avg_60m=1.0, flow_avg_10m=45.0, flowNow=45, powerNow=1000, freqNow=36, opState=heating, status=set_flow_target
2026-02-25T06:45:01.602238+01:00, outdoor_avg_60m=1.0, flow_avg_10m=45.0, flowNow=45, powerNow=1000, freqNow=36, opState=heating, status=set_flow_target
2026-02-25T06:50:01.626980+01:00, outdoor_avg_60m=1.0, flow_avg_10m=45.0, flowNow=45, powerNow=1000, freqNow=36, opState=heating, status=set_flow_target
2026-02-25T06:50:01.633285+01:00, outdoor_avg_60m=1.0, flow_avg_10m=45.0, flowNow=45, powerNow=1000, freqNow=36, opState=heating, status=set_flow_target
2026-02-25T06:55:01.646547+01:00, outdoor_avg_60m=1.0, flow_avg_10m=45.0, flowNow=45, powerNow=1000, freqNow=36, opState=heating, status=set_flow_target
2026-02-25T06:55:01.658512+01:00, outdoor_avg_60m=1.0, flow_avg_10m=45.0, flowNow=45, powerNow=1000, freqNow=36, opState=heating, status=set_flow_target
2026-02-25T07:00:01.889363+01:00, outdoor_avg_60m=1.0, flow_avg_10m=45.0, flowNow=45, powerNow=1000, freqNow=36, opState=heating, status=set_flow_target
2026-02-25T07:00:01.901080+01:00, outdoor_avg_60m=1.0, flow_avg_10m=45.0, flowNow=45, powerNow=1000, freqNow=36, opState=heating, status=set_flow_target
2026-02-25T07:05:01.306250+01:00, outdoor_avg_60m=1.0, flow_avg_10m=45.0, flowNow=45, powerNow=1000, freqNow=36, opState=heating, status=set_flow_target
2026-02-25T07:05:01.325590+01:00, outdoor_avg_60m=1.0, flow_avg_10m=45.0, flowNow=45, powerNow=1000, freqNow=36, opState=heating, status=set_flow_target
2026-02-25T07:10:01.393744+01:00, outdoor_avg_60m=1.0, flow_avg_10m=45.0, flowNow=45, powerNow=1000, freqNow=36, opState=heating, status=set_flow_target
2026-02-25T07:10:01.405405+01:00, outdoor_avg_60m=1.0, flow_avg_10m=45.0, flowNow=45, powerNow=1000, freqNow=36, opState=heating, status=set_flow_target
2026-02-25T07:15:01.784758+01:00, outdoor_avg_60m=1.0, flow_avg_10m=45.0, flowNow=45, powerNow=1000, freqNow=36, opState=heating, status=set_flow_target
2026-02-25T07:15:01.796598+01:00, outdoor_avg_60m=1.0, flow_avg_10m=45.0, flowNow=45, powerNow=1000, freqNow=36, opState=heating, status=set_flow_target
2026-02-25T07:20:01.814084+01:00, outdoor_avg_60m=1.0, flow_avg_10m=45.0, flowNow=45, powerNow=1000, freqNow=36, opState=heating, status=set_flow_target
2026-02-25T07:20:01.826214+01:00, outdoor_avg_60m=1.0, flow_avg_10m=45.0, flowNow=45, powerNow=1000, freqNow=36, opState=heating, status=set_flow_target
2026-02-25T07:25:01.646200+01:00, outdoor_avg_60m=1.0, flow_avg_10m=45.0, flowNow=45, powerNow=1000, freqNow=36, opState=heating, status=set_flow_target
2026-02-25T07:25:01.653362+01:00, outdoor_avg_60m=1.0, flow_avg_10m=45.0, flowNow=45, powerNow=1000, freqNow=36, opState=heating, status=set_flow_target
2026-02-25T07:30:01.675654+01:00, outdoor_avg_60m=1.0, flow_avg_10m=45.0, flowNow=45, powerNow=1000, freqNow=36, opState=heating, status=set_flow_target
2026-02-25T07:30:02.247731+01:00, outdoor_avg_60m=1.0, flow_avg_10m=45.0, flowNow=45, powerNow=1000, freqNow=36, opState=heating, status=set_flow_target
2026-02-25T07:35:01.505073+01:00, outdoor_avg_60m=1.0, flow_avg_10m=45.0, flowNow=45, powerNow=1000, freqNow=36, opState=heating, status=set_flow_target
2026-02-25T07:35:01.515913+01:00, outdoor_avg_60m=1.0, flow_avg_10m=45.0, flowNow=45, powerNow=1000, freqNow=36, opState=heating, status=set_flow_target
2026-02-25T07:40:01.353437+01:00, outdoor_avg_60m=1.0, flow_avg_10m=45.0, flowNow=29, powerNow=0, freqNow=42, opState=heating, status=set_flow_target
2026-02-25T07:40:01.365805+01:00, outdoor_avg_60m=1.0, flow_avg_10m=45.0, flowNow=29, powerNow=0, freqNow=42, opState=heating, status=set_flow_target
2026-02-25T07:45:01.780449+01:00, outdoor_avg_60m=1.0, flow_avg_10m=29.0, flowNow=45, powerNow=2000, freqNow=48, opState=heating, status=set_flow_target
2026-02-25T07:45:01.792367+01:00, outdoor_avg_60m=1.0, flow_avg_10m=29.0, flowNow=45, powerNow=2000, freqNow=48, opState=heating, status=set_flow_target
2026-02-25T07:50:01.596969+01:00, outdoor_avg_60m=1.0, flow_avg_10m=45.0, flowNow=44.5, powerNow=2000, freqNow=48, opState=heating, status=set_flow_target
2026-02-25T07:50:01.609554+01:00, outdoor_avg_60m=1.0, flow_avg_10m=45.0, flowNow=44.5, powerNow=2000, freqNow=48, opState=heating, status=set_flow_target
2026-02-25T07:55:01.354324+01:00, outdoor_avg_60m=1.0, flow_avg_10m=44.75, flowNow=45.5, powerNow=2000, freqNow=48, opState=heating, status=set_flow_target
2026-02-25T07:55:01.366156+01:00, outdoor_avg_60m=1.0, flow_avg_10m=44.75, flowNow=45.5, powerNow=2000, freqNow=48, opState=heating, status=set_flow_target
2026-02-25T08:00:01.384538+01:00, outdoor_avg_60m=1.0, flow_avg_10m=45.0, flowNow=45, powerNow=2000, freqNow=44, opState=heating, status=set_flow_target
2026-02-25T08:00:01.396355+01:00, outdoor_avg_60m=1.0, flow_avg_10m=45.0, flowNow=45, powerNow=2000, freqNow=44, opState=heating, status=set_flow_target
2026-02-25T08:05:01.706888+01:00, outdoor_avg_60m=1.0, flow_avg_10m=45.0, flowNow=45.5, powerNow=1000, freqNow=42, opState=heating, status=set_flow_target
2026-02-25T08:05:01.714220+01:00, outdoor_avg_60m=1.0, flow_avg_10m=45.0, flowNow=45.5, powerNow=1000, freqNow=42, opState=heating, status=set_flow_target
2026-02-25T08:10:01.737746+01:00, outdoor_avg_60m=1.0, flow_avg_10m=45.5, flowNow=45.5, powerNow=1000, freqNow=36, opState=heating, status=set_flow_target
2026-02-25T08:10:01.749766+01:00, outdoor_avg_60m=1.0, flow_avg_10m=45.5, flowNow=45.5, powerNow=1000, freqNow=36, opState=heating, status=set_flow_target
2026-02-25T08:15:01.565163+01:00, outdoor_avg_60m=1.0, flow_avg_10m=45.5, flowNow=45, powerNow=1000, freqNow=38, opState=heating, status=set_flow_target
2026-02-25T08:15:01.578184+01:00, outdoor_avg_60m=1.0, flow_avg_10m=45.5, flowNow=45, powerNow=1000, freqNow=38, opState=heating, status=set_flow_target
2026-02-25T08:20:01.547364+01:00, outdoor_avg_60m=1.0, flow_avg_10m=45.25, flowNow=45.5, powerNow=1000, freqNow=38, opState=heating, status=set_flow_target
2026-02-25T08:20:01.559182+01:00, outdoor_avg_60m=1.0, flow_avg_10m=45.25, flowNow=45.5, powerNow=1000, freqNow=38, opState=heating, status=set_flow_target
2026-02-25T08:25:01.298281+01:00, outdoor_avg_60m=1.0, flow_avg_10m=45.25, flowNow=45, powerNow=1000, freqNow=36, opState=heating, status=set_flow_target
2026-02-25T08:25:01.310115+01:00, outdoor_avg_60m=1.0, flow_avg_10m=45.25, flowNow=45, powerNow=1000, freqNow=36, opState=heating, status=set_flow_target
2026-02-25T08:30:01.660452+01:00, outdoor_avg_60m=1.0, flow_avg_10m=45.0, flowNow=45.5, powerNow=1000, freqNow=36, opState=heating, status=set_flow_target
2026-02-25T08:30:01.672479+01:00, outdoor_avg_60m=1.0, flow_avg_10m=45.0, flowNow=45.5, powerNow=1000, freqNow=36, opState=heating, status=set_flow_target
2026-02-25T08:35:01.706016+01:00, outdoor_avg_60m=1.0, flow_avg_10m=45.5, flowNow=45, powerNow=1000, freqNow=36, opState=heating, status=set_flow_target
2026-02-25T08:35:01.713639+01:00, outdoor_avg_60m=1.0, flow_avg_10m=45.5, flowNow=45, powerNow=1000, freqNow=36, opState=heating, status=set_flow_target
2026-02-25T08:40:01.724311+01:00, outdoor_avg_60m=1.0, flow_avg_10m=45.0, flowNow=45.5, powerNow=1000, freqNow=36, opState=heating, status=set_flow_target
2026-02-25T08:40:01.736240+01:00, outdoor_avg_60m=1.0, flow_avg_10m=45.0, flowNow=45.5, powerNow=1000, freqNow=36, opState=heating, status=set_flow_target
2026-02-25T08:45:01.761295+01:00, outdoor_avg_60m=1.0, flow_avg_10m=45.5, flowNow=45, powerNow=1000, freqNow=36, opState=heating, status=set_flow_target
2026-02-25T08:45:01.768413+01:00, outdoor_avg_60m=1.0, flow_avg_10m=45.5, flowNow=45, powerNow=1000, freqNow=36, opState=heating, status=set_flow_target
2026-02-25T08:50:01.790305+01:00, outdoor_avg_60m=1.0, flow_avg_10m=45.0, flowNow=45, powerNow=1000, freqNow=36, opState=heating, status=set_flow_target
2026-02-25T08:50:01.802146+01:00, outdoor_avg_60m=1.0, flow_avg_10m=45.0, flowNow=45, powerNow=1000, freqNow=36, opState=heating, status=set_flow_target
2026-02-25T08:55:01.621413+01:00, outdoor_avg_60m=1.0, flow_avg_10m=45.0, flowNow=45, powerNow=1000, freqNow=36, opState=heating, status=set_flow_target
2026-02-25T08:55:01.633144+01:00, outdoor_avg_60m=1.0, flow_avg_10m=45.0, flowNow=45, powerNow=1000, freqNow=36, opState=heating, status=set_flow_target
2026-02-25T09:00:01.652069+01:00, outdoor_avg_60m=1.0, flow_avg_10m=45.0, flowNow=45, powerNow=1000, freqNow=36, opState=heating, status=set_flow_target
2026-02-25T09:00:01.663645+01:00, outdoor_avg_60m=1.0, flow_avg_10m=45.0, flowNow=45, powerNow=1000, freqNow=36, opState=heating, status=set_flow_target
2026-02-25T09:05:01.304274+01:00, outdoor_avg_60m=1.0, flow_avg_10m=45.0, flowNow=45, powerNow=1000, freqNow=36, opState=heating, status=set_flow_target
2026-02-25T09:05:01.316651+01:00, outdoor_avg_60m=1.0, flow_avg_10m=45.0, flowNow=45, powerNow=1000, freqNow=36, opState=heating, status=set_flow_target
2026-02-25T09:10:02.401977+01:00, outdoor_avg_60m=1.0, flow_avg_10m=45.0, flowNow=44.5, powerNow=1000, freqNow=34, opState=heating, status=set_flow_target
2026-02-25T09:10:02.414234+01:00, outdoor_avg_60m=1.0, flow_avg_10m=45.0, flowNow=44.5, powerNow=1000, freqNow=34, opState=heating, status=set_flow_target
2026-02-25T09:15:01.747440+01:00, outdoor_avg_60m=1.0, flow_avg_10m=44.5, flowNow=44.5, powerNow=1000, freqNow=34, opState=heating, status=set_flow_target
2026-02-25T09:15:01.759102+01:00, outdoor_avg_60m=1.0, flow_avg_10m=44.5, flowNow=44.5, powerNow=1000, freqNow=34, opState=heating, status=set_flow_target
2026-02-25T09:20:01.575112+01:00, outdoor_avg_60m=1.0, flow_avg_10m=44.5, flowNow=44.5, powerNow=1000, freqNow=34, opState=heating, status=set_flow_target
2026-02-25T09:20:01.587393+01:00, outdoor_avg_60m=1.0, flow_avg_10m=44.5, flowNow=44.5, powerNow=1000, freqNow=34, opState=heating, status=set_flow_target
2026-02-25T09:25:01.623380+01:00, outdoor_avg_60m=1.0, flow_avg_10m=44.5, flowNow=44.5, powerNow=1000, freqNow=34, opState=heating, status=set_flow_target
2026-02-25T09:25:01.634989+01:00, outdoor_avg_60m=1.0, flow_avg_10m=44.5, flowNow=44.5, powerNow=1000, freqNow=34, opState=heating, status=set_flow_target
2026-02-25T09:30:01.643125+01:00, outdoor_avg_60m=1.0, flow_avg_10m=44.5, flowNow=44.5, powerNow=1000, freqNow=34, opState=heating, status=set_flow_target
2026-02-25T09:30:01.654655+01:00, outdoor_avg_60m=1.0, flow_avg_10m=44.5, flowNow=44.5, powerNow=1000, freqNow=34, opState=heating, status=set_flow_target
2026-02-25T09:35:01.672051+01:00, outdoor_avg_60m=1.0, flow_avg_10m=44.5, flowNow=44.5, powerNow=1000, freqNow=34, opState=heating, status=set_flow_target
2026-02-25T09:35:01.684537+01:00, outdoor_avg_60m=1.0, flow_avg_10m=44.5, flowNow=44.5, powerNow=1000, freqNow=34, opState=heating, status=set_flow_target
2026-02-25T09:40:01.703129+01:00, outdoor_avg_60m=1.0, flow_avg_10m=44.5, flowNow=26, powerNow=0, freqNow=0, opState=heating, status=set_flow_target
2026-02-25T09:40:01.713941+01:00, outdoor_avg_60m=1.0, flow_avg_10m=44.5, flowNow=26, powerNow=0, freqNow=0, opState=heating, status=set_flow_target
2026-02-25T09:45:01.533927+01:00, outdoor_avg_60m=1.0, flow_avg_10m=35.25, flowNow=44.5, powerNow=2000, freqNow=48, opState=heating, status=set_flow_target
2026-02-25T09:45:01.546232+01:00, outdoor_avg_60m=1.0, flow_avg_10m=35.25, flowNow=44.5, powerNow=2000, freqNow=48, opState=heating, status=set_flow_target
