2026-02-19T21:18:00.215149+01:00,  soc=32.0,  volt=47.15,  volt_delta=-5.65, volt_rate_per_min=-5.65, volt_status=CRITICAL_EMERGENCY, batt_w=57.0,  batt_mode=discharge,  batt_discharge_w=57.0,  batt_charge_w=0,  load_w=3448.0, zone=unknown,  grid_charge=off, ev_charging_active=off, ev_charge_end=2026-02-19 05:00:02, ev_webhook_count=88, max_discharge_a=1, max_charge_a=90, max_grid_charge_a=64, soc_limit_a=44, volt_penalty_a=15, voltage_protected_limit_a=29, soc_power_w=2082, is_critical_soc=False
2026-02-19T21:19:00.215379+01:00,  soc=32.0,  volt=47.15,  volt_delta=-5.65, volt_rate_per_min=-5.65, volt_status=CRITICAL_EMERGENCY, batt_w=57.0,  batt_mode=discharge,  batt_discharge_w=57.0,  batt_charge_w=0,  load_w=3448.0, zone=unknown,  grid_charge=off, ev_charging_active=off, ev_charge_end=2026-02-19 05:00:02, ev_webhook_count=88, max_discharge_a=1, max_charge_a=90, max_grid_charge_a=64, soc_limit_a=44, volt_penalty_a=15, voltage_protected_limit_a=29, soc_power_w=2082, is_critical_soc=False
2026-02-19T21:20:00.216331+01:00,  soc=32.0,  volt=47.15,  volt_delta=-5.65, volt_rate_per_min=-5.65, volt_status=CRITICAL_EMERGENCY, batt_w=57.0,  batt_mode=discharge,  batt_discharge_w=57.0,  batt_charge_w=0,  load_w=3401.0, zone=unknown,  grid_charge=off, ev_charging_active=off, ev_charge_end=2026-02-19 05:00:02, ev_webhook_count=88, max_discharge_a=1, max_charge_a=90, max_grid_charge_a=64, soc_limit_a=44, volt_penalty_a=15, voltage_protected_limit_a=29, soc_power_w=2082, is_critical_soc=False
2026-02-19T21:21:00.215813+01:00,  soc=32.0,  volt=47.15,  volt_delta=-5.65, volt_rate_per_min=-5.65, volt_status=CRITICAL_EMERGENCY, batt_w=57.0,  batt_mode=discharge,  batt_discharge_w=57.0,  batt_charge_w=0,  load_w=3401.0, zone=unknown,  grid_charge=off, ev_charging_active=off, ev_charge_end=2026-02-19 05:00:02, ev_webhook_count=88, max_discharge_a=1, max_charge_a=90, max_grid_charge_a=64, soc_limit_a=44, volt_penalty_a=15, voltage_protected_limit_a=29, soc_power_w=2082, is_critical_soc=False
2026-02-19T21:22:00.215230+01:00,  soc=32.0,  volt=47.15,  volt_delta=-5.65, volt_rate_per_min=-5.65, volt_status=CRITICAL_EMERGENCY, batt_w=57.0,  batt_mode=discharge,  batt_discharge_w=57.0,  batt_charge_w=0,  load_w=3401.0, zone=unknown,  grid_charge=off, ev_charging_active=off, ev_charge_end=2026-02-19 05:00:02, ev_webhook_count=88, max_discharge_a=1, max_charge_a=90, max_grid_charge_a=64, soc_limit_a=44, volt_penalty_a=15, voltage_protected_limit_a=29, soc_power_w=2082, is_critical_soc=False
2026-02-19T21:23:00.214959+01:00,  soc=32.0,  volt=47.15,  volt_delta=-5.65, volt_rate_per_min=-5.65, volt_status=CRITICAL_EMERGENCY, batt_w=57.0,  batt_mode=discharge,  batt_discharge_w=57.0,  batt_charge_w=0,  load_w=3401.0, zone=unknown,  grid_charge=off, ev_charging_active=off, ev_charge_end=2026-02-19 05:00:02, ev_webhook_count=88, max_discharge_a=1, max_charge_a=90, max_grid_charge_a=64, soc_limit_a=44, volt_penalty_a=15, voltage_protected_limit_a=29, soc_power_w=2082, is_critical_soc=False
2026-02-19T21:24:00.215513+01:00,  soc=31.0,  volt=47.05,  volt_delta=-5.75, volt_rate_per_min=-5.75, volt_status=CRITICAL_EMERGENCY, batt_w=57.0,  batt_mode=discharge,  batt_discharge_w=57.0,  batt_charge_w=0,  load_w=3401.0, zone=unknown,  grid_charge=off, ev_charging_active=off, ev_charge_end=2026-02-19 05:00:02, ev_webhook_count=88, max_discharge_a=1, max_charge_a=90, max_grid_charge_a=64, soc_limit_a=42, volt_penalty_a=15, voltage_protected_limit_a=27, soc_power_w=1972, is_critical_soc=False
2026-02-19T21:25:00.216294+01:00,  soc=31.0,  volt=47.05,  volt_delta=-5.75, volt_rate_per_min=-5.75, volt_status=CRITICAL_EMERGENCY, batt_w=57.0,  batt_mode=discharge,  batt_discharge_w=57.0,  batt_charge_w=0,  load_w=3480.0, zone=unknown,  grid_charge=off, ev_charging_active=off, ev_charge_end=2026-02-19 05:00:02, ev_webhook_count=88, max_discharge_a=1, max_charge_a=90, max_grid_charge_a=64, soc_limit_a=42, volt_penalty_a=15, voltage_protected_limit_a=27, soc_power_w=1972, is_critical_soc=False
2026-02-19T21:26:00.215294+01:00,  soc=31.0,  volt=47.02,  volt_delta=-5.78, volt_rate_per_min=-5.78, volt_status=CRITICAL_EMERGENCY, batt_w=55.0,  batt_mode=discharge,  batt_discharge_w=55.0,  batt_charge_w=0,  load_w=3480.0, zone=unknown,  grid_charge=off, ev_charging_active=off, ev_charge_end=2026-02-19 05:00:02, ev_webhook_count=88, max_discharge_a=1, max_charge_a=90, max_grid_charge_a=64, soc_limit_a=42, volt_penalty_a=15, voltage_protected_limit_a=27, soc_power_w=1972, is_critical_soc=False
2026-02-19T21:27:00.216559+01:00,  soc=31.0,  volt=47.02,  volt_delta=-5.78, volt_rate_per_min=-5.78, volt_status=CRITICAL_EMERGENCY, batt_w=55.0,  batt_mode=discharge,  batt_discharge_w=55.0,  batt_charge_w=0,  load_w=3537.0, zone=unknown,  grid_charge=off, ev_charging_active=off, ev_charge_end=2026-02-19 05:00:02, ev_webhook_count=88, max_discharge_a=1, max_charge_a=90, max_grid_charge_a=64, soc_limit_a=42, volt_penalty_a=15, voltage_protected_limit_a=27, soc_power_w=1972, is_critical_soc=False
2026-02-19T21:28:00.214581+01:00,  soc=31.0,  volt=47.02,  volt_delta=-5.78, volt_rate_per_min=-5.78, volt_status=CRITICAL_EMERGENCY, batt_w=55.0,  batt_mode=discharge,  batt_discharge_w=55.0,  batt_charge_w=0,  load_w=3588.0, zone=unknown,  grid_charge=off, ev_charging_active=off, ev_charge_end=2026-02-19 05:00:02, ev_webhook_count=88, max_discharge_a=1, max_charge_a=90, max_grid_charge_a=64, soc_limit_a=42, volt_penalty_a=15, voltage_protected_limit_a=27, soc_power_w=1972, is_critical_soc=False
2026-02-19T21:29:00.215345+01:00,  soc=31.0,  volt=46.95,  volt_delta=-5.85, volt_rate_per_min=-5.85, volt_status=CRITICAL_EMERGENCY, batt_w=55.0,  batt_mode=discharge,  batt_discharge_w=55.0,  batt_charge_w=0,  load_w=3589.0, zone=unknown,  grid_charge=off, ev_charging_active=off, ev_charge_end=2026-02-19 05:00:02, ev_webhook_count=88, max_discharge_a=1, max_charge_a=90, max_grid_charge_a=64, soc_limit_a=42, volt_penalty_a=15, voltage_protected_limit_a=27, soc_power_w=1972, is_critical_soc=False
2026-02-19T21:30:00.215208+01:00,  soc=31.0,  volt=46.95,  volt_delta=-5.85, volt_rate_per_min=-5.85, volt_status=CRITICAL_EMERGENCY, batt_w=55.0,  batt_mode=discharge,  batt_discharge_w=55.0,  batt_charge_w=0,  load_w=3589.0, zone=unknown,  grid_charge=off, ev_charging_active=off, ev_charge_end=2026-02-19 05:00:02, ev_webhook_count=88, max_discharge_a=1, max_charge_a=90, max_grid_charge_a=64, soc_limit_a=42, volt_penalty_a=15, voltage_protected_limit_a=27, soc_power_w=1972, is_critical_soc=False
2026-02-19T21:31:00.215149+01:00,  soc=31.0,  volt=46.95,  volt_delta=-5.85, volt_rate_per_min=-5.85, volt_status=CRITICAL_EMERGENCY, batt_w=55.0,  batt_mode=discharge,  batt_discharge_w=55.0,  batt_charge_w=0,  load_w=3602.0, zone=unknown,  grid_charge=off, ev_charging_active=off, ev_charge_end=2026-02-19 05:00:02, ev_webhook_count=88, max_discharge_a=1, max_charge_a=90, max_grid_charge_a=64, soc_limit_a=42, volt_penalty_a=15, voltage_protected_limit_a=27, soc_power_w=1972, is_critical_soc=False
2026-02-19T21:32:00.215083+01:00,  soc=31.0,  volt=46.84,  volt_delta=-5.96, volt_rate_per_min=-5.96, volt_status=CRITICAL_EMERGENCY, batt_w=55.0,  batt_mode=discharge,  batt_discharge_w=55.0,  batt_charge_w=0,  load_w=3602.0, zone=unknown,  grid_charge=off, ev_charging_active=off, ev_charge_end=2026-02-19 05:00:02, ev_webhook_count=88, max_discharge_a=1, max_charge_a=90, max_grid_charge_a=64, soc_limit_a=42, volt_penalty_a=15, voltage_protected_limit_a=27, soc_power_w=1972, is_critical_soc=False
2026-02-19T21:33:00.214937+01:00,  soc=31.0,  volt=46.84,  volt_delta=-5.96, volt_rate_per_min=-5.96, volt_status=CRITICAL_EMERGENCY, batt_w=55.0,  batt_mode=discharge,  batt_discharge_w=55.0,  batt_charge_w=0,  load_w=3602.0, zone=unknown,  grid_charge=off, ev_charging_active=off, ev_charge_end=2026-02-19 05:00:02, ev_webhook_count=88, max_discharge_a=1, max_charge_a=90, max_grid_charge_a=64, soc_limit_a=42, volt_penalty_a=15, voltage_protected_limit_a=27, soc_power_w=1972, is_critical_soc=False
2026-02-19T21:34:00.215037+01:00,  soc=31.0,  volt=46.84,  volt_delta=-5.96, volt_rate_per_min=-5.96, volt_status=CRITICAL_EMERGENCY, batt_w=55.0,  batt_mode=discharge,  batt_discharge_w=55.0,  batt_charge_w=0,  load_w=3602.0, zone=unknown,  grid_charge=off, ev_charging_active=off, ev_charge_end=2026-02-19 05:00:02, ev_webhook_count=88, max_discharge_a=1, max_charge_a=90, max_grid_charge_a=64, soc_limit_a=42, volt_penalty_a=15, voltage_protected_limit_a=27, soc_power_w=1972, is_critical_soc=False
2026-02-19T21:35:00.215473+01:00,  soc=31.0,  volt=46.84,  volt_delta=-5.96, volt_rate_per_min=-5.96, volt_status=CRITICAL_EMERGENCY, batt_w=55.0,  batt_mode=discharge,  batt_discharge_w=55.0,  batt_charge_w=0,  load_w=3706.0, zone=unknown,  grid_charge=off, ev_charging_active=off, ev_charge_end=2026-02-19 05:00:02, ev_webhook_count=88, max_discharge_a=1, max_charge_a=90, max_grid_charge_a=64, soc_limit_a=42, volt_penalty_a=15, voltage_protected_limit_a=27, soc_power_w=1972, is_critical_soc=False
2026-02-19T21:36:00.215327+01:00,  soc=31.0,  volt=46.8,  volt_delta=-6.0, volt_rate_per_min=-6.0, volt_status=CRITICAL_EMERGENCY, batt_w=57.0,  batt_mode=discharge,  batt_discharge_w=57.0,  batt_charge_w=0,  load_w=3707.0, zone=unknown,  grid_charge=off, ev_charging_active=off, ev_charge_end=2026-02-19 05:00:02, ev_webhook_count=88, max_discharge_a=1, max_charge_a=90, max_grid_charge_a=64, soc_limit_a=42, volt_penalty_a=15, voltage_protected_limit_a=27, soc_power_w=1972, is_critical_soc=False
2026-02-19T21:37:00.214696+01:00,  soc=31.0,  volt=46.8,  volt_delta=-6.0, volt_rate_per_min=-6.0, volt_status=CRITICAL_EMERGENCY, batt_w=57.0,  batt_mode=discharge,  batt_discharge_w=57.0,  batt_charge_w=0,  load_w=3707.0, zone=unknown,  grid_charge=off, ev_charging_active=off, ev_charge_end=2026-02-19 05:00:02, ev_webhook_count=88, max_discharge_a=1, max_charge_a=90, max_grid_charge_a=64, soc_limit_a=42, volt_penalty_a=15, voltage_protected_limit_a=27, soc_power_w=1972, is_critical_soc=False
2026-02-19T21:38:00.214695+01:00,  soc=31.0,  volt=46.8,  volt_delta=-6.0, volt_rate_per_min=-6.0, volt_status=CRITICAL_EMERGENCY, batt_w=57.0,  batt_mode=discharge,  batt_discharge_w=57.0,  batt_charge_w=0,  load_w=3707.0, zone=unknown,  grid_charge=off, ev_charging_active=off, ev_charge_end=2026-02-19 05:00:02, ev_webhook_count=88, max_discharge_a=1, max_charge_a=90, max_grid_charge_a=64, soc_limit_a=42, volt_penalty_a=15, voltage_protected_limit_a=27, soc_power_w=1972, is_critical_soc=False
2026-02-19T21:39:00.214879+01:00,  soc=31.0,  volt=46.74,  volt_delta=-6.06, volt_rate_per_min=-6.06, volt_status=CRITICAL_EMERGENCY, batt_w=57.0,  batt_mode=discharge,  batt_discharge_w=57.0,  batt_charge_w=0,  load_w=3707.0, zone=unknown,  grid_charge=off, ev_charging_active=off, ev_charge_end=2026-02-19 05:00:02, ev_webhook_count=88, max_discharge_a=1, max_charge_a=90, max_grid_charge_a=64, soc_limit_a=42, volt_penalty_a=15, voltage_protected_limit_a=27, soc_power_w=1972, is_critical_soc=False
2026-02-19T21:40:00.215737+01:00,  soc=31.0,  volt=46.74,  volt_delta=-6.06, volt_rate_per_min=-6.06, volt_status=CRITICAL_EMERGENCY, batt_w=57.0,  batt_mode=discharge,  batt_discharge_w=57.0,  batt_charge_w=0,  load_w=3707.0, zone=unknown,  grid_charge=off, ev_charging_active=off, ev_charge_end=2026-02-19 05:00:02, ev_webhook_count=88, max_discharge_a=1, max_charge_a=90, max_grid_charge_a=64, soc_limit_a=42, volt_penalty_a=15, voltage_protected_limit_a=27, soc_power_w=1972, is_critical_soc=False
2026-02-19T21:41:00.214569+01:00,  soc=31.0,  volt=46.74,  volt_delta=-6.06, volt_rate_per_min=-6.06, volt_status=CRITICAL_EMERGENCY, batt_w=57.0,  batt_mode=discharge,  batt_discharge_w=57.0,  batt_charge_w=0,  load_w=3726.0, zone=unknown,  grid_charge=off, ev_charging_active=off, ev_charge_end=2026-02-19 05:00:02, ev_webhook_count=88, max_discharge_a=1, max_charge_a=90, max_grid_charge_a=64, soc_limit_a=42, volt_penalty_a=15, voltage_protected_limit_a=27, soc_power_w=1972, is_critical_soc=False
2026-02-19T21:42:00.214880+01:00,  soc=31.0,  volt=46.74,  volt_delta=-6.06, volt_rate_per_min=-6.06, volt_status=CRITICAL_EMERGENCY, batt_w=57.0,  batt_mode=discharge,  batt_discharge_w=57.0,  batt_charge_w=0,  load_w=3726.0, zone=unknown,  grid_charge=off, ev_charging_active=off, ev_charge_end=2026-02-19 05:00:02, ev_webhook_count=88, max_discharge_a=1, max_charge_a=90, max_grid_charge_a=64, soc_limit_a=42, volt_penalty_a=15, voltage_protected_limit_a=27, soc_power_w=1972, is_critical_soc=False
2026-02-19T21:43:00.214572+01:00,  soc=31.0,  volt=46.74,  volt_delta=-6.06, volt_rate_per_min=-6.06, volt_status=CRITICAL_EMERGENCY, batt_w=57.0,  batt_mode=discharge,  batt_discharge_w=57.0,  batt_charge_w=0,  load_w=3674.0, zone=unknown,  grid_charge=off, ev_charging_active=off, ev_charge_end=2026-02-19 05:00:02, ev_webhook_count=88, max_discharge_a=1, max_charge_a=90, max_grid_charge_a=64, soc_limit_a=42, volt_penalty_a=15, voltage_protected_limit_a=27, soc_power_w=1972, is_critical_soc=False
2026-02-19T21:44:00.215231+01:00,  soc=31.0,  volt=46.74,  volt_delta=-6.06, volt_rate_per_min=-6.06, volt_status=CRITICAL_EMERGENCY, batt_w=57.0,  batt_mode=discharge,  batt_discharge_w=57.0,  batt_charge_w=0,  load_w=3674.0, zone=unknown,  grid_charge=off, ev_charging_active=off, ev_charge_end=2026-02-19 05:00:02, ev_webhook_count=88, max_discharge_a=1, max_charge_a=90, max_grid_charge_a=64, soc_limit_a=42, volt_penalty_a=15, voltage_protected_limit_a=27, soc_power_w=1972, is_critical_soc=False
2026-02-19T21:45:00.214618+01:00,  soc=31.0,  volt=46.64,  volt_delta=-6.16, volt_rate_per_min=-6.16, volt_status=CRITICAL_EMERGENCY, batt_w=57.0,  batt_mode=discharge,  batt_discharge_w=57.0,  batt_charge_w=0,  load_w=3674.0, zone=unknown,  grid_charge=off, ev_charging_active=off, ev_charge_end=2026-02-19 05:00:02, ev_webhook_count=88, max_discharge_a=1, max_charge_a=90, max_grid_charge_a=64, soc_limit_a=42, volt_penalty_a=15, voltage_protected_limit_a=27, soc_power_w=1972, is_critical_soc=False
2026-02-19T21:46:00.215302+01:00,  soc=31.0,  volt=46.61,  volt_delta=-6.19, volt_rate_per_min=-6.19, volt_status=CRITICAL_EMERGENCY, batt_w=57.0,  batt_mode=discharge,  batt_discharge_w=57.0,  batt_charge_w=0,  load_w=3674.0, zone=unknown,  grid_charge=off, ev_charging_active=off, ev_charge_end=2026-02-19 05:00:02, ev_webhook_count=88, max_discharge_a=1, max_charge_a=90, max_grid_charge_a=64, soc_limit_a=42, volt_penalty_a=15, voltage_protected_limit_a=27, soc_power_w=1972, is_critical_soc=False
2026-02-19T21:47:00.214912+01:00,  soc=31.0,  volt=46.61,  volt_delta=-6.19, volt_rate_per_min=-6.19, volt_status=CRITICAL_EMERGENCY, batt_w=57.0,  batt_mode=discharge,  batt_discharge_w=57.0,  batt_charge_w=0,  load_w=3719.0, zone=unknown,  grid_charge=off, ev_charging_active=off, ev_charge_end=2026-02-19 05:00:02, ev_webhook_count=88, max_discharge_a=1, max_charge_a=90, max_grid_charge_a=64, soc_limit_a=42, volt_penalty_a=15, voltage_protected_limit_a=27, soc_power_w=1972, is_critical_soc=False
2026-02-19T21:48:00.215546+01:00,  soc=31.0,  volt=46.61,  volt_delta=-6.19, volt_rate_per_min=-6.19, volt_status=CRITICAL_EMERGENCY, batt_w=57.0,  batt_mode=discharge,  batt_discharge_w=57.0,  batt_charge_w=0,  load_w=3719.0, zone=unknown,  grid_charge=off, ev_charging_active=off, ev_charge_end=2026-02-19 05:00:02, ev_webhook_count=88, max_discharge_a=1, max_charge_a=90, max_grid_charge_a=64, soc_limit_a=42, volt_penalty_a=15, voltage_protected_limit_a=27, soc_power_w=1972, is_critical_soc=False
2026-02-19T21:49:00.214853+01:00,  soc=31.0,  volt=46.54,  volt_delta=-6.26, volt_rate_per_min=-6.26, volt_status=CRITICAL_EMERGENCY, batt_w=57.0,  batt_mode=discharge,  batt_discharge_w=57.0,  batt_charge_w=0,  load_w=3579.0, zone=unknown,  grid_charge=off, ev_charging_active=off, ev_charge_end=2026-02-19 05:00:02, ev_webhook_count=88, max_discharge_a=1, max_charge_a=90, max_grid_charge_a=64, soc_limit_a=42, volt_penalty_a=15, voltage_protected_limit_a=27, soc_power_w=1972, is_critical_soc=False
2026-02-19T21:50:00.215146+01:00,  soc=31.0,  volt=46.54,  volt_delta=-6.26, volt_rate_per_min=-6.26, volt_status=CRITICAL_EMERGENCY, batt_w=57.0,  batt_mode=discharge,  batt_discharge_w=57.0,  batt_charge_w=0,  load_w=3579.0, zone=unknown,  grid_charge=off, ev_charging_active=off, ev_charge_end=2026-02-19 05:00:02, ev_webhook_count=88, max_discharge_a=1, max_charge_a=90, max_grid_charge_a=64, soc_limit_a=42, volt_penalty_a=15, voltage_protected_limit_a=27, soc_power_w=1972, is_critical_soc=False
2026-02-19T21:51:00.215700+01:00,  soc=31.0,  volt=46.54,  volt_delta=-6.26, volt_rate_per_min=-6.26, volt_status=CRITICAL_EMERGENCY, batt_w=57.0,  batt_mode=discharge,  batt_discharge_w=57.0,  batt_charge_w=0,  load_w=3579.0, zone=unknown,  grid_charge=off, ev_charging_active=off, ev_charge_end=2026-02-19 05:00:02, ev_webhook_count=88, max_discharge_a=1, max_charge_a=90, max_grid_charge_a=64, soc_limit_a=42, volt_penalty_a=15, voltage_protected_limit_a=27, soc_power_w=1972, is_critical_soc=False
2026-02-19T21:52:00.214929+01:00,  soc=31.0,  volt=46.54,  volt_delta=-6.26, volt_rate_per_min=-6.26, volt_status=CRITICAL_EMERGENCY, batt_w=57.0,  batt_mode=discharge,  batt_discharge_w=57.0,  batt_charge_w=0,  load_w=3605.0, zone=unknown,  grid_charge=off, ev_charging_active=off, ev_charge_end=2026-02-19 05:00:02, ev_webhook_count=88, max_discharge_a=1, max_charge_a=90, max_grid_charge_a=64, soc_limit_a=42, volt_penalty_a=15, voltage_protected_limit_a=27, soc_power_w=1972, is_critical_soc=False
2026-02-19T21:53:00.216201+01:00,  soc=31.0,  volt=46.54,  volt_delta=-6.26, volt_rate_per_min=-6.26, volt_status=CRITICAL_EMERGENCY, batt_w=57.0,  batt_mode=discharge,  batt_discharge_w=57.0,  batt_charge_w=0,  load_w=3605.0, zone=unknown,  grid_charge=off, ev_charging_active=off, ev_charge_end=2026-02-19 05:00:02, ev_webhook_count=88, max_discharge_a=1, max_charge_a=90, max_grid_charge_a=64, soc_limit_a=42, volt_penalty_a=15, voltage_protected_limit_a=27, soc_power_w=1972, is_critical_soc=False
2026-02-19T21:54:00.214694+01:00,  soc=31.0,  volt=46.44,  volt_delta=-6.36, volt_rate_per_min=-6.36, volt_status=CRITICAL_EMERGENCY, batt_w=57.0,  batt_mode=discharge,  batt_discharge_w=57.0,  batt_charge_w=0,  load_w=3605.0, zone=unknown,  grid_charge=off, ev_charging_active=off, ev_charge_end=2026-02-19 05:00:02, ev_webhook_count=88, max_discharge_a=1, max_charge_a=90, max_grid_charge_a=64, soc_limit_a=42, volt_penalty_a=15, voltage_protected_limit_a=27, soc_power_w=1972, is_critical_soc=False
2026-02-19T21:55:00.215472+01:00,  soc=31.0,  volt=46.44,  volt_delta=-6.36, volt_rate_per_min=-6.36, volt_status=CRITICAL_EMERGENCY, batt_w=57.0,  batt_mode=discharge,  batt_discharge_w=57.0,  batt_charge_w=0,  load_w=3605.0, zone=unknown,  grid_charge=off, ev_charging_active=off, ev_charge_end=2026-02-19 05:00:02, ev_webhook_count=88, max_discharge_a=1, max_charge_a=90, max_grid_charge_a=64, soc_limit_a=42, volt_penalty_a=15, voltage_protected_limit_a=27, soc_power_w=1972, is_critical_soc=False
2026-02-19T21:56:00.215675+01:00,  soc=31.0,  volt=46.34,  volt_delta=-6.46, volt_rate_per_min=-6.46, volt_status=CRITICAL_EMERGENCY, batt_w=56.0,  batt_mode=discharge,  batt_discharge_w=56.0,  batt_charge_w=0,  load_w=3605.0, zone=unknown,  grid_charge=off, ev_charging_active=off, ev_charge_end=2026-02-19 05:00:02, ev_webhook_count=88, max_discharge_a=1, max_charge_a=90, max_grid_charge_a=64, soc_limit_a=43, volt_penalty_a=15, voltage_protected_limit_a=28, soc_power_w=1972, is_critical_soc=False
2026-02-19T21:57:00.215318+01:00,  soc=31.0,  volt=46.34,  volt_delta=-6.46, volt_rate_per_min=-6.46, volt_status=CRITICAL_EMERGENCY, batt_w=56.0,  batt_mode=discharge,  batt_discharge_w=56.0,  batt_charge_w=0,  load_w=3609.0, zone=unknown,  grid_charge=off, ev_charging_active=off, ev_charge_end=2026-02-19 05:00:02, ev_webhook_count=88, max_discharge_a=1, max_charge_a=90, max_grid_charge_a=64, soc_limit_a=43, volt_penalty_a=15, voltage_protected_limit_a=28, soc_power_w=1972, is_critical_soc=False
2026-02-19T21:58:00.214799+01:00,  soc=31.0,  volt=46.34,  volt_delta=-6.46, volt_rate_per_min=-6.46, volt_status=CRITICAL_EMERGENCY, batt_w=8.0,  batt_mode=idle,  batt_discharge_w=8.0,  batt_charge_w=0,  load_w=3660.0, zone=unknown,  grid_charge=off, ev_charging_active=off, ev_charge_end=2026-02-19 05:00:02, ev_webhook_count=88, max_discharge_a=1, max_charge_a=90, max_grid_charge_a=64, soc_limit_a=43, volt_penalty_a=15, voltage_protected_limit_a=28, soc_power_w=1972, is_critical_soc=False
2026-02-19T21:59:00.214742+01:00,  soc=31.0,  volt=46.34,  volt_delta=-6.46, volt_rate_per_min=-6.46, volt_status=CRITICAL_EMERGENCY, batt_w=8.0,  batt_mode=idle,  batt_discharge_w=8.0,  batt_charge_w=0,  load_w=3660.0, zone=unknown,  grid_charge=off, ev_charging_active=off, ev_charge_end=2026-02-19 05:00:02, ev_webhook_count=88, max_discharge_a=1, max_charge_a=90, max_grid_charge_a=64, soc_limit_a=43, volt_penalty_a=15, voltage_protected_limit_a=28, soc_power_w=1972, is_critical_soc=False
2026-02-19T22:00:00.214998+01:00,  soc=31.0,  volt=46.34,  volt_delta=-6.46, volt_rate_per_min=-6.46, volt_status=CRITICAL_EMERGENCY, batt_w=8.0,  batt_mode=idle,  batt_discharge_w=8.0,  batt_charge_w=0,  load_w=3660.0, zone=unknown,  grid_charge=off, ev_charging_active=off, ev_charge_end=2026-02-19 05:00:02, ev_webhook_count=88, max_discharge_a=1, max_charge_a=90, max_grid_charge_a=64, soc_limit_a=43, volt_penalty_a=15, voltage_protected_limit_a=28, soc_power_w=1972, is_critical_soc=False
2026-02-19T22:01:00.214990+01:00,  soc=31.0,  volt=46.34,  volt_delta=-6.46, volt_rate_per_min=-6.46, volt_status=CRITICAL_EMERGENCY, batt_w=8.0,  batt_mode=idle,  batt_discharge_w=8.0,  batt_charge_w=0,  load_w=3660.0, zone=unknown,  grid_charge=off, ev_charging_active=off, ev_charge_end=2026-02-19 05:00:02, ev_webhook_count=88, max_discharge_a=1, max_charge_a=90, max_grid_charge_a=64, soc_limit_a=43, volt_penalty_a=15, voltage_protected_limit_a=28, soc_power_w=1972, is_critical_soc=False
2026-02-19T22:02:00.214694+01:00,  soc=31.0,  volt=46.46,  volt_delta=-6.34, volt_rate_per_min=-6.34, volt_status=CRITICAL_EMERGENCY, batt_w=8.0,  batt_mode=idle,  batt_discharge_w=8.0,  batt_charge_w=0,  load_w=3660.0, zone=unknown,  grid_charge=off, ev_charging_active=off, ev_charge_end=2026-02-19 05:00:02, ev_webhook_count=88, max_discharge_a=1, max_charge_a=90, max_grid_charge_a=64, soc_limit_a=42, volt_penalty_a=15, voltage_protected_limit_a=27, soc_power_w=1972, is_critical_soc=False
2026-02-19T22:03:00.215026+01:00,  soc=31.0,  volt=46.46,  volt_delta=-6.34, volt_rate_per_min=-6.34, volt_status=CRITICAL_EMERGENCY, batt_w=8.0,  batt_mode=idle,  batt_discharge_w=8.0,  batt_charge_w=0,  load_w=3605.0, zone=unknown,  grid_charge=off, ev_charging_active=off, ev_charge_end=2026-02-19 05:00:02, ev_webhook_count=88, max_discharge_a=1, max_charge_a=90, max_grid_charge_a=64, soc_limit_a=42, volt_penalty_a=15, voltage_protected_limit_a=27, soc_power_w=1972, is_critical_soc=False
2026-02-19T22:04:00.214780+01:00,  soc=31.0,  volt=46.35,  volt_delta=-6.45, volt_rate_per_min=-6.45, volt_status=CRITICAL_EMERGENCY, batt_w=12.0,  batt_mode=idle,  batt_discharge_w=12.0,  batt_charge_w=0,  load_w=3605.0, zone=unknown,  grid_charge=off, ev_charging_active=off, ev_charge_end=2026-02-19 05:00:02, ev_webhook_count=88, max_discharge_a=1, max_charge_a=90, max_grid_charge_a=64, soc_limit_a=43, volt_penalty_a=15, voltage_protected_limit_a=28, soc_power_w=1972, is_critical_soc=False
2026-02-19T22:05:00.214640+01:00,  soc=31.0,  volt=46.35,  volt_delta=-6.45, volt_rate_per_min=-6.45, volt_status=CRITICAL_EMERGENCY, batt_w=12.0,  batt_mode=idle,  batt_discharge_w=12.0,  batt_charge_w=0,  load_w=3426.0, zone=unknown,  grid_charge=off, ev_charging_active=off, ev_charge_end=2026-02-19 05:00:02, ev_webhook_count=88, max_discharge_a=1, max_charge_a=90, max_grid_charge_a=64, soc_limit_a=43, volt_penalty_a=15, voltage_protected_limit_a=28, soc_power_w=1972, is_critical_soc=False
2026-02-19T22:06:00.215600+01:00,  soc=31.0,  volt=46.37,  volt_delta=-6.43, volt_rate_per_min=-6.43, volt_status=CRITICAL_EMERGENCY, batt_w=7.0,  batt_mode=idle,  batt_discharge_w=7.0,  batt_charge_w=0,  load_w=3426.0, zone=unknown,  grid_charge=off, ev_charging_active=off, ev_charge_end=2026-02-19 05:00:02, ev_webhook_count=88, max_discharge_a=1, max_charge_a=90, max_grid_charge_a=64, soc_limit_a=43, volt_penalty_a=15, voltage_protected_limit_a=28, soc_power_w=1972, is_critical_soc=False
2026-02-19T22:07:00.215421+01:00,  soc=31.0,  volt=46.37,  volt_delta=-6.43, volt_rate_per_min=-6.43, volt_status=CRITICAL_EMERGENCY, batt_w=7.0,  batt_mode=idle,  batt_discharge_w=7.0,  batt_charge_w=0,  load_w=3356.0, zone=unknown,  grid_charge=off, ev_charging_active=off, ev_charge_end=2026-02-19 05:00:02, ev_webhook_count=88, max_discharge_a=1, max_charge_a=90, max_grid_charge_a=64, soc_limit_a=43, volt_penalty_a=15, voltage_protected_limit_a=28, soc_power_w=1972, is_critical_soc=False
2026-02-19T22:08:00.215228+01:00,  soc=31.0,  volt=46.37,  volt_delta=-6.43, volt_rate_per_min=-6.43, volt_status=CRITICAL_EMERGENCY, batt_w=7.0,  batt_mode=idle,  batt_discharge_w=7.0,  batt_charge_w=0,  load_w=3338.0, zone=unknown,  grid_charge=off, ev_charging_active=off, ev_charge_end=2026-02-19 05:00:02, ev_webhook_count=88, max_discharge_a=1, max_charge_a=90, max_grid_charge_a=64, soc_limit_a=43, volt_penalty_a=15, voltage_protected_limit_a=28, soc_power_w=1972, is_critical_soc=False
2026-02-19T22:09:00.215454+01:00,  soc=31.0,  volt=46.68,  volt_delta=-6.12, volt_rate_per_min=-6.12, volt_status=CRITICAL_EMERGENCY, batt_w=7.0,  batt_mode=idle,  batt_discharge_w=7.0,  batt_charge_w=0,  load_w=3338.0, zone=unknown,  grid_charge=off, ev_charging_active=off, ev_charge_end=2026-02-19 05:00:02, ev_webhook_count=88, max_discharge_a=1, max_charge_a=90, max_grid_charge_a=64, soc_limit_a=42, volt_penalty_a=15, voltage_protected_limit_a=27, soc_power_w=1972, is_critical_soc=False
2026-02-19T22:10:00.215383+01:00,  soc=31.0,  volt=46.36,  volt_delta=-6.44, volt_rate_per_min=-6.44, volt_status=CRITICAL_EMERGENCY, batt_w=7.0,  batt_mode=idle,  batt_discharge_w=7.0,  batt_charge_w=0,  load_w=3338.0, zone=unknown,  grid_charge=off, ev_charging_active=off, ev_charge_end=2026-02-19 05:00:02, ev_webhook_count=88, max_discharge_a=1, max_charge_a=90, max_grid_charge_a=64, soc_limit_a=43, volt_penalty_a=15, voltage_protected_limit_a=28, soc_power_w=1972, is_critical_soc=False
2026-02-19T22:11:00.214889+01:00,  soc=31.0,  volt=46.36,  volt_delta=-6.44, volt_rate_per_min=-6.44, volt_status=CRITICAL_EMERGENCY, batt_w=7.0,  batt_mode=idle,  batt_discharge_w=7.0,  batt_charge_w=0,  load_w=3338.0, zone=unknown,  grid_charge=off, ev_charging_active=off, ev_charge_end=2026-02-19 05:00:02, ev_webhook_count=88, max_discharge_a=1, max_charge_a=90, max_grid_charge_a=64, soc_limit_a=43, volt_penalty_a=15, voltage_protected_limit_a=28, soc_power_w=1972, is_critical_soc=False
2026-02-19T22:12:00.215368+01:00,  soc=31.0,  volt=46.36,  volt_delta=-6.44, volt_rate_per_min=-6.44, volt_status=CRITICAL_EMERGENCY, batt_w=7.0,  batt_mode=idle,  batt_discharge_w=7.0,  batt_charge_w=0,  load_w=3338.0, zone=unknown,  grid_charge=off, ev_charging_active=off, ev_charge_end=2026-02-19 05:00:02, ev_webhook_count=88, max_discharge_a=1, max_charge_a=90, max_grid_charge_a=64, soc_limit_a=43, volt_penalty_a=15, voltage_protected_limit_a=28, soc_power_w=1972, is_critical_soc=False
2026-02-19T22:13:00.215537+01:00,  soc=31.0,  volt=46.36,  volt_delta=-6.44, volt_rate_per_min=-6.44, volt_status=CRITICAL_EMERGENCY, batt_w=7.0,  batt_mode=idle,  batt_discharge_w=7.0,  batt_charge_w=0,  load_w=3382.0, zone=unknown,  grid_charge=off, ev_charging_active=off, ev_charge_end=2026-02-19 05:00:02, ev_webhook_count=88, max_discharge_a=1, max_charge_a=90, max_grid_charge_a=64, soc_limit_a=43, volt_penalty_a=15, voltage_protected_limit_a=28, soc_power_w=1972, is_critical_soc=False
2026-02-19T22:14:00.214598+01:00,  soc=31.0,  volt=46.36,  volt_delta=-6.44, volt_rate_per_min=-6.44, volt_status=CRITICAL_EMERGENCY, batt_w=7.0,  batt_mode=idle,  batt_discharge_w=7.0,  batt_charge_w=0,  load_w=3382.0, zone=unknown,  grid_charge=off, ev_charging_active=off, ev_charge_end=2026-02-19 05:00:02, ev_webhook_count=88, max_discharge_a=1, max_charge_a=90, max_grid_charge_a=64, soc_limit_a=43, volt_penalty_a=15, voltage_protected_limit_a=28, soc_power_w=1972, is_critical_soc=False
2026-02-19T22:15:00.215328+01:00,  soc=31.0,  volt=46.36,  volt_delta=-6.44, volt_rate_per_min=-6.44, volt_status=CRITICAL_EMERGENCY, batt_w=7.0,  batt_mode=idle,  batt_discharge_w=7.0,  batt_charge_w=0,  load_w=3382.0, zone=unknown,  grid_charge=off, ev_charging_active=off, ev_charge_end=2026-02-19 05:00:02, ev_webhook_count=88, max_discharge_a=1, max_charge_a=90, max_grid_charge_a=64, soc_limit_a=43, volt_penalty_a=15, voltage_protected_limit_a=28, soc_power_w=1972, is_critical_soc=False
2026-02-19T22:16:00.214843+01:00,  soc=31.0,  volt=46.36,  volt_delta=-6.44, volt_rate_per_min=-6.44, volt_status=CRITICAL_EMERGENCY, batt_w=5.0,  batt_mode=idle,  batt_discharge_w=5.0,  batt_charge_w=0,  load_w=881.0, zone=unknown,  grid_charge=off, ev_charging_active=off, ev_charge_end=2026-02-19 05:00:02, ev_webhook_count=88, max_discharge_a=1, max_charge_a=90, max_grid_charge_a=64, soc_limit_a=43, volt_penalty_a=15, voltage_protected_limit_a=28, soc_power_w=1972, is_critical_soc=False
2026-02-19T22:17:00.215596+01:00,  soc=31.0,  volt=46.36,  volt_delta=-6.44, volt_rate_per_min=-6.44, volt_status=CRITICAL_EMERGENCY, batt_w=5.0,  batt_mode=idle,  batt_discharge_w=5.0,  batt_charge_w=0,  load_w=822.0, zone=unknown,  grid_charge=off, ev_charging_active=off, ev_charge_end=2026-02-19 05:00:02, ev_webhook_count=88, max_discharge_a=1, max_charge_a=90, max_grid_charge_a=64, soc_limit_a=43, volt_penalty_a=15, voltage_protected_limit_a=28, soc_power_w=1972, is_critical_soc=False
2026-02-19T22:18:00.214657+01:00,  soc=31.0,  volt=46.36,  volt_delta=-6.44, volt_rate_per_min=-6.44, volt_status=CRITICAL_EMERGENCY, batt_w=5.0,  batt_mode=idle,  batt_discharge_w=5.0,  batt_charge_w=0,  load_w=822.0, zone=unknown,  grid_charge=off, ev_charging_active=off, ev_charge_end=2026-02-19 05:00:02, ev_webhook_count=88, max_discharge_a=1, max_charge_a=90, max_grid_charge_a=64, soc_limit_a=43, volt_penalty_a=15, voltage_protected_limit_a=28, soc_power_w=1972, is_critical_soc=False
2026-02-19T22:19:00.216292+01:00,  soc=31.0,  volt=46.36,  volt_delta=-6.44, volt_rate_per_min=-6.44, volt_status=CRITICAL_EMERGENCY, batt_w=5.0,  batt_mode=idle,  batt_discharge_w=5.0,  batt_charge_w=0,  load_w=370.0, zone=unknown,  grid_charge=off, ev_charging_active=off, ev_charge_end=2026-02-19 05:00:02, ev_webhook_count=88, max_discharge_a=1, max_charge_a=90, max_grid_charge_a=64, soc_limit_a=43, volt_penalty_a=15, voltage_protected_limit_a=28, soc_power_w=1972, is_critical_soc=False
2026-02-19T22:20:00.214593+01:00,  soc=31.0,  volt=46.36,  volt_delta=-6.44, volt_rate_per_min=-6.44, volt_status=CRITICAL_EMERGENCY, batt_w=5.0,  batt_mode=idle,  batt_discharge_w=5.0,  batt_charge_w=0,  load_w=370.0, zone=unknown,  grid_charge=off, ev_charging_active=off, ev_charge_end=2026-02-19 05:00:02, ev_webhook_count=88, max_discharge_a=1, max_charge_a=90, max_grid_charge_a=64, soc_limit_a=43, volt_penalty_a=15, voltage_protected_limit_a=28, soc_power_w=1972, is_critical_soc=False
2026-02-19T22:21:00.215143+01:00,  soc=31.0,  volt=46.36,  volt_delta=-6.44, volt_rate_per_min=-6.44, volt_status=CRITICAL_EMERGENCY, batt_w=5.0,  batt_mode=idle,  batt_discharge_w=5.0,  batt_charge_w=0,  load_w=439.0, zone=unknown,  grid_charge=off, ev_charging_active=off, ev_charge_end=2026-02-19 05:00:02, ev_webhook_count=88, max_discharge_a=1, max_charge_a=90, max_grid_charge_a=64, soc_limit_a=43, volt_penalty_a=15, voltage_protected_limit_a=28, soc_power_w=1972, is_critical_soc=False
2026-02-19T22:22:00.215344+01:00,  soc=31.0,  volt=46.36,  volt_delta=-6.44, volt_rate_per_min=-6.44, volt_status=CRITICAL_EMERGENCY, batt_w=5.0,  batt_mode=idle,  batt_discharge_w=5.0,  batt_charge_w=0,  load_w=2490.0, zone=unknown,  grid_charge=off, ev_charging_active=off, ev_charge_end=2026-02-19 05:00:02, ev_webhook_count=88, max_discharge_a=1, max_charge_a=90, max_grid_charge_a=64, soc_limit_a=43, volt_penalty_a=15, voltage_protected_limit_a=28, soc_power_w=1972, is_critical_soc=False
2026-02-19T22:23:00.215368+01:00,  soc=31.0,  volt=46.36,  volt_delta=-6.44, volt_rate_per_min=-6.44, volt_status=CRITICAL_EMERGENCY, batt_w=5.0,  batt_mode=idle,  batt_discharge_w=5.0,  batt_charge_w=0,  load_w=2506.0, zone=unknown,  grid_charge=off, ev_charging_active=off, ev_charge_end=2026-02-19 05:00:02, ev_webhook_count=88, max_discharge_a=1, max_charge_a=90, max_grid_charge_a=64, soc_limit_a=43, volt_penalty_a=15, voltage_protected_limit_a=28, soc_power_w=1972, is_critical_soc=False
2026-02-19T22:24:00.214594+01:00,  soc=31.0,  volt=46.36,  volt_delta=-6.44, volt_rate_per_min=-6.44, volt_status=CRITICAL_EMERGENCY, batt_w=5.0,  batt_mode=idle,  batt_discharge_w=5.0,  batt_charge_w=0,  load_w=2448.0, zone=unknown,  grid_charge=off, ev_charging_active=off, ev_charge_end=2026-02-19 05:00:02, ev_webhook_count=88, max_discharge_a=1, max_charge_a=90, max_grid_charge_a=64, soc_limit_a=43, volt_penalty_a=15, voltage_protected_limit_a=28, soc_power_w=1972, is_critical_soc=False
2026-02-19T22:25:00.214786+01:00,  soc=31.0,  volt=46.36,  volt_delta=-6.44, volt_rate_per_min=-6.44, volt_status=CRITICAL_EMERGENCY, batt_w=5.0,  batt_mode=idle,  batt_discharge_w=5.0,  batt_charge_w=0,  load_w=2847.0, zone=unknown,  grid_charge=off, ev_charging_active=off, ev_charge_end=2026-02-19 05:00:02, ev_webhook_count=88, max_discharge_a=1, max_charge_a=90, max_grid_charge_a=64, soc_limit_a=43, volt_penalty_a=15, voltage_protected_limit_a=28, soc_power_w=1972, is_critical_soc=False
2026-02-19T22:26:00.215301+01:00,  soc=31.0,  volt=46.39,  volt_delta=-6.41, volt_rate_per_min=-6.41, volt_status=CRITICAL_EMERGENCY, batt_w=49.0,  batt_mode=idle,  batt_discharge_w=49.0,  batt_charge_w=0,  load_w=3332.0, zone=unknown,  grid_charge=off, ev_charging_active=off, ev_charge_end=2026-02-19 05:00:02, ev_webhook_count=88, max_discharge_a=1, max_charge_a=90, max_grid_charge_a=64, soc_limit_a=43, volt_penalty_a=15, voltage_protected_limit_a=28, soc_power_w=1972, is_critical_soc=False
2026-02-19T22:27:00.214985+01:00,  soc=31.0,  volt=46.39,  volt_delta=-6.41, volt_rate_per_min=-6.41, volt_status=CRITICAL_EMERGENCY, batt_w=13.0,  batt_mode=idle,  batt_discharge_w=13.0,  batt_charge_w=0,  load_w=3530.0, zone=unknown,  grid_charge=off, ev_charging_active=off, ev_charge_end=2026-02-19 05:00:02, ev_webhook_count=88, max_discharge_a=1, max_charge_a=90, max_grid_charge_a=64, soc_limit_a=43, volt_penalty_a=15, voltage_protected_limit_a=28, soc_power_w=1972, is_critical_soc=False
2026-02-19T22:28:00.214766+01:00,  soc=31.0,  volt=46.39,  volt_delta=-6.41, volt_rate_per_min=-6.41, volt_status=CRITICAL_EMERGENCY, batt_w=13.0,  batt_mode=idle,  batt_discharge_w=13.0,  batt_charge_w=0,  load_w=3530.0, zone=unknown,  grid_charge=off, ev_charging_active=off, ev_charge_end=2026-02-19 05:00:02, ev_webhook_count=88, max_discharge_a=1, max_charge_a=90, max_grid_charge_a=64, soc_limit_a=43, volt_penalty_a=15, voltage_protected_limit_a=28, soc_power_w=1972, is_critical_soc=False
2026-02-19T22:29:00.215388+01:00,  soc=31.0,  volt=46.39,  volt_delta=-6.41, volt_rate_per_min=-6.41, volt_status=CRITICAL_EMERGENCY, batt_w=13.0,  batt_mode=idle,  batt_discharge_w=13.0,  batt_charge_w=0,  load_w=3465.0, zone=unknown,  grid_charge=off, ev_charging_active=off, ev_charge_end=2026-02-19 05:00:02, ev_webhook_count=88, max_discharge_a=1, max_charge_a=90, max_grid_charge_a=64, soc_limit_a=43, volt_penalty_a=15, voltage_protected_limit_a=28, soc_power_w=1972, is_critical_soc=False
2026-02-19T22:30:00.215123+01:00,  soc=31.0,  volt=46.39,  volt_delta=-6.41, volt_rate_per_min=-6.41, volt_status=CRITICAL_EMERGENCY, batt_w=13.0,  batt_mode=idle,  batt_discharge_w=13.0,  batt_charge_w=0,  load_w=3465.0, zone=unknown,  grid_charge=off, ev_charging_active=off, ev_charge_end=2026-02-19 05:00:02, ev_webhook_count=88, max_discharge_a=1, max_charge_a=90, max_grid_charge_a=64, soc_limit_a=43, volt_penalty_a=15, voltage_protected_limit_a=28, soc_power_w=1972, is_critical_soc=False
2026-02-19T22:31:00.214508+01:00,  soc=31.0,  volt=46.39,  volt_delta=-6.41, volt_rate_per_min=-6.41, volt_status=CRITICAL_EMERGENCY, batt_w=13.0,  batt_mode=idle,  batt_discharge_w=13.0,  batt_charge_w=0,  load_w=3465.0, zone=unknown,  grid_charge=off, ev_charging_active=off, ev_charge_end=2026-02-19 05:00:02, ev_webhook_count=88, max_discharge_a=1, max_charge_a=90, max_grid_charge_a=64, soc_limit_a=43, volt_penalty_a=15, voltage_protected_limit_a=28, soc_power_w=1972, is_critical_soc=False
2026-02-19T22:32:00.215032+01:00,  soc=31.0,  volt=46.69,  volt_delta=-6.11, volt_rate_per_min=-6.11, volt_status=CRITICAL_EMERGENCY, batt_w=13.0,  batt_mode=idle,  batt_discharge_w=13.0,  batt_charge_w=0,  load_w=3465.0, zone=unknown,  grid_charge=off, ev_charging_active=off, ev_charge_end=2026-02-19 05:00:02, ev_webhook_count=88, max_discharge_a=1, max_charge_a=90, max_grid_charge_a=64, soc_limit_a=42, volt_penalty_a=15, voltage_protected_limit_a=27, soc_power_w=1972, is_critical_soc=False
2026-02-19T22:33:00.214581+01:00,  soc=31.0,  volt=46.35,  volt_delta=-6.45, volt_rate_per_min=-6.45, volt_status=CRITICAL_EMERGENCY, batt_w=13.0,  batt_mode=idle,  batt_discharge_w=13.0,  batt_charge_w=0,  load_w=3465.0, zone=unknown,  grid_charge=off, ev_charging_active=off, ev_charge_end=2026-02-19 05:00:02, ev_webhook_count=88, max_discharge_a=1, max_charge_a=90, max_grid_charge_a=64, soc_limit_a=43, volt_penalty_a=15, voltage_protected_limit_a=28, soc_power_w=1972, is_critical_soc=False
2026-02-19T22:34:00.214428+01:00,  soc=31.0,  volt=46.35,  volt_delta=-6.45, volt_rate_per_min=-6.45, volt_status=CRITICAL_EMERGENCY, batt_w=65.0,  batt_mode=discharge,  batt_discharge_w=65.0,  batt_charge_w=0,  load_w=3465.0, zone=unknown,  grid_charge=off, ev_charging_active=off, ev_charge_end=2026-02-19 05:00:02, ev_webhook_count=88, max_discharge_a=1, max_charge_a=90, max_grid_charge_a=64, soc_limit_a=43, volt_penalty_a=15, voltage_protected_limit_a=28, soc_power_w=1972, is_critical_soc=False
2026-02-19T22:35:00.214966+01:00,  soc=31.0,  volt=46.35,  volt_delta=-6.45, volt_rate_per_min=-6.45, volt_status=CRITICAL_EMERGENCY, batt_w=13.0,  batt_mode=idle,  batt_discharge_w=13.0,  batt_charge_w=0,  load_w=3485.0, zone=unknown,  grid_charge=off, ev_charging_active=off, ev_charge_end=2026-02-19 05:00:02, ev_webhook_count=88, max_discharge_a=0, max_charge_a=90, max_grid_charge_a=64, soc_limit_a=43, volt_penalty_a=15, voltage_protected_limit_a=28, soc_power_w=1972, is_critical_soc=False
2026-02-19T22:36:00.215528+01:00,  soc=31.0,  volt=46.33,  volt_delta=-6.47, volt_rate_per_min=-6.47, volt_status=CRITICAL_EMERGENCY, batt_w=15.0,  batt_mode=idle,  batt_discharge_w=15.0,  batt_charge_w=0,  load_w=3485.0, zone=unknown,  grid_charge=off, ev_charging_active=off, ev_charge_end=2026-02-19 05:00:02, ev_webhook_count=88, max_discharge_a=0, max_charge_a=90, max_grid_charge_a=64, soc_limit_a=43, volt_penalty_a=15, voltage_protected_limit_a=28, soc_power_w=1972, is_critical_soc=False
2026-02-19T22:37:00.215398+01:00,  soc=31.0,  volt=46.33,  volt_delta=-6.47, volt_rate_per_min=-6.47, volt_status=CRITICAL_EMERGENCY, batt_w=15.0,  batt_mode=idle,  batt_discharge_w=15.0,  batt_charge_w=0,  load_w=3650.0, zone=unknown,  grid_charge=off, ev_charging_active=off, ev_charge_end=2026-02-19 05:00:02, ev_webhook_count=88, max_discharge_a=0, max_charge_a=90, max_grid_charge_a=64, soc_limit_a=43, volt_penalty_a=15, voltage_protected_limit_a=28, soc_power_w=1972, is_critical_soc=False
2026-02-19T22:38:00.214848+01:00,  soc=31.0,  volt=46.33,  volt_delta=-6.47, volt_rate_per_min=-6.47, volt_status=CRITICAL_EMERGENCY, batt_w=15.0,  batt_mode=idle,  batt_discharge_w=15.0,  batt_charge_w=0,  load_w=3650.0, zone=unknown,  grid_charge=off, ev_charging_active=off, ev_charge_end=2026-02-19 05:00:02, ev_webhook_count=88, max_discharge_a=0, max_charge_a=90, max_grid_charge_a=64, soc_limit_a=43, volt_penalty_a=15, voltage_protected_limit_a=28, soc_power_w=1972, is_critical_soc=False
2026-02-19T22:39:00.214708+01:00,  soc=31.0,  volt=46.33,  volt_delta=-6.47, volt_rate_per_min=-6.47, volt_status=CRITICAL_EMERGENCY, batt_w=15.0,  batt_mode=idle,  batt_discharge_w=15.0,  batt_charge_w=0,  load_w=3650.0, zone=unknown,  grid_charge=off, ev_charging_active=off, ev_charge_end=2026-02-19 05:00:02, ev_webhook_count=88, max_discharge_a=0, max_charge_a=90, max_grid_charge_a=64, soc_limit_a=43, volt_penalty_a=15, voltage_protected_limit_a=28, soc_power_w=1972, is_critical_soc=False
2026-02-19T22:40:00.214636+01:00,  soc=31.0,  volt=46.33,  volt_delta=-6.47, volt_rate_per_min=-6.47, volt_status=CRITICAL_EMERGENCY, batt_w=15.0,  batt_mode=idle,  batt_discharge_w=15.0,  batt_charge_w=0,  load_w=3686.0, zone=unknown,  grid_charge=off, ev_charging_active=off, ev_charge_end=2026-02-19 05:00:02, ev_webhook_count=88, max_discharge_a=0, max_charge_a=90, max_grid_charge_a=64, soc_limit_a=43, volt_penalty_a=15, voltage_protected_limit_a=28, soc_power_w=1972, is_critical_soc=False
2026-02-19T22:41:00.215475+01:00,  soc=31.0,  volt=46.33,  volt_delta=-6.47, volt_rate_per_min=-6.47, volt_status=CRITICAL_EMERGENCY, batt_w=70.0,  batt_mode=discharge,  batt_discharge_w=70.0,  batt_charge_w=0,  load_w=3732.0, zone=unknown,  grid_charge=off, ev_charging_active=off, ev_charge_end=2026-02-19 05:00:02, ev_webhook_count=88, max_discharge_a=0, max_charge_a=90, max_grid_charge_a=64, soc_limit_a=43, volt_penalty_a=15, voltage_protected_limit_a=28, soc_power_w=1972, is_critical_soc=False
2026-02-19T22:42:00.214827+01:00,  soc=31.0,  volt=46.33,  volt_delta=-6.47, volt_rate_per_min=-6.47, volt_status=CRITICAL_EMERGENCY, batt_w=11.0,  batt_mode=idle,  batt_discharge_w=11.0,  batt_charge_w=0,  load_w=3732.0, zone=unknown,  grid_charge=off, ev_charging_active=off, ev_charge_end=2026-02-19 05:00:02, ev_webhook_count=88, max_discharge_a=0, max_charge_a=90, max_grid_charge_a=64, soc_limit_a=43, volt_penalty_a=15, voltage_protected_limit_a=28, soc_power_w=1972, is_critical_soc=False
2026-02-19T22:43:00.214828+01:00,  soc=31.0,  volt=46.33,  volt_delta=-6.47, volt_rate_per_min=-6.47, volt_status=CRITICAL_EMERGENCY, batt_w=11.0,  batt_mode=idle,  batt_discharge_w=11.0,  batt_charge_w=0,  load_w=3732.0, zone=unknown,  grid_charge=off, ev_charging_active=off, ev_charge_end=2026-02-19 05:00:02, ev_webhook_count=88, max_discharge_a=0, max_charge_a=90, max_grid_charge_a=64, soc_limit_a=43, volt_penalty_a=15, voltage_protected_limit_a=28, soc_power_w=1972, is_critical_soc=False
2026-02-19T22:44:00.214930+01:00,  soc=31.0,  volt=46.33,  volt_delta=-6.47, volt_rate_per_min=-6.47, volt_status=CRITICAL_EMERGENCY, batt_w=11.0,  batt_mode=idle,  batt_discharge_w=11.0,  batt_charge_w=0,  load_w=3732.0, zone=unknown,  grid_charge=off, ev_charging_active=off, ev_charge_end=2026-02-19 05:00:02, ev_webhook_count=88, max_discharge_a=0, max_charge_a=90, max_grid_charge_a=64, soc_limit_a=43, volt_penalty_a=15, voltage_protected_limit_a=28, soc_power_w=1972, is_critical_soc=False
2026-02-19T22:45:00.214549+01:00,  soc=31.0,  volt=46.33,  volt_delta=-6.47, volt_rate_per_min=-6.47, volt_status=CRITICAL_EMERGENCY, batt_w=11.0,  batt_mode=idle,  batt_discharge_w=11.0,  batt_charge_w=0,  load_w=3772.0, zone=unknown,  grid_charge=off, ev_charging_active=off, ev_charge_end=2026-02-19 05:00:02, ev_webhook_count=88, max_discharge_a=0, max_charge_a=90, max_grid_charge_a=64, soc_limit_a=43, volt_penalty_a=15, voltage_protected_limit_a=28, soc_power_w=1972, is_critical_soc=False
2026-02-19T22:46:00.215179+01:00,  soc=31.0,  volt=46.3,  volt_delta=-6.5, volt_rate_per_min=-6.5, volt_status=CRITICAL_EMERGENCY, batt_w=10.0,  batt_mode=idle,  batt_discharge_w=10.0,  batt_charge_w=0,  load_w=3772.0, zone=unknown,  grid_charge=off, ev_charging_active=off, ev_charge_end=2026-02-19 05:00:02, ev_webhook_count=88, max_discharge_a=0, max_charge_a=90, max_grid_charge_a=64, soc_limit_a=43, volt_penalty_a=15, voltage_protected_limit_a=28, soc_power_w=1972, is_critical_soc=False
2026-02-19T22:47:00.215199+01:00,  soc=31.0,  volt=46.3,  volt_delta=-6.5, volt_rate_per_min=-6.5, volt_status=CRITICAL_EMERGENCY, batt_w=10.0,  batt_mode=idle,  batt_discharge_w=10.0,  batt_charge_w=0,  load_w=3782.0, zone=unknown,  grid_charge=off, ev_charging_active=off, ev_charge_end=2026-02-19 05:00:02, ev_webhook_count=88, max_discharge_a=0, max_charge_a=90, max_grid_charge_a=64, soc_limit_a=43, volt_penalty_a=15, voltage_protected_limit_a=28, soc_power_w=1972, is_critical_soc=False
2026-02-19T22:48:00.214764+01:00,  soc=31.0,  volt=46.3,  volt_delta=-6.5, volt_rate_per_min=-6.5, volt_status=CRITICAL_EMERGENCY, batt_w=61.0,  batt_mode=discharge,  batt_discharge_w=61.0,  batt_charge_w=0,  load_w=3782.0, zone=unknown,  grid_charge=off, ev_charging_active=off, ev_charge_end=2026-02-19 05:00:02, ev_webhook_count=88, max_discharge_a=0, max_charge_a=90, max_grid_charge_a=64, soc_limit_a=43, volt_penalty_a=15, voltage_protected_limit_a=28, soc_power_w=1972, is_critical_soc=False
2026-02-19T22:49:00.214833+01:00,  soc=31.0,  volt=46.3,  volt_delta=-6.5, volt_rate_per_min=-6.5, volt_status=CRITICAL_EMERGENCY, batt_w=6.0,  batt_mode=idle,  batt_discharge_w=6.0,  batt_charge_w=0,  load_w=3782.0, zone=unknown,  grid_charge=off, ev_charging_active=off, ev_charge_end=2026-02-19 05:00:02, ev_webhook_count=88, max_discharge_a=0, max_charge_a=90, max_grid_charge_a=64, soc_limit_a=43, volt_penalty_a=15, voltage_protected_limit_a=28, soc_power_w=1972, is_critical_soc=False
2026-02-19T22:50:00.215358+01:00,  soc=31.0,  volt=46.3,  volt_delta=-6.5, volt_rate_per_min=-6.5, volt_status=CRITICAL_EMERGENCY, batt_w=6.0,  batt_mode=idle,  batt_discharge_w=6.0,  batt_charge_w=0,  load_w=3782.0, zone=unknown,  grid_charge=off, ev_charging_active=off, ev_charge_end=2026-02-19 05:00:02, ev_webhook_count=88, max_discharge_a=0, max_charge_a=90, max_grid_charge_a=64, soc_limit_a=43, volt_penalty_a=15, voltage_protected_limit_a=28, soc_power_w=1972, is_critical_soc=False
2026-02-19T22:51:00.214827+01:00,  soc=31.0,  volt=46.3,  volt_delta=-6.5, volt_rate_per_min=-6.5, volt_status=CRITICAL_EMERGENCY, batt_w=6.0,  batt_mode=idle,  batt_discharge_w=6.0,  batt_charge_w=0,  load_w=3790.0, zone=unknown,  grid_charge=off, ev_charging_active=off, ev_charge_end=2026-02-19 05:00:02, ev_webhook_count=88, max_discharge_a=0, max_charge_a=90, max_grid_charge_a=64, soc_limit_a=43, volt_penalty_a=15, voltage_protected_limit_a=28, soc_power_w=1972, is_critical_soc=False
2026-02-19T22:52:00.214944+01:00,  soc=31.0,  volt=46.3,  volt_delta=-6.5, volt_rate_per_min=-6.5, volt_status=CRITICAL_EMERGENCY, batt_w=6.0,  batt_mode=idle,  batt_discharge_w=6.0,  batt_charge_w=0,  load_w=3427.0, zone=unknown,  grid_charge=off, ev_charging_active=off, ev_charge_end=2026-02-19 05:00:02, ev_webhook_count=88, max_discharge_a=0, max_charge_a=90, max_grid_charge_a=64, soc_limit_a=43, volt_penalty_a=15, voltage_protected_limit_a=28, soc_power_w=1972, is_critical_soc=False
2026-02-19T22:53:00.215398+01:00,  soc=31.0,  volt=46.3,  volt_delta=-6.5, volt_rate_per_min=-6.5, volt_status=CRITICAL_EMERGENCY, batt_w=6.0,  batt_mode=idle,  batt_discharge_w=6.0,  batt_charge_w=0,  load_w=3427.0, zone=unknown,  grid_charge=off, ev_charging_active=off, ev_charge_end=2026-02-19 05:00:02, ev_webhook_count=88, max_discharge_a=0, max_charge_a=90, max_grid_charge_a=64, soc_limit_a=43, volt_penalty_a=15, voltage_protected_limit_a=28, soc_power_w=1972, is_critical_soc=False
2026-02-19T22:54:00.216787+01:00,  soc=31.0,  volt=46.3,  volt_delta=-6.5, volt_rate_per_min=-6.5, volt_status=CRITICAL_EMERGENCY, batt_w=6.0,  batt_mode=idle,  batt_discharge_w=6.0,  batt_charge_w=0,  load_w=3427.0, zone=unknown,  grid_charge=off, ev_charging_active=off, ev_charge_end=2026-02-19 05:00:02, ev_webhook_count=88, max_discharge_a=0, max_charge_a=90, max_grid_charge_a=64, soc_limit_a=43, volt_penalty_a=15, voltage_protected_limit_a=28, soc_power_w=1972, is_critical_soc=False
2026-02-19T22:55:00.215323+01:00,  soc=31.0,  volt=46.3,  volt_delta=-6.5, volt_rate_per_min=-6.5, volt_status=CRITICAL_EMERGENCY, batt_w=6.0,  batt_mode=idle,  batt_discharge_w=6.0,  batt_charge_w=0,  load_w=3427.0, zone=unknown,  grid_charge=off, ev_charging_active=off, ev_charge_end=2026-02-19 05:00:02, ev_webhook_count=88, max_discharge_a=0, max_charge_a=90, max_grid_charge_a=64, soc_limit_a=43, volt_penalty_a=15, voltage_protected_limit_a=28, soc_power_w=1972, is_critical_soc=False
2026-02-19T22:56:00.214977+01:00,  soc=31.0,  volt=46.22,  volt_delta=-6.58, volt_rate_per_min=-6.58, volt_status=CRITICAL_EMERGENCY, batt_w=11.0,  batt_mode=idle,  batt_discharge_w=11.0,  batt_charge_w=0,  load_w=3391.0, zone=unknown,  grid_charge=off, ev_charging_active=off, ev_charge_end=2026-02-19 05:00:02, ev_webhook_count=88, max_discharge_a=0, max_charge_a=90, max_grid_charge_a=64, soc_limit_a=43, volt_penalty_a=15, voltage_protected_limit_a=28, soc_power_w=1972, is_critical_soc=False
2026-02-19T22:57:00.215092+01:00,  soc=31.0,  volt=46.22,  volt_delta=-6.58, volt_rate_per_min=-6.58, volt_status=CRITICAL_EMERGENCY, batt_w=11.0,  batt_mode=idle,  batt_discharge_w=11.0,  batt_charge_w=0,  load_w=3391.0, zone=unknown,  grid_charge=off, ev_charging_active=off, ev_charge_end=2026-02-19 05:00:02, ev_webhook_count=88, max_discharge_a=0, max_charge_a=90, max_grid_charge_a=64, soc_limit_a=43, volt_penalty_a=15, voltage_protected_limit_a=28, soc_power_w=1972, is_critical_soc=False
2026-02-19T22:58:00.215605+01:00,  soc=31.0,  volt=46.22,  volt_delta=-6.58, volt_rate_per_min=-6.58, volt_status=CRITICAL_EMERGENCY, batt_w=11.0,  batt_mode=idle,  batt_discharge_w=11.0,  batt_charge_w=0,  load_w=3479.0, zone=unknown,  grid_charge=off, ev_charging_active=off, ev_charge_end=2026-02-19 05:00:02, ev_webhook_count=88, max_discharge_a=0, max_charge_a=90, max_grid_charge_a=64, soc_limit_a=43, volt_penalty_a=15, voltage_protected_limit_a=28, soc_power_w=1972, is_critical_soc=False
2026-02-19T22:59:00.215213+01:00,  soc=31.0,  volt=46.22,  volt_delta=-6.58, volt_rate_per_min=-6.58, volt_status=CRITICAL_EMERGENCY, batt_w=11.0,  batt_mode=idle,  batt_discharge_w=11.0,  batt_charge_w=0,  load_w=3479.0, zone=unknown,  grid_charge=off, ev_charging_active=off, ev_charge_end=2026-02-19 05:00:02, ev_webhook_count=88, max_discharge_a=0, max_charge_a=90, max_grid_charge_a=64, soc_limit_a=43, volt_penalty_a=15, voltage_protected_limit_a=28, soc_power_w=1972, is_critical_soc=False
2026-02-19T23:00:00.215291+01:00,  soc=31.0,  volt=46.22,  volt_delta=-6.58, volt_rate_per_min=-6.58, volt_status=CRITICAL_EMERGENCY, batt_w=11.0,  batt_mode=idle,  batt_discharge_w=11.0,  batt_charge_w=0,  load_w=3479.0, zone=unknown,  grid_charge=off, ev_charging_active=off, ev_charge_end=2026-02-19 05:00:02, ev_webhook_count=88, max_discharge_a=0, max_charge_a=90, max_grid_charge_a=64, soc_limit_a=43, volt_penalty_a=15, voltage_protected_limit_a=28, soc_power_w=1972, is_critical_soc=False
2026-02-19T23:01:00.215482+01:00,  soc=31.0,  volt=46.22,  volt_delta=-6.58, volt_rate_per_min=-6.58, volt_status=CRITICAL_EMERGENCY, batt_w=11.0,  batt_mode=idle,  batt_discharge_w=11.0,  batt_charge_w=0,  load_w=3510.0, zone=unknown,  grid_charge=off, ev_charging_active=off, ev_charge_end=2026-02-19 05:00:02, ev_webhook_count=88, max_discharge_a=0, max_charge_a=90, max_grid_charge_a=64, soc_limit_a=43, volt_penalty_a=15, voltage_protected_limit_a=28, soc_power_w=1972, is_critical_soc=False
2026-02-19T23:02:00.214803+01:00,  soc=31.0,  volt=46.22,  volt_delta=-6.58, volt_rate_per_min=-6.58, volt_status=CRITICAL_EMERGENCY, batt_w=11.0,  batt_mode=idle,  batt_discharge_w=11.0,  batt_charge_w=0,  load_w=3510.0, zone=unknown,  grid_charge=off, ev_charging_active=off, ev_charge_end=2026-02-19 05:00:02, ev_webhook_count=88, max_discharge_a=0, max_charge_a=90, max_grid_charge_a=64, soc_limit_a=43, volt_penalty_a=15, voltage_protected_limit_a=28, soc_power_w=1972, is_critical_soc=False
2026-02-19T23:03:00.215382+01:00,  soc=31.0,  volt=46.22,  volt_delta=-6.58, volt_rate_per_min=-6.58, volt_status=CRITICAL_EMERGENCY, batt_w=66.0,  batt_mode=discharge,  batt_discharge_w=66.0,  batt_charge_w=0,  load_w=3510.0, zone=unknown,  grid_charge=off, ev_charging_active=off, ev_charge_end=2026-02-19 05:00:02, ev_webhook_count=88, max_discharge_a=0, max_charge_a=90, max_grid_charge_a=64, soc_limit_a=43, volt_penalty_a=15, voltage_protected_limit_a=28, soc_power_w=1972, is_critical_soc=False
2026-02-19T23:04:00.214858+01:00,  soc=31.0,  volt=46.22,  volt_delta=-6.58, volt_rate_per_min=-6.58, volt_status=CRITICAL_EMERGENCY, batt_w=8.0,  batt_mode=idle,  batt_discharge_w=8.0,  batt_charge_w=0,  load_w=3510.0, zone=unknown,  grid_charge=off, ev_charging_active=off, ev_charge_end=2026-02-19 05:00:02, ev_webhook_count=88, max_discharge_a=0, max_charge_a=90, max_grid_charge_a=64, soc_limit_a=43, volt_penalty_a=15, voltage_protected_limit_a=28, soc_power_w=1972, is_critical_soc=False
2026-02-19T23:05:00.215308+01:00,  soc=31.0,  volt=46.22,  volt_delta=-6.58, volt_rate_per_min=-6.58, volt_status=CRITICAL_EMERGENCY, batt_w=8.0,  batt_mode=idle,  batt_discharge_w=8.0,  batt_charge_w=0,  load_w=3510.0, zone=unknown,  grid_charge=off, ev_charging_active=off, ev_charge_end=2026-02-19 05:00:02, ev_webhook_count=88, max_discharge_a=0, max_charge_a=90, max_grid_charge_a=64, soc_limit_a=43, volt_penalty_a=15, voltage_protected_limit_a=28, soc_power_w=1972, is_critical_soc=False
2026-02-19T23:06:00.215338+01:00,  soc=31.0,  volt=46.2,  volt_delta=-6.6, volt_rate_per_min=-6.6, volt_status=CRITICAL_EMERGENCY, batt_w=6.0,  batt_mode=idle,  batt_discharge_w=6.0,  batt_charge_w=0,  load_w=3510.0, zone=unknown,  grid_charge=off, ev_charging_active=off, ev_charge_end=2026-02-19 05:00:02, ev_webhook_count=88, max_discharge_a=0, max_charge_a=90, max_grid_charge_a=64, soc_limit_a=43, volt_penalty_a=15, voltage_protected_limit_a=28, soc_power_w=1972, is_critical_soc=False
2026-02-19T23:07:00.215572+01:00,  soc=31.0,  volt=46.2,  volt_delta=-6.6, volt_rate_per_min=-6.6, volt_status=CRITICAL_EMERGENCY, batt_w=6.0,  batt_mode=idle,  batt_discharge_w=6.0,  batt_charge_w=0,  load_w=3443.0, zone=unknown,  grid_charge=off, ev_charging_active=off, ev_charge_end=2026-02-19 05:00:02, ev_webhook_count=88, max_discharge_a=0, max_charge_a=90, max_grid_charge_a=64, soc_limit_a=43, volt_penalty_a=15, voltage_protected_limit_a=28, soc_power_w=1972, is_critical_soc=False
2026-02-19T23:08:00.214938+01:00,  soc=31.0,  volt=46.2,  volt_delta=-6.6, volt_rate_per_min=-6.6, volt_status=CRITICAL_EMERGENCY, batt_w=6.0,  batt_mode=idle,  batt_discharge_w=6.0,  batt_charge_w=0,  load_w=3263.0, zone=unknown,  grid_charge=off, ev_charging_active=off, ev_charge_end=2026-02-19 05:00:02, ev_webhook_count=88, max_discharge_a=0, max_charge_a=90, max_grid_charge_a=64, soc_limit_a=43, volt_penalty_a=15, voltage_protected_limit_a=28, soc_power_w=1972, is_critical_soc=False
2026-02-19T23:09:00.214948+01:00,  soc=31.0,  volt=46.2,  volt_delta=-6.6, volt_rate_per_min=-6.6, volt_status=CRITICAL_EMERGENCY, batt_w=6.0,  batt_mode=idle,  batt_discharge_w=6.0,  batt_charge_w=0,  load_w=3263.0, zone=unknown,  grid_charge=off, ev_charging_active=off, ev_charge_end=2026-02-19 05:00:02, ev_webhook_count=88, max_discharge_a=0, max_charge_a=90, max_grid_charge_a=64, soc_limit_a=43, volt_penalty_a=15, voltage_protected_limit_a=28, soc_power_w=1972, is_critical_soc=False
2026-02-19T23:10:00.215665+01:00,  soc=31.0,  volt=46.2,  volt_delta=-6.6, volt_rate_per_min=-6.6, volt_status=CRITICAL_EMERGENCY, batt_w=73.0,  batt_mode=discharge,  batt_discharge_w=73.0,  batt_charge_w=0,  load_w=3199.0, zone=unknown,  grid_charge=off, ev_charging_active=off, ev_charge_end=2026-02-19 05:00:02, ev_webhook_count=88, max_discharge_a=0, max_charge_a=90, max_grid_charge_a=64, soc_limit_a=43, volt_penalty_a=15, voltage_protected_limit_a=28, soc_power_w=1972, is_critical_soc=False
2026-02-19T23:11:00.215528+01:00,  soc=31.0,  volt=46.2,  volt_delta=-6.6, volt_rate_per_min=-6.6, volt_status=CRITICAL_EMERGENCY, batt_w=9.0,  batt_mode=idle,  batt_discharge_w=9.0,  batt_charge_w=0,  load_w=3249.0, zone=unknown,  grid_charge=off, ev_charging_active=off, ev_charge_end=2026-02-19 05:00:02, ev_webhook_count=88, max_discharge_a=0, max_charge_a=90, max_grid_charge_a=64, soc_limit_a=43, volt_penalty_a=15, voltage_protected_limit_a=28, soc_power_w=1972, is_critical_soc=False
2026-02-19T23:12:00.214659+01:00,  soc=31.0,  volt=46.2,  volt_delta=-6.6, volt_rate_per_min=-6.6, volt_status=CRITICAL_EMERGENCY, batt_w=9.0,  batt_mode=idle,  batt_discharge_w=9.0,  batt_charge_w=0,  load_w=3230.0, zone=unknown,  grid_charge=off, ev_charging_active=off, ev_charge_end=2026-02-19 05:00:02, ev_webhook_count=88, max_discharge_a=0, max_charge_a=90, max_grid_charge_a=64, soc_limit_a=43, volt_penalty_a=15, voltage_protected_limit_a=28, soc_power_w=1972, is_critical_soc=False
2026-02-19T23:13:00.215262+01:00,  soc=31.0,  volt=46.2,  volt_delta=-6.6, volt_rate_per_min=-6.6, volt_status=CRITICAL_EMERGENCY, batt_w=9.0,  batt_mode=idle,  batt_discharge_w=9.0,  batt_charge_w=0,  load_w=3230.0, zone=unknown,  grid_charge=off, ev_charging_active=off, ev_charge_end=2026-02-19 05:00:02, ev_webhook_count=88, max_discharge_a=0, max_charge_a=90, max_grid_charge_a=64, soc_limit_a=43, volt_penalty_a=15, voltage_protected_limit_a=28, soc_power_w=1972, is_critical_soc=False
2026-02-19T23:14:00.215278+01:00,  soc=31.0,  volt=46.2,  volt_delta=-6.6, volt_rate_per_min=-6.6, volt_status=CRITICAL_EMERGENCY, batt_w=9.0,  batt_mode=idle,  batt_discharge_w=9.0,  batt_charge_w=0,  load_w=3230.0, zone=unknown,  grid_charge=on, ev_charging_active=off, ev_charge_end=2026-02-19 05:00:02, ev_webhook_count=88, max_discharge_a=0, max_charge_a=90, max_grid_charge_a=64, soc_limit_a=43, volt_penalty_a=15, voltage_protected_limit_a=28, soc_power_w=1972, is_critical_soc=False
2026-02-19T23:15:00.215839+01:00,  soc=31.0,  volt=46.2,  volt_delta=-6.6, volt_rate_per_min=-6.6, volt_status=CRITICAL_EMERGENCY, batt_w=9.0,  batt_mode=idle,  batt_discharge_w=9.0,  batt_charge_w=0,  load_w=3230.0, zone=unknown,  grid_charge=on, ev_charging_active=off, ev_charge_end=2026-02-19 05:00:02, ev_webhook_count=88, max_discharge_a=0, max_charge_a=90, max_grid_charge_a=64, soc_limit_a=43, volt_penalty_a=15, voltage_protected_limit_a=28, soc_power_w=1972, is_critical_soc=False
2026-02-19T23:16:00.215332+01:00,  soc=31.0,  volt=46.16,  volt_delta=-6.64, volt_rate_per_min=-6.64, volt_status=CRITICAL_EMERGENCY, batt_w=9.0,  batt_mode=idle,  batt_discharge_w=9.0,  batt_charge_w=0,  load_w=3230.0, zone=unknown,  grid_charge=on, ev_charging_active=off, ev_charge_end=2026-02-19 05:00:02, ev_webhook_count=88, max_discharge_a=0, max_charge_a=90, max_grid_charge_a=64, soc_limit_a=43, volt_penalty_a=15, voltage_protected_limit_a=28, soc_power_w=1972, is_critical_soc=False
2026-02-19T23:17:00.215083+01:00,  soc=31.0,  volt=46.16,  volt_delta=-6.64, volt_rate_per_min=-6.64, volt_status=CRITICAL_EMERGENCY, batt_w=9.0,  batt_mode=idle,  batt_discharge_w=9.0,  batt_charge_w=0,  load_w=3222.0, zone=unknown,  grid_charge=on, ev_charging_active=off, ev_charge_end=2026-02-19 05:00:02, ev_webhook_count=88, max_discharge_a=0, max_charge_a=90, max_grid_charge_a=64, soc_limit_a=43, volt_penalty_a=15, voltage_protected_limit_a=28, soc_power_w=1972, is_critical_soc=False
2026-02-19T23:18:00.215147+01:00,  soc=31.0,  volt=46.16,  volt_delta=-6.64, volt_rate_per_min=-6.64, volt_status=CRITICAL_EMERGENCY, batt_w=9.0,  batt_mode=idle,  batt_discharge_w=9.0,  batt_charge_w=0,  load_w=3222.0, zone=unknown,  grid_charge=on, ev_charging_active=off, ev_charge_end=2026-02-19 05:00:02, ev_webhook_count=88, max_discharge_a=0, max_charge_a=90, max_grid_charge_a=64, soc_limit_a=43, volt_penalty_a=15, voltage_protected_limit_a=28, soc_power_w=1972, is_critical_soc=False
2026-02-19T23:19:00.215161+01:00,  soc=31.0,  volt=46.16,  volt_delta=-6.64, volt_rate_per_min=-6.64, volt_status=CRITICAL_EMERGENCY, batt_w=9.0,  batt_mode=idle,  batt_discharge_w=9.0,  batt_charge_w=0,  load_w=3222.0, zone=unknown,  grid_charge=on, ev_charging_active=off, ev_charge_end=2026-02-19 05:00:02, ev_webhook_count=88, max_discharge_a=0, max_charge_a=5, max_grid_charge_a=5, soc_limit_a=43, volt_penalty_a=15, voltage_protected_limit_a=28, soc_power_w=1972, is_critical_soc=False
2026-02-19T23:20:00.214705+01:00,  soc=31.0,  volt=46.16,  volt_delta=-6.64, volt_rate_per_min=-6.64, volt_status=CRITICAL_EMERGENCY, batt_w=-95.0,  batt_mode=charge,  batt_discharge_w=0,  batt_charge_w=95.0,  load_w=3222.0, zone=unknown,  grid_charge=on, ev_charging_active=off, ev_charge_end=2026-02-19 05:00:02, ev_webhook_count=88, max_discharge_a=0, max_charge_a=5, max_grid_charge_a=5, soc_limit_a=43, volt_penalty_a=15, voltage_protected_limit_a=28, soc_power_w=1972, is_critical_soc=False
2026-02-19T23:21:00.215494+01:00,  soc=31.0,  volt=46.16,  volt_delta=-6.64, volt_rate_per_min=-6.64, volt_status=CRITICAL_EMERGENCY, batt_w=-95.0,  batt_mode=charge,  batt_discharge_w=0,  batt_charge_w=95.0,  load_w=3222.0, zone=unknown,  grid_charge=on, ev_charging_active=off, ev_charge_end=2026-02-19 05:00:02, ev_webhook_count=88, max_discharge_a=0, max_charge_a=10, max_grid_charge_a=10, soc_limit_a=43, volt_penalty_a=15, voltage_protected_limit_a=28, soc_power_w=1972, is_critical_soc=False
2026-02-19T23:22:00.215483+01:00,  soc=31.0,  volt=46.53,  volt_delta=-6.27, volt_rate_per_min=-6.27, volt_status=CRITICAL_EMERGENCY, batt_w=-326.0,  batt_mode=charge,  batt_discharge_w=0,  batt_charge_w=326.0,  load_w=3222.0, zone=unknown,  grid_charge=on, ev_charging_active=off, ev_charge_end=2026-02-19 05:00:02, ev_webhook_count=88, max_discharge_a=0, max_charge_a=10, max_grid_charge_a=10, soc_limit_a=42, volt_penalty_a=15, voltage_protected_limit_a=27, soc_power_w=1972, is_critical_soc=False
2026-02-19T23:23:00.214856+01:00,  soc=31.0,  volt=46.69,  volt_delta=-6.11, volt_rate_per_min=-6.11, volt_status=CRITICAL_EMERGENCY, batt_w=-326.0,  batt_mode=charge,  batt_discharge_w=0,  batt_charge_w=326.0,  load_w=3230.0, zone=unknown,  grid_charge=on, ev_charging_active=off, ev_charge_end=2026-02-19 05:00:02, ev_webhook_count=88, max_discharge_a=0, max_charge_a=10, max_grid_charge_a=10, soc_limit_a=42, volt_penalty_a=15, voltage_protected_limit_a=27, soc_power_w=1972, is_critical_soc=False
2026-02-19T23:24:00.215600+01:00,  soc=31.0,  volt=46.81,  volt_delta=-5.99, volt_rate_per_min=-5.99, volt_status=CRITICAL_EMERGENCY, batt_w=-326.0,  batt_mode=charge,  batt_discharge_w=0,  batt_charge_w=326.0,  load_w=3230.0, zone=unknown,  grid_charge=on, ev_charging_active=off, ev_charge_end=2026-02-19 05:00:02, ev_webhook_count=88, max_discharge_a=0, max_charge_a=10, max_grid_charge_a=10, soc_limit_a=42, volt_penalty_a=15, voltage_protected_limit_a=27, soc_power_w=1972, is_critical_soc=False
2026-02-19T23:25:00.215621+01:00,  soc=31.0,  volt=46.81,  volt_delta=-5.99, volt_rate_per_min=-5.99, volt_status=CRITICAL_EMERGENCY, batt_w=10.0,  batt_mode=idle,  batt_discharge_w=10.0,  batt_charge_w=0,  load_w=3154.0, zone=unknown,  grid_charge=off, ev_charging_active=off, ev_charge_end=2026-02-19 05:00:02, ev_webhook_count=88, max_discharge_a=0, max_charge_a=10, max_grid_charge_a=10, soc_limit_a=42, volt_penalty_a=15, voltage_protected_limit_a=27, soc_power_w=1972, is_critical_soc=False
2026-02-19T23:26:00.215577+01:00,  soc=31.0,  volt=46.75,  volt_delta=-6.05, volt_rate_per_min=-6.05, volt_status=CRITICAL_EMERGENCY, batt_w=-5.0,  batt_mode=idle,  batt_discharge_w=0,  batt_charge_w=5.0,  load_w=3154.0, zone=unknown,  grid_charge=off, ev_charging_active=off, ev_charge_end=2026-02-19 05:00:02, ev_webhook_count=88, max_discharge_a=0, max_charge_a=10, max_grid_charge_a=10, soc_limit_a=42, volt_penalty_a=15, voltage_protected_limit_a=27, soc_power_w=1972, is_critical_soc=False
2026-02-19T23:27:00.215453+01:00,  soc=31.0,  volt=46.75,  volt_delta=-6.05, volt_rate_per_min=-6.05, volt_status=CRITICAL_EMERGENCY, batt_w=-5.0,  batt_mode=idle,  batt_discharge_w=0,  batt_charge_w=5.0,  load_w=3154.0, zone=unknown,  grid_charge=off, ev_charging_active=off, ev_charge_end=2026-02-19 05:00:02, ev_webhook_count=88, max_discharge_a=0, max_charge_a=10, max_grid_charge_a=10, soc_limit_a=42, volt_penalty_a=15, voltage_protected_limit_a=27, soc_power_w=1972, is_critical_soc=False
2026-02-19T23:28:00.214946+01:00,  soc=31.0,  volt=46.75,  volt_delta=-6.05, volt_rate_per_min=-6.05, volt_status=CRITICAL_EMERGENCY, batt_w=-5.0,  batt_mode=idle,  batt_discharge_w=0,  batt_charge_w=5.0,  load_w=3149.0, zone=unknown,  grid_charge=off, ev_charging_active=off, ev_charge_end=2026-02-19 05:00:02, ev_webhook_count=88, max_discharge_a=0, max_charge_a=10, max_grid_charge_a=10, soc_limit_a=42, volt_penalty_a=15, voltage_protected_limit_a=27, soc_power_w=1972, is_critical_soc=False
2026-02-19T23:29:00.215017+01:00,  soc=31.0,  volt=46.75,  volt_delta=-6.05, volt_rate_per_min=-6.05, volt_status=CRITICAL_EMERGENCY, batt_w=-5.0,  batt_mode=idle,  batt_discharge_w=0,  batt_charge_w=5.0,  load_w=3149.0, zone=unknown,  grid_charge=off, ev_charging_active=off, ev_charge_end=2026-02-19 05:00:02, ev_webhook_count=88, max_discharge_a=0, max_charge_a=10, max_grid_charge_a=10, soc_limit_a=42, volt_penalty_a=15, voltage_protected_limit_a=27, soc_power_w=1972, is_critical_soc=False
2026-02-19T23:30:00.215301+01:00,  soc=31.0,  volt=46.76,  volt_delta=-6.04, volt_rate_per_min=-6.04, volt_status=CRITICAL_EMERGENCY, batt_w=-5.0,  batt_mode=idle,  batt_discharge_w=0,  batt_charge_w=5.0,  load_w=3149.0, zone=unknown,  grid_charge=off, ev_charging_active=off, ev_charge_end=2026-02-19 05:00:02, ev_webhook_count=88, max_discharge_a=0, max_charge_a=10, max_grid_charge_a=10, soc_limit_a=42, volt_penalty_a=15, voltage_protected_limit_a=27, soc_power_w=1972, is_critical_soc=False
2026-02-19T23:31:00.215281+01:00,  soc=31.0,  volt=46.76,  volt_delta=-6.04, volt_rate_per_min=-6.04, volt_status=CRITICAL_EMERGENCY, batt_w=71.0,  batt_mode=discharge,  batt_discharge_w=71.0,  batt_charge_w=0,  load_w=3097.0, zone=unknown,  grid_charge=off, ev_charging_active=off, ev_charge_end=2026-02-19 05:00:02, ev_webhook_count=88, max_discharge_a=0, max_charge_a=10, max_grid_charge_a=10, soc_limit_a=42, volt_penalty_a=15, voltage_protected_limit_a=27, soc_power_w=1972, is_critical_soc=False
2026-02-19T23:32:00.214948+01:00,  soc=31.0,  volt=46.91,  volt_delta=-5.89, volt_rate_per_min=-5.89, volt_status=CRITICAL_EMERGENCY, batt_w=-331.0,  batt_mode=charge,  batt_discharge_w=0,  batt_charge_w=331.0,  load_w=2586.0, zone=unknown,  grid_charge=on, ev_charging_active=off, ev_charge_end=2026-02-19 05:00:02, ev_webhook_count=88, max_discharge_a=0, max_charge_a=10, max_grid_charge_a=10, soc_limit_a=42, volt_penalty_a=15, voltage_protected_limit_a=27, soc_power_w=1972, is_critical_soc=False
2026-02-19T23:33:00.215365+01:00,  soc=31.0,  volt=47.27,  volt_delta=-5.53, volt_rate_per_min=-5.53, volt_status=CRITICAL_LOW, batt_w=-43.0,  batt_mode=idle,  batt_discharge_w=0,  batt_charge_w=43.0,  load_w=711.0, zone=unknown,  grid_charge=on, ev_charging_active=off, ev_charge_end=2026-02-19 05:00:02, ev_webhook_count=88, max_discharge_a=0, max_charge_a=5, max_grid_charge_a=5, soc_limit_a=42, volt_penalty_a=15, voltage_protected_limit_a=27, soc_power_w=1972, is_critical_soc=False
2026-02-19T23:34:00.215829+01:00,  soc=31.0,  volt=47.37,  volt_delta=-5.43, volt_rate_per_min=-5.43, volt_status=CRITICAL_LOW, batt_w=-334.0,  batt_mode=charge,  batt_discharge_w=0,  batt_charge_w=334.0,  load_w=711.0, zone=unknown,  grid_charge=on, ev_charging_active=off, ev_charge_end=2026-02-19 05:00:02, ev_webhook_count=88, max_discharge_a=0, max_charge_a=10, max_grid_charge_a=10, soc_limit_a=42, volt_penalty_a=15, voltage_protected_limit_a=27, soc_power_w=1972, is_critical_soc=False
2026-02-19T23:35:00.215135+01:00,  soc=31.0,  volt=47.51,  volt_delta=-5.29, volt_rate_per_min=-5.29, volt_status=CRITICAL_LOW, batt_w=-334.0,  batt_mode=charge,  batt_discharge_w=0,  batt_charge_w=334.0,  load_w=639.0, zone=unknown,  grid_charge=on, ev_charging_active=off, ev_charge_end=2026-02-19 05:00:02, ev_webhook_count=88, max_discharge_a=0, max_charge_a=10, max_grid_charge_a=10, soc_limit_a=42, volt_penalty_a=15, voltage_protected_limit_a=27, soc_power_w=1972, is_critical_soc=False
2026-02-19T23:36:00.214764+01:00,  soc=32.0,  volt=47.43,  volt_delta=-5.37, volt_rate_per_min=-5.37, volt_status=CRITICAL_LOW, batt_w=-5.0,  batt_mode=idle,  batt_discharge_w=0,  batt_charge_w=5.0,  load_w=243.0, zone=unknown,  grid_charge=off, ev_charging_active=off, ev_charge_end=2026-02-19 05:00:02, ev_webhook_count=88, max_discharge_a=0, max_charge_a=10, max_grid_charge_a=10, soc_limit_a=44, volt_penalty_a=15, voltage_protected_limit_a=29, soc_power_w=2082, is_critical_soc=False
2026-02-19T23:37:00.215232+01:00,  soc=32.0,  volt=47.41,  volt_delta=-5.39, volt_rate_per_min=-5.39, volt_status=CRITICAL_LOW, batt_w=-5.0,  batt_mode=idle,  batt_discharge_w=0,  batt_charge_w=5.0,  load_w=243.0, zone=unknown,  grid_charge=off, ev_charging_active=off, ev_charge_end=2026-02-19 05:00:02, ev_webhook_count=88, max_discharge_a=0, max_charge_a=10, max_grid_charge_a=10, soc_limit_a=44, volt_penalty_a=15, voltage_protected_limit_a=29, soc_power_w=2082, is_critical_soc=False
2026-02-19T23:38:00.215099+01:00,  soc=32.0,  volt=47.41,  volt_delta=-5.39, volt_rate_per_min=-5.39, volt_status=CRITICAL_LOW, batt_w=-5.0,  batt_mode=idle,  batt_discharge_w=0,  batt_charge_w=5.0,  load_w=1760.0, zone=unknown,  grid_charge=off, ev_charging_active=off, ev_charge_end=2026-02-19 05:00:02, ev_webhook_count=88, max_discharge_a=0, max_charge_a=10, max_grid_charge_a=10, soc_limit_a=44, volt_penalty_a=15, voltage_protected_limit_a=29, soc_power_w=2082, is_critical_soc=False
2026-02-19T23:39:00.214698+01:00,  soc=32.0,  volt=47.41,  volt_delta=-5.39, volt_rate_per_min=-5.39, volt_status=CRITICAL_LOW, batt_w=-5.0,  batt_mode=idle,  batt_discharge_w=0,  batt_charge_w=5.0,  load_w=2470.0, zone=unknown,  grid_charge=off, ev_charging_active=off, ev_charge_end=2026-02-19 05:00:02, ev_webhook_count=88, max_discharge_a=0, max_charge_a=10, max_grid_charge_a=10, soc_limit_a=44, volt_penalty_a=15, voltage_protected_limit_a=29, soc_power_w=2082, is_critical_soc=False
2026-02-19T23:40:00.215297+01:00,  soc=32.0,  volt=47.41,  volt_delta=-5.39, volt_rate_per_min=-5.39, volt_status=CRITICAL_LOW, batt_w=-5.0,  batt_mode=idle,  batt_discharge_w=0,  batt_charge_w=5.0,  load_w=2419.0, zone=unknown,  grid_charge=off, ev_charging_active=off, ev_charge_end=2026-02-19 05:00:02, ev_webhook_count=88, max_discharge_a=0, max_charge_a=10, max_grid_charge_a=10, soc_limit_a=44, volt_penalty_a=15, voltage_protected_limit_a=29, soc_power_w=2082, is_critical_soc=False
2026-02-19T23:41:00.214774+01:00,  soc=32.0,  volt=47.41,  volt_delta=-5.39, volt_rate_per_min=-5.39, volt_status=CRITICAL_LOW, batt_w=-5.0,  batt_mode=idle,  batt_discharge_w=0,  batt_charge_w=5.0,  load_w=2840.0, zone=unknown,  grid_charge=off, ev_charging_active=off, ev_charge_end=2026-02-19 05:00:02, ev_webhook_count=88, max_discharge_a=0, max_charge_a=10, max_grid_charge_a=10, soc_limit_a=44, volt_penalty_a=15, voltage_protected_limit_a=29, soc_power_w=2082, is_critical_soc=False
2026-02-19T23:42:00.215094+01:00,  soc=32.0,  volt=47.41,  volt_delta=-5.39, volt_rate_per_min=-5.39, volt_status=CRITICAL_LOW, batt_w=-5.0,  batt_mode=idle,  batt_discharge_w=0,  batt_charge_w=5.0,  load_w=3297.0, zone=unknown,  grid_charge=off, ev_charging_active=off, ev_charge_end=2026-02-19 05:00:02, ev_webhook_count=88, max_discharge_a=0, max_charge_a=10, max_grid_charge_a=10, soc_limit_a=44, volt_penalty_a=15, voltage_protected_limit_a=29, soc_power_w=2082, is_critical_soc=False
2026-02-19T23:43:00.215436+01:00,  soc=32.0,  volt=47.41,  volt_delta=-5.39, volt_rate_per_min=-5.39, volt_status=CRITICAL_LOW, batt_w=-5.0,  batt_mode=idle,  batt_discharge_w=0,  batt_charge_w=5.0,  load_w=3576.0, zone=unknown,  grid_charge=off, ev_charging_active=off, ev_charge_end=2026-02-19 05:00:02, ev_webhook_count=88, max_discharge_a=0, max_charge_a=10, max_grid_charge_a=10, soc_limit_a=44, volt_penalty_a=15, voltage_protected_limit_a=29, soc_power_w=2082, is_critical_soc=False
2026-02-19T23:44:00.215274+01:00,  soc=32.0,  volt=47.41,  volt_delta=-5.39, volt_rate_per_min=-5.39, volt_status=CRITICAL_LOW, batt_w=-5.0,  batt_mode=idle,  batt_discharge_w=0,  batt_charge_w=5.0,  load_w=3793.0, zone=unknown,  grid_charge=off, ev_charging_active=off, ev_charge_end=2026-02-19 05:00:02, ev_webhook_count=88, max_discharge_a=0, max_charge_a=10, max_grid_charge_a=10, soc_limit_a=44, volt_penalty_a=15, voltage_protected_limit_a=29, soc_power_w=2082, is_critical_soc=False
2026-02-19T23:45:00.214729+01:00,  soc=32.0,  volt=47.41,  volt_delta=-5.39, volt_rate_per_min=-5.39, volt_status=CRITICAL_LOW, batt_w=-5.0,  batt_mode=idle,  batt_discharge_w=0,  batt_charge_w=5.0,  load_w=3736.0, zone=unknown,  grid_charge=off, ev_charging_active=off, ev_charge_end=2026-02-19 05:00:02, ev_webhook_count=88, max_discharge_a=0, max_charge_a=10, max_grid_charge_a=10, soc_limit_a=44, volt_penalty_a=15, voltage_protected_limit_a=29, soc_power_w=2082, is_critical_soc=False
2026-02-19T23:46:00.214796+01:00,  soc=32.0,  volt=47.38,  volt_delta=-5.42, volt_rate_per_min=-5.42, volt_status=CRITICAL_LOW, batt_w=-14.0,  batt_mode=idle,  batt_discharge_w=0,  batt_charge_w=14.0,  load_w=3736.0, zone=unknown,  grid_charge=off, ev_charging_active=off, ev_charge_end=2026-02-19 05:00:02, ev_webhook_count=88, max_discharge_a=0, max_charge_a=90, max_grid_charge_a=10, soc_limit_a=44, volt_penalty_a=15, voltage_protected_limit_a=29, soc_power_w=2082, is_critical_soc=False
2026-02-19T23:47:00.215571+01:00,  soc=32.0,  volt=47.38,  volt_delta=-5.42, volt_rate_per_min=-5.42, volt_status=CRITICAL_LOW, batt_w=-14.0,  batt_mode=idle,  batt_discharge_w=0,  batt_charge_w=14.0,  load_w=3736.0, zone=unknown,  grid_charge=off, ev_charging_active=off, ev_charge_end=2026-02-19 05:00:02, ev_webhook_count=88, max_discharge_a=0, max_charge_a=90, max_grid_charge_a=64, soc_limit_a=44, volt_penalty_a=15, voltage_protected_limit_a=29, soc_power_w=2082, is_critical_soc=False
2026-02-19T23:48:00.214935+01:00,  soc=32.0,  volt=47.38,  volt_delta=-5.42, volt_rate_per_min=-5.42, volt_status=CRITICAL_LOW, batt_w=-14.0,  batt_mode=idle,  batt_discharge_w=0,  batt_charge_w=14.0,  load_w=3736.0, zone=unknown,  grid_charge=off, ev_charging_active=off, ev_charge_end=2026-02-19 05:00:02, ev_webhook_count=88, max_discharge_a=0, max_charge_a=90, max_grid_charge_a=64, soc_limit_a=44, volt_penalty_a=15, voltage_protected_limit_a=29, soc_power_w=2082, is_critical_soc=False
2026-02-19T23:49:00.215126+01:00,  soc=32.0,  volt=47.93,  volt_delta=-4.87, volt_rate_per_min=-4.87, volt_status=WARNING, batt_w=-14.0,  batt_mode=idle,  batt_discharge_w=0,  batt_charge_w=14.0,  load_w=3798.0, zone=unknown,  grid_charge=off, ev_charging_active=off, ev_charge_end=2026-02-19 05:00:02, ev_webhook_count=88, max_discharge_a=0, max_charge_a=90, max_grid_charge_a=64, soc_limit_a=43, volt_penalty_a=15, voltage_protected_limit_a=28, soc_power_w=2082, is_critical_soc=False
2026-02-19T23:50:00.214675+01:00,  soc=32.0,  volt=47.39,  volt_delta=-5.41, volt_rate_per_min=-5.41, volt_status=CRITICAL_LOW, batt_w=-14.0,  batt_mode=idle,  batt_discharge_w=0,  batt_charge_w=14.0,  load_w=3798.0, zone=unknown,  grid_charge=off, ev_charging_active=off, ev_charge_end=2026-02-19 05:00:02, ev_webhook_count=88, max_discharge_a=0, max_charge_a=90, max_grid_charge_a=64, soc_limit_a=44, volt_penalty_a=15, voltage_protected_limit_a=29, soc_power_w=2082, is_critical_soc=False
2026-02-19T23:51:00.215536+01:00,  soc=32.0,  volt=47.39,  volt_delta=-5.41, volt_rate_per_min=-5.41, volt_status=CRITICAL_LOW, batt_w=-14.0,  batt_mode=idle,  batt_discharge_w=0,  batt_charge_w=14.0,  load_w=3798.0, zone=unknown,  grid_charge=off, ev_charging_active=off, ev_charge_end=2026-02-19 05:00:02, ev_webhook_count=88, max_discharge_a=0, max_charge_a=90, max_grid_charge_a=64, soc_limit_a=44, volt_penalty_a=15, voltage_protected_limit_a=29, soc_power_w=2082, is_critical_soc=False
2026-02-19T23:52:00.214984+01:00,  soc=32.0,  volt=47.39,  volt_delta=-5.41, volt_rate_per_min=-5.41, volt_status=CRITICAL_LOW, batt_w=-14.0,  batt_mode=idle,  batt_discharge_w=0,  batt_charge_w=14.0,  load_w=3798.0, zone=unknown,  grid_charge=off, ev_charging_active=off, ev_charge_end=2026-02-19 05:00:02, ev_webhook_count=88, max_discharge_a=0, max_charge_a=90, max_grid_charge_a=64, soc_limit_a=44, volt_penalty_a=15, voltage_protected_limit_a=29, soc_power_w=2082, is_critical_soc=False
2026-02-19T23:53:00.214839+01:00,  soc=32.0,  volt=47.39,  volt_delta=-5.41, volt_rate_per_min=-5.41, volt_status=CRITICAL_LOW, batt_w=-14.0,  batt_mode=idle,  batt_discharge_w=0,  batt_charge_w=14.0,  load_w=3798.0, zone=unknown,  grid_charge=off, ev_charging_active=off, ev_charge_end=2026-02-19 05:00:02, ev_webhook_count=88, max_discharge_a=0, max_charge_a=90, max_grid_charge_a=64, soc_limit_a=44, volt_penalty_a=15, voltage_protected_limit_a=29, soc_power_w=2082, is_critical_soc=False
2026-02-19T23:54:00.215461+01:00,  soc=32.0,  volt=47.39,  volt_delta=-5.41, volt_rate_per_min=-5.41, volt_status=CRITICAL_LOW, batt_w=-14.0,  batt_mode=idle,  batt_discharge_w=0,  batt_charge_w=14.0,  load_w=3798.0, zone=unknown,  grid_charge=off, ev_charging_active=off, ev_charge_end=2026-02-19 05:00:02, ev_webhook_count=88, max_discharge_a=0, max_charge_a=90, max_grid_charge_a=64, soc_limit_a=44, volt_penalty_a=15, voltage_protected_limit_a=29, soc_power_w=2082, is_critical_soc=False
2026-02-19T23:55:00.214717+01:00,  soc=32.0,  volt=47.39,  volt_delta=-5.41, volt_rate_per_min=-5.41, volt_status=CRITICAL_LOW, batt_w=-14.0,  batt_mode=idle,  batt_discharge_w=0,  batt_charge_w=14.0,  load_w=3821.0, zone=unknown,  grid_charge=off, ev_charging_active=off, ev_charge_end=2026-02-19 05:00:02, ev_webhook_count=88, max_discharge_a=0, max_charge_a=90, max_grid_charge_a=64, soc_limit_a=44, volt_penalty_a=15, voltage_protected_limit_a=29, soc_power_w=2082, is_critical_soc=False
2026-02-19T23:56:00.215280+01:00,  soc=32.0,  volt=47.4,  volt_delta=-5.4, volt_rate_per_min=-5.4, volt_status=CRITICAL_LOW, batt_w=-15.0,  batt_mode=idle,  batt_discharge_w=0,  batt_charge_w=15.0,  load_w=3821.0, zone=unknown,  grid_charge=off, ev_charging_active=off, ev_charge_end=2026-02-19 05:00:02, ev_webhook_count=88, max_discharge_a=0, max_charge_a=90, max_grid_charge_a=64, soc_limit_a=44, volt_penalty_a=15, voltage_protected_limit_a=29, soc_power_w=2082, is_critical_soc=False
2026-02-19T23:57:00.215533+01:00,  soc=32.0,  volt=47.4,  volt_delta=-5.4, volt_rate_per_min=-5.4, volt_status=CRITICAL_LOW, batt_w=-15.0,  batt_mode=idle,  batt_discharge_w=0,  batt_charge_w=15.0,  load_w=3821.0, zone=unknown,  grid_charge=off, ev_charging_active=off, ev_charge_end=2026-02-19 05:00:02, ev_webhook_count=88, max_discharge_a=0, max_charge_a=90, max_grid_charge_a=64, soc_limit_a=44, volt_penalty_a=15, voltage_protected_limit_a=29, soc_power_w=2082, is_critical_soc=False
2026-02-19T23:58:00.215441+01:00,  soc=32.0,  volt=47.4,  volt_delta=-5.4, volt_rate_per_min=-5.4, volt_status=CRITICAL_LOW, batt_w=-15.0,  batt_mode=idle,  batt_discharge_w=0,  batt_charge_w=15.0,  load_w=3821.0, zone=unknown,  grid_charge=off, ev_charging_active=off, ev_charge_end=2026-02-19 05:00:02, ev_webhook_count=88, max_discharge_a=0, max_charge_a=90, max_grid_charge_a=64, soc_limit_a=44, volt_penalty_a=15, voltage_protected_limit_a=29, soc_power_w=2082, is_critical_soc=False
2026-02-19T23:59:00.215284+01:00,  soc=32.0,  volt=47.4,  volt_delta=-5.4, volt_rate_per_min=-5.4, volt_status=CRITICAL_LOW, batt_w=-15.0,  batt_mode=idle,  batt_discharge_w=0,  batt_charge_w=15.0,  load_w=3821.0, zone=unknown,  grid_charge=off, ev_charging_active=off, ev_charge_end=2026-02-19 05:00:02, ev_webhook_count=88, max_discharge_a=0, max_charge_a=90, max_grid_charge_a=64, soc_limit_a=44, volt_penalty_a=15, voltage_protected_limit_a=29, soc_power_w=2082, is_critical_soc=False
2026-02-20T00:00:00.215474+01:00,  soc=32.0,  volt=47.4,  volt_delta=-5.4, volt_rate_per_min=-5.4, volt_status=CRITICAL_LOW, batt_w=-15.0,  batt_mode=idle,  batt_discharge_w=0,  batt_charge_w=15.0,  load_w=3816.0, zone=unknown,  grid_charge=off, ev_charging_active=off, ev_charge_end=2026-02-19 05:00:02, ev_webhook_count=88, max_discharge_a=0, max_charge_a=90, max_grid_charge_a=64, soc_limit_a=44, volt_penalty_a=15, voltage_protected_limit_a=29, soc_power_w=2082, is_critical_soc=False
2026-02-20T00:01:00.214689+01:00,  soc=32.0,  volt=47.4,  volt_delta=-5.4, volt_rate_per_min=-5.4, volt_status=CRITICAL_LOW, batt_w=-15.0,  batt_mode=idle,  batt_discharge_w=0,  batt_charge_w=15.0,  load_w=3816.0, zone=unknown,  grid_charge=on, ev_charging_active=off, ev_charge_end=2026-02-19 05:00:02, ev_webhook_count=88, max_discharge_a=0, max_charge_a=90, max_grid_charge_a=64, soc_limit_a=44, volt_penalty_a=15, voltage_protected_limit_a=29, soc_power_w=2082, is_critical_soc=False
2026-02-20T00:02:00.214591+01:00,  soc=32.0,  volt=47.4,  volt_delta=-5.4, volt_rate_per_min=-5.4, volt_status=CRITICAL_LOW, batt_w=-15.0,  batt_mode=idle,  batt_discharge_w=0,  batt_charge_w=15.0,  load_w=3816.0, zone=unknown,  grid_charge=on, ev_charging_active=off, ev_charge_end=2026-02-19 05:00:02, ev_webhook_count=88, max_discharge_a=0, max_charge_a=90, max_grid_charge_a=64, soc_limit_a=44, volt_penalty_a=15, voltage_protected_limit_a=29, soc_power_w=2082, is_critical_soc=False
2026-02-20T00:03:00.215013+01:00,  soc=32.0,  volt=48.51,  volt_delta=-4.29, volt_rate_per_min=-4.29, volt_status=CAUTION, batt_w=-2873.0,  batt_mode=charge,  batt_discharge_w=0,  batt_charge_w=2873.0,  load_w=3816.0, zone=unknown,  grid_charge=on, ev_charging_active=off, ev_charge_end=2026-02-19 05:00:02, ev_webhook_count=88, max_discharge_a=0, max_charge_a=90, max_grid_charge_a=64, soc_limit_a=43, volt_penalty_a=10, voltage_protected_limit_a=33, soc_power_w=2082, is_critical_soc=False
2026-02-20T00:04:00.215112+01:00,  soc=32.0,  volt=49.58,  volt_delta=-3.22, volt_rate_per_min=-3.22, volt_status=CAUTION, batt_w=-2873.0,  batt_mode=charge,  batt_discharge_w=0,  batt_charge_w=2873.0,  load_w=3816.0, zone=unknown,  grid_charge=on, ev_charging_active=off, ev_charge_end=2026-02-19 05:00:02, ev_webhook_count=88, max_discharge_a=0, max_charge_a=90, max_grid_charge_a=64, soc_limit_a=42, volt_penalty_a=10, voltage_protected_limit_a=32, soc_power_w=2082, is_critical_soc=False
2026-02-20T00:05:00.215047+01:00,  soc=33.0,  volt=50.25,  volt_delta=-2.55, volt_rate_per_min=-2.55, volt_status=NORMAL, batt_w=-2938.0,  batt_mode=charge,  batt_discharge_w=0,  batt_charge_w=2938.0,  load_w=3594.0, zone=unknown,  grid_charge=on, ev_charging_active=off, ev_charge_end=2026-02-19 05:00:02, ev_webhook_count=88, max_discharge_a=0, max_charge_a=90, max_grid_charge_a=64, soc_limit_a=44, volt_penalty_a=10, voltage_protected_limit_a=34, soc_power_w=2198, is_critical_soc=False
2026-02-20T00:06:00.215618+01:00,  soc=33.0,  volt=50.8,  volt_delta=-2.0, volt_rate_per_min=-2.0, volt_status=NORMAL, batt_w=-2995.0,  batt_mode=charge,  batt_discharge_w=0,  batt_charge_w=2995.0,  load_w=3594.0, zone=unknown,  grid_charge=on, ev_charging_active=off, ev_charge_end=2026-02-19 05:00:02, ev_webhook_count=88, max_discharge_a=0, max_charge_a=90, max_grid_charge_a=64, soc_limit_a=43, volt_penalty_a=10, voltage_protected_limit_a=33, soc_power_w=2198, is_critical_soc=False
2026-02-20T00:07:00.215053+01:00,  soc=34.0,  volt=51.23,  volt_delta=-1.57, volt_rate_per_min=-1.57, volt_status=NORMAL, batt_w=-2995.0,  batt_mode=charge,  batt_discharge_w=0,  batt_charge_w=2995.0,  load_w=3594.0, zone=unknown,  grid_charge=on, ev_charging_active=off, ev_charge_end=2026-02-19 05:00:02, ev_webhook_count=88, max_discharge_a=0, max_charge_a=90, max_grid_charge_a=64, soc_limit_a=45, volt_penalty_a=10, voltage_protected_limit_a=35, soc_power_w=2318, is_critical_soc=False
2026-02-20T00:08:00.215252+01:00,  soc=34.0,  volt=51.6,  volt_delta=-1.2, volt_rate_per_min=-1.2, volt_status=NORMAL, batt_w=-2995.0,  batt_mode=charge,  batt_discharge_w=0,  batt_charge_w=2995.0,  load_w=3594.0, zone=unknown,  grid_charge=on, ev_charging_active=off, ev_charge_end=2026-02-19 05:00:02, ev_webhook_count=88, max_discharge_a=0, max_charge_a=90, max_grid_charge_a=64, soc_limit_a=45, volt_penalty_a=10, voltage_protected_limit_a=35, soc_power_w=2318, is_critical_soc=False
2026-02-20T00:09:00.214819+01:00,  soc=35.0,  volt=51.95,  volt_delta=-0.85, volt_rate_per_min=-0.85, volt_status=NORMAL, batt_w=-3052.0,  batt_mode=charge,  batt_discharge_w=0,  batt_charge_w=3052.0,  load_w=3594.0, zone=unknown,  grid_charge=on, ev_charging_active=off, ev_charge_end=2026-02-19 05:00:02, ev_webhook_count=88, max_discharge_a=30, max_charge_a=90, max_grid_charge_a=64, soc_limit_a=47, volt_penalty_a=10, voltage_protected_limit_a=37, soc_power_w=2444, is_critical_soc=False
2026-02-20T00:10:00.215756+01:00,  soc=35.0,  volt=52.26,  volt_delta=-0.54, volt_rate_per_min=-0.54, volt_status=NORMAL, batt_w=-3052.0,  batt_mode=charge,  batt_discharge_w=0,  batt_charge_w=3052.0,  load_w=3594.0, zone=unknown,  grid_charge=on, ev_charging_active=off, ev_charge_end=2026-02-19 05:00:02, ev_webhook_count=88, max_discharge_a=30, max_charge_a=90, max_grid_charge_a=64, soc_limit_a=47, volt_penalty_a=10, voltage_protected_limit_a=37, soc_power_w=2444, is_critical_soc=False
2026-02-20T00:11:00.216644+01:00,  soc=36.0,  volt=52.38,  volt_delta=-0.42, volt_rate_per_min=-0.42, volt_status=NORMAL, batt_w=-3052.0,  batt_mode=charge,  batt_discharge_w=0,  batt_charge_w=3052.0,  load_w=3606.0, zone=unknown,  grid_charge=on, ev_charging_active=off, ev_charge_end=2026-02-19 05:00:02, ev_webhook_count=88, max_discharge_a=31, max_charge_a=90, max_grid_charge_a=64, soc_limit_a=49, volt_penalty_a=10, voltage_protected_limit_a=39, soc_power_w=2575, is_critical_soc=False
2026-02-20T00:12:00.215364+01:00,  soc=36.0,  volt=52.55,  volt_delta=-0.25, volt_rate_per_min=-0.25, volt_status=NORMAL, batt_w=-3104.0,  batt_mode=charge,  batt_discharge_w=0,  batt_charge_w=3104.0,  load_w=3606.0, zone=unknown,  grid_charge=on, ev_charging_active=off, ev_charge_end=2026-02-19 05:00:02, ev_webhook_count=88, max_discharge_a=31, max_charge_a=90, max_grid_charge_a=64, soc_limit_a=49, volt_penalty_a=5, voltage_protected_limit_a=44, soc_power_w=2575, is_critical_soc=False
2026-02-20T00:13:00.214706+01:00,  soc=37.0,  volt=52.66,  volt_delta=-0.14, volt_rate_per_min=-0.14, volt_status=NORMAL, batt_w=-3104.0,  batt_mode=charge,  batt_discharge_w=0,  batt_charge_w=3104.0,  load_w=3606.0, zone=unknown,  grid_charge=on, ev_charging_active=off, ev_charge_end=2026-02-19 05:00:02, ev_webhook_count=88, max_discharge_a=32, max_charge_a=90, max_grid_charge_a=64, soc_limit_a=51, volt_penalty_a=0, voltage_protected_limit_a=51, soc_power_w=2711, is_critical_soc=False
2026-02-20T00:14:00.215015+01:00,  soc=37.0,  volt=52.66,  volt_delta=-0.14, volt_rate_per_min=-0.14, volt_status=NORMAL, batt_w=-3104.0,  batt_mode=charge,  batt_discharge_w=0,  batt_charge_w=3104.0,  load_w=3539.0, zone=unknown,  grid_charge=on, ev_charging_active=off, ev_charge_end=2026-02-19 05:00:02, ev_webhook_count=88, max_discharge_a=32, max_charge_a=90, max_grid_charge_a=64, soc_limit_a=51, volt_penalty_a=0, voltage_protected_limit_a=51, soc_power_w=2711, is_critical_soc=False
2026-02-20T00:15:00.215083+01:00,  soc=38.0,  volt=52.66,  volt_delta=-0.14, volt_rate_per_min=-0.14, volt_status=NORMAL, batt_w=-3104.0,  batt_mode=charge,  batt_discharge_w=0,  batt_charge_w=3104.0,  load_w=3188.0, zone=unknown,  grid_charge=on, ev_charging_active=off, ev_charge_end=2026-02-19 05:00:02, ev_webhook_count=88, max_discharge_a=33, max_charge_a=90, max_grid_charge_a=64, soc_limit_a=54, volt_penalty_a=0, voltage_protected_limit_a=54, soc_power_w=2852, is_critical_soc=False
2026-02-20T00:16:00.215554+01:00,  soc=38.0,  volt=52.74,  volt_delta=-0.06, volt_rate_per_min=-0.06, volt_status=NORMAL, batt_w=-3109.0,  batt_mode=charge,  batt_discharge_w=0,  batt_charge_w=3109.0,  load_w=3212.0, zone=unknown,  grid_charge=on, ev_charging_active=off, ev_charge_end=2026-02-19 05:00:02, ev_webhook_count=88, max_discharge_a=33, max_charge_a=90, max_grid_charge_a=64, soc_limit_a=54, volt_penalty_a=0, voltage_protected_limit_a=54, soc_power_w=2852, is_critical_soc=False
2026-02-20T00:17:00.214898+01:00,  soc=39.0,  volt=51.83,  volt_delta=-0.97, volt_rate_per_min=-0.97, volt_status=NORMAL, batt_w=88.0,  batt_mode=discharge,  batt_discharge_w=88.0,  batt_charge_w=0,  load_w=3212.0, zone=unknown,  grid_charge=off, ev_charging_active=off, ev_charge_end=2026-02-19 05:00:02, ev_webhook_count=88, max_discharge_a=34, max_charge_a=90, max_grid_charge_a=64, soc_limit_a=58, volt_penalty_a=10, voltage_protected_limit_a=48, soc_power_w=2999, is_critical_soc=False
2026-02-20T00:18:00.216658+01:00,  soc=39.0,  volt=51.73,  volt_delta=-1.07, volt_rate_per_min=-1.07, volt_status=NORMAL, batt_w=-16.0,  batt_mode=idle,  batt_discharge_w=0,  batt_charge_w=16.0,  load_w=5224.0, zone=unknown,  grid_charge=off, ev_charging_active=off, ev_charge_end=2026-02-19 05:00:02, ev_webhook_count=88, max_discharge_a=34, max_charge_a=90, max_grid_charge_a=64, soc_limit_a=58, volt_penalty_a=10, voltage_protected_limit_a=48, soc_power_w=2999, is_critical_soc=False
2026-02-20T00:19:00.215090+01:00,  soc=39.0,  volt=51.62,  volt_delta=-1.18, volt_rate_per_min=-1.18, volt_status=NORMAL, batt_w=-16.0,  batt_mode=idle,  batt_discharge_w=0,  batt_charge_w=16.0,  load_w=3350.0, zone=unknown,  grid_charge=off, ev_charging_active=off, ev_charge_end=2026-02-19 05:00:02, ev_webhook_count=88, max_discharge_a=34, max_charge_a=90, max_grid_charge_a=64, soc_limit_a=58, volt_penalty_a=10, voltage_protected_limit_a=48, soc_power_w=2999, is_critical_soc=False
2026-02-20T00:20:00.215381+01:00,  soc=39.0,  volt=51.62,  volt_delta=-1.18, volt_rate_per_min=-1.18, volt_status=NORMAL, batt_w=-16.0,  batt_mode=idle,  batt_discharge_w=0,  batt_charge_w=16.0,  load_w=3350.0, zone=unknown,  grid_charge=off, ev_charging_active=off, ev_charge_end=2026-02-19 05:00:02, ev_webhook_count=88, max_discharge_a=34, max_charge_a=90, max_grid_charge_a=64, soc_limit_a=58, volt_penalty_a=10, voltage_protected_limit_a=48, soc_power_w=2999, is_critical_soc=False
2026-02-20T00:21:00.215735+01:00,  soc=39.0,  volt=51.62,  volt_delta=-1.18, volt_rate_per_min=-1.18, volt_status=NORMAL, batt_w=-16.0,  batt_mode=idle,  batt_discharge_w=0,  batt_charge_w=16.0,  load_w=3346.0, zone=unknown,  grid_charge=off, ev_charging_active=off, ev_charge_end=2026-02-19 05:00:02, ev_webhook_count=88, max_discharge_a=34, max_charge_a=90, max_grid_charge_a=64, soc_limit_a=58, volt_penalty_a=10, voltage_protected_limit_a=48, soc_power_w=2999, is_critical_soc=False
2026-02-20T00:22:00.215144+01:00,  soc=39.0,  volt=51.52,  volt_delta=-1.28, volt_rate_per_min=-1.28, volt_status=NORMAL, batt_w=-16.0,  batt_mode=idle,  batt_discharge_w=0,  batt_charge_w=16.0,  load_w=3346.0, zone=unknown,  grid_charge=off, ev_charging_active=off, ev_charge_end=2026-02-19 05:00:02, ev_webhook_count=88, max_discharge_a=34, max_charge_a=90, max_grid_charge_a=64, soc_limit_a=58, volt_penalty_a=10, voltage_protected_limit_a=48, soc_power_w=2999, is_critical_soc=False
2026-02-20T00:23:00.215606+01:00,  soc=39.0,  volt=51.52,  volt_delta=-1.28, volt_rate_per_min=-1.28, volt_status=NORMAL, batt_w=-16.0,  batt_mode=idle,  batt_discharge_w=0,  batt_charge_w=16.0,  load_w=3346.0, zone=unknown,  grid_charge=off, ev_charging_active=off, ev_charge_end=2026-02-19 05:00:02, ev_webhook_count=88, max_discharge_a=34, max_charge_a=90, max_grid_charge_a=64, soc_limit_a=58, volt_penalty_a=10, voltage_protected_limit_a=48, soc_power_w=2999, is_critical_soc=False
2026-02-20T00:24:00.215945+01:00,  soc=39.0,  volt=51.52,  volt_delta=-1.28, volt_rate_per_min=-1.28, volt_status=NORMAL, batt_w=-16.0,  batt_mode=idle,  batt_discharge_w=0,  batt_charge_w=16.0,  load_w=3346.0, zone=unknown,  grid_charge=off, ev_charging_active=off, ev_charge_end=2026-02-19 05:00:02, ev_webhook_count=88, max_discharge_a=34, max_charge_a=90, max_grid_charge_a=64, soc_limit_a=58, volt_penalty_a=10, voltage_protected_limit_a=48, soc_power_w=2999, is_critical_soc=False
2026-02-20T00:25:00.214878+01:00,  soc=39.0,  volt=51.52,  volt_delta=-1.28, volt_rate_per_min=-1.28, volt_status=NORMAL, batt_w=-16.0,  batt_mode=idle,  batt_discharge_w=0,  batt_charge_w=16.0,  load_w=3346.0, zone=unknown,  grid_charge=off, ev_charging_active=off, ev_charge_end=2026-02-19 05:00:02, ev_webhook_count=88, max_discharge_a=34, max_charge_a=90, max_grid_charge_a=64, soc_limit_a=58, volt_penalty_a=10, voltage_protected_limit_a=48, soc_power_w=2999, is_critical_soc=False
2026-02-20T00:26:00.215337+01:00,  soc=39.0,  volt=51.5,  volt_delta=-1.3, volt_rate_per_min=-1.3, volt_status=NORMAL, batt_w=-15.0,  batt_mode=idle,  batt_discharge_w=0,  batt_charge_w=15.0,  load_w=3346.0, zone=unknown,  grid_charge=off, ev_charging_active=off, ev_charge_end=2026-02-19 05:00:02, ev_webhook_count=88, max_discharge_a=34, max_charge_a=90, max_grid_charge_a=64, soc_limit_a=58, volt_penalty_a=10, voltage_protected_limit_a=48, soc_power_w=2999, is_critical_soc=False
2026-02-20T00:27:00.215069+01:00,  soc=39.0,  volt=51.5,  volt_delta=-1.3, volt_rate_per_min=-1.3, volt_status=NORMAL, batt_w=-15.0,  batt_mode=idle,  batt_discharge_w=0,  batt_charge_w=15.0,  load_w=3375.0, zone=unknown,  grid_charge=off, ev_charging_active=off, ev_charge_end=2026-02-19 05:00:02, ev_webhook_count=88, max_discharge_a=34, max_charge_a=90, max_grid_charge_a=64, soc_limit_a=58, volt_penalty_a=10, voltage_protected_limit_a=48, soc_power_w=2999, is_critical_soc=False
2026-02-20T00:28:00.215176+01:00,  soc=39.0,  volt=51.5,  volt_delta=-1.3, volt_rate_per_min=-1.3, volt_status=NORMAL, batt_w=-15.0,  batt_mode=idle,  batt_discharge_w=0,  batt_charge_w=15.0,  load_w=3375.0, zone=unknown,  grid_charge=off, ev_charging_active=off, ev_charge_end=2026-02-19 05:00:02, ev_webhook_count=88, max_discharge_a=34, max_charge_a=90, max_grid_charge_a=64, soc_limit_a=58, volt_penalty_a=10, voltage_protected_limit_a=48, soc_power_w=2999, is_critical_soc=False
2026-02-20T00:29:00.215467+01:00,  soc=39.0,  volt=51.5,  volt_delta=-1.3, volt_rate_per_min=-1.3, volt_status=NORMAL, batt_w=-15.0,  batt_mode=idle,  batt_discharge_w=0,  batt_charge_w=15.0,  load_w=3375.0, zone=unknown,  grid_charge=off, ev_charging_active=off, ev_charge_end=2026-02-19 05:00:02, ev_webhook_count=88, max_discharge_a=34, max_charge_a=90, max_grid_charge_a=64, soc_limit_a=58, volt_penalty_a=10, voltage_protected_limit_a=48, soc_power_w=2999, is_critical_soc=False
2026-02-20T00:30:00.216459+01:00,  soc=39.0,  volt=51.5,  volt_delta=-1.3, volt_rate_per_min=-1.3, volt_status=NORMAL, batt_w=-15.0,  batt_mode=idle,  batt_discharge_w=0,  batt_charge_w=15.0,  load_w=3375.0, zone=unknown,  grid_charge=off, ev_charging_active=off, ev_charge_end=2026-02-19 05:00:02, ev_webhook_count=88, max_discharge_a=34, max_charge_a=90, max_grid_charge_a=64, soc_limit_a=58, volt_penalty_a=10, voltage_protected_limit_a=48, soc_power_w=2999, is_critical_soc=False
2026-02-20T00:31:00.214798+01:00,  soc=39.0,  volt=51.5,  volt_delta=-1.3, volt_rate_per_min=-1.3, volt_status=NORMAL, batt_w=-15.0,  batt_mode=idle,  batt_discharge_w=0,  batt_charge_w=15.0,  load_w=3375.0, zone=unknown,  grid_charge=off, ev_charging_active=off, ev_charge_end=2026-02-19 05:00:02, ev_webhook_count=88, max_discharge_a=34, max_charge_a=90, max_grid_charge_a=64, soc_limit_a=58, volt_penalty_a=10, voltage_protected_limit_a=48, soc_power_w=2999, is_critical_soc=False
2026-02-20T00:32:00.214743+01:00,  soc=39.0,  volt=51.5,  volt_delta=-1.3, volt_rate_per_min=-1.3, volt_status=NORMAL, batt_w=-15.0,  batt_mode=idle,  batt_discharge_w=0,  batt_charge_w=15.0,  load_w=3370.0, zone=unknown,  grid_charge=off, ev_charging_active=off, ev_charge_end=2026-02-19 05:00:02, ev_webhook_count=88, max_discharge_a=34, max_charge_a=90, max_grid_charge_a=64, soc_limit_a=58, volt_penalty_a=10, voltage_protected_limit_a=48, soc_power_w=2999, is_critical_soc=False
2026-02-20T00:33:00.214866+01:00,  soc=39.0,  volt=51.5,  volt_delta=-1.3, volt_rate_per_min=-1.3, volt_status=NORMAL, batt_w=-15.0,  batt_mode=idle,  batt_discharge_w=0,  batt_charge_w=15.0,  load_w=3370.0, zone=unknown,  grid_charge=off, ev_charging_active=off, ev_charge_end=2026-02-19 05:00:02, ev_webhook_count=88, max_discharge_a=34, max_charge_a=90, max_grid_charge_a=64, soc_limit_a=58, volt_penalty_a=10, voltage_protected_limit_a=48, soc_power_w=2999, is_critical_soc=False
2026-02-20T00:34:00.214663+01:00,  soc=39.0,  volt=51.5,  volt_delta=-1.3, volt_rate_per_min=-1.3, volt_status=NORMAL, batt_w=-15.0,  batt_mode=idle,  batt_discharge_w=0,  batt_charge_w=15.0,  load_w=3370.0, zone=unknown,  grid_charge=off, ev_charging_active=off, ev_charge_end=2026-02-19 05:00:02, ev_webhook_count=88, max_discharge_a=34, max_charge_a=90, max_grid_charge_a=64, soc_limit_a=58, volt_penalty_a=10, voltage_protected_limit_a=48, soc_power_w=2999, is_critical_soc=False
2026-02-20T00:35:00.215876+01:00,  soc=39.0,  volt=51.5,  volt_delta=-1.3, volt_rate_per_min=-1.3, volt_status=NORMAL, batt_w=-15.0,  batt_mode=idle,  batt_discharge_w=0,  batt_charge_w=15.0,  load_w=3370.0, zone=unknown,  grid_charge=off, ev_charging_active=off, ev_charge_end=2026-02-19 05:00:02, ev_webhook_count=88, max_discharge_a=34, max_charge_a=90, max_grid_charge_a=64, soc_limit_a=58, volt_penalty_a=10, voltage_protected_limit_a=48, soc_power_w=2999, is_critical_soc=False
2026-02-20T00:36:00.214681+01:00,  soc=39.0,  volt=51.49,  volt_delta=-1.31, volt_rate_per_min=-1.31, volt_status=NORMAL, batt_w=-15.0,  batt_mode=idle,  batt_discharge_w=0,  batt_charge_w=15.0,  load_w=3406.0, zone=unknown,  grid_charge=off, ev_charging_active=off, ev_charge_end=2026-02-19 05:00:02, ev_webhook_count=88, max_discharge_a=34, max_charge_a=90, max_grid_charge_a=64, soc_limit_a=58, volt_penalty_a=10, voltage_protected_limit_a=48, soc_power_w=2999, is_critical_soc=False
2026-02-20T00:37:00.215576+01:00,  soc=39.0,  volt=51.49,  volt_delta=-1.31, volt_rate_per_min=-1.31, volt_status=NORMAL, batt_w=-15.0,  batt_mode=idle,  batt_discharge_w=0,  batt_charge_w=15.0,  load_w=3399.0, zone=unknown,  grid_charge=off, ev_charging_active=off, ev_charge_end=2026-02-19 05:00:02, ev_webhook_count=88, max_discharge_a=34, max_charge_a=90, max_grid_charge_a=64, soc_limit_a=58, volt_penalty_a=10, voltage_protected_limit_a=48, soc_power_w=2999, is_critical_soc=False
2026-02-20T00:38:00.214846+01:00,  soc=39.0,  volt=51.49,  volt_delta=-1.31, volt_rate_per_min=-1.31, volt_status=NORMAL, batt_w=-15.0,  batt_mode=idle,  batt_discharge_w=0,  batt_charge_w=15.0,  load_w=3399.0, zone=unknown,  grid_charge=off, ev_charging_active=off, ev_charge_end=2026-02-19 05:00:02, ev_webhook_count=88, max_discharge_a=34, max_charge_a=90, max_grid_charge_a=64, soc_limit_a=58, volt_penalty_a=10, voltage_protected_limit_a=48, soc_power_w=2999, is_critical_soc=False
2026-02-20T00:39:00.215857+01:00,  soc=39.0,  volt=51.49,  volt_delta=-1.31, volt_rate_per_min=-1.31, volt_status=NORMAL, batt_w=-15.0,  batt_mode=idle,  batt_discharge_w=0,  batt_charge_w=15.0,  load_w=3399.0, zone=unknown,  grid_charge=off, ev_charging_active=off, ev_charge_end=2026-02-19 05:00:02, ev_webhook_count=88, max_discharge_a=34, max_charge_a=90, max_grid_charge_a=64, soc_limit_a=58, volt_penalty_a=10, voltage_protected_limit_a=48, soc_power_w=2999, is_critical_soc=False
2026-02-20T00:40:00.215203+01:00,  soc=39.0,  volt=51.49,  volt_delta=-1.31, volt_rate_per_min=-1.31, volt_status=NORMAL, batt_w=-15.0,  batt_mode=idle,  batt_discharge_w=0,  batt_charge_w=15.0,  load_w=3399.0, zone=unknown,  grid_charge=off, ev_charging_active=off, ev_charge_end=2026-02-19 05:00:02, ev_webhook_count=88, max_discharge_a=34, max_charge_a=90, max_grid_charge_a=64, soc_limit_a=58, volt_penalty_a=10, voltage_protected_limit_a=48, soc_power_w=2999, is_critical_soc=False
2026-02-20T00:41:00.215056+01:00,  soc=39.0,  volt=51.49,  volt_delta=-1.31, volt_rate_per_min=-1.31, volt_status=NORMAL, batt_w=-15.0,  batt_mode=idle,  batt_discharge_w=0,  batt_charge_w=15.0,  load_w=3399.0, zone=unknown,  grid_charge=off, ev_charging_active=off, ev_charge_end=2026-02-19 05:00:02, ev_webhook_count=88, max_discharge_a=34, max_charge_a=90, max_grid_charge_a=64, soc_limit_a=58, volt_penalty_a=10, voltage_protected_limit_a=48, soc_power_w=2999, is_critical_soc=False
2026-02-20T00:42:00.215061+01:00,  soc=39.0,  volt=51.49,  volt_delta=-1.31, volt_rate_per_min=-1.31, volt_status=NORMAL, batt_w=-15.0,  batt_mode=idle,  batt_discharge_w=0,  batt_charge_w=15.0,  load_w=3399.0, zone=unknown,  grid_charge=off, ev_charging_active=off, ev_charge_end=2026-02-19 05:00:02, ev_webhook_count=88, max_discharge_a=34, max_charge_a=90, max_grid_charge_a=64, soc_limit_a=58, volt_penalty_a=10, voltage_protected_limit_a=48, soc_power_w=2999, is_critical_soc=False
2026-02-20T00:43:00.215405+01:00,  soc=39.0,  volt=51.49,  volt_delta=-1.31, volt_rate_per_min=-1.31, volt_status=NORMAL, batt_w=-15.0,  batt_mode=idle,  batt_discharge_w=0,  batt_charge_w=15.0,  load_w=3396.0, zone=unknown,  grid_charge=off, ev_charging_active=off, ev_charge_end=2026-02-19 05:00:02, ev_webhook_count=88, max_discharge_a=34, max_charge_a=90, max_grid_charge_a=64, soc_limit_a=58, volt_penalty_a=10, voltage_protected_limit_a=48, soc_power_w=2999, is_critical_soc=False
2026-02-20T00:44:00.215186+01:00,  soc=39.0,  volt=51.49,  volt_delta=-1.31, volt_rate_per_min=-1.31, volt_status=NORMAL, batt_w=-15.0,  batt_mode=idle,  batt_discharge_w=0,  batt_charge_w=15.0,  load_w=3344.0, zone=unknown,  grid_charge=off, ev_charging_active=off, ev_charge_end=2026-02-19 05:00:02, ev_webhook_count=88, max_discharge_a=34, max_charge_a=90, max_grid_charge_a=64, soc_limit_a=58, volt_penalty_a=10, voltage_protected_limit_a=48, soc_power_w=2999, is_critical_soc=False
2026-02-20T00:45:00.216060+01:00,  soc=39.0,  volt=51.49,  volt_delta=-1.31, volt_rate_per_min=-1.31, volt_status=NORMAL, batt_w=-15.0,  batt_mode=idle,  batt_discharge_w=0,  batt_charge_w=15.0,  load_w=3344.0, zone=unknown,  grid_charge=off, ev_charging_active=off, ev_charge_end=2026-02-19 05:00:02, ev_webhook_count=88, max_discharge_a=34, max_charge_a=90, max_grid_charge_a=64, soc_limit_a=58, volt_penalty_a=10, voltage_protected_limit_a=48, soc_power_w=2999, is_critical_soc=False
2026-02-20T00:46:00.214599+01:00,  soc=39.0,  volt=51.48,  volt_delta=-1.32, volt_rate_per_min=-1.32, volt_status=NORMAL, batt_w=-15.0,  batt_mode=idle,  batt_discharge_w=0,  batt_charge_w=15.0,  load_w=3344.0, zone=unknown,  grid_charge=off, ev_charging_active=off, ev_charge_end=2026-02-19 05:00:02, ev_webhook_count=88, max_discharge_a=34, max_charge_a=90, max_grid_charge_a=64, soc_limit_a=58, volt_penalty_a=10, voltage_protected_limit_a=48, soc_power_w=2999, is_critical_soc=False
2026-02-20T00:47:00.215644+01:00,  soc=39.0,  volt=51.48,  volt_delta=-1.32, volt_rate_per_min=-1.32, volt_status=NORMAL, batt_w=-15.0,  batt_mode=idle,  batt_discharge_w=0,  batt_charge_w=15.0,  load_w=735.0, zone=unknown,  grid_charge=off, ev_charging_active=off, ev_charge_end=2026-02-19 05:00:02, ev_webhook_count=88, max_discharge_a=34, max_charge_a=90, max_grid_charge_a=64, soc_limit_a=58, volt_penalty_a=10, voltage_protected_limit_a=48, soc_power_w=2999, is_critical_soc=False
2026-02-20T00:48:00.214987+01:00,  soc=39.0,  volt=51.48,  volt_delta=-1.32, volt_rate_per_min=-1.32, volt_status=NORMAL, batt_w=-15.0,  batt_mode=idle,  batt_discharge_w=0,  batt_charge_w=15.0,  load_w=684.0, zone=unknown,  grid_charge=off, ev_charging_active=off, ev_charge_end=2026-02-19 05:00:02, ev_webhook_count=88, max_discharge_a=34, max_charge_a=90, max_grid_charge_a=64, soc_limit_a=58, volt_penalty_a=10, voltage_protected_limit_a=48, soc_power_w=2999, is_critical_soc=False
2026-02-20T00:49:00.215713+01:00,  soc=39.0,  volt=51.48,  volt_delta=-1.32, volt_rate_per_min=-1.32, volt_status=NORMAL, batt_w=-15.0,  batt_mode=idle,  batt_discharge_w=0,  batt_charge_w=15.0,  load_w=599.0, zone=unknown,  grid_charge=off, ev_charging_active=off, ev_charge_end=2026-02-19 05:00:02, ev_webhook_count=88, max_discharge_a=34, max_charge_a=90, max_grid_charge_a=64, soc_limit_a=58, volt_penalty_a=10, voltage_protected_limit_a=48, soc_power_w=2999, is_critical_soc=False
2026-02-20T00:50:00.215139+01:00,  soc=39.0,  volt=51.48,  volt_delta=-1.32, volt_rate_per_min=-1.32, volt_status=NORMAL, batt_w=-15.0,  batt_mode=idle,  batt_discharge_w=0,  batt_charge_w=15.0,  load_w=220.0, zone=unknown,  grid_charge=off, ev_charging_active=off, ev_charge_end=2026-02-19 05:00:02, ev_webhook_count=88, max_discharge_a=34, max_charge_a=90, max_grid_charge_a=64, soc_limit_a=58, volt_penalty_a=10, voltage_protected_limit_a=48, soc_power_w=2999, is_critical_soc=False
2026-02-20T00:51:00.214911+01:00,  soc=39.0,  volt=51.48,  volt_delta=-1.32, volt_rate_per_min=-1.32, volt_status=NORMAL, batt_w=-15.0,  batt_mode=idle,  batt_discharge_w=0,  batt_charge_w=15.0,  load_w=220.0, zone=unknown,  grid_charge=off, ev_charging_active=off, ev_charge_end=2026-02-19 05:00:02, ev_webhook_count=88, max_discharge_a=34, max_charge_a=90, max_grid_charge_a=64, soc_limit_a=58, volt_penalty_a=10, voltage_protected_limit_a=48, soc_power_w=2999, is_critical_soc=False
2026-02-20T00:52:00.215485+01:00,  soc=39.0,  volt=51.48,  volt_delta=-1.32, volt_rate_per_min=-1.32, volt_status=NORMAL, batt_w=-15.0,  batt_mode=idle,  batt_discharge_w=0,  batt_charge_w=15.0,  load_w=297.0, zone=unknown,  grid_charge=off, ev_charging_active=off, ev_charge_end=2026-02-19 05:00:02, ev_webhook_count=88, max_discharge_a=34, max_charge_a=90, max_grid_charge_a=64, soc_limit_a=58, volt_penalty_a=10, voltage_protected_limit_a=48, soc_power_w=2999, is_critical_soc=False
2026-02-20T00:53:00.214870+01:00,  soc=39.0,  volt=51.48,  volt_delta=-1.32, volt_rate_per_min=-1.32, volt_status=NORMAL, batt_w=-15.0,  batt_mode=idle,  batt_discharge_w=0,  batt_charge_w=15.0,  load_w=2426.0, zone=unknown,  grid_charge=off, ev_charging_active=off, ev_charge_end=2026-02-19 05:00:02, ev_webhook_count=88, max_discharge_a=34, max_charge_a=90, max_grid_charge_a=64, soc_limit_a=58, volt_penalty_a=10, voltage_protected_limit_a=48, soc_power_w=2999, is_critical_soc=False
2026-02-20T00:54:00.215293+01:00,  soc=39.0,  volt=51.48,  volt_delta=-1.32, volt_rate_per_min=-1.32, volt_status=NORMAL, batt_w=-15.0,  batt_mode=idle,  batt_discharge_w=0,  batt_charge_w=15.0,  load_w=2362.0, zone=unknown,  grid_charge=off, ev_charging_active=off, ev_charge_end=2026-02-19 05:00:02, ev_webhook_count=88, max_discharge_a=34, max_charge_a=90, max_grid_charge_a=64, soc_limit_a=58, volt_penalty_a=10, voltage_protected_limit_a=48, soc_power_w=2999, is_critical_soc=False
2026-02-20T00:55:00.214876+01:00,  soc=39.0,  volt=51.48,  volt_delta=-1.32, volt_rate_per_min=-1.32, volt_status=NORMAL, batt_w=-15.0,  batt_mode=idle,  batt_discharge_w=0,  batt_charge_w=15.0,  load_w=2788.0, zone=unknown,  grid_charge=off, ev_charging_active=off, ev_charge_end=2026-02-19 05:00:02, ev_webhook_count=88, max_discharge_a=34, max_charge_a=90, max_grid_charge_a=64, soc_limit_a=58, volt_penalty_a=10, voltage_protected_limit_a=48, soc_power_w=2999, is_critical_soc=False
2026-02-20T00:56:00.215124+01:00,  soc=39.0,  volt=51.48,  volt_delta=-1.32, volt_rate_per_min=-1.32, volt_status=NORMAL, batt_w=-14.0,  batt_mode=idle,  batt_discharge_w=0,  batt_charge_w=14.0,  load_w=2788.0, zone=unknown,  grid_charge=off, ev_charging_active=off, ev_charge_end=2026-02-19 05:00:02, ev_webhook_count=88, max_discharge_a=34, max_charge_a=90, max_grid_charge_a=64, soc_limit_a=58, volt_penalty_a=10, voltage_protected_limit_a=48, soc_power_w=2999, is_critical_soc=False
2026-02-20T00:57:00.215185+01:00,  soc=39.0,  volt=51.48,  volt_delta=-1.32, volt_rate_per_min=-1.32, volt_status=NORMAL, batt_w=-14.0,  batt_mode=idle,  batt_discharge_w=0,  batt_charge_w=14.0,  load_w=3656.0, zone=unknown,  grid_charge=off, ev_charging_active=off, ev_charge_end=2026-02-19 05:00:02, ev_webhook_count=88, max_discharge_a=34, max_charge_a=90, max_grid_charge_a=64, soc_limit_a=58, volt_penalty_a=10, voltage_protected_limit_a=48, soc_power_w=2999, is_critical_soc=False
2026-02-20T00:58:00.214749+01:00,  soc=39.0,  volt=51.48,  volt_delta=-1.32, volt_rate_per_min=-1.32, volt_status=NORMAL, batt_w=-14.0,  batt_mode=idle,  batt_discharge_w=0,  batt_charge_w=14.0,  load_w=3656.0, zone=unknown,  grid_charge=off, ev_charging_active=off, ev_charge_end=2026-02-19 05:00:02, ev_webhook_count=88, max_discharge_a=34, max_charge_a=90, max_grid_charge_a=64, soc_limit_a=58, volt_penalty_a=10, voltage_protected_limit_a=48, soc_power_w=2999, is_critical_soc=False
2026-02-20T00:59:00.215375+01:00,  soc=39.0,  volt=51.48,  volt_delta=-1.32, volt_rate_per_min=-1.32, volt_status=NORMAL, batt_w=-14.0,  batt_mode=idle,  batt_discharge_w=0,  batt_charge_w=14.0,  load_w=3827.0, zone=unknown,  grid_charge=off, ev_charging_active=off, ev_charge_end=2026-02-19 05:00:02, ev_webhook_count=88, max_discharge_a=34, max_charge_a=90, max_grid_charge_a=64, soc_limit_a=58, volt_penalty_a=10, voltage_protected_limit_a=48, soc_power_w=2999, is_critical_soc=False
2026-02-20T01:00:00.215144+01:00,  soc=39.0,  volt=51.48,  volt_delta=-1.32, volt_rate_per_min=-1.32, volt_status=NORMAL, batt_w=-14.0,  batt_mode=idle,  batt_discharge_w=0,  batt_charge_w=14.0,  load_w=3827.0, zone=unknown,  grid_charge=off, ev_charging_active=off, ev_charge_end=2026-02-19 05:00:02, ev_webhook_count=88, max_discharge_a=34, max_charge_a=90, max_grid_charge_a=64, soc_limit_a=58, volt_penalty_a=10, voltage_protected_limit_a=48, soc_power_w=2999, is_critical_soc=False
2026-02-20T01:01:00.215020+01:00,  soc=39.0,  volt=51.48,  volt_delta=-1.32, volt_rate_per_min=-1.32, volt_status=NORMAL, batt_w=-14.0,  batt_mode=idle,  batt_discharge_w=0,  batt_charge_w=14.0,  load_w=3833.0, zone=unknown,  grid_charge=off, ev_charging_active=off, ev_charge_end=2026-02-19 05:00:02, ev_webhook_count=88, max_discharge_a=34, max_charge_a=90, max_grid_charge_a=64, soc_limit_a=58, volt_penalty_a=10, voltage_protected_limit_a=48, soc_power_w=2999, is_critical_soc=False
2026-02-20T01:02:00.215050+01:00,  soc=39.0,  volt=51.48,  volt_delta=-1.32, volt_rate_per_min=-1.32, volt_status=NORMAL, batt_w=-14.0,  batt_mode=idle,  batt_discharge_w=0,  batt_charge_w=14.0,  load_w=3833.0, zone=unknown,  grid_charge=off, ev_charging_active=off, ev_charge_end=2026-02-19 05:00:02, ev_webhook_count=88, max_discharge_a=34, max_charge_a=90, max_grid_charge_a=64, soc_limit_a=58, volt_penalty_a=10, voltage_protected_limit_a=48, soc_power_w=2999, is_critical_soc=False
2026-02-20T01:03:00.215601+01:00,  soc=39.0,  volt=52.58,  volt_delta=-0.22, volt_rate_per_min=-0.22, volt_status=NORMAL, batt_w=-3103.0,  batt_mode=charge,  batt_discharge_w=0,  batt_charge_w=3103.0,  load_w=3873.0, zone=unknown,  grid_charge=on, ev_charging_active=off, ev_charge_end=2026-02-19 05:00:02, ev_webhook_count=88, max_discharge_a=34, max_charge_a=90, max_grid_charge_a=64, soc_limit_a=57, volt_penalty_a=5, voltage_protected_limit_a=52, soc_power_w=2999, is_critical_soc=False
2026-02-20T01:04:00.214848+01:00,  soc=40.0,  volt=52.72,  volt_delta=-0.08, volt_rate_per_min=-0.08, volt_status=NORMAL, batt_w=-3103.0,  batt_mode=charge,  batt_discharge_w=0,  batt_charge_w=3103.0,  load_w=3859.0, zone=unknown,  grid_charge=on, ev_charging_active=off, ev_charge_end=2026-02-19 05:00:02, ev_webhook_count=88, max_discharge_a=35, max_charge_a=90, max_grid_charge_a=64, soc_limit_a=60, volt_penalty_a=0, voltage_protected_limit_a=60, soc_power_w=3163, is_critical_soc=False
2026-02-20T01:05:00.214813+01:00,  soc=40.0,  volt=52.72,  volt_delta=-0.08, volt_rate_per_min=-0.08, volt_status=NORMAL, batt_w=-3103.0,  batt_mode=charge,  batt_discharge_w=0,  batt_charge_w=3103.0,  load_w=3887.0, zone=unknown,  grid_charge=on, ev_charging_active=off, ev_charge_end=2026-02-19 05:00:02, ev_webhook_count=88, max_discharge_a=35, max_charge_a=90, max_grid_charge_a=64, soc_limit_a=60, volt_penalty_a=0, voltage_protected_limit_a=60, soc_power_w=3163, is_critical_soc=False
2026-02-20T01:06:00.215576+01:00,  soc=41.0,  volt=52.82,  volt_delta=0.02, volt_rate_per_min=0.02, volt_status=NORMAL, batt_w=-3103.0,  batt_mode=charge,  batt_discharge_w=0,  batt_charge_w=3103.0,  load_w=3887.0, zone=unknown,  grid_charge=on, ev_charging_active=off, ev_charge_end=2026-02-19 05:00:02, ev_webhook_count=88, max_discharge_a=36, max_charge_a=90, max_grid_charge_a=64, soc_limit_a=60, volt_penalty_a=0, voltage_protected_limit_a=60, soc_power_w=3169, is_critical_soc=False
2026-02-20T01:07:00.215688+01:00,  soc=41.0,  volt=52.84,  volt_delta=0.04, volt_rate_per_min=0.04, volt_status=NORMAL, batt_w=-3116.0,  batt_mode=charge,  batt_discharge_w=0,  batt_charge_w=3116.0,  load_w=3876.0, zone=unknown,  grid_charge=on, ev_charging_active=off, ev_charge_end=2026-02-19 05:00:02, ev_webhook_count=88, max_discharge_a=36, max_charge_a=90, max_grid_charge_a=64, soc_limit_a=60, volt_penalty_a=0, voltage_protected_limit_a=60, soc_power_w=3170, is_critical_soc=False
2026-02-20T01:08:00.214953+01:00,  soc=42.0,  volt=52.84,  volt_delta=0.04, volt_rate_per_min=0.04, volt_status=NORMAL, batt_w=-3116.0,  batt_mode=charge,  batt_discharge_w=0,  batt_charge_w=3116.0,  load_w=3876.0, zone=unknown,  grid_charge=on, ev_charging_active=off, ev_charge_end=2026-02-19 05:00:02, ev_webhook_count=88, max_discharge_a=36, max_charge_a=90, max_grid_charge_a=64, soc_limit_a=60, volt_penalty_a=0, voltage_protected_limit_a=60, soc_power_w=3170, is_critical_soc=False
2026-02-20T01:09:00.215656+01:00,  soc=42.0,  volt=52.84,  volt_delta=0.04, volt_rate_per_min=0.04, volt_status=NORMAL, batt_w=-3116.0,  batt_mode=charge,  batt_discharge_w=0,  batt_charge_w=3116.0,  load_w=3910.0, zone=unknown,  grid_charge=on, ev_charging_active=off, ev_charge_end=2026-02-19 05:00:02, ev_webhook_count=88, max_discharge_a=36, max_charge_a=90, max_grid_charge_a=64, soc_limit_a=60, volt_penalty_a=0, voltage_protected_limit_a=60, soc_power_w=3170, is_critical_soc=False
2026-02-20T01:10:00.215223+01:00,  soc=43.0,  volt=52.84,  volt_delta=0.04, volt_rate_per_min=0.04, volt_status=NORMAL, batt_w=-3116.0,  batt_mode=charge,  batt_discharge_w=0,  batt_charge_w=3116.0,  load_w=3910.0, zone=unknown,  grid_charge=on, ev_charging_active=off, ev_charge_end=2026-02-19 05:00:02, ev_webhook_count=88, max_discharge_a=37, max_charge_a=90, max_grid_charge_a=64, soc_limit_a=60, volt_penalty_a=0, voltage_protected_limit_a=60, soc_power_w=3170, is_critical_soc=False
2026-02-20T01:11:00.215228+01:00,  soc=43.0,  volt=52.92,  volt_delta=0.12, volt_rate_per_min=0.12, volt_status=NORMAL, batt_w=-3116.0,  batt_mode=charge,  batt_discharge_w=0,  batt_charge_w=3116.0,  load_w=3886.0, zone=unknown,  grid_charge=on, ev_charging_active=off, ev_charge_end=2026-02-19 05:00:02, ev_webhook_count=88, max_discharge_a=37, max_charge_a=90, max_grid_charge_a=64, soc_limit_a=60, volt_penalty_a=0, voltage_protected_limit_a=60, soc_power_w=3175, is_critical_soc=False
2026-02-20T01:12:00.214586+01:00,  soc=44.0,  volt=52.92,  volt_delta=0.12, volt_rate_per_min=0.12, volt_status=NORMAL, batt_w=-3116.0,  batt_mode=charge,  batt_discharge_w=0,  batt_charge_w=3116.0,  load_w=3886.0, zone=unknown,  grid_charge=on, ev_charging_active=off, ev_charge_end=2026-02-19 05:00:02, ev_webhook_count=88, max_discharge_a=38, max_charge_a=90, max_grid_charge_a=64, soc_limit_a=60, volt_penalty_a=0, voltage_protected_limit_a=60, soc_power_w=3175, is_critical_soc=False
2026-02-20T01:13:00.214938+01:00,  soc=45.0,  volt=53.03,  volt_delta=0.23, volt_rate_per_min=0.23, volt_status=NORMAL, batt_w=-3116.0,  batt_mode=charge,  batt_discharge_w=0,  batt_charge_w=3116.0,  load_w=3943.0, zone=unknown,  grid_charge=on, ev_charging_active=off, ev_charge_end=2026-02-19 05:00:02, ev_webhook_count=88, max_discharge_a=39, max_charge_a=90, max_grid_charge_a=64, soc_limit_a=60, volt_penalty_a=0, voltage_protected_limit_a=60, soc_power_w=3182, is_critical_soc=False
2026-02-20T01:14:00.215657+01:00,  soc=45.0,  volt=53.03,  volt_delta=0.23, volt_rate_per_min=0.23, volt_status=NORMAL, batt_w=-3116.0,  batt_mode=charge,  batt_discharge_w=0,  batt_charge_w=3116.0,  load_w=3943.0, zone=unknown,  grid_charge=on, ev_charging_active=off, ev_charge_end=2026-02-19 05:00:02, ev_webhook_count=88, max_discharge_a=39, max_charge_a=90, max_grid_charge_a=64, soc_limit_a=60, volt_penalty_a=0, voltage_protected_limit_a=60, soc_power_w=3182, is_critical_soc=False
2026-02-20T01:15:00.215023+01:00,  soc=46.0,  volt=53.15,  volt_delta=0.35, volt_rate_per_min=0.35, volt_status=NORMAL, batt_w=-3116.0,  batt_mode=charge,  batt_discharge_w=0,  batt_charge_w=3116.0,  load_w=3675.0, zone=unknown,  grid_charge=on, ev_charging_active=off, ev_charge_end=2026-02-19 05:00:02, ev_webhook_count=88, max_discharge_a=40, max_charge_a=90, max_grid_charge_a=64, soc_limit_a=60, volt_penalty_a=0, voltage_protected_limit_a=60, soc_power_w=3189, is_critical_soc=False
2026-02-20T01:16:00.215517+01:00,  soc=46.0,  volt=53.15,  volt_delta=0.35, volt_rate_per_min=0.35, volt_status=NORMAL, batt_w=-3116.0,  batt_mode=charge,  batt_discharge_w=0,  batt_charge_w=3116.0,  load_w=3675.0, zone=unknown,  grid_charge=on, ev_charging_active=off, ev_charge_end=2026-02-19 05:00:02, ev_webhook_count=88, max_discharge_a=40, max_charge_a=90, max_grid_charge_a=64, soc_limit_a=60, volt_penalty_a=0, voltage_protected_limit_a=60, soc_power_w=3189, is_critical_soc=False
2026-02-20T01:17:00.215623+01:00,  soc=46.0,  volt=52.23,  volt_delta=-0.57, volt_rate_per_min=-0.57, volt_status=NORMAL, batt_w=-14.0,  batt_mode=idle,  batt_discharge_w=0,  batt_charge_w=14.0,  load_w=3675.0, zone=unknown,  grid_charge=off, ev_charging_active=off, ev_charge_end=2026-02-19 05:00:02, ev_webhook_count=88, max_discharge_a=40, max_charge_a=90, max_grid_charge_a=64, soc_limit_a=60, volt_penalty_a=10, voltage_protected_limit_a=50, soc_power_w=3134, is_critical_soc=False
2026-02-20T01:18:00.215601+01:00,  soc=46.0,  volt=52.13,  volt_delta=-0.67, volt_rate_per_min=-0.67, volt_status=NORMAL, batt_w=-14.0,  batt_mode=idle,  batt_discharge_w=0,  batt_charge_w=14.0,  load_w=3675.0, zone=unknown,  grid_charge=off, ev_charging_active=off, ev_charge_end=2026-02-19 05:00:02, ev_webhook_count=88, max_discharge_a=40, max_charge_a=90, max_grid_charge_a=64, soc_limit_a=60, volt_penalty_a=10, voltage_protected_limit_a=50, soc_power_w=3128, is_critical_soc=False
2026-02-20T01:19:00.215352+01:00,  soc=46.0,  volt=52.02,  volt_delta=-0.78, volt_rate_per_min=-0.78, volt_status=NORMAL, batt_w=-14.0,  batt_mode=idle,  batt_discharge_w=0,  batt_charge_w=14.0,  load_w=3675.0, zone=unknown,  grid_charge=off, ev_charging_active=off, ev_charge_end=2026-02-19 05:00:02, ev_webhook_count=88, max_discharge_a=40, max_charge_a=90, max_grid_charge_a=64, soc_limit_a=60, volt_penalty_a=10, voltage_protected_limit_a=50, soc_power_w=3121, is_critical_soc=False
2026-02-20T01:20:00.215020+01:00,  soc=46.0,  volt=52.02,  volt_delta=-0.78, volt_rate_per_min=-0.78, volt_status=NORMAL, batt_w=-14.0,  batt_mode=idle,  batt_discharge_w=0,  batt_charge_w=14.0,  load_w=3689.0, zone=unknown,  grid_charge=off, ev_charging_active=off, ev_charge_end=2026-02-19 05:00:02, ev_webhook_count=88, max_discharge_a=40, max_charge_a=90, max_grid_charge_a=64, soc_limit_a=60, volt_penalty_a=10, voltage_protected_limit_a=50, soc_power_w=3121, is_critical_soc=False
2026-02-20T01:21:00.215397+01:00,  soc=46.0,  volt=52.02,  volt_delta=-0.78, volt_rate_per_min=-0.78, volt_status=NORMAL, batt_w=-14.0,  batt_mode=idle,  batt_discharge_w=0,  batt_charge_w=14.0,  load_w=3345.0, zone=unknown,  grid_charge=off, ev_charging_active=off, ev_charge_end=2026-02-19 05:00:02, ev_webhook_count=88, max_discharge_a=40, max_charge_a=90, max_grid_charge_a=64, soc_limit_a=60, volt_penalty_a=10, voltage_protected_limit_a=50, soc_power_w=3121, is_critical_soc=False
2026-02-20T01:22:00.214594+01:00,  soc=46.0,  volt=52.02,  volt_delta=-0.78, volt_rate_per_min=-0.78, volt_status=NORMAL, batt_w=-14.0,  batt_mode=idle,  batt_discharge_w=0,  batt_charge_w=14.0,  load_w=3345.0, zone=unknown,  grid_charge=off, ev_charging_active=off, ev_charge_end=2026-02-19 05:00:02, ev_webhook_count=88, max_discharge_a=40, max_charge_a=90, max_grid_charge_a=64, soc_limit_a=60, volt_penalty_a=10, voltage_protected_limit_a=50, soc_power_w=3121, is_critical_soc=False
2026-02-20T01:23:00.216589+01:00,  soc=46.0,  volt=52.02,  volt_delta=-0.78, volt_rate_per_min=-0.78, volt_status=NORMAL, batt_w=-14.0,  batt_mode=idle,  batt_discharge_w=0,  batt_charge_w=14.0,  load_w=3345.0, zone=unknown,  grid_charge=off, ev_charging_active=off, ev_charge_end=2026-02-19 05:00:02, ev_webhook_count=88, max_discharge_a=40, max_charge_a=90, max_grid_charge_a=64, soc_limit_a=60, volt_penalty_a=10, voltage_protected_limit_a=50, soc_power_w=3121, is_critical_soc=False
2026-02-20T01:24:00.215476+01:00,  soc=46.0,  volt=52.02,  volt_delta=-0.78, volt_rate_per_min=-0.78, volt_status=NORMAL, batt_w=-14.0,  batt_mode=idle,  batt_discharge_w=0,  batt_charge_w=14.0,  load_w=3345.0, zone=unknown,  grid_charge=off, ev_charging_active=off, ev_charge_end=2026-02-19 05:00:02, ev_webhook_count=88, max_discharge_a=40, max_charge_a=90, max_grid_charge_a=64, soc_limit_a=60, volt_penalty_a=10, voltage_protected_limit_a=50, soc_power_w=3121, is_critical_soc=False
2026-02-20T01:25:00.215331+01:00,  soc=46.0,  volt=52.02,  volt_delta=-0.78, volt_rate_per_min=-0.78, volt_status=NORMAL, batt_w=-14.0,  batt_mode=idle,  batt_discharge_w=0,  batt_charge_w=14.0,  load_w=3422.0, zone=unknown,  grid_charge=off, ev_charging_active=off, ev_charge_end=2026-02-19 05:00:02, ev_webhook_count=88, max_discharge_a=40, max_charge_a=90, max_grid_charge_a=64, soc_limit_a=60, volt_penalty_a=10, voltage_protected_limit_a=50, soc_power_w=3121, is_critical_soc=False
2026-02-20T01:26:00.215022+01:00,  soc=46.0,  volt=52.02,  volt_delta=-0.78, volt_rate_per_min=-0.78, volt_status=NORMAL, batt_w=-14.0,  batt_mode=idle,  batt_discharge_w=0,  batt_charge_w=14.0,  load_w=3422.0, zone=unknown,  grid_charge=off, ev_charging_active=off, ev_charge_end=2026-02-19 05:00:02, ev_webhook_count=88, max_discharge_a=40, max_charge_a=90, max_grid_charge_a=64, soc_limit_a=60, volt_penalty_a=10, voltage_protected_limit_a=50, soc_power_w=3121, is_critical_soc=False
2026-02-20T01:27:00.214872+01:00,  soc=46.0,  volt=51.95,  volt_delta=-0.85, volt_rate_per_min=-0.85, volt_status=NORMAL, batt_w=-15.0,  batt_mode=idle,  batt_discharge_w=0,  batt_charge_w=15.0,  load_w=3422.0, zone=unknown,  grid_charge=off, ev_charging_active=off, ev_charge_end=2026-02-19 05:00:02, ev_webhook_count=88, max_discharge_a=40, max_charge_a=90, max_grid_charge_a=64, soc_limit_a=60, volt_penalty_a=10, voltage_protected_limit_a=50, soc_power_w=3117, is_critical_soc=False
2026-02-20T01:28:00.215487+01:00,  soc=46.0,  volt=51.95,  volt_delta=-0.85, volt_rate_per_min=-0.85, volt_status=NORMAL, batt_w=-15.0,  batt_mode=idle,  batt_discharge_w=0,  batt_charge_w=15.0,  load_w=3422.0, zone=unknown,  grid_charge=off, ev_charging_active=off, ev_charge_end=2026-02-19 05:00:02, ev_webhook_count=88, max_discharge_a=40, max_charge_a=90, max_grid_charge_a=64, soc_limit_a=60, volt_penalty_a=10, voltage_protected_limit_a=50, soc_power_w=3117, is_critical_soc=False
2026-02-20T01:29:00.214829+01:00,  soc=46.0,  volt=51.95,  volt_delta=-0.85, volt_rate_per_min=-0.85, volt_status=NORMAL, batt_w=-15.0,  batt_mode=idle,  batt_discharge_w=0,  batt_charge_w=15.0,  load_w=3422.0, zone=unknown,  grid_charge=off, ev_charging_active=off, ev_charge_end=2026-02-19 05:00:02, ev_webhook_count=88, max_discharge_a=40, max_charge_a=90, max_grid_charge_a=64, soc_limit_a=60, volt_penalty_a=10, voltage_protected_limit_a=50, soc_power_w=3117, is_critical_soc=False
2026-02-20T01:30:00.214580+01:00,  soc=46.0,  volt=51.95,  volt_delta=-0.85, volt_rate_per_min=-0.85, volt_status=NORMAL, batt_w=-15.0,  batt_mode=idle,  batt_discharge_w=0,  batt_charge_w=15.0,  load_w=3487.0, zone=unknown,  grid_charge=off, ev_charging_active=off, ev_charge_end=2026-02-19 05:00:02, ev_webhook_count=88, max_discharge_a=40, max_charge_a=90, max_grid_charge_a=64, soc_limit_a=60, volt_penalty_a=10, voltage_protected_limit_a=50, soc_power_w=3117, is_critical_soc=False
2026-02-20T01:31:00.214853+01:00,  soc=46.0,  volt=51.95,  volt_delta=-0.85, volt_rate_per_min=-0.85, volt_status=NORMAL, batt_w=-15.0,  batt_mode=idle,  batt_discharge_w=0,  batt_charge_w=15.0,  load_w=3245.0, zone=unknown,  grid_charge=off, ev_charging_active=off, ev_charge_end=2026-02-19 05:00:02, ev_webhook_count=88, max_discharge_a=40, max_charge_a=90, max_grid_charge_a=64, soc_limit_a=60, volt_penalty_a=10, voltage_protected_limit_a=50, soc_power_w=3117, is_critical_soc=False
2026-02-20T01:32:00.214854+01:00,  soc=46.0,  volt=51.95,  volt_delta=-0.85, volt_rate_per_min=-0.85, volt_status=NORMAL, batt_w=-15.0,  batt_mode=idle,  batt_discharge_w=0,  batt_charge_w=15.0,  load_w=3245.0, zone=unknown,  grid_charge=off, ev_charging_active=off, ev_charge_end=2026-02-19 05:00:02, ev_webhook_count=88, max_discharge_a=40, max_charge_a=90, max_grid_charge_a=64, soc_limit_a=60, volt_penalty_a=10, voltage_protected_limit_a=50, soc_power_w=3117, is_critical_soc=False
2026-02-20T01:33:00.214924+01:00,  soc=46.0,  volt=51.95,  volt_delta=-0.85, volt_rate_per_min=-0.85, volt_status=NORMAL, batt_w=-15.0,  batt_mode=idle,  batt_discharge_w=0,  batt_charge_w=15.0,  load_w=3245.0, zone=unknown,  grid_charge=off, ev_charging_active=off, ev_charge_end=2026-02-19 05:00:02, ev_webhook_count=88, max_discharge_a=40, max_charge_a=90, max_grid_charge_a=64, soc_limit_a=60, volt_penalty_a=10, voltage_protected_limit_a=50, soc_power_w=3117, is_critical_soc=False
2026-02-20T01:34:00.215598+01:00,  soc=46.0,  volt=51.95,  volt_delta=-0.85, volt_rate_per_min=-0.85, volt_status=NORMAL, batt_w=-15.0,  batt_mode=idle,  batt_discharge_w=0,  batt_charge_w=15.0,  load_w=3245.0, zone=unknown,  grid_charge=off, ev_charging_active=off, ev_charge_end=2026-02-19 05:00:02, ev_webhook_count=88, max_discharge_a=40, max_charge_a=90, max_grid_charge_a=64, soc_limit_a=60, volt_penalty_a=10, voltage_protected_limit_a=50, soc_power_w=3117, is_critical_soc=False
2026-02-20T01:35:00.216516+01:00,  soc=46.0,  volt=51.95,  volt_delta=-0.85, volt_rate_per_min=-0.85, volt_status=NORMAL, batt_w=-15.0,  batt_mode=idle,  batt_discharge_w=0,  batt_charge_w=15.0,  load_w=3245.0, zone=unknown,  grid_charge=off, ev_charging_active=off, ev_charge_end=2026-02-19 05:00:02, ev_webhook_count=88, max_discharge_a=40, max_charge_a=90, max_grid_charge_a=64, soc_limit_a=60, volt_penalty_a=10, voltage_protected_limit_a=50, soc_power_w=3117, is_critical_soc=False
2026-02-20T01:36:00.215471+01:00,  soc=46.0,  volt=51.95,  volt_delta=-0.85, volt_rate_per_min=-0.85, volt_status=NORMAL, batt_w=-15.0,  batt_mode=idle,  batt_discharge_w=0,  batt_charge_w=15.0,  load_w=3256.0, zone=unknown,  grid_charge=off, ev_charging_active=off, ev_charge_end=2026-02-19 05:00:02, ev_webhook_count=88, max_discharge_a=40, max_charge_a=90, max_grid_charge_a=64, soc_limit_a=60, volt_penalty_a=10, voltage_protected_limit_a=50, soc_power_w=3117, is_critical_soc=False
2026-02-20T01:37:00.215727+01:00,  soc=46.0,  volt=51.92,  volt_delta=-0.88, volt_rate_per_min=-0.88, volt_status=NORMAL, batt_w=-16.0,  batt_mode=idle,  batt_discharge_w=0,  batt_charge_w=16.0,  load_w=3256.0, zone=unknown,  grid_charge=off, ev_charging_active=off, ev_charge_end=2026-02-19 05:00:02, ev_webhook_count=88, max_discharge_a=40, max_charge_a=90, max_grid_charge_a=64, soc_limit_a=60, volt_penalty_a=10, voltage_protected_limit_a=50, soc_power_w=3115, is_critical_soc=False
2026-02-20T01:38:00.214811+01:00,  soc=46.0,  volt=51.92,  volt_delta=-0.88, volt_rate_per_min=-0.88, volt_status=NORMAL, batt_w=-16.0,  batt_mode=idle,  batt_discharge_w=0,  batt_charge_w=16.0,  load_w=3256.0, zone=unknown,  grid_charge=off, ev_charging_active=off, ev_charge_end=2026-02-19 05:00:02, ev_webhook_count=88, max_discharge_a=40, max_charge_a=90, max_grid_charge_a=64, soc_limit_a=60, volt_penalty_a=10, voltage_protected_limit_a=50, soc_power_w=3115, is_critical_soc=False
2026-02-20T01:39:00.215306+01:00,  soc=46.0,  volt=51.92,  volt_delta=-0.88, volt_rate_per_min=-0.88, volt_status=NORMAL, batt_w=-16.0,  batt_mode=idle,  batt_discharge_w=0,  batt_charge_w=16.0,  load_w=3316.0, zone=unknown,  grid_charge=off, ev_charging_active=off, ev_charge_end=2026-02-19 05:00:02, ev_webhook_count=88, max_discharge_a=40, max_charge_a=90, max_grid_charge_a=64, soc_limit_a=60, volt_penalty_a=10, voltage_protected_limit_a=50, soc_power_w=3115, is_critical_soc=False
2026-02-20T01:40:00.214768+01:00,  soc=46.0,  volt=51.92,  volt_delta=-0.88, volt_rate_per_min=-0.88, volt_status=NORMAL, batt_w=-16.0,  batt_mode=idle,  batt_discharge_w=0,  batt_charge_w=16.0,  load_w=3316.0, zone=unknown,  grid_charge=off, ev_charging_active=off, ev_charge_end=2026-02-19 05:00:02, ev_webhook_count=88, max_discharge_a=40, max_charge_a=90, max_grid_charge_a=64, soc_limit_a=60, volt_penalty_a=10, voltage_protected_limit_a=50, soc_power_w=3115, is_critical_soc=False
2026-02-20T01:41:00.214716+01:00,  soc=46.0,  volt=51.92,  volt_delta=-0.88, volt_rate_per_min=-0.88, volt_status=NORMAL, batt_w=-16.0,  batt_mode=idle,  batt_discharge_w=0,  batt_charge_w=16.0,  load_w=3296.0, zone=unknown,  grid_charge=off, ev_charging_active=off, ev_charge_end=2026-02-19 05:00:02, ev_webhook_count=88, max_discharge_a=40, max_charge_a=90, max_grid_charge_a=64, soc_limit_a=60, volt_penalty_a=10, voltage_protected_limit_a=50, soc_power_w=3115, is_critical_soc=False
2026-02-20T01:42:00.215471+01:00,  soc=46.0,  volt=51.92,  volt_delta=-0.88, volt_rate_per_min=-0.88, volt_status=NORMAL, batt_w=-16.0,  batt_mode=idle,  batt_discharge_w=0,  batt_charge_w=16.0,  load_w=3296.0, zone=unknown,  grid_charge=off, ev_charging_active=off, ev_charge_end=2026-02-19 05:00:02, ev_webhook_count=88, max_discharge_a=40, max_charge_a=90, max_grid_charge_a=64, soc_limit_a=60, volt_penalty_a=10, voltage_protected_limit_a=50, soc_power_w=3115, is_critical_soc=False
2026-02-20T01:43:00.216220+01:00,  soc=46.0,  volt=51.92,  volt_delta=-0.88, volt_rate_per_min=-0.88, volt_status=NORMAL, batt_w=-16.0,  batt_mode=idle,  batt_discharge_w=0,  batt_charge_w=16.0,  load_w=3296.0, zone=unknown,  grid_charge=off, ev_charging_active=off, ev_charge_end=2026-02-19 05:00:02, ev_webhook_count=88, max_discharge_a=40, max_charge_a=90, max_grid_charge_a=64, soc_limit_a=60, volt_penalty_a=10, voltage_protected_limit_a=50, soc_power_w=3115, is_critical_soc=False
2026-02-20T01:44:00.214942+01:00,  soc=46.0,  volt=51.92,  volt_delta=-0.88, volt_rate_per_min=-0.88, volt_status=NORMAL, batt_w=-16.0,  batt_mode=idle,  batt_discharge_w=0,  batt_charge_w=16.0,  load_w=3296.0, zone=unknown,  grid_charge=off, ev_charging_active=off, ev_charge_end=2026-02-19 05:00:02, ev_webhook_count=88, max_discharge_a=40, max_charge_a=90, max_grid_charge_a=64, soc_limit_a=60, volt_penalty_a=10, voltage_protected_limit_a=50, soc_power_w=3115, is_critical_soc=False
2026-02-20T01:45:00.214723+01:00,  soc=46.0,  volt=51.92,  volt_delta=-0.88, volt_rate_per_min=-0.88, volt_status=NORMAL, batt_w=-16.0,  batt_mode=idle,  batt_discharge_w=0,  batt_charge_w=16.0,  load_w=3296.0, zone=unknown,  grid_charge=off, ev_charging_active=off, ev_charge_end=2026-02-19 05:00:02, ev_webhook_count=88, max_discharge_a=40, max_charge_a=90, max_grid_charge_a=64, soc_limit_a=60, volt_penalty_a=10, voltage_protected_limit_a=50, soc_power_w=3115, is_critical_soc=False
2026-02-20T01:46:00.215857+01:00,  soc=46.0,  volt=51.92,  volt_delta=-0.88, volt_rate_per_min=-0.88, volt_status=NORMAL, batt_w=-16.0,  batt_mode=idle,  batt_discharge_w=0,  batt_charge_w=16.0,  load_w=3296.0, zone=unknown,  grid_charge=off, ev_charging_active=off, ev_charge_end=2026-02-19 05:00:02, ev_webhook_count=88, max_discharge_a=40, max_charge_a=90, max_grid_charge_a=64, soc_limit_a=60, volt_penalty_a=10, voltage_protected_limit_a=50, soc_power_w=3115, is_critical_soc=False
2026-02-20T01:47:00.214614+01:00,  soc=46.0,  volt=51.92,  volt_delta=-0.88, volt_rate_per_min=-0.88, volt_status=NORMAL, batt_w=-16.0,  batt_mode=idle,  batt_discharge_w=0,  batt_charge_w=16.0,  load_w=3279.0, zone=unknown,  grid_charge=off, ev_charging_active=off, ev_charge_end=2026-02-19 05:00:02, ev_webhook_count=88, max_discharge_a=40, max_charge_a=90, max_grid_charge_a=64, soc_limit_a=60, volt_penalty_a=10, voltage_protected_limit_a=50, soc_power_w=3115, is_critical_soc=False
2026-02-20T01:48:00.216501+01:00,  soc=46.0,  volt=51.92,  volt_delta=-0.88, volt_rate_per_min=-0.88, volt_status=NORMAL, batt_w=-16.0,  batt_mode=idle,  batt_discharge_w=0,  batt_charge_w=16.0,  load_w=3240.0, zone=unknown,  grid_charge=off, ev_charging_active=off, ev_charge_end=2026-02-19 05:00:02, ev_webhook_count=88, max_discharge_a=40, max_charge_a=90, max_grid_charge_a=64, soc_limit_a=60, volt_penalty_a=10, voltage_protected_limit_a=50, soc_power_w=3115, is_critical_soc=False
2026-02-20T01:49:00.214977+01:00,  soc=46.0,  volt=51.92,  volt_delta=-0.88, volt_rate_per_min=-0.88, volt_status=NORMAL, batt_w=-16.0,  batt_mode=idle,  batt_discharge_w=0,  batt_charge_w=16.0,  load_w=3240.0, zone=unknown,  grid_charge=off, ev_charging_active=off, ev_charge_end=2026-02-19 05:00:02, ev_webhook_count=88, max_discharge_a=40, max_charge_a=90, max_grid_charge_a=64, soc_limit_a=60, volt_penalty_a=10, voltage_protected_limit_a=50, soc_power_w=3115, is_critical_soc=False
2026-02-20T01:50:00.215579+01:00,  soc=46.0,  volt=51.92,  volt_delta=-0.88, volt_rate_per_min=-0.88, volt_status=NORMAL, batt_w=-16.0,  batt_mode=idle,  batt_discharge_w=0,  batt_charge_w=16.0,  load_w=3240.0, zone=unknown,  grid_charge=off, ev_charging_active=off, ev_charge_end=2026-02-19 05:00:02, ev_webhook_count=88, max_discharge_a=40, max_charge_a=90, max_grid_charge_a=64, soc_limit_a=60, volt_penalty_a=10, voltage_protected_limit_a=50, soc_power_w=3115, is_critical_soc=False
2026-02-20T01:51:00.215123+01:00,  soc=46.0,  volt=51.92,  volt_delta=-0.88, volt_rate_per_min=-0.88, volt_status=NORMAL, batt_w=-16.0,  batt_mode=idle,  batt_discharge_w=0,  batt_charge_w=16.0,  load_w=3240.0, zone=unknown,  grid_charge=off, ev_charging_active=off, ev_charge_end=2026-02-19 05:00:02, ev_webhook_count=88, max_discharge_a=40, max_charge_a=90, max_grid_charge_a=64, soc_limit_a=60, volt_penalty_a=10, voltage_protected_limit_a=50, soc_power_w=3115, is_critical_soc=False
2026-02-20T01:52:00.215268+01:00,  soc=46.0,  volt=51.92,  volt_delta=-0.88, volt_rate_per_min=-0.88, volt_status=NORMAL, batt_w=-16.0,  batt_mode=idle,  batt_discharge_w=0,  batt_charge_w=16.0,  load_w=3249.0, zone=unknown,  grid_charge=off, ev_charging_active=off, ev_charge_end=2026-02-19 05:00:02, ev_webhook_count=88, max_discharge_a=40, max_charge_a=90, max_grid_charge_a=64, soc_limit_a=60, volt_penalty_a=10, voltage_protected_limit_a=50, soc_power_w=3115, is_critical_soc=False
2026-02-20T01:53:00.214689+01:00,  soc=46.0,  volt=51.92,  volt_delta=-0.88, volt_rate_per_min=-0.88, volt_status=NORMAL, batt_w=-16.0,  batt_mode=idle,  batt_discharge_w=0,  batt_charge_w=16.0,  load_w=3249.0, zone=unknown,  grid_charge=off, ev_charging_active=off, ev_charge_end=2026-02-19 05:00:02, ev_webhook_count=88, max_discharge_a=40, max_charge_a=90, max_grid_charge_a=64, soc_limit_a=60, volt_penalty_a=10, voltage_protected_limit_a=50, soc_power_w=3115, is_critical_soc=False
2026-02-20T01:54:00.215414+01:00,  soc=46.0,  volt=51.92,  volt_delta=-0.88, volt_rate_per_min=-0.88, volt_status=NORMAL, batt_w=-16.0,  batt_mode=idle,  batt_discharge_w=0,  batt_charge_w=16.0,  load_w=3249.0, zone=unknown,  grid_charge=off, ev_charging_active=off, ev_charge_end=2026-02-19 05:00:02, ev_webhook_count=88, max_discharge_a=40, max_charge_a=90, max_grid_charge_a=64, soc_limit_a=60, volt_penalty_a=10, voltage_protected_limit_a=50, soc_power_w=3115, is_critical_soc=False
2026-02-20T01:55:00.216029+01:00,  soc=46.0,  volt=51.92,  volt_delta=-0.88, volt_rate_per_min=-0.88, volt_status=NORMAL, batt_w=-16.0,  batt_mode=idle,  batt_discharge_w=0,  batt_charge_w=16.0,  load_w=3249.0, zone=unknown,  grid_charge=off, ev_charging_active=off, ev_charge_end=2026-02-19 05:00:02, ev_webhook_count=88, max_discharge_a=40, max_charge_a=90, max_grid_charge_a=64, soc_limit_a=60, volt_penalty_a=10, voltage_protected_limit_a=50, soc_power_w=3115, is_critical_soc=False
2026-02-20T01:56:00.215100+01:00,  soc=46.0,  volt=51.92,  volt_delta=-0.88, volt_rate_per_min=-0.88, volt_status=NORMAL, batt_w=-16.0,  batt_mode=idle,  batt_discharge_w=0,  batt_charge_w=16.0,  load_w=3249.0, zone=unknown,  grid_charge=off, ev_charging_active=off, ev_charge_end=2026-02-19 05:00:02, ev_webhook_count=88, max_discharge_a=40, max_charge_a=90, max_grid_charge_a=64, soc_limit_a=60, volt_penalty_a=10, voltage_protected_limit_a=50, soc_power_w=3115, is_critical_soc=False
2026-02-20T01:57:00.215362+01:00,  soc=46.0,  volt=51.91,  volt_delta=-0.89, volt_rate_per_min=-0.89, volt_status=NORMAL, batt_w=-14.0,  batt_mode=idle,  batt_discharge_w=0,  batt_charge_w=14.0,  load_w=1759.0, zone=unknown,  grid_charge=off, ev_charging_active=off, ev_charge_end=2026-02-19 05:00:02, ev_webhook_count=88, max_discharge_a=40, max_charge_a=90, max_grid_charge_a=64, soc_limit_a=60, volt_penalty_a=10, voltage_protected_limit_a=50, soc_power_w=3115, is_critical_soc=False
2026-02-20T01:58:00.214968+01:00,  soc=46.0,  volt=51.91,  volt_delta=-0.89, volt_rate_per_min=-0.89, volt_status=NORMAL, batt_w=-14.0,  batt_mode=idle,  batt_discharge_w=0,  batt_charge_w=14.0,  load_w=670.0, zone=unknown,  grid_charge=off, ev_charging_active=off, ev_charge_end=2026-02-19 05:00:02, ev_webhook_count=88, max_discharge_a=40, max_charge_a=90, max_grid_charge_a=64, soc_limit_a=60, volt_penalty_a=10, voltage_protected_limit_a=50, soc_power_w=3115, is_critical_soc=False
2026-02-20T01:59:00.214671+01:00,  soc=46.0,  volt=51.91,  volt_delta=-0.89, volt_rate_per_min=-0.89, volt_status=NORMAL, batt_w=-14.0,  batt_mode=idle,  batt_discharge_w=0,  batt_charge_w=14.0,  load_w=670.0, zone=unknown,  grid_charge=off, ev_charging_active=off, ev_charge_end=2026-02-19 05:00:02, ev_webhook_count=88, max_discharge_a=40, max_charge_a=90, max_grid_charge_a=64, soc_limit_a=60, volt_penalty_a=10, voltage_protected_limit_a=50, soc_power_w=3115, is_critical_soc=False
2026-02-20T02:00:00.215321+01:00,  soc=46.0,  volt=51.91,  volt_delta=-0.89, volt_rate_per_min=-0.89, volt_status=NORMAL, batt_w=-14.0,  batt_mode=idle,  batt_discharge_w=0,  batt_charge_w=14.0,  load_w=679.0, zone=unknown,  grid_charge=off, ev_charging_active=off, ev_charge_end=2026-02-19 05:00:02, ev_webhook_count=88, max_discharge_a=40, max_charge_a=90, max_grid_charge_a=64, soc_limit_a=60, volt_penalty_a=10, voltage_protected_limit_a=50, soc_power_w=3115, is_critical_soc=False
2026-02-20T02:01:00.215354+01:00,  soc=46.0,  volt=51.91,  volt_delta=-0.89, volt_rate_per_min=-0.89, volt_status=NORMAL, batt_w=-14.0,  batt_mode=idle,  batt_discharge_w=0,  batt_charge_w=14.0,  load_w=203.0, zone=unknown,  grid_charge=off, ev_charging_active=on, ev_charge_end=2026-02-20 03:00:02, ev_webhook_count=89, max_discharge_a=0, max_charge_a=90, max_grid_charge_a=64, soc_limit_a=60, volt_penalty_a=10, voltage_protected_limit_a=50, soc_power_w=3115, is_critical_soc=False
2026-02-20T02:02:00.214549+01:00,  soc=46.0,  volt=51.91,  volt_delta=-0.89, volt_rate_per_min=-0.89, volt_status=NORMAL, batt_w=-14.0,  batt_mode=idle,  batt_discharge_w=0,  batt_charge_w=14.0,  load_w=10466.0, zone=unknown,  grid_charge=on, ev_charging_active=on, ev_charge_end=2026-02-20 03:00:02, ev_webhook_count=89, max_discharge_a=0, max_charge_a=90, max_grid_charge_a=64, soc_limit_a=60, volt_penalty_a=10, voltage_protected_limit_a=50, soc_power_w=3115, is_critical_soc=False
2026-02-20T02:03:00.215510+01:00,  soc=47.0,  volt=52.91,  volt_delta=0.11, volt_rate_per_min=0.11, volt_status=NORMAL, batt_w=-2285.0,  batt_mode=charge,  batt_discharge_w=0,  batt_charge_w=2285.0,  load_w=12586.0, zone=unknown,  grid_charge=on, ev_charging_active=on, ev_charge_end=2026-02-20 03:00:02, ev_webhook_count=89, max_discharge_a=0, max_charge_a=90, max_grid_charge_a=64, soc_limit_a=60, volt_penalty_a=0, voltage_protected_limit_a=60, soc_power_w=3175, is_critical_soc=False
2026-02-20T02:04:00.214993+01:00,  soc=47.0,  volt=52.91,  volt_delta=0.11, volt_rate_per_min=0.11, volt_status=NORMAL, batt_w=-2188.0,  batt_mode=charge,  batt_discharge_w=0,  batt_charge_w=2188.0,  load_w=12434.0, zone=unknown,  grid_charge=on, ev_charging_active=on, ev_charge_end=2026-02-20 03:00:02, ev_webhook_count=89, max_discharge_a=0, max_charge_a=90, max_grid_charge_a=64, soc_limit_a=60, volt_penalty_a=0, voltage_protected_limit_a=60, soc_power_w=3175, is_critical_soc=False
2026-02-20T02:05:00.215031+01:00,  soc=48.0,  volt=52.91,  volt_delta=0.11, volt_rate_per_min=0.11, volt_status=NORMAL, batt_w=-2256.0,  batt_mode=charge,  batt_discharge_w=0,  batt_charge_w=2256.0,  load_w=12434.0, zone=unknown,  grid_charge=on, ev_charging_active=on, ev_charge_end=2026-02-20 03:00:02, ev_webhook_count=89, max_discharge_a=0, max_charge_a=90, max_grid_charge_a=64, soc_limit_a=60, volt_penalty_a=0, voltage_protected_limit_a=60, soc_power_w=3175, is_critical_soc=False
2026-02-20T02:06:00.214798+01:00,  soc=48.0,  volt=52.89,  volt_delta=0.09, volt_rate_per_min=0.09, volt_status=NORMAL, batt_w=-1806.0,  batt_mode=charge,  batt_discharge_w=0,  batt_charge_w=1806.0,  load_w=12904.0, zone=unknown,  grid_charge=on, ev_charging_active=on, ev_charge_end=2026-02-20 03:00:02, ev_webhook_count=89, max_discharge_a=0, max_charge_a=90, max_grid_charge_a=64, soc_limit_a=60, volt_penalty_a=0, voltage_protected_limit_a=60, soc_power_w=3173, is_critical_soc=False
2026-02-20T02:07:00.215753+01:00,  soc=48.0,  volt=52.78,  volt_delta=-0.02, volt_rate_per_min=-0.02, volt_status=NORMAL, batt_w=-1363.0,  batt_mode=charge,  batt_discharge_w=0,  batt_charge_w=1363.0,  load_w=13395.0, zone=unknown,  grid_charge=on, ev_charging_active=on, ev_charge_end=2026-02-20 03:00:02, ev_webhook_count=89, max_discharge_a=0, max_charge_a=90, max_grid_charge_a=64, soc_limit_a=60, volt_penalty_a=0, voltage_protected_limit_a=60, soc_power_w=3167, is_critical_soc=False
2026-02-20T02:08:00.215701+01:00,  soc=48.0,  volt=52.64,  volt_delta=-0.16, volt_rate_per_min=-0.16, volt_status=NORMAL, batt_w=-940.0,  batt_mode=charge,  batt_discharge_w=0,  batt_charge_w=940.0,  load_w=13804.0, zone=unknown,  grid_charge=on, ev_charging_active=on, ev_charge_end=2026-02-20 03:00:02, ev_webhook_count=89, max_discharge_a=0, max_charge_a=90, max_grid_charge_a=64, soc_limit_a=60, volt_penalty_a=0, voltage_protected_limit_a=60, soc_power_w=3158, is_critical_soc=False
2026-02-20T02:09:00.215592+01:00,  soc=49.0,  volt=52.52,  volt_delta=-0.28, volt_rate_per_min=-0.28, volt_status=NORMAL, batt_w=-626.0,  batt_mode=charge,  batt_discharge_w=0,  batt_charge_w=626.0,  load_w=14138.0, zone=unknown,  grid_charge=on, ev_charging_active=on, ev_charge_end=2026-02-20 03:00:02, ev_webhook_count=89, max_discharge_a=0, max_charge_a=90, max_grid_charge_a=64, soc_limit_a=60, volt_penalty_a=5, voltage_protected_limit_a=55, soc_power_w=3151, is_critical_soc=False
2026-02-20T02:10:00.214556+01:00,  soc=49.0,  volt=52.52,  volt_delta=-0.28, volt_rate_per_min=-0.28, volt_status=NORMAL, batt_w=-626.0,  batt_mode=charge,  batt_discharge_w=0,  batt_charge_w=626.0,  load_w=14138.0, zone=unknown,  grid_charge=on, ev_charging_active=on, ev_charge_end=2026-02-20 03:00:02, ev_webhook_count=89, max_discharge_a=0, max_charge_a=90, max_grid_charge_a=64, soc_limit_a=60, volt_penalty_a=5, voltage_protected_limit_a=55, soc_power_w=3151, is_critical_soc=False
2026-02-20T02:11:00.215408+01:00,  soc=49.0,  volt=52.52,  volt_delta=-0.28, volt_rate_per_min=-0.28, volt_status=NORMAL, batt_w=-826.0,  batt_mode=charge,  batt_discharge_w=0,  batt_charge_w=826.0,  load_w=13954.0, zone=unknown,  grid_charge=on, ev_charging_active=on, ev_charge_end=2026-02-20 03:00:02, ev_webhook_count=89, max_discharge_a=0, max_charge_a=90, max_grid_charge_a=64, soc_limit_a=60, volt_penalty_a=5, voltage_protected_limit_a=55, soc_power_w=3151, is_critical_soc=False
2026-02-20T02:12:00.215538+01:00,  soc=49.0,  volt=52.52,  volt_delta=-0.28, volt_rate_per_min=-0.28, volt_status=NORMAL, batt_w=-503.0,  batt_mode=charge,  batt_discharge_w=0,  batt_charge_w=503.0,  load_w=14277.0, zone=unknown,  grid_charge=on, ev_charging_active=on, ev_charge_end=2026-02-20 03:00:02, ev_webhook_count=89, max_discharge_a=0, max_charge_a=90, max_grid_charge_a=64, soc_limit_a=60, volt_penalty_a=5, voltage_protected_limit_a=55, soc_power_w=3151, is_critical_soc=False
2026-02-20T02:13:00.215256+01:00,  soc=49.0,  volt=52.52,  volt_delta=-0.28, volt_rate_per_min=-0.28, volt_status=NORMAL, batt_w=-753.0,  batt_mode=charge,  batt_discharge_w=0,  batt_charge_w=753.0,  load_w=14003.0, zone=unknown,  grid_charge=on, ev_charging_active=on, ev_charge_end=2026-02-20 03:00:02, ev_webhook_count=89, max_discharge_a=0, max_charge_a=90, max_grid_charge_a=64, soc_limit_a=60, volt_penalty_a=5, voltage_protected_limit_a=55, soc_power_w=3151, is_critical_soc=False
2026-02-20T02:14:00.215967+01:00,  soc=49.0,  volt=52.52,  volt_delta=-0.28, volt_rate_per_min=-0.28, volt_status=NORMAL, batt_w=-465.0,  batt_mode=charge,  batt_discharge_w=0,  batt_charge_w=465.0,  load_w=14283.0, zone=unknown,  grid_charge=on, ev_charging_active=on, ev_charge_end=2026-02-20 03:00:02, ev_webhook_count=89, max_discharge_a=0, max_charge_a=90, max_grid_charge_a=64, soc_limit_a=60, volt_penalty_a=5, voltage_protected_limit_a=55, soc_power_w=3151, is_critical_soc=False
2026-02-20T02:15:00.215383+01:00,  soc=49.0,  volt=52.52,  volt_delta=-0.28, volt_rate_per_min=-0.28, volt_status=NORMAL, batt_w=-727.0,  batt_mode=charge,  batt_discharge_w=0,  batt_charge_w=727.0,  load_w=14041.0, zone=unknown,  grid_charge=on, ev_charging_active=on, ev_charge_end=2026-02-20 03:00:02, ev_webhook_count=89, max_discharge_a=0, max_charge_a=90, max_grid_charge_a=64, soc_limit_a=60, volt_penalty_a=5, voltage_protected_limit_a=55, soc_power_w=3151, is_critical_soc=False
2026-02-20T02:16:00.215113+01:00,  soc=49.0,  volt=52.52,  volt_delta=-0.28, volt_rate_per_min=-0.28, volt_status=NORMAL, batt_w=-471.0,  batt_mode=charge,  batt_discharge_w=0,  batt_charge_w=471.0,  load_w=14331.0, zone=unknown,  grid_charge=on, ev_charging_active=on, ev_charge_end=2026-02-20 03:00:02, ev_webhook_count=89, max_discharge_a=0, max_charge_a=90, max_grid_charge_a=64, soc_limit_a=60, volt_penalty_a=5, voltage_protected_limit_a=55, soc_power_w=3151, is_critical_soc=False
2026-02-20T02:17:00.215489+01:00,  soc=49.0,  volt=52.57,  volt_delta=-0.23, volt_rate_per_min=-0.23, volt_status=NORMAL, batt_w=-698.0,  batt_mode=charge,  batt_discharge_w=0,  batt_charge_w=698.0,  load_w=14036.0, zone=unknown,  grid_charge=on, ev_charging_active=on, ev_charge_end=2026-02-20 03:00:02, ev_webhook_count=89, max_discharge_a=0, max_charge_a=90, max_grid_charge_a=64, soc_limit_a=60, volt_penalty_a=5, voltage_protected_limit_a=55, soc_power_w=3154, is_critical_soc=False
2026-02-20T02:18:00.214673+01:00,  soc=50.0,  volt=52.57,  volt_delta=-0.23, volt_rate_per_min=-0.23, volt_status=NORMAL, batt_w=-396.0,  batt_mode=charge,  batt_discharge_w=0,  batt_charge_w=396.0,  load_w=14356.0, zone=unknown,  grid_charge=on, ev_charging_active=on, ev_charge_end=2026-02-20 03:00:02, ev_webhook_count=89, max_discharge_a=0, max_charge_a=90, max_grid_charge_a=64, soc_limit_a=60, volt_penalty_a=5, voltage_protected_limit_a=55, soc_power_w=3154, is_critical_soc=False
2026-02-20T02:19:00.215355+01:00,  soc=50.0,  volt=52.57,  volt_delta=-0.23, volt_rate_per_min=-0.23, volt_status=NORMAL, batt_w=-396.0,  batt_mode=charge,  batt_discharge_w=0,  batt_charge_w=396.0,  load_w=14402.0, zone=unknown,  grid_charge=on, ev_charging_active=on, ev_charge_end=2026-02-20 03:00:02, ev_webhook_count=89, max_discharge_a=0, max_charge_a=90, max_grid_charge_a=64, soc_limit_a=60, volt_penalty_a=5, voltage_protected_limit_a=55, soc_power_w=3154, is_critical_soc=False
2026-02-20T02:20:00.214527+01:00,  soc=50.0,  volt=52.57,  volt_delta=-0.23, volt_rate_per_min=-0.23, volt_status=NORMAL, batt_w=-396.0,  batt_mode=charge,  batt_discharge_w=0,  batt_charge_w=396.0,  load_w=14402.0, zone=unknown,  grid_charge=on, ev_charging_active=on, ev_charge_end=2026-02-20 03:00:02, ev_webhook_count=89, max_discharge_a=0, max_charge_a=90, max_grid_charge_a=64, soc_limit_a=60, volt_penalty_a=5, voltage_protected_limit_a=55, soc_power_w=3154, is_critical_soc=False
2026-02-20T02:21:00.215598+01:00,  soc=50.0,  volt=52.42,  volt_delta=-0.38, volt_rate_per_min=-0.38, volt_status=NORMAL, batt_w=-332.0,  batt_mode=charge,  batt_discharge_w=0,  batt_charge_w=332.0,  load_w=14414.0, zone=unknown,  grid_charge=on, ev_charging_active=on, ev_charge_end=2026-02-20 03:00:02, ev_webhook_count=89, max_discharge_a=0, max_charge_a=90, max_grid_charge_a=64, soc_limit_a=60, volt_penalty_a=5, voltage_protected_limit_a=55, soc_power_w=3145, is_critical_soc=False
2026-02-20T02:22:00.214870+01:00,  soc=50.0,  volt=52.42,  volt_delta=-0.38, volt_rate_per_min=-0.38, volt_status=NORMAL, batt_w=-332.0,  batt_mode=charge,  batt_discharge_w=0,  batt_charge_w=332.0,  load_w=14466.0, zone=unknown,  grid_charge=on, ev_charging_active=on, ev_charge_end=2026-02-20 03:00:02, ev_webhook_count=89, max_discharge_a=0, max_charge_a=90, max_grid_charge_a=64, soc_limit_a=60, volt_penalty_a=5, voltage_protected_limit_a=55, soc_power_w=3145, is_critical_soc=False
2026-02-20T02:23:00.215559+01:00,  soc=50.0,  volt=52.42,  volt_delta=-0.38, volt_rate_per_min=-0.38, volt_status=NORMAL, batt_w=-332.0,  batt_mode=charge,  batt_discharge_w=0,  batt_charge_w=332.0,  load_w=14466.0, zone=unknown,  grid_charge=on, ev_charging_active=on, ev_charge_end=2026-02-20 03:00:02, ev_webhook_count=89, max_discharge_a=0, max_charge_a=90, max_grid_charge_a=64, soc_limit_a=60, volt_penalty_a=5, voltage_protected_limit_a=55, soc_power_w=3145, is_critical_soc=False
2026-02-20T02:24:00.216592+01:00,  soc=50.0,  volt=52.58,  volt_delta=-0.22, volt_rate_per_min=-0.22, volt_status=NORMAL, batt_w=-781.0,  batt_mode=charge,  batt_discharge_w=0,  batt_charge_w=781.0,  load_w=13960.0, zone=unknown,  grid_charge=on, ev_charging_active=on, ev_charge_end=2026-02-20 03:00:02, ev_webhook_count=89, max_discharge_a=0, max_charge_a=90, max_grid_charge_a=64, soc_limit_a=60, volt_penalty_a=5, voltage_protected_limit_a=55, soc_power_w=3155, is_critical_soc=False
2026-02-20T02:25:00.215779+01:00,  soc=50.0,  volt=52.58,  volt_delta=-0.22, volt_rate_per_min=-0.22, volt_status=NORMAL, batt_w=-909.0,  batt_mode=charge,  batt_discharge_w=0,  batt_charge_w=909.0,  load_w=13809.0, zone=unknown,  grid_charge=on, ev_charging_active=on, ev_charge_end=2026-02-20 03:00:02, ev_webhook_count=89, max_discharge_a=0, max_charge_a=90, max_grid_charge_a=64, soc_limit_a=60, volt_penalty_a=5, voltage_protected_limit_a=55, soc_power_w=3155, is_critical_soc=False
2026-02-20T02:26:00.214603+01:00,  soc=50.0,  volt=52.58,  volt_delta=-0.22, volt_rate_per_min=-0.22, volt_status=NORMAL, batt_w=-909.0,  batt_mode=charge,  batt_discharge_w=0,  batt_charge_w=909.0,  load_w=13809.0, zone=unknown,  grid_charge=on, ev_charging_active=on, ev_charge_end=2026-02-20 03:00:02, ev_webhook_count=89, max_discharge_a=0, max_charge_a=90, max_grid_charge_a=64, soc_limit_a=60, volt_penalty_a=5, voltage_protected_limit_a=55, soc_power_w=3155, is_critical_soc=False
2026-02-20T02:27:00.214875+01:00,  soc=50.0,  volt=52.69,  volt_delta=-0.11, volt_rate_per_min=-0.11, volt_status=NORMAL, batt_w=-886.0,  batt_mode=charge,  batt_discharge_w=0,  batt_charge_w=886.0,  load_w=13809.0, zone=unknown,  grid_charge=on, ev_charging_active=on, ev_charge_end=2026-02-20 03:00:02, ev_webhook_count=89, max_discharge_a=0, max_charge_a=90, max_grid_charge_a=64, soc_limit_a=60, volt_penalty_a=0, voltage_protected_limit_a=60, soc_power_w=3161, is_critical_soc=False
2026-02-20T02:28:00.215100+01:00,  soc=50.0,  volt=52.44,  volt_delta=-0.36, volt_rate_per_min=-0.36, volt_status=NORMAL, batt_w=-113.0,  batt_mode=charge,  batt_discharge_w=0,  batt_charge_w=113.0,  load_w=13750.0, zone=unknown,  grid_charge=on, ev_charging_active=on, ev_charge_end=2026-02-20 03:00:02, ev_webhook_count=89, max_discharge_a=0, max_charge_a=90, max_grid_charge_a=64, soc_limit_a=60, volt_penalty_a=5, voltage_protected_limit_a=55, soc_power_w=3146, is_critical_soc=False
2026-02-20T02:29:00.214651+01:00,  soc=51.0,  volt=52.78,  volt_delta=-0.02, volt_rate_per_min=-0.02, volt_status=NORMAL, batt_w=-819.0,  batt_mode=charge,  batt_discharge_w=0,  batt_charge_w=819.0,  load_w=13913.0, zone=unknown,  grid_charge=on, ev_charging_active=on, ev_charge_end=2026-02-20 03:00:02, ev_webhook_count=89, max_discharge_a=0, max_charge_a=90, max_grid_charge_a=64, soc_limit_a=60, volt_penalty_a=0, voltage_protected_limit_a=60, soc_power_w=3167, is_critical_soc=False
2026-02-20T02:30:00.215075+01:00,  soc=51.0,  volt=52.78,  volt_delta=-0.02, volt_rate_per_min=-0.02, volt_status=NORMAL, batt_w=-819.0,  batt_mode=charge,  batt_discharge_w=0,  batt_charge_w=819.0,  load_w=13935.0, zone=unknown,  grid_charge=on, ev_charging_active=on, ev_charge_end=2026-02-20 03:00:02, ev_webhook_count=89, max_discharge_a=0, max_charge_a=90, max_grid_charge_a=64, soc_limit_a=60, volt_penalty_a=0, voltage_protected_limit_a=60, soc_power_w=3167, is_critical_soc=False
2026-02-20T02:31:00.215219+01:00,  soc=51.0,  volt=52.78,  volt_delta=-0.02, volt_rate_per_min=-0.02, volt_status=NORMAL, batt_w=-819.0,  batt_mode=charge,  batt_discharge_w=0,  batt_charge_w=819.0,  load_w=13988.0, zone=unknown,  grid_charge=on, ev_charging_active=on, ev_charge_end=2026-02-20 03:00:02, ev_webhook_count=89, max_discharge_a=0, max_charge_a=90, max_grid_charge_a=64, soc_limit_a=60, volt_penalty_a=0, voltage_protected_limit_a=60, soc_power_w=3167, is_critical_soc=False
2026-02-20T02:32:00.214884+01:00,  soc=51.0,  volt=52.78,  volt_delta=-0.02, volt_rate_per_min=-0.02, volt_status=NORMAL, batt_w=-1149.0,  batt_mode=charge,  batt_discharge_w=0,  batt_charge_w=1149.0,  load_w=13640.0, zone=unknown,  grid_charge=on, ev_charging_active=on, ev_charge_end=2026-02-20 03:00:02, ev_webhook_count=89, max_discharge_a=0, max_charge_a=90, max_grid_charge_a=64, soc_limit_a=60, volt_penalty_a=0, voltage_protected_limit_a=60, soc_power_w=3167, is_critical_soc=False
2026-02-20T02:33:00.216234+01:00,  soc=51.0,  volt=52.88,  volt_delta=0.08, volt_rate_per_min=0.08, volt_status=NORMAL, batt_w=-1096.0,  batt_mode=charge,  batt_discharge_w=0,  batt_charge_w=1096.0,  load_w=13640.0, zone=unknown,  grid_charge=on, ev_charging_active=on, ev_charge_end=2026-02-20 03:00:02, ev_webhook_count=89, max_discharge_a=0, max_charge_a=90, max_grid_charge_a=64, soc_limit_a=60, volt_penalty_a=0, voltage_protected_limit_a=60, soc_power_w=3173, is_critical_soc=False
2026-02-20T02:34:00.214858+01:00,  soc=51.0,  volt=52.88,  volt_delta=0.08, volt_rate_per_min=0.08, volt_status=NORMAL, batt_w=-1096.0,  batt_mode=charge,  batt_discharge_w=0,  batt_charge_w=1096.0,  load_w=13640.0, zone=unknown,  grid_charge=on, ev_charging_active=on, ev_charge_end=2026-02-20 03:00:02, ev_webhook_count=89, max_discharge_a=0, max_charge_a=90, max_grid_charge_a=64, soc_limit_a=60, volt_penalty_a=0, voltage_protected_limit_a=60, soc_power_w=3173, is_critical_soc=False
2026-02-20T02:35:00.215033+01:00,  soc=52.0,  volt=52.88,  volt_delta=0.08, volt_rate_per_min=0.08, volt_status=NORMAL, batt_w=-1096.0,  batt_mode=charge,  batt_discharge_w=0,  batt_charge_w=1096.0,  load_w=13619.0, zone=unknown,  grid_charge=on, ev_charging_active=on, ev_charge_end=2026-02-20 03:00:02, ev_webhook_count=89, max_discharge_a=0, max_charge_a=90, max_grid_charge_a=64, soc_limit_a=60, volt_penalty_a=0, voltage_protected_limit_a=60, soc_power_w=3173, is_critical_soc=False
2026-02-20T02:36:00.215411+01:00,  soc=52.0,  volt=52.88,  volt_delta=0.08, volt_rate_per_min=0.08, volt_status=NORMAL, batt_w=-1096.0,  batt_mode=charge,  batt_discharge_w=0,  batt_charge_w=1096.0,  load_w=13619.0, zone=unknown,  grid_charge=on, ev_charging_active=on, ev_charge_end=2026-02-20 03:00:02, ev_webhook_count=89, max_discharge_a=0, max_charge_a=90, max_grid_charge_a=64, soc_limit_a=60, volt_penalty_a=0, voltage_protected_limit_a=60, soc_power_w=3173, is_critical_soc=False
2026-02-20T02:37:00.215905+01:00,  soc=52.0,  volt=52.91,  volt_delta=0.11, volt_rate_per_min=0.11, volt_status=NORMAL, batt_w=-1109.0,  batt_mode=charge,  batt_discharge_w=0,  batt_charge_w=1109.0,  load_w=13619.0, zone=unknown,  grid_charge=on, ev_charging_active=on, ev_charge_end=2026-02-20 03:00:02, ev_webhook_count=89, max_discharge_a=0, max_charge_a=90, max_grid_charge_a=64, soc_limit_a=60, volt_penalty_a=0, voltage_protected_limit_a=60, soc_power_w=3175, is_critical_soc=False
2026-02-20T02:38:00.214833+01:00,  soc=52.0,  volt=52.91,  volt_delta=0.11, volt_rate_per_min=0.11, volt_status=NORMAL, batt_w=-1152.0,  batt_mode=charge,  batt_discharge_w=0,  batt_charge_w=1152.0,  load_w=13584.0, zone=unknown,  grid_charge=on, ev_charging_active=on, ev_charge_end=2026-02-20 03:00:02, ev_webhook_count=89, max_discharge_a=0, max_charge_a=90, max_grid_charge_a=64, soc_limit_a=60, volt_penalty_a=0, voltage_protected_limit_a=60, soc_power_w=3175, is_critical_soc=False
2026-02-20T02:39:00.214839+01:00,  soc=52.0,  volt=52.91,  volt_delta=0.11, volt_rate_per_min=0.11, volt_status=NORMAL, batt_w=-1152.0,  batt_mode=charge,  batt_discharge_w=0,  batt_charge_w=1152.0,  load_w=13584.0, zone=unknown,  grid_charge=on, ev_charging_active=on, ev_charge_end=2026-02-20 03:00:02, ev_webhook_count=89, max_discharge_a=0, max_charge_a=90, max_grid_charge_a=64, soc_limit_a=60, volt_penalty_a=0, voltage_protected_limit_a=60, soc_power_w=3175, is_critical_soc=False
2026-02-20T02:40:00.215402+01:00,  soc=53.0,  volt=52.91,  volt_delta=0.11, volt_rate_per_min=0.11, volt_status=NORMAL, batt_w=-1152.0,  batt_mode=charge,  batt_discharge_w=0,  batt_charge_w=1152.0,  load_w=13603.0, zone=unknown,  grid_charge=on, ev_charging_active=on, ev_charge_end=2026-02-20 03:00:02, ev_webhook_count=89, max_discharge_a=0, max_charge_a=90, max_grid_charge_a=64, soc_limit_a=60, volt_penalty_a=0, voltage_protected_limit_a=60, soc_power_w=3175, is_critical_soc=False
2026-02-20T02:41:00.214875+01:00,  soc=53.0,  volt=52.98,  volt_delta=0.18, volt_rate_per_min=0.18, volt_status=NORMAL, batt_w=-1152.0,  batt_mode=charge,  batt_discharge_w=0,  batt_charge_w=1152.0,  load_w=13603.0, zone=unknown,  grid_charge=on, ev_charging_active=on, ev_charge_end=2026-02-20 03:00:02, ev_webhook_count=89, max_discharge_a=0, max_charge_a=90, max_grid_charge_a=64, soc_limit_a=60, volt_penalty_a=0, voltage_protected_limit_a=60, soc_power_w=3179, is_critical_soc=False
2026-02-20T02:42:00.215628+01:00,  soc=53.0,  volt=52.98,  volt_delta=0.18, volt_rate_per_min=0.18, volt_status=NORMAL, batt_w=-1100.0,  batt_mode=charge,  batt_discharge_w=0,  batt_charge_w=1100.0,  load_w=13603.0, zone=unknown,  grid_charge=on, ev_charging_active=on, ev_charge_end=2026-02-20 03:00:02, ev_webhook_count=89, max_discharge_a=0, max_charge_a=90, max_grid_charge_a=64, soc_limit_a=60, volt_penalty_a=0, voltage_protected_limit_a=60, soc_power_w=3179, is_critical_soc=False
2026-02-20T02:43:00.215489+01:00,  soc=53.0,  volt=52.98,  volt_delta=0.18, volt_rate_per_min=0.18, volt_status=NORMAL, batt_w=-1100.0,  batt_mode=charge,  batt_discharge_w=0,  batt_charge_w=1100.0,  load_w=13603.0, zone=unknown,  grid_charge=on, ev_charging_active=on, ev_charge_end=2026-02-20 03:00:02, ev_webhook_count=89, max_discharge_a=0, max_charge_a=90, max_grid_charge_a=64, soc_limit_a=60, volt_penalty_a=0, voltage_protected_limit_a=60, soc_power_w=3179, is_critical_soc=False
2026-02-20T02:44:00.214556+01:00,  soc=53.0,  volt=52.98,  volt_delta=0.18, volt_rate_per_min=0.18, volt_status=NORMAL, batt_w=-1100.0,  batt_mode=charge,  batt_discharge_w=0,  batt_charge_w=1100.0,  load_w=13603.0, zone=unknown,  grid_charge=on, ev_charging_active=on, ev_charge_end=2026-02-20 03:00:02, ev_webhook_count=89, max_discharge_a=0, max_charge_a=90, max_grid_charge_a=64, soc_limit_a=60, volt_penalty_a=0, voltage_protected_limit_a=60, soc_power_w=3179, is_critical_soc=False
2026-02-20T02:45:00.214613+01:00,  soc=53.0,  volt=52.98,  volt_delta=0.18, volt_rate_per_min=0.18, volt_status=NORMAL, batt_w=-1100.0,  batt_mode=charge,  batt_discharge_w=0,  batt_charge_w=1100.0,  load_w=13603.0, zone=unknown,  grid_charge=on, ev_charging_active=on, ev_charge_end=2026-02-20 03:00:02, ev_webhook_count=89, max_discharge_a=0, max_charge_a=90, max_grid_charge_a=64, soc_limit_a=60, volt_penalty_a=0, voltage_protected_limit_a=60, soc_power_w=3179, is_critical_soc=False
2026-02-20T02:46:00.214929+01:00,  soc=54.0,  volt=52.98,  volt_delta=0.18, volt_rate_per_min=0.18, volt_status=NORMAL, batt_w=-1100.0,  batt_mode=charge,  batt_discharge_w=0,  batt_charge_w=1100.0,  load_w=13650.0, zone=unknown,  grid_charge=on, ev_charging_active=on, ev_charge_end=2026-02-20 03:00:02, ev_webhook_count=89, max_discharge_a=0, max_charge_a=90, max_grid_charge_a=64, soc_limit_a=60, volt_penalty_a=0, voltage_protected_limit_a=60, soc_power_w=3179, is_critical_soc=False
2026-02-20T02:47:00.215230+01:00,  soc=54.0,  volt=53.07,  volt_delta=0.27, volt_rate_per_min=0.27, volt_status=NORMAL, batt_w=-1121.0,  batt_mode=charge,  batt_discharge_w=0,  batt_charge_w=1121.0,  load_w=13650.0, zone=unknown,  grid_charge=on, ev_charging_active=on, ev_charge_end=2026-02-20 03:00:02, ev_webhook_count=89, max_discharge_a=0, max_charge_a=90, max_grid_charge_a=64, soc_limit_a=60, volt_penalty_a=0, voltage_protected_limit_a=60, soc_power_w=3184, is_critical_soc=False
2026-02-20T02:48:00.215149+01:00,  soc=54.0,  volt=53.08,  volt_delta=0.28, volt_rate_per_min=0.28, volt_status=NORMAL, batt_w=-1121.0,  batt_mode=charge,  batt_discharge_w=0,  batt_charge_w=1121.0,  load_w=13650.0, zone=unknown,  grid_charge=on, ev_charging_active=on, ev_charge_end=2026-02-20 03:00:02, ev_webhook_count=89, max_discharge_a=0, max_charge_a=90, max_grid_charge_a=64, soc_limit_a=60, volt_penalty_a=0, voltage_protected_limit_a=60, soc_power_w=3185, is_critical_soc=False
2026-02-20T02:49:00.214728+01:00,  soc=54.0,  volt=53.08,  volt_delta=0.28, volt_rate_per_min=0.28, volt_status=NORMAL, batt_w=-1121.0,  batt_mode=charge,  batt_discharge_w=0,  batt_charge_w=1121.0,  load_w=13589.0, zone=unknown,  grid_charge=on, ev_charging_active=on, ev_charge_end=2026-02-20 03:00:02, ev_webhook_count=89, max_discharge_a=0, max_charge_a=90, max_grid_charge_a=64, soc_limit_a=60, volt_penalty_a=0, voltage_protected_limit_a=60, soc_power_w=3185, is_critical_soc=False
2026-02-20T02:50:00.215212+01:00,  soc=54.0,  volt=53.08,  volt_delta=0.28, volt_rate_per_min=0.28, volt_status=NORMAL, batt_w=-1121.0,  batt_mode=charge,  batt_discharge_w=0,  batt_charge_w=1121.0,  load_w=13589.0, zone=unknown,  grid_charge=on, ev_charging_active=on, ev_charge_end=2026-02-20 03:00:02, ev_webhook_count=89, max_discharge_a=0, max_charge_a=90, max_grid_charge_a=64, soc_limit_a=60, volt_penalty_a=0, voltage_protected_limit_a=60, soc_power_w=3185, is_critical_soc=False
2026-02-20T02:51:00.215052+01:00,  soc=55.0,  volt=53.08,  volt_delta=0.28, volt_rate_per_min=0.28, volt_status=NORMAL, batt_w=-1187.0,  batt_mode=charge,  batt_discharge_w=0,  batt_charge_w=1187.0,  load_w=13572.0, zone=unknown,  grid_charge=on, ev_charging_active=on, ev_charge_end=2026-02-20 03:00:02, ev_webhook_count=89, max_discharge_a=0, max_charge_a=90, max_grid_charge_a=64, soc_limit_a=60, volt_penalty_a=0, voltage_protected_limit_a=60, soc_power_w=3185, is_critical_soc=False
2026-02-20T02:52:00.215402+01:00,  soc=55.0,  volt=53.08,  volt_delta=0.28, volt_rate_per_min=0.28, volt_status=NORMAL, batt_w=-1130.0,  batt_mode=charge,  batt_discharge_w=0,  batt_charge_w=1130.0,  load_w=13572.0, zone=unknown,  grid_charge=on, ev_charging_active=on, ev_charge_end=2026-02-20 03:00:02, ev_webhook_count=89, max_discharge_a=0, max_charge_a=90, max_grid_charge_a=64, soc_limit_a=60, volt_penalty_a=0, voltage_protected_limit_a=60, soc_power_w=3185, is_critical_soc=False
2026-02-20T02:53:00.216683+01:00,  soc=55.0,  volt=53.19,  volt_delta=0.39, volt_rate_per_min=0.39, volt_status=NORMAL, batt_w=-1198.0,  batt_mode=charge,  batt_discharge_w=0,  batt_charge_w=1198.0,  load_w=13572.0, zone=unknown,  grid_charge=on, ev_charging_active=on, ev_charge_end=2026-02-20 03:00:02, ev_webhook_count=89, max_discharge_a=0, max_charge_a=90, max_grid_charge_a=64, soc_limit_a=60, volt_penalty_a=0, voltage_protected_limit_a=60, soc_power_w=3191, is_critical_soc=False
2026-02-20T02:54:00.215037+01:00,  soc=55.0,  volt=53.19,  volt_delta=0.39, volt_rate_per_min=0.39, volt_status=NORMAL, batt_w=-1144.0,  batt_mode=charge,  batt_discharge_w=0,  batt_charge_w=1144.0,  load_w=13572.0, zone=unknown,  grid_charge=on, ev_charging_active=on, ev_charge_end=2026-02-20 03:00:02, ev_webhook_count=89, max_discharge_a=0, max_charge_a=90, max_grid_charge_a=64, soc_limit_a=60, volt_penalty_a=0, voltage_protected_limit_a=60, soc_power_w=3191, is_critical_soc=False
2026-02-20T02:55:00.214984+01:00,  soc=55.0,  volt=53.19,  volt_delta=0.39, volt_rate_per_min=0.39, volt_status=NORMAL, batt_w=-1144.0,  batt_mode=charge,  batt_discharge_w=0,  batt_charge_w=1144.0,  load_w=13572.0, zone=unknown,  grid_charge=on, ev_charging_active=on, ev_charge_end=2026-02-20 03:00:02, ev_webhook_count=89, max_discharge_a=0, max_charge_a=90, max_grid_charge_a=64, soc_limit_a=60, volt_penalty_a=0, voltage_protected_limit_a=60, soc_power_w=3191, is_critical_soc=False
2026-02-20T02:56:00.215470+01:00,  soc=56.0,  volt=53.19,  volt_delta=0.39, volt_rate_per_min=0.39, volt_status=NORMAL, batt_w=-1144.0,  batt_mode=charge,  batt_discharge_w=0,  batt_charge_w=1144.0,  load_w=13603.0, zone=unknown,  grid_charge=on, ev_charging_active=on, ev_charge_end=2026-02-20 03:00:02, ev_webhook_count=89, max_discharge_a=0, max_charge_a=90, max_grid_charge_a=64, soc_limit_a=60, volt_penalty_a=0, voltage_protected_limit_a=60, soc_power_w=3191, is_critical_soc=False
2026-02-20T02:57:00.215575+01:00,  soc=56.0,  volt=53.22,  volt_delta=0.42, volt_rate_per_min=0.42, volt_status=NORMAL, batt_w=-1146.0,  batt_mode=charge,  batt_discharge_w=0,  batt_charge_w=1146.0,  load_w=13603.0, zone=unknown,  grid_charge=on, ev_charging_active=on, ev_charge_end=2026-02-20 03:00:02, ev_webhook_count=89, max_discharge_a=0, max_charge_a=90, max_grid_charge_a=64, soc_limit_a=60, volt_penalty_a=0, voltage_protected_limit_a=60, soc_power_w=3193, is_critical_soc=False
2026-02-20T02:58:00.215172+01:00,  soc=56.0,  volt=53.22,  volt_delta=0.42, volt_rate_per_min=0.42, volt_status=NORMAL, batt_w=-1146.0,  batt_mode=charge,  batt_discharge_w=0,  batt_charge_w=1146.0,  load_w=13603.0, zone=unknown,  grid_charge=on, ev_charging_active=on, ev_charge_end=2026-02-20 03:00:02, ev_webhook_count=89, max_discharge_a=0, max_charge_a=90, max_grid_charge_a=64, soc_limit_a=60, volt_penalty_a=0, voltage_protected_limit_a=60, soc_power_w=3193, is_critical_soc=False
2026-02-20T02:59:00.214913+01:00,  soc=56.0,  volt=53.22,  volt_delta=0.42, volt_rate_per_min=0.42, volt_status=NORMAL, batt_w=-1146.0,  batt_mode=charge,  batt_discharge_w=0,  batt_charge_w=1146.0,  load_w=13603.0, zone=unknown,  grid_charge=on, ev_charging_active=on, ev_charge_end=2026-02-20 03:00:02, ev_webhook_count=89, max_discharge_a=0, max_charge_a=90, max_grid_charge_a=64, soc_limit_a=60, volt_penalty_a=0, voltage_protected_limit_a=60, soc_power_w=3193, is_critical_soc=False
2026-02-20T03:00:00.214694+01:00,  soc=56.0,  volt=53.22,  volt_delta=0.42, volt_rate_per_min=0.42, volt_status=NORMAL, batt_w=-1146.0,  batt_mode=charge,  batt_discharge_w=0,  batt_charge_w=1146.0,  load_w=3350.0, zone=unknown,  grid_charge=on, ev_charging_active=on, ev_charge_end=2026-02-20 03:00:02, ev_webhook_count=89, max_discharge_a=0, max_charge_a=90, max_grid_charge_a=64, soc_limit_a=60, volt_penalty_a=0, voltage_protected_limit_a=60, soc_power_w=3193, is_critical_soc=False
2026-02-20T03:01:00.215468+01:00,  soc=57.0,  volt=53.85,  volt_delta=1.05, volt_rate_per_min=1.05, volt_status=NORMAL, batt_w=-3172.0,  batt_mode=charge,  batt_discharge_w=0,  batt_charge_w=3172.0,  load_w=3350.0, zone=unknown,  grid_charge=on, ev_charging_active=on, ev_charge_end=2026-02-20 04:00:02, ev_webhook_count=90, max_discharge_a=0, max_charge_a=90, max_grid_charge_a=64, soc_limit_a=60, volt_penalty_a=0, voltage_protected_limit_a=60, soc_power_w=3231, is_critical_soc=False
2026-02-20T03:02:00.214906+01:00,  soc=57.0,  volt=53.36,  volt_delta=0.56, volt_rate_per_min=0.56, volt_status=NORMAL, batt_w=-1190.0,  batt_mode=charge,  batt_discharge_w=0,  batt_charge_w=1190.0,  load_w=13530.0, zone=unknown,  grid_charge=on, ev_charging_active=on, ev_charge_end=2026-02-20 04:00:02, ev_webhook_count=90, max_discharge_a=0, max_charge_a=90, max_grid_charge_a=64, soc_limit_a=60, volt_penalty_a=0, voltage_protected_limit_a=60, soc_power_w=3202, is_critical_soc=False
2026-02-20T03:03:00.215628+01:00,  soc=57.0,  volt=53.36,  volt_delta=0.56, volt_rate_per_min=0.56, volt_status=NORMAL, batt_w=-1190.0,  batt_mode=charge,  batt_discharge_w=0,  batt_charge_w=1190.0,  load_w=13530.0, zone=unknown,  grid_charge=on, ev_charging_active=on, ev_charge_end=2026-02-20 04:00:02, ev_webhook_count=90, max_discharge_a=0, max_charge_a=90, max_grid_charge_a=64, soc_limit_a=60, volt_penalty_a=0, voltage_protected_limit_a=60, soc_power_w=3202, is_critical_soc=False
2026-02-20T03:04:00.215584+01:00,  soc=57.0,  volt=53.26,  volt_delta=0.46, volt_rate_per_min=0.46, volt_status=NORMAL, batt_w=-965.0,  batt_mode=charge,  batt_discharge_w=0,  batt_charge_w=965.0,  load_w=13770.0, zone=unknown,  grid_charge=on, ev_charging_active=on, ev_charge_end=2026-02-20 04:00:02, ev_webhook_count=90, max_discharge_a=0, max_charge_a=90, max_grid_charge_a=64, soc_limit_a=60, volt_penalty_a=0, voltage_protected_limit_a=60, soc_power_w=3196, is_critical_soc=False
2026-02-20T03:05:00.215271+01:00,  soc=58.0,  volt=53.26,  volt_delta=0.46, volt_rate_per_min=0.46, volt_status=NORMAL, batt_w=-965.0,  batt_mode=charge,  batt_discharge_w=0,  batt_charge_w=965.0,  load_w=13770.0, zone=unknown,  grid_charge=on, ev_charging_active=on, ev_charge_end=2026-02-20 04:00:02, ev_webhook_count=90, max_discharge_a=0, max_charge_a=90, max_grid_charge_a=64, soc_limit_a=60, volt_penalty_a=0, voltage_protected_limit_a=60, soc_power_w=3196, is_critical_soc=False
2026-02-20T03:06:00.214695+01:00,  soc=58.0,  volt=53.26,  volt_delta=0.46, volt_rate_per_min=0.46, volt_status=NORMAL, batt_w=-965.0,  batt_mode=charge,  batt_discharge_w=0,  batt_charge_w=965.0,  load_w=13770.0, zone=unknown,  grid_charge=on, ev_charging_active=on, ev_charge_end=2026-02-20 04:00:02, ev_webhook_count=90, max_discharge_a=0, max_charge_a=90, max_grid_charge_a=64, soc_limit_a=60, volt_penalty_a=0, voltage_protected_limit_a=60, soc_power_w=3196, is_critical_soc=False
2026-02-20T03:07:00.215819+01:00,  soc=58.0,  volt=53.25,  volt_delta=0.45, volt_rate_per_min=0.45, volt_status=NORMAL, batt_w=-959.0,  batt_mode=charge,  batt_discharge_w=0,  batt_charge_w=959.0,  load_w=13766.0, zone=unknown,  grid_charge=on, ev_charging_active=on, ev_charge_end=2026-02-20 04:00:02, ev_webhook_count=90, max_discharge_a=0, max_charge_a=90, max_grid_charge_a=64, soc_limit_a=60, volt_penalty_a=0, voltage_protected_limit_a=60, soc_power_w=3195, is_critical_soc=False
2026-02-20T03:08:00.216627+01:00,  soc=58.0,  volt=53.25,  volt_delta=0.45, volt_rate_per_min=0.45, volt_status=NORMAL, batt_w=-959.0,  batt_mode=charge,  batt_discharge_w=0,  batt_charge_w=959.0,  load_w=13766.0, zone=unknown,  grid_charge=on, ev_charging_active=on, ev_charge_end=2026-02-20 04:00:02, ev_webhook_count=90, max_discharge_a=0, max_charge_a=90, max_grid_charge_a=64, soc_limit_a=60, volt_penalty_a=0, voltage_protected_limit_a=60, soc_power_w=3195, is_critical_soc=False
2026-02-20T03:09:00.214859+01:00,  soc=58.0,  volt=53.25,  volt_delta=0.45, volt_rate_per_min=0.45, volt_status=NORMAL, batt_w=-1027.0,  batt_mode=charge,  batt_discharge_w=0,  batt_charge_w=1027.0,  load_w=13720.0, zone=unknown,  grid_charge=on, ev_charging_active=on, ev_charge_end=2026-02-20 04:00:02, ev_webhook_count=90, max_discharge_a=0, max_charge_a=90, max_grid_charge_a=64, soc_limit_a=60, volt_penalty_a=0, voltage_protected_limit_a=60, soc_power_w=3195, is_critical_soc=False
2026-02-20T03:10:00.214744+01:00,  soc=58.0,  volt=53.25,  volt_delta=0.45, volt_rate_per_min=0.45, volt_status=NORMAL, batt_w=-1027.0,  batt_mode=charge,  batt_discharge_w=0,  batt_charge_w=1027.0,  load_w=13720.0, zone=unknown,  grid_charge=on, ev_charging_active=on, ev_charge_end=2026-02-20 04:00:02, ev_webhook_count=90, max_discharge_a=0, max_charge_a=90, max_grid_charge_a=64, soc_limit_a=60, volt_penalty_a=0, voltage_protected_limit_a=60, soc_power_w=3195, is_critical_soc=False
2026-02-20T03:11:00.215753+01:00,  soc=59.0,  volt=53.25,  volt_delta=0.45, volt_rate_per_min=0.45, volt_status=NORMAL, batt_w=-1027.0,  batt_mode=charge,  batt_discharge_w=0,  batt_charge_w=1027.0,  load_w=13720.0, zone=unknown,  grid_charge=on, ev_charging_active=on, ev_charge_end=2026-02-20 04:00:02, ev_webhook_count=90, max_discharge_a=0, max_charge_a=90, max_grid_charge_a=64, soc_limit_a=60, volt_penalty_a=0, voltage_protected_limit_a=60, soc_power_w=3195, is_critical_soc=False
2026-02-20T03:12:00.215541+01:00,  soc=59.0,  volt=53.99,  volt_delta=1.19, volt_rate_per_min=1.19, volt_status=NORMAL, batt_w=-3186.0,  batt_mode=charge,  batt_discharge_w=0,  batt_charge_w=3186.0,  load_w=10845.0, zone=unknown,  grid_charge=on, ev_charging_active=on, ev_charge_end=2026-02-20 04:00:02, ev_webhook_count=90, max_discharge_a=0, max_charge_a=90, max_grid_charge_a=64, soc_limit_a=60, volt_penalty_a=0, voltage_protected_limit_a=60, soc_power_w=3239, is_critical_soc=False
2026-02-20T03:13:00.215039+01:00,  soc=59.0,  volt=53.99,  volt_delta=1.19, volt_rate_per_min=1.19, volt_status=NORMAL, batt_w=-3186.0,  batt_mode=charge,  batt_discharge_w=0,  batt_charge_w=3186.0,  load_w=11005.0, zone=unknown,  grid_charge=on, ev_charging_active=on, ev_charge_end=2026-02-20 04:00:02, ev_webhook_count=90, max_discharge_a=0, max_charge_a=90, max_grid_charge_a=64, soc_limit_a=60, volt_penalty_a=0, voltage_protected_limit_a=60, soc_power_w=3239, is_critical_soc=False
2026-02-20T03:14:00.214680+01:00,  soc=60.0,  volt=54.1,  volt_delta=1.3, volt_rate_per_min=1.3, volt_status=NORMAL, batt_w=-3186.0,  batt_mode=charge,  batt_discharge_w=0,  batt_charge_w=3186.0,  load_w=10948.0, zone=unknown,  grid_charge=on, ev_charging_active=on, ev_charge_end=2026-02-20 04:00:02, ev_webhook_count=90, max_discharge_a=0, max_charge_a=90, max_grid_charge_a=64, soc_limit_a=60, volt_penalty_a=0, voltage_protected_limit_a=60, soc_power_w=3246, is_critical_soc=False
2026-02-20T03:15:00.215172+01:00,  soc=60.0,  volt=54.1,  volt_delta=1.3, volt_rate_per_min=1.3, volt_status=NORMAL, batt_w=-3186.0,  batt_mode=charge,  batt_discharge_w=0,  batt_charge_w=3186.0,  load_w=10948.0, zone=unknown,  grid_charge=on, ev_charging_active=on, ev_charge_end=2026-02-20 04:00:02, ev_webhook_count=90, max_discharge_a=0, max_charge_a=90, max_grid_charge_a=64, soc_limit_a=60, volt_penalty_a=0, voltage_protected_limit_a=60, soc_power_w=3246, is_critical_soc=False
2026-02-20T03:16:00.215161+01:00,  soc=61.0,  volt=54.1,  volt_delta=1.3, volt_rate_per_min=1.3, volt_status=NORMAL, batt_w=-3186.0,  batt_mode=charge,  batt_discharge_w=0,  batt_charge_w=3186.0,  load_w=10526.0, zone=unknown,  grid_charge=on, ev_charging_active=on, ev_charge_end=2026-02-20 04:00:02, ev_webhook_count=90, max_discharge_a=0, max_charge_a=90, max_grid_charge_a=64, soc_limit_a=60, volt_penalty_a=0, voltage_protected_limit_a=60, soc_power_w=3246, is_critical_soc=False
2026-02-20T03:17:00.214867+01:00,  soc=62.0,  volt=54.15,  volt_delta=1.35, volt_rate_per_min=1.35, volt_status=NORMAL, batt_w=-3197.0,  batt_mode=charge,  batt_discharge_w=0,  batt_charge_w=3197.0,  load_w=10526.0, zone=unknown,  grid_charge=off, ev_charging_active=on, ev_charge_end=2026-02-20 04:00:02, ev_webhook_count=90, max_discharge_a=0, max_charge_a=90, max_grid_charge_a=64, soc_limit_a=60, volt_penalty_a=0, voltage_protected_limit_a=60, soc_power_w=3249, is_critical_soc=False
2026-02-20T03:18:00.215138+01:00,  soc=62.0,  volt=53.1,  volt_delta=0.3, volt_rate_per_min=0.3, volt_status=NORMAL, batt_w=-15.0,  batt_mode=idle,  batt_discharge_w=0,  batt_charge_w=15.0,  load_w=12606.0, zone=unknown,  grid_charge=off, ev_charging_active=on, ev_charge_end=2026-02-20 04:00:02, ev_webhook_count=90, max_discharge_a=0, max_charge_a=90, max_grid_charge_a=64, soc_limit_a=60, volt_penalty_a=0, voltage_protected_limit_a=60, soc_power_w=3186, is_critical_soc=False
2026-02-20T03:19:00.214833+01:00,  soc=62.0,  volt=52.93,  volt_delta=0.13, volt_rate_per_min=0.13, volt_status=NORMAL, batt_w=-15.0,  batt_mode=idle,  batt_discharge_w=0,  batt_charge_w=15.0,  load_w=12705.0, zone=unknown,  grid_charge=off, ev_charging_active=on, ev_charge_end=2026-02-20 04:00:02, ev_webhook_count=90, max_discharge_a=0, max_charge_a=90, max_grid_charge_a=64, soc_limit_a=60, volt_penalty_a=0, voltage_protected_limit_a=60, soc_power_w=3176, is_critical_soc=False
2026-02-20T03:20:00.214933+01:00,  soc=62.0,  volt=52.93,  volt_delta=0.13, volt_rate_per_min=0.13, volt_status=NORMAL, batt_w=-15.0,  batt_mode=idle,  batt_discharge_w=0,  batt_charge_w=15.0,  load_w=12654.0, zone=unknown,  grid_charge=off, ev_charging_active=on, ev_charge_end=2026-02-20 04:00:02, ev_webhook_count=90, max_discharge_a=0, max_charge_a=90, max_grid_charge_a=64, soc_limit_a=60, volt_penalty_a=0, voltage_protected_limit_a=60, soc_power_w=3176, is_critical_soc=False
2026-02-20T03:21:00.214925+01:00,  soc=62.0,  volt=52.93,  volt_delta=0.13, volt_rate_per_min=0.13, volt_status=NORMAL, batt_w=-15.0,  batt_mode=idle,  batt_discharge_w=0,  batt_charge_w=15.0,  load_w=13063.0, zone=unknown,  grid_charge=off, ev_charging_active=on, ev_charge_end=2026-02-20 04:00:02, ev_webhook_count=90, max_discharge_a=0, max_charge_a=90, max_grid_charge_a=64, soc_limit_a=60, volt_penalty_a=0, voltage_protected_limit_a=60, soc_power_w=3176, is_critical_soc=False
2026-02-20T03:22:00.214781+01:00,  soc=62.0,  volt=52.93,  volt_delta=0.13, volt_rate_per_min=0.13, volt_status=NORMAL, batt_w=-15.0,  batt_mode=idle,  batt_discharge_w=0,  batt_charge_w=15.0,  load_w=13506.0, zone=unknown,  grid_charge=off, ev_charging_active=on, ev_charge_end=2026-02-20 04:00:02, ev_webhook_count=90, max_discharge_a=0, max_charge_a=90, max_grid_charge_a=64, soc_limit_a=60, volt_penalty_a=0, voltage_protected_limit_a=60, soc_power_w=3176, is_critical_soc=False
2026-02-20T03:23:00.215592+01:00,  soc=62.0,  volt=52.93,  volt_delta=0.13, volt_rate_per_min=0.13, volt_status=NORMAL, batt_w=-15.0,  batt_mode=idle,  batt_discharge_w=0,  batt_charge_w=15.0,  load_w=13845.0, zone=unknown,  grid_charge=off, ev_charging_active=on, ev_charge_end=2026-02-20 04:00:02, ev_webhook_count=90, max_discharge_a=0, max_charge_a=90, max_grid_charge_a=64, soc_limit_a=60, volt_penalty_a=0, voltage_protected_limit_a=60, soc_power_w=3176, is_critical_soc=False
2026-02-20T03:24:00.214772+01:00,  soc=62.0,  volt=52.93,  volt_delta=0.13, volt_rate_per_min=0.13, volt_status=NORMAL, batt_w=-15.0,  batt_mode=idle,  batt_discharge_w=0,  batt_charge_w=15.0,  load_w=14095.0, zone=unknown,  grid_charge=off, ev_charging_active=on, ev_charge_end=2026-02-20 04:00:02, ev_webhook_count=90, max_discharge_a=0, max_charge_a=90, max_grid_charge_a=64, soc_limit_a=60, volt_penalty_a=0, voltage_protected_limit_a=60, soc_power_w=3176, is_critical_soc=False
2026-02-20T03:25:00.214679+01:00,  soc=62.0,  volt=52.93,  volt_delta=0.13, volt_rate_per_min=0.13, volt_status=NORMAL, batt_w=-15.0,  batt_mode=idle,  batt_discharge_w=0,  batt_charge_w=15.0,  load_w=14095.0, zone=unknown,  grid_charge=off, ev_charging_active=on, ev_charge_end=2026-02-20 04:00:02, ev_webhook_count=90, max_discharge_a=0, max_charge_a=90, max_grid_charge_a=64, soc_limit_a=60, volt_penalty_a=0, voltage_protected_limit_a=60, soc_power_w=3176, is_critical_soc=False
2026-02-20T03:26:00.214657+01:00,  soc=62.0,  volt=52.93,  volt_delta=0.13, volt_rate_per_min=0.13, volt_status=NORMAL, batt_w=-15.0,  batt_mode=idle,  batt_discharge_w=0,  batt_charge_w=15.0,  load_w=14024.0, zone=unknown,  grid_charge=off, ev_charging_active=on, ev_charge_end=2026-02-20 04:00:02, ev_webhook_count=90, max_discharge_a=0, max_charge_a=90, max_grid_charge_a=64, soc_limit_a=60, volt_penalty_a=0, voltage_protected_limit_a=60, soc_power_w=3176, is_critical_soc=False
2026-02-20T03:27:00.214946+01:00,  soc=62.0,  volt=52.85,  volt_delta=0.05, volt_rate_per_min=0.05, volt_status=NORMAL, batt_w=-16.0,  batt_mode=idle,  batt_discharge_w=0,  batt_charge_w=16.0,  load_w=14024.0, zone=unknown,  grid_charge=off, ev_charging_active=on, ev_charge_end=2026-02-20 04:00:02, ev_webhook_count=90, max_discharge_a=0, max_charge_a=90, max_grid_charge_a=64, soc_limit_a=60, volt_penalty_a=0, voltage_protected_limit_a=60, soc_power_w=3171, is_critical_soc=False
2026-02-20T03:28:00.215828+01:00,  soc=62.0,  volt=52.85,  volt_delta=0.05, volt_rate_per_min=0.05, volt_status=NORMAL, batt_w=-16.0,  batt_mode=idle,  batt_discharge_w=0,  batt_charge_w=16.0,  load_w=14049.0, zone=unknown,  grid_charge=off, ev_charging_active=on, ev_charge_end=2026-02-20 04:00:02, ev_webhook_count=90, max_discharge_a=0, max_charge_a=90, max_grid_charge_a=64, soc_limit_a=60, volt_penalty_a=0, voltage_protected_limit_a=60, soc_power_w=3171, is_critical_soc=False
2026-02-20T03:29:00.214958+01:00,  soc=62.0,  volt=52.85,  volt_delta=0.05, volt_rate_per_min=0.05, volt_status=NORMAL, batt_w=-16.0,  batt_mode=idle,  batt_discharge_w=0,  batt_charge_w=16.0,  load_w=14049.0, zone=unknown,  grid_charge=off, ev_charging_active=on, ev_charge_end=2026-02-20 04:00:02, ev_webhook_count=90, max_discharge_a=0, max_charge_a=90, max_grid_charge_a=64, soc_limit_a=60, volt_penalty_a=0, voltage_protected_limit_a=60, soc_power_w=3171, is_critical_soc=False
2026-02-20T03:30:00.215039+01:00,  soc=62.0,  volt=52.85,  volt_delta=0.05, volt_rate_per_min=0.05, volt_status=NORMAL, batt_w=-16.0,  batt_mode=idle,  batt_discharge_w=0,  batt_charge_w=16.0,  load_w=14049.0, zone=unknown,  grid_charge=off, ev_charging_active=on, ev_charge_end=2026-02-20 04:00:02, ev_webhook_count=90, max_discharge_a=0, max_charge_a=90, max_grid_charge_a=64, soc_limit_a=60, volt_penalty_a=0, voltage_protected_limit_a=60, soc_power_w=3171, is_critical_soc=False
2026-02-20T03:31:00.215125+01:00,  soc=62.0,  volt=53.06,  volt_delta=0.26, volt_rate_per_min=0.26, volt_status=NORMAL, batt_w=-731.0,  batt_mode=charge,  batt_discharge_w=0,  batt_charge_w=731.0,  load_w=14049.0, zone=unknown,  grid_charge=on, ev_charging_active=on, ev_charge_end=2026-02-20 04:00:02, ev_webhook_count=90, max_discharge_a=0, max_charge_a=90, max_grid_charge_a=64, soc_limit_a=60, volt_penalty_a=0, voltage_protected_limit_a=60, soc_power_w=3184, is_critical_soc=False
2026-02-20T03:32:00.215036+01:00,  soc=62.0,  volt=53.06,  volt_delta=0.26, volt_rate_per_min=0.26, volt_status=NORMAL, batt_w=-731.0,  batt_mode=charge,  batt_discharge_w=0,  batt_charge_w=731.0,  load_w=14049.0, zone=unknown,  grid_charge=on, ev_charging_active=on, ev_charge_end=2026-02-20 04:00:02, ev_webhook_count=90, max_discharge_a=0, max_charge_a=90, max_grid_charge_a=64, soc_limit_a=60, volt_penalty_a=0, voltage_protected_limit_a=60, soc_power_w=3184, is_critical_soc=False
2026-02-20T03:33:00.215307+01:00,  soc=62.0,  volt=53.06,  volt_delta=0.26, volt_rate_per_min=0.26, volt_status=NORMAL, batt_w=-731.0,  batt_mode=charge,  batt_discharge_w=0,  batt_charge_w=731.0,  load_w=14049.0, zone=unknown,  grid_charge=on, ev_charging_active=on, ev_charge_end=2026-02-20 04:00:02, ev_webhook_count=90, max_discharge_a=0, max_charge_a=90, max_grid_charge_a=64, soc_limit_a=60, volt_penalty_a=0, voltage_protected_limit_a=60, soc_power_w=3184, is_critical_soc=False
2026-02-20T03:34:00.215075+01:00,  soc=62.0,  volt=53.16,  volt_delta=0.36, volt_rate_per_min=0.36, volt_status=NORMAL, batt_w=-731.0,  batt_mode=charge,  batt_discharge_w=0,  batt_charge_w=731.0,  load_w=14073.0, zone=unknown,  grid_charge=on, ev_charging_active=on, ev_charge_end=2026-02-20 04:00:02, ev_webhook_count=90, max_discharge_a=0, max_charge_a=90, max_grid_charge_a=64, soc_limit_a=60, volt_penalty_a=0, voltage_protected_limit_a=60, soc_power_w=3190, is_critical_soc=False
2026-02-20T03:35:00.215924+01:00,  soc=62.0,  volt=53.16,  volt_delta=0.36, volt_rate_per_min=0.36, volt_status=NORMAL, batt_w=-731.0,  batt_mode=charge,  batt_discharge_w=0,  batt_charge_w=731.0,  load_w=14073.0, zone=unknown,  grid_charge=on, ev_charging_active=on, ev_charge_end=2026-02-20 04:00:02, ev_webhook_count=90, max_discharge_a=0, max_charge_a=90, max_grid_charge_a=64, soc_limit_a=60, volt_penalty_a=0, voltage_protected_limit_a=60, soc_power_w=3190, is_critical_soc=False
2026-02-20T03:36:00.214822+01:00,  soc=62.0,  volt=53.89,  volt_delta=1.09, volt_rate_per_min=1.09, volt_status=NORMAL, batt_w=-3109.0,  batt_mode=charge,  batt_discharge_w=0,  batt_charge_w=3109.0,  load_w=14073.0, zone=unknown,  grid_charge=on, ev_charging_active=on, ev_charge_end=2026-02-20 04:00:02, ev_webhook_count=90, max_discharge_a=0, max_charge_a=90, max_grid_charge_a=64, soc_limit_a=60, volt_penalty_a=0, voltage_protected_limit_a=60, soc_power_w=3233, is_critical_soc=False
2026-02-20T03:37:00.215229+01:00,  soc=63.0,  volt=53.22,  volt_delta=0.42, volt_rate_per_min=0.42, volt_status=NORMAL, batt_w=-667.0,  batt_mode=charge,  batt_discharge_w=0,  batt_charge_w=667.0,  load_w=14091.0, zone=unknown,  grid_charge=on, ev_charging_active=on, ev_charge_end=2026-02-20 04:00:02, ev_webhook_count=90, max_discharge_a=0, max_charge_a=90, max_grid_charge_a=64, soc_limit_a=60, volt_penalty_a=0, voltage_protected_limit_a=60, soc_power_w=3193, is_critical_soc=False
2026-02-20T03:38:00.214834+01:00,  soc=63.0,  volt=53.22,  volt_delta=0.42, volt_rate_per_min=0.42, volt_status=NORMAL, batt_w=-667.0,  batt_mode=charge,  batt_discharge_w=0,  batt_charge_w=667.0,  load_w=14091.0, zone=unknown,  grid_charge=on, ev_charging_active=on, ev_charge_end=2026-02-20 04:00:02, ev_webhook_count=90, max_discharge_a=0, max_charge_a=90, max_grid_charge_a=64, soc_limit_a=60, volt_penalty_a=0, voltage_protected_limit_a=60, soc_power_w=3193, is_critical_soc=False
2026-02-20T03:39:00.214606+01:00,  soc=63.0,  volt=53.22,  volt_delta=0.42, volt_rate_per_min=0.42, volt_status=NORMAL, batt_w=-667.0,  batt_mode=charge,  batt_discharge_w=0,  batt_charge_w=667.0,  load_w=14151.0, zone=unknown,  grid_charge=on, ev_charging_active=on, ev_charge_end=2026-02-20 04:00:02, ev_webhook_count=90, max_discharge_a=0, max_charge_a=90, max_grid_charge_a=64, soc_limit_a=60, volt_penalty_a=0, voltage_protected_limit_a=60, soc_power_w=3193, is_critical_soc=False
2026-02-20T03:40:00.215496+01:00,  soc=63.0,  volt=53.22,  volt_delta=0.42, volt_rate_per_min=0.42, volt_status=NORMAL, batt_w=-667.0,  batt_mode=charge,  batt_discharge_w=0,  batt_charge_w=667.0,  load_w=14083.0, zone=unknown,  grid_charge=on, ev_charging_active=on, ev_charge_end=2026-02-20 04:00:02, ev_webhook_count=90, max_discharge_a=0, max_charge_a=90, max_grid_charge_a=64, soc_limit_a=60, volt_penalty_a=0, voltage_protected_limit_a=60, soc_power_w=3193, is_critical_soc=False
2026-02-20T03:41:00.216229+01:00,  soc=63.0,  volt=53.22,  volt_delta=0.42, volt_rate_per_min=0.42, volt_status=NORMAL, batt_w=-667.0,  batt_mode=charge,  batt_discharge_w=0,  batt_charge_w=667.0,  load_w=14083.0, zone=unknown,  grid_charge=on, ev_charging_active=on, ev_charge_end=2026-02-20 04:00:02, ev_webhook_count=90, max_discharge_a=0, max_charge_a=90, max_grid_charge_a=64, soc_limit_a=60, volt_penalty_a=0, voltage_protected_limit_a=60, soc_power_w=3193, is_critical_soc=False
2026-02-20T03:42:00.215794+01:00,  soc=63.0,  volt=53.22,  volt_delta=0.42, volt_rate_per_min=0.42, volt_status=NORMAL, batt_w=-667.0,  batt_mode=charge,  batt_discharge_w=0,  batt_charge_w=667.0,  load_w=14083.0, zone=unknown,  grid_charge=on, ev_charging_active=on, ev_charge_end=2026-02-20 04:00:02, ev_webhook_count=90, max_discharge_a=0, max_charge_a=90, max_grid_charge_a=64, soc_limit_a=60, volt_penalty_a=0, voltage_protected_limit_a=60, soc_power_w=3193, is_critical_soc=False
2026-02-20T03:43:00.215479+01:00,  soc=63.0,  volt=53.22,  volt_delta=0.42, volt_rate_per_min=0.42, volt_status=NORMAL, batt_w=-667.0,  batt_mode=charge,  batt_discharge_w=0,  batt_charge_w=667.0,  load_w=14145.0, zone=unknown,  grid_charge=on, ev_charging_active=on, ev_charge_end=2026-02-20 04:00:02, ev_webhook_count=90, max_discharge_a=0, max_charge_a=90, max_grid_charge_a=64, soc_limit_a=60, volt_penalty_a=0, voltage_protected_limit_a=60, soc_power_w=3193, is_critical_soc=False
2026-02-20T03:44:00.215585+01:00,  soc=63.0,  volt=53.22,  volt_delta=0.42, volt_rate_per_min=0.42, volt_status=NORMAL, batt_w=-1125.0,  batt_mode=charge,  batt_discharge_w=0,  batt_charge_w=1125.0,  load_w=13602.0, zone=unknown,  grid_charge=on, ev_charging_active=on, ev_charge_end=2026-02-20 04:00:02, ev_webhook_count=90, max_discharge_a=0, max_charge_a=90, max_grid_charge_a=64, soc_limit_a=60, volt_penalty_a=0, voltage_protected_limit_a=60, soc_power_w=3193, is_critical_soc=False
2026-02-20T03:45:00.214970+01:00,  soc=64.0,  volt=53.36,  volt_delta=0.56, volt_rate_per_min=0.56, volt_status=NORMAL, batt_w=-1125.0,  batt_mode=charge,  batt_discharge_w=0,  batt_charge_w=1125.0,  load_w=13602.0, zone=unknown,  grid_charge=on, ev_charging_active=on, ev_charge_end=2026-02-20 04:00:02, ev_webhook_count=90, max_discharge_a=0, max_charge_a=90, max_grid_charge_a=64, soc_limit_a=60, volt_penalty_a=0, voltage_protected_limit_a=60, soc_power_w=3202, is_critical_soc=False
2026-02-20T03:46:00.215372+01:00,  soc=64.0,  volt=53.36,  volt_delta=0.56, volt_rate_per_min=0.56, volt_status=NORMAL, batt_w=-1125.0,  batt_mode=charge,  batt_discharge_w=0,  batt_charge_w=1125.0,  load_w=13602.0, zone=unknown,  grid_charge=on, ev_charging_active=on, ev_charge_end=2026-02-20 04:00:02, ev_webhook_count=90, max_discharge_a=0, max_charge_a=90, max_grid_charge_a=64, soc_limit_a=60, volt_penalty_a=0, voltage_protected_limit_a=60, soc_power_w=3202, is_critical_soc=False
2026-02-20T03:47:00.214875+01:00,  soc=64.0,  volt=53.36,  volt_delta=0.56, volt_rate_per_min=0.56, volt_status=NORMAL, batt_w=-1086.0,  batt_mode=charge,  batt_discharge_w=0,  batt_charge_w=1086.0,  load_w=13602.0, zone=unknown,  grid_charge=on, ev_charging_active=on, ev_charge_end=2026-02-20 04:00:02, ev_webhook_count=90, max_discharge_a=0, max_charge_a=90, max_grid_charge_a=64, soc_limit_a=60, volt_penalty_a=0, voltage_protected_limit_a=60, soc_power_w=3202, is_critical_soc=False
2026-02-20T03:48:00.215537+01:00,  soc=64.0,  volt=53.36,  volt_delta=0.56, volt_rate_per_min=0.56, volt_status=NORMAL, batt_w=-1086.0,  batt_mode=charge,  batt_discharge_w=0,  batt_charge_w=1086.0,  load_w=13635.0, zone=unknown,  grid_charge=on, ev_charging_active=on, ev_charge_end=2026-02-20 04:00:02, ev_webhook_count=90, max_discharge_a=0, max_charge_a=90, max_grid_charge_a=64, soc_limit_a=60, volt_penalty_a=0, voltage_protected_limit_a=60, soc_power_w=3202, is_critical_soc=False
2026-02-20T03:49:00.215081+01:00,  soc=64.0,  volt=53.36,  volt_delta=0.56, volt_rate_per_min=0.56, volt_status=NORMAL, batt_w=-1086.0,  batt_mode=charge,  batt_discharge_w=0,  batt_charge_w=1086.0,  load_w=13635.0, zone=unknown,  grid_charge=on, ev_charging_active=on, ev_charge_end=2026-02-20 04:00:02, ev_webhook_count=90, max_discharge_a=0, max_charge_a=90, max_grid_charge_a=64, soc_limit_a=60, volt_penalty_a=0, voltage_protected_limit_a=60, soc_power_w=3202, is_critical_soc=False
2026-02-20T03:50:00.214997+01:00,  soc=64.0,  volt=53.36,  volt_delta=0.56, volt_rate_per_min=0.56, volt_status=NORMAL, batt_w=-1086.0,  batt_mode=charge,  batt_discharge_w=0,  batt_charge_w=1086.0,  load_w=13615.0, zone=unknown,  grid_charge=on, ev_charging_active=on, ev_charge_end=2026-02-20 04:00:02, ev_webhook_count=90, max_discharge_a=0, max_charge_a=90, max_grid_charge_a=64, soc_limit_a=60, volt_penalty_a=0, voltage_protected_limit_a=60, soc_power_w=3202, is_critical_soc=False
2026-02-20T03:51:00.216254+01:00,  soc=65.0,  volt=53.36,  volt_delta=0.56, volt_rate_per_min=0.56, volt_status=NORMAL, batt_w=-1048.0,  batt_mode=charge,  batt_discharge_w=0,  batt_charge_w=1048.0,  load_w=13721.0, zone=unknown,  grid_charge=on, ev_charging_active=on, ev_charge_end=2026-02-20 04:00:02, ev_webhook_count=90, max_discharge_a=0, max_charge_a=90, max_grid_charge_a=64, soc_limit_a=60, volt_penalty_a=0, voltage_protected_limit_a=60, soc_power_w=3202, is_critical_soc=False
2026-02-20T03:52:00.214701+01:00,  soc=65.0,  volt=53.36,  volt_delta=0.56, volt_rate_per_min=0.56, volt_status=NORMAL, batt_w=-1232.0,  batt_mode=charge,  batt_discharge_w=0,  batt_charge_w=1232.0,  load_w=13516.0, zone=unknown,  grid_charge=on, ev_charging_active=on, ev_charge_end=2026-02-20 04:00:02, ev_webhook_count=90, max_discharge_a=0, max_charge_a=90, max_grid_charge_a=64, soc_limit_a=60, volt_penalty_a=0, voltage_protected_limit_a=60, soc_power_w=3202, is_critical_soc=False
2026-02-20T03:53:00.214886+01:00,  soc=65.0,  volt=53.36,  volt_delta=0.56, volt_rate_per_min=0.56, volt_status=NORMAL, batt_w=-1292.0,  batt_mode=charge,  batt_discharge_w=0,  batt_charge_w=1292.0,  load_w=13458.0, zone=unknown,  grid_charge=on, ev_charging_active=on, ev_charge_end=2026-02-20 04:00:02, ev_webhook_count=90, max_discharge_a=0, max_charge_a=90, max_grid_charge_a=64, soc_limit_a=60, volt_penalty_a=0, voltage_protected_limit_a=60, soc_power_w=3202, is_critical_soc=False
2026-02-20T03:54:00.215416+01:00,  soc=65.0,  volt=53.54,  volt_delta=0.74, volt_rate_per_min=0.74, volt_status=NORMAL, batt_w=-1609.0,  batt_mode=charge,  batt_discharge_w=0,  batt_charge_w=1609.0,  load_w=13136.0, zone=unknown,  grid_charge=on, ev_charging_active=on, ev_charge_end=2026-02-20 04:00:02, ev_webhook_count=90, max_discharge_a=0, max_charge_a=90, max_grid_charge_a=64, soc_limit_a=60, volt_penalty_a=0, voltage_protected_limit_a=60, soc_power_w=3212, is_critical_soc=False
2026-02-20T03:55:00.215363+01:00,  soc=66.0,  volt=53.54,  volt_delta=0.74, volt_rate_per_min=0.74, volt_status=NORMAL, batt_w=-1544.0,  batt_mode=charge,  batt_discharge_w=0,  batt_charge_w=1544.0,  load_w=13198.0, zone=unknown,  grid_charge=on, ev_charging_active=on, ev_charge_end=2026-02-20 04:00:02, ev_webhook_count=90, max_discharge_a=0, max_charge_a=90, max_grid_charge_a=64, soc_limit_a=60, volt_penalty_a=0, voltage_protected_limit_a=60, soc_power_w=3212, is_critical_soc=False
2026-02-20T03:56:00.214858+01:00,  soc=66.0,  volt=53.54,  volt_delta=0.74, volt_rate_per_min=0.74, volt_status=NORMAL, batt_w=-1344.0,  batt_mode=charge,  batt_discharge_w=0,  batt_charge_w=1344.0,  load_w=13447.0, zone=unknown,  grid_charge=on, ev_charging_active=on, ev_charge_end=2026-02-20 04:00:02, ev_webhook_count=90, max_discharge_a=0, max_charge_a=90, max_grid_charge_a=64, soc_limit_a=60, volt_penalty_a=0, voltage_protected_limit_a=60, soc_power_w=3212, is_critical_soc=False
2026-02-20T03:57:00.214914+01:00,  soc=66.0,  volt=53.49,  volt_delta=0.69, volt_rate_per_min=0.69, volt_status=NORMAL, batt_w=-1352.0,  batt_mode=charge,  batt_discharge_w=0,  batt_charge_w=1352.0,  load_w=13365.0, zone=unknown,  grid_charge=on, ev_charging_active=on, ev_charge_end=2026-02-20 04:00:02, ev_webhook_count=90, max_discharge_a=0, max_charge_a=90, max_grid_charge_a=64, soc_limit_a=60, volt_penalty_a=0, voltage_protected_limit_a=60, soc_power_w=3209, is_critical_soc=False
2026-02-20T03:58:00.215552+01:00,  soc=66.0,  volt=53.49,  volt_delta=0.69, volt_rate_per_min=0.69, volt_status=NORMAL, batt_w=-1426.0,  batt_mode=charge,  batt_discharge_w=0,  batt_charge_w=1426.0,  load_w=13303.0, zone=unknown,  grid_charge=on, ev_charging_active=on, ev_charge_end=2026-02-20 04:00:02, ev_webhook_count=90, max_discharge_a=0, max_charge_a=90, max_grid_charge_a=64, soc_limit_a=60, volt_penalty_a=0, voltage_protected_limit_a=60, soc_power_w=3209, is_critical_soc=False
2026-02-20T03:59:00.215341+01:00,  soc=66.0,  volt=53.49,  volt_delta=0.69, volt_rate_per_min=0.69, volt_status=NORMAL, batt_w=-1426.0,  batt_mode=charge,  batt_discharge_w=0,  batt_charge_w=1426.0,  load_w=13303.0, zone=unknown,  grid_charge=on, ev_charging_active=on, ev_charge_end=2026-02-20 04:00:02, ev_webhook_count=90, max_discharge_a=0, max_charge_a=90, max_grid_charge_a=64, soc_limit_a=60, volt_penalty_a=0, voltage_protected_limit_a=60, soc_power_w=3209, is_critical_soc=False
2026-02-20T04:00:00.215648+01:00,  soc=67.0,  volt=54.01,  volt_delta=1.21, volt_rate_per_min=1.21, volt_status=NORMAL, batt_w=-3180.0,  batt_mode=charge,  batt_discharge_w=0,  batt_charge_w=3180.0,  load_w=3076.0, zone=unknown,  grid_charge=on, ev_charging_active=on, ev_charge_end=2026-02-20 04:00:02, ev_webhook_count=90, max_discharge_a=0, max_charge_a=90, max_grid_charge_a=64, soc_limit_a=60, volt_penalty_a=0, voltage_protected_limit_a=60, soc_power_w=3241, is_critical_soc=False
2026-02-20T04:01:00.215140+01:00,  soc=67.0,  volt=54.11,  volt_delta=1.31, volt_rate_per_min=1.31, volt_status=NORMAL, batt_w=-3180.0,  batt_mode=charge,  batt_discharge_w=0,  batt_charge_w=3180.0,  load_w=3076.0, zone=unknown,  grid_charge=on, ev_charging_active=on, ev_charge_end=2026-02-20 05:00:02, ev_webhook_count=91, max_discharge_a=0, max_charge_a=90, max_grid_charge_a=64, soc_limit_a=60, volt_penalty_a=0, voltage_protected_limit_a=60, soc_power_w=3247, is_critical_soc=False
2026-02-20T04:02:00.214753+01:00,  soc=68.0,  volt=53.6,  volt_delta=0.8, volt_rate_per_min=0.8, volt_status=NORMAL, batt_w=-1402.0,  batt_mode=charge,  batt_discharge_w=0,  batt_charge_w=1402.0,  load_w=13416.0, zone=unknown,  grid_charge=on, ev_charging_active=on, ev_charge_end=2026-02-20 05:00:02, ev_webhook_count=91, max_discharge_a=0, max_charge_a=90, max_grid_charge_a=64, soc_limit_a=60, volt_penalty_a=0, voltage_protected_limit_a=60, soc_power_w=3216, is_critical_soc=False
2026-02-20T04:03:00.215788+01:00,  soc=68.0,  volt=53.39,  volt_delta=0.59, volt_rate_per_min=0.59, volt_status=NORMAL, batt_w=-1231.0,  batt_mode=charge,  batt_discharge_w=0,  batt_charge_w=1231.0,  load_w=13416.0, zone=unknown,  grid_charge=on, ev_charging_active=on, ev_charge_end=2026-02-20 05:00:02, ev_webhook_count=91, max_discharge_a=0, max_charge_a=90, max_grid_charge_a=64, soc_limit_a=60, volt_penalty_a=0, voltage_protected_limit_a=60, soc_power_w=3203, is_critical_soc=False
2026-02-20T04:04:00.215627+01:00,  soc=68.0,  volt=53.5,  volt_delta=0.7, volt_rate_per_min=0.7, volt_status=NORMAL, batt_w=-1317.0,  batt_mode=charge,  batt_discharge_w=0,  batt_charge_w=1317.0,  load_w=13416.0, zone=unknown,  grid_charge=on, ev_charging_active=on, ev_charge_end=2026-02-20 05:00:02, ev_webhook_count=91, max_discharge_a=0, max_charge_a=90, max_grid_charge_a=64, soc_limit_a=60, volt_penalty_a=0, voltage_protected_limit_a=60, soc_power_w=3210, is_critical_soc=False
2026-02-20T04:05:00.214633+01:00,  soc=68.0,  volt=53.5,  volt_delta=0.7, volt_rate_per_min=0.7, volt_status=NORMAL, batt_w=-1317.0,  batt_mode=charge,  batt_discharge_w=0,  batt_charge_w=1317.0,  load_w=13416.0, zone=unknown,  grid_charge=on, ev_charging_active=on, ev_charge_end=2026-02-20 05:00:02, ev_webhook_count=91, max_discharge_a=0, max_charge_a=90, max_grid_charge_a=64, soc_limit_a=60, volt_penalty_a=0, voltage_protected_limit_a=60, soc_power_w=3210, is_critical_soc=False
2026-02-20T04:06:00.214837+01:00,  soc=68.0,  volt=53.5,  volt_delta=0.7, volt_rate_per_min=0.7, volt_status=NORMAL, batt_w=-1317.0,  batt_mode=charge,  batt_discharge_w=0,  batt_charge_w=1317.0,  load_w=13457.0, zone=unknown,  grid_charge=on, ev_charging_active=on, ev_charge_end=2026-02-20 05:00:02, ev_webhook_count=91, max_discharge_a=0, max_charge_a=90, max_grid_charge_a=64, soc_limit_a=60, volt_penalty_a=0, voltage_protected_limit_a=60, soc_power_w=3210, is_critical_soc=False
2026-02-20T04:07:00.216681+01:00,  soc=69.0,  volt=53.48,  volt_delta=0.68, volt_rate_per_min=0.68, volt_status=NORMAL, batt_w=-1313.0,  batt_mode=charge,  batt_discharge_w=0,  batt_charge_w=1313.0,  load_w=13457.0, zone=unknown,  grid_charge=on, ev_charging_active=on, ev_charge_end=2026-02-20 05:00:02, ev_webhook_count=91, max_discharge_a=0, max_charge_a=90, max_grid_charge_a=64, soc_limit_a=60, volt_penalty_a=0, voltage_protected_limit_a=60, soc_power_w=3209, is_critical_soc=False
2026-02-20T04:08:00.215477+01:00,  soc=69.0,  volt=53.48,  volt_delta=0.68, volt_rate_per_min=0.68, volt_status=NORMAL, batt_w=-1313.0,  batt_mode=charge,  batt_discharge_w=0,  batt_charge_w=1313.0,  load_w=13457.0, zone=unknown,  grid_charge=on, ev_charging_active=on, ev_charge_end=2026-02-20 05:00:02, ev_webhook_count=91, max_discharge_a=0, max_charge_a=90, max_grid_charge_a=64, soc_limit_a=60, volt_penalty_a=0, voltage_protected_limit_a=60, soc_power_w=3209, is_critical_soc=False
2026-02-20T04:09:00.215392+01:00,  soc=69.0,  volt=53.48,  volt_delta=0.68, volt_rate_per_min=0.68, volt_status=NORMAL, batt_w=-1330.0,  batt_mode=charge,  batt_discharge_w=0,  batt_charge_w=1330.0,  load_w=13457.0, zone=unknown,  grid_charge=on, ev_charging_active=on, ev_charge_end=2026-02-20 05:00:02, ev_webhook_count=91, max_discharge_a=0, max_charge_a=90, max_grid_charge_a=64, soc_limit_a=60, volt_penalty_a=0, voltage_protected_limit_a=60, soc_power_w=3209, is_critical_soc=False
2026-02-20T04:10:00.216029+01:00,  soc=69.0,  volt=53.48,  volt_delta=0.68, volt_rate_per_min=0.68, volt_status=NORMAL, batt_w=-1330.0,  batt_mode=charge,  batt_discharge_w=0,  batt_charge_w=1330.0,  load_w=13457.0, zone=unknown,  grid_charge=on, ev_charging_active=on, ev_charge_end=2026-02-20 05:00:02, ev_webhook_count=91, max_discharge_a=0, max_charge_a=90, max_grid_charge_a=64, soc_limit_a=60, volt_penalty_a=0, voltage_protected_limit_a=60, soc_power_w=3209, is_critical_soc=False
2026-02-20T04:11:00.214780+01:00,  soc=69.0,  volt=53.48,  volt_delta=0.68, volt_rate_per_min=0.68, volt_status=NORMAL, batt_w=-1330.0,  batt_mode=charge,  batt_discharge_w=0,  batt_charge_w=1330.0,  load_w=13416.0, zone=unknown,  grid_charge=on, ev_charging_active=on, ev_charge_end=2026-02-20 05:00:02, ev_webhook_count=91, max_discharge_a=0, max_charge_a=90, max_grid_charge_a=64, soc_limit_a=60, volt_penalty_a=0, voltage_protected_limit_a=60, soc_power_w=3209, is_critical_soc=False
2026-02-20T04:12:00.215189+01:00,  soc=70.0,  volt=53.6,  volt_delta=0.8, volt_rate_per_min=0.8, volt_status=NORMAL, batt_w=-1610.0,  batt_mode=charge,  batt_discharge_w=0,  batt_charge_w=1610.0,  load_w=13144.0, zone=unknown,  grid_charge=on, ev_charging_active=on, ev_charge_end=2026-02-20 05:00:02, ev_webhook_count=91, max_discharge_a=0, max_charge_a=90, max_grid_charge_a=64, soc_limit_a=60, volt_penalty_a=0, voltage_protected_limit_a=60, soc_power_w=3216, is_critical_soc=False
2026-02-20T04:13:00.216579+01:00,  soc=70.0,  volt=53.6,  volt_delta=0.8, volt_rate_per_min=0.8, volt_status=NORMAL, batt_w=-1790.0,  batt_mode=charge,  batt_discharge_w=0,  batt_charge_w=1790.0,  load_w=12940.0, zone=unknown,  grid_charge=on, ev_charging_active=on, ev_charge_end=2026-02-20 05:00:02, ev_webhook_count=91, max_discharge_a=0, max_charge_a=90, max_grid_charge_a=64, soc_limit_a=60, volt_penalty_a=0, voltage_protected_limit_a=60, soc_power_w=3216, is_critical_soc=False
2026-02-20T04:14:00.215114+01:00,  soc=70.0,  volt=53.6,  volt_delta=0.8, volt_rate_per_min=0.8, volt_status=NORMAL, batt_w=-1790.0,  batt_mode=charge,  batt_discharge_w=0,  batt_charge_w=1790.0,  load_w=12940.0, zone=unknown,  grid_charge=on, ev_charging_active=on, ev_charge_end=2026-02-20 05:00:02, ev_webhook_count=91, max_discharge_a=0, max_charge_a=90, max_grid_charge_a=64, soc_limit_a=60, volt_penalty_a=0, voltage_protected_limit_a=60, soc_power_w=3216, is_critical_soc=False
2026-02-20T04:15:00.215525+01:00,  soc=71.0,  volt=53.6,  volt_delta=0.8, volt_rate_per_min=0.8, volt_status=NORMAL, batt_w=-1790.0,  batt_mode=charge,  batt_discharge_w=0,  batt_charge_w=1790.0,  load_w=12940.0, zone=unknown,  grid_charge=on, ev_charging_active=on, ev_charge_end=2026-02-20 05:00:02, ev_webhook_count=91, max_discharge_a=0, max_charge_a=90, max_grid_charge_a=64, soc_limit_a=60, volt_penalty_a=0, voltage_protected_limit_a=60, soc_power_w=3216, is_critical_soc=False
2026-02-20T04:16:00.214806+01:00,  soc=71.0,  volt=53.6,  volt_delta=0.8, volt_rate_per_min=0.8, volt_status=NORMAL, batt_w=-1790.0,  batt_mode=charge,  batt_discharge_w=0,  batt_charge_w=1790.0,  load_w=12967.0, zone=unknown,  grid_charge=on, ev_charging_active=on, ev_charge_end=2026-02-20 05:00:02, ev_webhook_count=91, max_discharge_a=0, max_charge_a=90, max_grid_charge_a=64, soc_limit_a=60, volt_penalty_a=0, voltage_protected_limit_a=60, soc_power_w=3216, is_critical_soc=False
2026-02-20T04:17:00.214897+01:00,  soc=71.0,  volt=53.7,  volt_delta=0.9, volt_rate_per_min=0.9, volt_status=NORMAL, batt_w=-1809.0,  batt_mode=charge,  batt_discharge_w=0,  batt_charge_w=1809.0,  load_w=12890.0, zone=unknown,  grid_charge=on, ev_charging_active=on, ev_charge_end=2026-02-20 05:00:02, ev_webhook_count=91, max_discharge_a=0, max_charge_a=90, max_grid_charge_a=64, soc_limit_a=60, volt_penalty_a=0, voltage_protected_limit_a=60, soc_power_w=3222, is_critical_soc=False
2026-02-20T04:18:00.215337+01:00,  soc=71.0,  volt=53.7,  volt_delta=0.9, volt_rate_per_min=0.9, volt_status=NORMAL, batt_w=-1863.0,  batt_mode=charge,  batt_discharge_w=0,  batt_charge_w=1863.0,  load_w=12890.0, zone=unknown,  grid_charge=on, ev_charging_active=on, ev_charge_end=2026-02-20 05:00:02, ev_webhook_count=91, max_discharge_a=0, max_charge_a=90, max_grid_charge_a=64, soc_limit_a=60, volt_penalty_a=0, voltage_protected_limit_a=60, soc_power_w=3222, is_critical_soc=False
2026-02-20T04:19:00.214583+01:00,  soc=72.0,  volt=54.13,  volt_delta=1.33, volt_rate_per_min=1.33, volt_status=NORMAL, batt_w=-3196.0,  batt_mode=charge,  batt_discharge_w=0,  batt_charge_w=3196.0,  load_w=2783.0, zone=unknown,  grid_charge=on, ev_charging_active=on, ev_charge_end=2026-02-20 05:00:02, ev_webhook_count=91, max_discharge_a=0, max_charge_a=90, max_grid_charge_a=64, soc_limit_a=60, volt_penalty_a=0, voltage_protected_limit_a=60, soc_power_w=3248, is_critical_soc=False
2026-02-20T04:20:00.216382+01:00,  soc=72.0,  volt=54.13,  volt_delta=1.33, volt_rate_per_min=1.33, volt_status=NORMAL, batt_w=-3196.0,  batt_mode=charge,  batt_discharge_w=0,  batt_charge_w=3196.0,  load_w=5314.0, zone=unknown,  grid_charge=on, ev_charging_active=on, ev_charge_end=2026-02-20 05:00:02, ev_webhook_count=91, max_discharge_a=0, max_charge_a=90, max_grid_charge_a=64, soc_limit_a=60, volt_penalty_a=0, voltage_protected_limit_a=60, soc_power_w=3248, is_critical_soc=False
2026-02-20T04:21:00.215585+01:00,  soc=73.0,  volt=54.13,  volt_delta=1.33, volt_rate_per_min=1.33, volt_status=NORMAL, batt_w=-3196.0,  batt_mode=charge,  batt_discharge_w=0,  batt_charge_w=3196.0,  load_w=5314.0, zone=unknown,  grid_charge=on, ev_charging_active=on, ev_charge_end=2026-02-20 05:00:02, ev_webhook_count=91, max_discharge_a=0, max_charge_a=90, max_grid_charge_a=64, soc_limit_a=60, volt_penalty_a=0, voltage_protected_limit_a=60, soc_power_w=3248, is_critical_soc=False
2026-02-20T04:22:00.215016+01:00,  soc=73.0,  volt=54.13,  volt_delta=1.33, volt_rate_per_min=1.33, volt_status=NORMAL, batt_w=-3196.0,  batt_mode=charge,  batt_discharge_w=0,  batt_charge_w=3196.0,  load_w=5543.0, zone=unknown,  grid_charge=on, ev_charging_active=on, ev_charge_end=2026-02-20 05:00:02, ev_webhook_count=91, max_discharge_a=0, max_charge_a=90, max_grid_charge_a=64, soc_limit_a=60, volt_penalty_a=0, voltage_protected_limit_a=60, soc_power_w=3248, is_critical_soc=False
2026-02-20T04:23:00.215049+01:00,  soc=74.0,  volt=54.13,  volt_delta=1.33, volt_rate_per_min=1.33, volt_status=NORMAL, batt_w=-3196.0,  batt_mode=charge,  batt_discharge_w=0,  batt_charge_w=3196.0,  load_w=5634.0, zone=unknown,  grid_charge=on, ev_charging_active=on, ev_charge_end=2026-02-20 05:00:02, ev_webhook_count=91, max_discharge_a=0, max_charge_a=90, max_grid_charge_a=64, soc_limit_a=60, volt_penalty_a=0, voltage_protected_limit_a=60, soc_power_w=3248, is_critical_soc=False
2026-02-20T04:24:00.215089+01:00,  soc=75.0,  volt=54.13,  volt_delta=1.33, volt_rate_per_min=1.33, volt_status=NORMAL, batt_w=-3196.0,  batt_mode=charge,  batt_discharge_w=0,  batt_charge_w=3196.0,  load_w=5766.0, zone=unknown,  grid_charge=on, ev_charging_active=on, ev_charge_end=2026-02-20 05:00:02, ev_webhook_count=91, max_discharge_a=0, max_charge_a=90, max_grid_charge_a=64, soc_limit_a=60, volt_penalty_a=0, voltage_protected_limit_a=60, soc_power_w=3248, is_critical_soc=False
2026-02-20T04:25:00.214584+01:00,  soc=75.0,  volt=54.13,  volt_delta=1.33, volt_rate_per_min=1.33, volt_status=NORMAL, batt_w=-3196.0,  batt_mode=charge,  batt_discharge_w=0,  batt_charge_w=3196.0,  load_w=5766.0, zone=unknown,  grid_charge=on, ev_charging_active=on, ev_charge_end=2026-02-20 05:00:02, ev_webhook_count=91, max_discharge_a=0, max_charge_a=90, max_grid_charge_a=64, soc_limit_a=60, volt_penalty_a=0, voltage_protected_limit_a=60, soc_power_w=3248, is_critical_soc=False
2026-02-20T04:26:00.214974+01:00,  soc=76.0,  volt=54.13,  volt_delta=1.33, volt_rate_per_min=1.33, volt_status=NORMAL, batt_w=-3196.0,  batt_mode=charge,  batt_discharge_w=0,  batt_charge_w=3196.0,  load_w=5766.0, zone=unknown,  grid_charge=on, ev_charging_active=on, ev_charge_end=2026-02-20 05:00:02, ev_webhook_count=91, max_discharge_a=0, max_charge_a=90, max_grid_charge_a=64, soc_limit_a=60, volt_penalty_a=0, voltage_protected_limit_a=60, soc_power_w=3248, is_critical_soc=False
2026-02-20T04:27:00.215208+01:00,  soc=76.0,  volt=54.21,  volt_delta=1.41, volt_rate_per_min=1.41, volt_status=NORMAL, batt_w=-3202.0,  batt_mode=charge,  batt_discharge_w=0,  batt_charge_w=3202.0,  load_w=5805.0, zone=unknown,  grid_charge=on, ev_charging_active=on, ev_charge_end=2026-02-20 05:00:02, ev_webhook_count=91, max_discharge_a=0, max_charge_a=90, max_grid_charge_a=64, soc_limit_a=60, volt_penalty_a=0, voltage_protected_limit_a=60, soc_power_w=3253, is_critical_soc=False
2026-02-20T04:28:00.215495+01:00,  soc=77.0,  volt=54.21,  volt_delta=1.41, volt_rate_per_min=1.41, volt_status=NORMAL, batt_w=-3202.0,  batt_mode=charge,  batt_discharge_w=0,  batt_charge_w=3202.0,  load_w=5694.0, zone=unknown,  grid_charge=on, ev_charging_active=on, ev_charge_end=2026-02-20 05:00:02, ev_webhook_count=91, max_discharge_a=0, max_charge_a=90, max_grid_charge_a=64, soc_limit_a=60, volt_penalty_a=0, voltage_protected_limit_a=60, soc_power_w=3253, is_critical_soc=False
2026-02-20T04:29:00.215228+01:00,  soc=77.0,  volt=54.21,  volt_delta=1.41, volt_rate_per_min=1.41, volt_status=NORMAL, batt_w=-3202.0,  batt_mode=charge,  batt_discharge_w=0,  batt_charge_w=3202.0,  load_w=5597.0, zone=unknown,  grid_charge=on, ev_charging_active=on, ev_charge_end=2026-02-20 05:00:02, ev_webhook_count=91, max_discharge_a=0, max_charge_a=90, max_grid_charge_a=64, soc_limit_a=60, volt_penalty_a=0, voltage_protected_limit_a=60, soc_power_w=3253, is_critical_soc=False
2026-02-20T04:30:00.215368+01:00,  soc=78.0,  volt=54.21,  volt_delta=1.41, volt_rate_per_min=1.41, volt_status=NORMAL, batt_w=-3202.0,  batt_mode=charge,  batt_discharge_w=0,  batt_charge_w=3202.0,  load_w=5405.0, zone=unknown,  grid_charge=on, ev_charging_active=on, ev_charge_end=2026-02-20 05:00:02, ev_webhook_count=91, max_discharge_a=0, max_charge_a=90, max_grid_charge_a=64, soc_limit_a=60, volt_penalty_a=0, voltage_protected_limit_a=60, soc_power_w=3253, is_critical_soc=False
2026-02-20T04:31:00.218124+01:00,  soc=78.0,  volt=54.21,  volt_delta=1.41, volt_rate_per_min=1.41, volt_status=NORMAL, batt_w=-3202.0,  batt_mode=charge,  batt_discharge_w=0,  batt_charge_w=3202.0,  load_w=5318.0, zone=unknown,  grid_charge=on, ev_charging_active=on, ev_charge_end=2026-02-20 05:00:02, ev_webhook_count=91, max_discharge_a=0, max_charge_a=90, max_grid_charge_a=64, soc_limit_a=60, volt_penalty_a=0, voltage_protected_limit_a=60, soc_power_w=3253, is_critical_soc=False
2026-02-20T04:32:00.215605+01:00,  soc=79.0,  volt=54.21,  volt_delta=1.41, volt_rate_per_min=1.41, volt_status=NORMAL, batt_w=-3202.0,  batt_mode=charge,  batt_discharge_w=0,  batt_charge_w=3202.0,  load_w=5104.0, zone=unknown,  grid_charge=on, ev_charging_active=on, ev_charge_end=2026-02-20 05:00:02, ev_webhook_count=91, max_discharge_a=0, max_charge_a=90, max_grid_charge_a=64, soc_limit_a=60, volt_penalty_a=0, voltage_protected_limit_a=60, soc_power_w=3253, is_critical_soc=False
2026-02-20T04:33:00.214579+01:00,  soc=79.0,  volt=54.21,  volt_delta=1.41, volt_rate_per_min=1.41, volt_status=NORMAL, batt_w=-3202.0,  batt_mode=charge,  batt_discharge_w=0,  batt_charge_w=3202.0,  load_w=4998.0, zone=unknown,  grid_charge=on, ev_charging_active=on, ev_charge_end=2026-02-20 05:00:02, ev_webhook_count=91, max_discharge_a=0, max_charge_a=90, max_grid_charge_a=64, soc_limit_a=60, volt_penalty_a=0, voltage_protected_limit_a=60, soc_power_w=3253, is_critical_soc=False
2026-02-20T04:34:00.215401+01:00,  soc=80.0,  volt=54.21,  volt_delta=1.41, volt_rate_per_min=1.41, volt_status=NORMAL, batt_w=-3202.0,  batt_mode=charge,  batt_discharge_w=0,  batt_charge_w=3202.0,  load_w=4756.0, zone=unknown,  grid_charge=on, ev_charging_active=on, ev_charge_end=2026-02-20 05:00:02, ev_webhook_count=91, max_discharge_a=0, max_charge_a=90, max_grid_charge_a=64, soc_limit_a=60, volt_penalty_a=0, voltage_protected_limit_a=60, soc_power_w=3253, is_critical_soc=False
2026-02-20T04:35:00.215020+01:00,  soc=80.0,  volt=54.23,  volt_delta=1.43, volt_rate_per_min=1.43, volt_status=NORMAL, batt_w=-3202.0,  batt_mode=charge,  batt_discharge_w=0,  batt_charge_w=3202.0,  load_w=4658.0, zone=unknown,  grid_charge=on, ev_charging_active=on, ev_charge_end=2026-02-20 05:00:02, ev_webhook_count=91, max_discharge_a=0, max_charge_a=90, max_grid_charge_a=64, soc_limit_a=60, volt_penalty_a=0, voltage_protected_limit_a=60, soc_power_w=3254, is_critical_soc=False
2026-02-20T04:36:00.214640+01:00,  soc=81.0,  volt=54.23,  volt_delta=1.43, volt_rate_per_min=1.43, volt_status=NORMAL, batt_w=-3202.0,  batt_mode=charge,  batt_discharge_w=0,  batt_charge_w=3202.0,  load_w=4518.0, zone=unknown,  grid_charge=on, ev_charging_active=on, ev_charge_end=2026-02-20 05:00:02, ev_webhook_count=91, max_discharge_a=0, max_charge_a=90, max_grid_charge_a=64, soc_limit_a=60, volt_penalty_a=0, voltage_protected_limit_a=60, soc_power_w=3254, is_critical_soc=False
2026-02-20T04:37:00.215458+01:00,  soc=81.0,  volt=54.23,  volt_delta=1.43, volt_rate_per_min=1.43, volt_status=NORMAL, batt_w=-3202.0,  batt_mode=charge,  batt_discharge_w=0,  batt_charge_w=3202.0,  load_w=4442.0, zone=unknown,  grid_charge=on, ev_charging_active=on, ev_charge_end=2026-02-20 05:00:02, ev_webhook_count=91, max_discharge_a=0, max_charge_a=90, max_grid_charge_a=64, soc_limit_a=60, volt_penalty_a=0, voltage_protected_limit_a=60, soc_power_w=3254, is_critical_soc=False
2026-02-20T04:38:00.215306+01:00,  soc=82.0,  volt=54.23,  volt_delta=1.43, volt_rate_per_min=1.43, volt_status=NORMAL, batt_w=-3202.0,  batt_mode=charge,  batt_discharge_w=0,  batt_charge_w=3202.0,  load_w=4331.0, zone=unknown,  grid_charge=on, ev_charging_active=on, ev_charge_end=2026-02-20 05:00:02, ev_webhook_count=91, max_discharge_a=0, max_charge_a=90, max_grid_charge_a=64, soc_limit_a=60, volt_penalty_a=0, voltage_protected_limit_a=60, soc_power_w=3254, is_critical_soc=False
2026-02-20T04:39:00.214771+01:00,  soc=82.0,  volt=54.23,  volt_delta=1.43, volt_rate_per_min=1.43, volt_status=NORMAL, batt_w=-3202.0,  batt_mode=charge,  batt_discharge_w=0,  batt_charge_w=3202.0,  load_w=4277.0, zone=unknown,  grid_charge=on, ev_charging_active=on, ev_charge_end=2026-02-20 05:00:02, ev_webhook_count=91, max_discharge_a=0, max_charge_a=90, max_grid_charge_a=64, soc_limit_a=60, volt_penalty_a=0, voltage_protected_limit_a=60, soc_power_w=3254, is_critical_soc=False
2026-02-20T04:40:00.215440+01:00,  soc=83.0,  volt=54.23,  volt_delta=1.43, volt_rate_per_min=1.43, volt_status=NORMAL, batt_w=-3202.0,  batt_mode=charge,  batt_discharge_w=0,  batt_charge_w=3202.0,  load_w=2289.0, zone=unknown,  grid_charge=on, ev_charging_active=on, ev_charge_end=2026-02-20 05:00:02, ev_webhook_count=91, max_discharge_a=0, max_charge_a=90, max_grid_charge_a=64, soc_limit_a=60, volt_penalty_a=0, voltage_protected_limit_a=60, soc_power_w=3254, is_critical_soc=False
2026-02-20T04:41:00.215609+01:00,  soc=84.0,  volt=54.23,  volt_delta=1.43, volt_rate_per_min=1.43, volt_status=NORMAL, batt_w=-3202.0,  batt_mode=charge,  batt_discharge_w=0,  batt_charge_w=3202.0,  load_w=2187.0, zone=unknown,  grid_charge=on, ev_charging_active=on, ev_charge_end=2026-02-20 05:00:02, ev_webhook_count=91, max_discharge_a=0, max_charge_a=90, max_grid_charge_a=64, soc_limit_a=60, volt_penalty_a=0, voltage_protected_limit_a=60, soc_power_w=3254, is_critical_soc=False
2026-02-20T04:42:00.215130+01:00,  soc=84.0,  volt=54.23,  volt_delta=1.43, volt_rate_per_min=1.43, volt_status=NORMAL, batt_w=-3202.0,  batt_mode=charge,  batt_discharge_w=0,  batt_charge_w=3202.0,  load_w=2057.0, zone=unknown,  grid_charge=on, ev_charging_active=on, ev_charge_end=2026-02-20 05:00:02, ev_webhook_count=91, max_discharge_a=0, max_charge_a=90, max_grid_charge_a=64, soc_limit_a=60, volt_penalty_a=0, voltage_protected_limit_a=60, soc_power_w=3254, is_critical_soc=False
2026-02-20T04:43:00.215475+01:00,  soc=85.0,  volt=54.23,  volt_delta=1.43, volt_rate_per_min=1.43, volt_status=NORMAL, batt_w=-3202.0,  batt_mode=charge,  batt_discharge_w=0,  batt_charge_w=3202.0,  load_w=1958.0, zone=unknown,  grid_charge=on, ev_charging_active=on, ev_charge_end=2026-02-20 05:00:02, ev_webhook_count=91, max_discharge_a=0, max_charge_a=90, max_grid_charge_a=64, soc_limit_a=60, volt_penalty_a=0, voltage_protected_limit_a=60, soc_power_w=3254, is_critical_soc=False
2026-02-20T04:44:00.214759+01:00,  soc=85.0,  volt=54.23,  volt_delta=1.43, volt_rate_per_min=1.43, volt_status=NORMAL, batt_w=-3202.0,  batt_mode=charge,  batt_discharge_w=0,  batt_charge_w=3202.0,  load_w=1503.0, zone=unknown,  grid_charge=on, ev_charging_active=on, ev_charge_end=2026-02-20 05:00:02, ev_webhook_count=91, max_discharge_a=0, max_charge_a=90, max_grid_charge_a=64, soc_limit_a=60, volt_penalty_a=0, voltage_protected_limit_a=60, soc_power_w=3254, is_critical_soc=False
2026-02-20T04:45:00.215072+01:00,  soc=86.0,  volt=54.23,  volt_delta=1.43, volt_rate_per_min=1.43, volt_status=NORMAL, batt_w=-3202.0,  batt_mode=charge,  batt_discharge_w=0,  batt_charge_w=3202.0,  load_w=1503.0, zone=unknown,  grid_charge=on, ev_charging_active=on, ev_charge_end=2026-02-20 05:00:02, ev_webhook_count=91, max_discharge_a=0, max_charge_a=90, max_grid_charge_a=64, soc_limit_a=60, volt_penalty_a=0, voltage_protected_limit_a=60, soc_power_w=3254, is_critical_soc=False
2026-02-20T04:46:00.216355+01:00,  soc=86.0,  volt=54.23,  volt_delta=1.43, volt_rate_per_min=1.43, volt_status=NORMAL, batt_w=-3202.0,  batt_mode=charge,  batt_discharge_w=0,  batt_charge_w=3202.0,  load_w=3733.0, zone=unknown,  grid_charge=on, ev_charging_active=on, ev_charge_end=2026-02-20 05:00:02, ev_webhook_count=91, max_discharge_a=0, max_charge_a=90, max_grid_charge_a=64, soc_limit_a=60, volt_penalty_a=0, voltage_protected_limit_a=60, soc_power_w=3254, is_critical_soc=False
2026-02-20T04:47:00.215463+01:00,  soc=87.0,  volt=54.28,  volt_delta=1.48, volt_rate_per_min=1.48, volt_status=NORMAL, batt_w=-3206.0,  batt_mode=charge,  batt_discharge_w=0,  batt_charge_w=3206.0,  load_w=3434.0, zone=unknown,  grid_charge=on, ev_charging_active=on, ev_charge_end=2026-02-20 05:00:02, ev_webhook_count=91, max_discharge_a=0, max_charge_a=90, max_grid_charge_a=64, soc_limit_a=60, volt_penalty_a=0, voltage_protected_limit_a=60, soc_power_w=3257, is_critical_soc=False
2026-02-20T04:48:00.216480+01:00,  soc=87.0,  volt=54.28,  volt_delta=1.48, volt_rate_per_min=1.48, volt_status=NORMAL, batt_w=-3206.0,  batt_mode=charge,  batt_discharge_w=0,  batt_charge_w=3206.0,  load_w=3455.0, zone=unknown,  grid_charge=on, ev_charging_active=on, ev_charge_end=2026-02-20 05:00:02, ev_webhook_count=91, max_discharge_a=0, max_charge_a=90, max_grid_charge_a=64, soc_limit_a=60, volt_penalty_a=0, voltage_protected_limit_a=60, soc_power_w=3257, is_critical_soc=False
2026-02-20T04:49:00.215156+01:00,  soc=88.0,  volt=54.28,  volt_delta=1.48, volt_rate_per_min=1.48, volt_status=NORMAL, batt_w=-3206.0,  batt_mode=charge,  batt_discharge_w=0,  batt_charge_w=3206.0,  load_w=3423.0, zone=unknown,  grid_charge=on, ev_charging_active=on, ev_charge_end=2026-02-20 05:00:02, ev_webhook_count=91, max_discharge_a=0, max_charge_a=90, max_grid_charge_a=64, soc_limit_a=60, volt_penalty_a=0, voltage_protected_limit_a=60, soc_power_w=3257, is_critical_soc=False
2026-02-20T04:50:00.215318+01:00,  soc=88.0,  volt=54.28,  volt_delta=1.48, volt_rate_per_min=1.48, volt_status=NORMAL, batt_w=-3206.0,  batt_mode=charge,  batt_discharge_w=0,  batt_charge_w=3206.0,  load_w=4179.0, zone=unknown,  grid_charge=on, ev_charging_active=on, ev_charge_end=2026-02-20 05:00:02, ev_webhook_count=91, max_discharge_a=0, max_charge_a=90, max_grid_charge_a=64, soc_limit_a=60, volt_penalty_a=0, voltage_protected_limit_a=60, soc_power_w=3257, is_critical_soc=False
2026-02-20T04:51:00.215745+01:00,  soc=89.0,  volt=54.28,  volt_delta=1.48, volt_rate_per_min=1.48, volt_status=NORMAL, batt_w=-3206.0,  batt_mode=charge,  batt_discharge_w=0,  batt_charge_w=3206.0,  load_w=4179.0, zone=unknown,  grid_charge=on, ev_charging_active=on, ev_charge_end=2026-02-20 05:00:02, ev_webhook_count=91, max_discharge_a=0, max_charge_a=90, max_grid_charge_a=64, soc_limit_a=60, volt_penalty_a=0, voltage_protected_limit_a=60, soc_power_w=3257, is_critical_soc=False
2026-02-20T04:52:00.215277+01:00,  soc=89.0,  volt=54.28,  volt_delta=1.48, volt_rate_per_min=1.48, volt_status=NORMAL, batt_w=-3206.0,  batt_mode=charge,  batt_discharge_w=0,  batt_charge_w=3206.0,  load_w=4322.0, zone=unknown,  grid_charge=on, ev_charging_active=on, ev_charge_end=2026-02-20 05:00:02, ev_webhook_count=91, max_discharge_a=0, max_charge_a=90, max_grid_charge_a=64, soc_limit_a=60, volt_penalty_a=0, voltage_protected_limit_a=60, soc_power_w=3257, is_critical_soc=False
2026-02-20T04:53:00.215509+01:00,  soc=90.0,  volt=53.29,  volt_delta=0.49, volt_rate_per_min=0.49, volt_status=NORMAL, batt_w=-208.0,  batt_mode=charge,  batt_discharge_w=0,  batt_charge_w=208.0,  load_w=4322.0, zone=unknown,  grid_charge=on, ev_charging_active=on, ev_charge_end=2026-02-20 05:00:02, ev_webhook_count=91, max_discharge_a=0, max_charge_a=90, max_grid_charge_a=64, soc_limit_a=60, volt_penalty_a=0, voltage_protected_limit_a=60, soc_power_w=3197, is_critical_soc=False
2026-02-20T04:54:00.216161+01:00,  soc=90.0,  volt=53.19,  volt_delta=0.39, volt_rate_per_min=0.39, volt_status=NORMAL, batt_w=-208.0,  batt_mode=charge,  batt_discharge_w=0,  batt_charge_w=208.0,  load_w=4264.0, zone=unknown,  grid_charge=on, ev_charging_active=on, ev_charge_end=2026-02-20 05:00:02, ev_webhook_count=91, max_discharge_a=0, max_charge_a=90, max_grid_charge_a=64, soc_limit_a=60, volt_penalty_a=0, voltage_protected_limit_a=60, soc_power_w=3191, is_critical_soc=False
2026-02-20T04:55:00.214690+01:00,  soc=90.0,  volt=53.19,  volt_delta=0.39, volt_rate_per_min=0.39, volt_status=NORMAL, batt_w=-208.0,  batt_mode=charge,  batt_discharge_w=0,  batt_charge_w=208.0,  load_w=4264.0, zone=unknown,  grid_charge=on, ev_charging_active=on, ev_charge_end=2026-02-20 05:00:02, ev_webhook_count=91, max_discharge_a=0, max_charge_a=90, max_grid_charge_a=64, soc_limit_a=60, volt_penalty_a=0, voltage_protected_limit_a=60, soc_power_w=3191, is_critical_soc=False
2026-02-20T04:56:00.214919+01:00,  soc=90.0,  volt=53.09,  volt_delta=0.29, volt_rate_per_min=0.29, volt_status=NORMAL, batt_w=-104.0,  batt_mode=charge,  batt_discharge_w=0,  batt_charge_w=104.0,  load_w=4264.0, zone=unknown,  grid_charge=on, ev_charging_active=on, ev_charge_end=2026-02-20 05:00:02, ev_webhook_count=91, max_discharge_a=0, max_charge_a=90, max_grid_charge_a=64, soc_limit_a=60, volt_penalty_a=0, voltage_protected_limit_a=60, soc_power_w=3185, is_critical_soc=False
2026-02-20T04:57:00.215199+01:00,  soc=90.0,  volt=52.99,  volt_delta=0.19, volt_rate_per_min=0.19, volt_status=NORMAL, batt_w=-59.0,  batt_mode=charge,  batt_discharge_w=0,  batt_charge_w=59.0,  load_w=4264.0, zone=unknown,  grid_charge=on, ev_charging_active=on, ev_charge_end=2026-02-20 05:00:02, ev_webhook_count=91, max_discharge_a=0, max_charge_a=90, max_grid_charge_a=64, soc_limit_a=60, volt_penalty_a=0, voltage_protected_limit_a=60, soc_power_w=3179, is_critical_soc=False
2026-02-20T04:58:00.216359+01:00,  soc=90.0,  volt=52.99,  volt_delta=0.19, volt_rate_per_min=0.19, volt_status=NORMAL, batt_w=-41.0,  batt_mode=idle,  batt_discharge_w=0,  batt_charge_w=41.0,  load_w=4209.0, zone=unknown,  grid_charge=on, ev_charging_active=on, ev_charge_end=2026-02-20 05:00:02, ev_webhook_count=91, max_discharge_a=0, max_charge_a=90, max_grid_charge_a=64, soc_limit_a=60, volt_penalty_a=0, voltage_protected_limit_a=60, soc_power_w=3179, is_critical_soc=False
2026-02-20T04:59:00.214777+01:00,  soc=90.0,  volt=52.99,  volt_delta=0.19, volt_rate_per_min=0.19, volt_status=NORMAL, batt_w=-41.0,  batt_mode=idle,  batt_discharge_w=0,  batt_charge_w=41.0,  load_w=4189.0, zone=unknown,  grid_charge=on, ev_charging_active=on, ev_charge_end=2026-02-20 05:00:02, ev_webhook_count=91, max_discharge_a=0, max_charge_a=90, max_grid_charge_a=64, soc_limit_a=60, volt_penalty_a=0, voltage_protected_limit_a=60, soc_power_w=3179, is_critical_soc=False
2026-02-20T05:00:00.215460+01:00,  soc=90.0,  volt=52.99,  volt_delta=0.19, volt_rate_per_min=0.19, volt_status=NORMAL, batt_w=-41.0,  batt_mode=idle,  batt_discharge_w=0,  batt_charge_w=41.0,  load_w=2948.0, zone=unknown,  grid_charge=on, ev_charging_active=on, ev_charge_end=2026-02-20 05:00:02, ev_webhook_count=91, max_discharge_a=0, max_charge_a=90, max_grid_charge_a=64, soc_limit_a=60, volt_penalty_a=0, voltage_protected_limit_a=60, soc_power_w=3179, is_critical_soc=False
2026-02-20T05:01:00.215781+01:00,  soc=90.0,  volt=52.99,  volt_delta=0.19, volt_rate_per_min=0.19, volt_status=NORMAL, batt_w=-41.0,  batt_mode=idle,  batt_discharge_w=0,  batt_charge_w=41.0,  load_w=2948.0, zone=unknown,  grid_charge=off, ev_charging_active=on, ev_charge_end=2026-02-20 06:00:02, ev_webhook_count=92, max_discharge_a=0, max_charge_a=0, max_grid_charge_a=64, soc_limit_a=60, volt_penalty_a=0, voltage_protected_limit_a=60, soc_power_w=3179, is_critical_soc=False
2026-02-20T05:02:00.215065+01:00,  soc=90.0,  volt=52.99,  volt_delta=0.19, volt_rate_per_min=0.19, volt_status=NORMAL, batt_w=66.0,  batt_mode=discharge,  batt_discharge_w=66.0,  batt_charge_w=0,  load_w=2948.0, zone=unknown,  grid_charge=off, ev_charging_active=on, ev_charge_end=2026-02-20 06:00:02, ev_webhook_count=92, max_discharge_a=0, max_charge_a=0, max_grid_charge_a=64, soc_limit_a=60, volt_penalty_a=0, voltage_protected_limit_a=60, soc_power_w=3179, is_critical_soc=False
2026-02-20T05:03:00.214640+01:00,  soc=90.0,  volt=52.99,  volt_delta=0.19, volt_rate_per_min=0.19, volt_status=NORMAL, batt_w=66.0,  batt_mode=discharge,  batt_discharge_w=66.0,  batt_charge_w=0,  load_w=2948.0, zone=unknown,  grid_charge=off, ev_charging_active=on, ev_charge_end=2026-02-20 06:00:02, ev_webhook_count=92, max_discharge_a=0, max_charge_a=0, max_grid_charge_a=64, soc_limit_a=60, volt_penalty_a=0, voltage_protected_limit_a=60, soc_power_w=3179, is_critical_soc=False
2026-02-20T05:04:00.214783+01:00,  soc=90.0,  volt=52.89,  volt_delta=0.09, volt_rate_per_min=0.09, volt_status=NORMAL, batt_w=66.0,  batt_mode=discharge,  batt_discharge_w=66.0,  batt_charge_w=0,  load_w=2910.0, zone=unknown,  grid_charge=off, ev_charging_active=on, ev_charge_end=2026-02-20 06:00:02, ev_webhook_count=92, max_discharge_a=0, max_charge_a=0, max_grid_charge_a=64, soc_limit_a=60, volt_penalty_a=0, voltage_protected_limit_a=60, soc_power_w=3173, is_critical_soc=False
2026-02-20T05:05:00.215367+01:00,  soc=90.0,  volt=52.89,  volt_delta=0.09, volt_rate_per_min=0.09, volt_status=NORMAL, batt_w=66.0,  batt_mode=discharge,  batt_discharge_w=66.0,  batt_charge_w=0,  load_w=2910.0, zone=unknown,  grid_charge=off, ev_charging_active=on, ev_charge_end=2026-02-20 06:00:02, ev_webhook_count=92, max_discharge_a=0, max_charge_a=0, max_grid_charge_a=64, soc_limit_a=60, volt_penalty_a=0, voltage_protected_limit_a=60, soc_power_w=3173, is_critical_soc=False
2026-02-20T05:06:00.214665+01:00,  soc=90.0,  volt=52.89,  volt_delta=0.09, volt_rate_per_min=0.09, volt_status=NORMAL, batt_w=66.0,  batt_mode=discharge,  batt_discharge_w=66.0,  batt_charge_w=0,  load_w=2910.0, zone=unknown,  grid_charge=off, ev_charging_active=on, ev_charge_end=2026-02-20 06:00:02, ev_webhook_count=92, max_discharge_a=0, max_charge_a=0, max_grid_charge_a=64, soc_limit_a=60, volt_penalty_a=0, voltage_protected_limit_a=60, soc_power_w=3173, is_critical_soc=False
2026-02-20T05:07:00.214679+01:00,  soc=90.0,  volt=52.87,  volt_delta=0.07, volt_rate_per_min=0.07, volt_status=NORMAL, batt_w=59.0,  batt_mode=discharge,  batt_discharge_w=59.0,  batt_charge_w=0,  load_w=2910.0, zone=unknown,  grid_charge=off, ev_charging_active=on, ev_charge_end=2026-02-20 06:00:02, ev_webhook_count=92, max_discharge_a=0, max_charge_a=0, max_grid_charge_a=64, soc_limit_a=60, volt_penalty_a=0, voltage_protected_limit_a=60, soc_power_w=3172, is_critical_soc=False
2026-02-20T05:08:00.214679+01:00,  soc=90.0,  volt=52.87,  volt_delta=0.07, volt_rate_per_min=0.07, volt_status=NORMAL, batt_w=59.0,  batt_mode=discharge,  batt_discharge_w=59.0,  batt_charge_w=0,  load_w=5021.0, zone=unknown,  grid_charge=off, ev_charging_active=on, ev_charge_end=2026-02-20 06:00:02, ev_webhook_count=92, max_discharge_a=0, max_charge_a=0, max_grid_charge_a=64, soc_limit_a=60, volt_penalty_a=0, voltage_protected_limit_a=60, soc_power_w=3172, is_critical_soc=False
2026-02-20T05:09:00.215319+01:00,  soc=90.0,  volt=52.87,  volt_delta=0.07, volt_rate_per_min=0.07, volt_status=NORMAL, batt_w=59.0,  batt_mode=discharge,  batt_discharge_w=59.0,  batt_charge_w=0,  load_w=2960.0, zone=unknown,  grid_charge=off, ev_charging_active=on, ev_charge_end=2026-02-20 06:00:02, ev_webhook_count=92, max_discharge_a=0, max_charge_a=0, max_grid_charge_a=64, soc_limit_a=60, volt_penalty_a=0, voltage_protected_limit_a=60, soc_power_w=3172, is_critical_soc=False
2026-02-20T05:10:00.214635+01:00,  soc=90.0,  volt=52.87,  volt_delta=0.07, volt_rate_per_min=0.07, volt_status=NORMAL, batt_w=59.0,  batt_mode=discharge,  batt_discharge_w=59.0,  batt_charge_w=0,  load_w=2769.0, zone=unknown,  grid_charge=off, ev_charging_active=on, ev_charge_end=2026-02-20 06:00:02, ev_webhook_count=92, max_discharge_a=0, max_charge_a=0, max_grid_charge_a=64, soc_limit_a=60, volt_penalty_a=0, voltage_protected_limit_a=60, soc_power_w=3172, is_critical_soc=False
2026-02-20T05:11:00.214666+01:00,  soc=90.0,  volt=52.87,  volt_delta=0.07, volt_rate_per_min=0.07, volt_status=NORMAL, batt_w=59.0,  batt_mode=discharge,  batt_discharge_w=59.0,  batt_charge_w=0,  load_w=2769.0, zone=unknown,  grid_charge=off, ev_charging_active=on, ev_charge_end=2026-02-20 06:00:02, ev_webhook_count=92, max_discharge_a=0, max_charge_a=0, max_grid_charge_a=64, soc_limit_a=60, volt_penalty_a=0, voltage_protected_limit_a=60, soc_power_w=3172, is_critical_soc=False
2026-02-20T05:12:00.215310+01:00,  soc=90.0,  volt=52.87,  volt_delta=0.07, volt_rate_per_min=0.07, volt_status=NORMAL, batt_w=59.0,  batt_mode=discharge,  batt_discharge_w=59.0,  batt_charge_w=0,  load_w=2680.0, zone=unknown,  grid_charge=off, ev_charging_active=on, ev_charge_end=2026-02-20 06:00:02, ev_webhook_count=92, max_discharge_a=0, max_charge_a=0, max_grid_charge_a=64, soc_limit_a=60, volt_penalty_a=0, voltage_protected_limit_a=60, soc_power_w=3172, is_critical_soc=False
2026-02-20T05:13:00.214864+01:00,  soc=90.0,  volt=52.87,  volt_delta=0.07, volt_rate_per_min=0.07, volt_status=NORMAL, batt_w=59.0,  batt_mode=discharge,  batt_discharge_w=59.0,  batt_charge_w=0,  load_w=2680.0, zone=unknown,  grid_charge=off, ev_charging_active=on, ev_charge_end=2026-02-20 06:00:02, ev_webhook_count=92, max_discharge_a=0, max_charge_a=0, max_grid_charge_a=64, soc_limit_a=60, volt_penalty_a=0, voltage_protected_limit_a=60, soc_power_w=3172, is_critical_soc=False
2026-02-20T05:14:00.214895+01:00,  soc=90.0,  volt=52.87,  volt_delta=0.07, volt_rate_per_min=0.07, volt_status=NORMAL, batt_w=59.0,  batt_mode=discharge,  batt_discharge_w=59.0,  batt_charge_w=0,  load_w=2680.0, zone=unknown,  grid_charge=off, ev_charging_active=on, ev_charge_end=2026-02-20 06:00:02, ev_webhook_count=92, max_discharge_a=0, max_charge_a=0, max_grid_charge_a=64, soc_limit_a=60, volt_penalty_a=0, voltage_protected_limit_a=60, soc_power_w=3172, is_critical_soc=False
2026-02-20T05:15:00.214885+01:00,  soc=90.0,  volt=52.87,  volt_delta=0.07, volt_rate_per_min=0.07, volt_status=NORMAL, batt_w=59.0,  batt_mode=discharge,  batt_discharge_w=59.0,  batt_charge_w=0,  load_w=2682.0, zone=unknown,  grid_charge=off, ev_charging_active=on, ev_charge_end=2026-02-20 06:00:02, ev_webhook_count=92, max_discharge_a=0, max_charge_a=0, max_grid_charge_a=64, soc_limit_a=60, volt_penalty_a=0, voltage_protected_limit_a=60, soc_power_w=3172, is_critical_soc=False
2026-02-20T05:16:00.215106+01:00,  soc=90.0,  volt=52.87,  volt_delta=0.07, volt_rate_per_min=0.07, volt_status=NORMAL, batt_w=59.0,  batt_mode=discharge,  batt_discharge_w=59.0,  batt_charge_w=0,  load_w=2682.0, zone=unknown,  grid_charge=off, ev_charging_active=on, ev_charge_end=2026-02-20 06:00:02, ev_webhook_count=92, max_discharge_a=0, max_charge_a=0, max_grid_charge_a=64, soc_limit_a=60, volt_penalty_a=0, voltage_protected_limit_a=60, soc_power_w=3172, is_critical_soc=False
2026-02-20T05:17:00.214767+01:00,  soc=90.0,  volt=52.83,  volt_delta=0.03, volt_rate_per_min=0.03, volt_status=NORMAL, batt_w=61.0,  batt_mode=discharge,  batt_discharge_w=61.0,  batt_charge_w=0,  load_w=2682.0, zone=unknown,  grid_charge=off, ev_charging_active=on, ev_charge_end=2026-02-20 06:00:02, ev_webhook_count=92, max_discharge_a=0, max_charge_a=0, max_grid_charge_a=64, soc_limit_a=60, volt_penalty_a=0, voltage_protected_limit_a=60, soc_power_w=3170, is_critical_soc=False
2026-02-20T05:18:00.215398+01:00,  soc=90.0,  volt=52.83,  volt_delta=0.03, volt_rate_per_min=0.03, volt_status=NORMAL, batt_w=61.0,  batt_mode=discharge,  batt_discharge_w=61.0,  batt_charge_w=0,  load_w=2616.0, zone=unknown,  grid_charge=off, ev_charging_active=on, ev_charge_end=2026-02-20 06:00:02, ev_webhook_count=92, max_discharge_a=0, max_charge_a=0, max_grid_charge_a=64, soc_limit_a=60, volt_penalty_a=0, voltage_protected_limit_a=60, soc_power_w=3170, is_critical_soc=False
2026-02-20T05:19:00.215075+01:00,  soc=90.0,  volt=52.83,  volt_delta=0.03, volt_rate_per_min=0.03, volt_status=NORMAL, batt_w=61.0,  batt_mode=discharge,  batt_discharge_w=61.0,  batt_charge_w=0,  load_w=2616.0, zone=unknown,  grid_charge=off, ev_charging_active=on, ev_charge_end=2026-02-20 06:00:02, ev_webhook_count=92, max_discharge_a=0, max_charge_a=0, max_grid_charge_a=64, soc_limit_a=60, volt_penalty_a=0, voltage_protected_limit_a=60, soc_power_w=3170, is_critical_soc=False
2026-02-20T05:20:00.216107+01:00,  soc=90.0,  volt=52.83,  volt_delta=0.03, volt_rate_per_min=0.03, volt_status=NORMAL, batt_w=61.0,  batt_mode=discharge,  batt_discharge_w=61.0,  batt_charge_w=0,  load_w=2604.0, zone=unknown,  grid_charge=off, ev_charging_active=on, ev_charge_end=2026-02-20 06:00:02, ev_webhook_count=92, max_discharge_a=0, max_charge_a=0, max_grid_charge_a=64, soc_limit_a=60, volt_penalty_a=0, voltage_protected_limit_a=60, soc_power_w=3170, is_critical_soc=False
2026-02-20T05:21:00.215735+01:00,  soc=90.0,  volt=52.83,  volt_delta=0.03, volt_rate_per_min=0.03, volt_status=NORMAL, batt_w=61.0,  batt_mode=discharge,  batt_discharge_w=61.0,  batt_charge_w=0,  load_w=2604.0, zone=unknown,  grid_charge=off, ev_charging_active=on, ev_charge_end=2026-02-20 06:00:02, ev_webhook_count=92, max_discharge_a=0, max_charge_a=0, max_grid_charge_a=64, soc_limit_a=60, volt_penalty_a=0, voltage_protected_limit_a=60, soc_power_w=3170, is_critical_soc=False
2026-02-20T05:22:00.215390+01:00,  soc=90.0,  volt=52.83,  volt_delta=0.03, volt_rate_per_min=0.03, volt_status=NORMAL, batt_w=61.0,  batt_mode=discharge,  batt_discharge_w=61.0,  batt_charge_w=0,  load_w=2604.0, zone=unknown,  grid_charge=off, ev_charging_active=on, ev_charge_end=2026-02-20 06:00:02, ev_webhook_count=92, max_discharge_a=0, max_charge_a=0, max_grid_charge_a=64, soc_limit_a=60, volt_penalty_a=0, voltage_protected_limit_a=60, soc_power_w=3170, is_critical_soc=False
2026-02-20T05:23:00.215397+01:00,  soc=90.0,  volt=52.83,  volt_delta=0.03, volt_rate_per_min=0.03, volt_status=NORMAL, batt_w=61.0,  batt_mode=discharge,  batt_discharge_w=61.0,  batt_charge_w=0,  load_w=2604.0, zone=unknown,  grid_charge=off, ev_charging_active=on, ev_charge_end=2026-02-20 06:00:02, ev_webhook_count=92, max_discharge_a=0, max_charge_a=0, max_grid_charge_a=64, soc_limit_a=60, volt_penalty_a=0, voltage_protected_limit_a=60, soc_power_w=3170, is_critical_soc=False
2026-02-20T05:24:00.216457+01:00,  soc=90.0,  volt=52.83,  volt_delta=0.03, volt_rate_per_min=0.03, volt_status=NORMAL, batt_w=61.0,  batt_mode=discharge,  batt_discharge_w=61.0,  batt_charge_w=0,  load_w=2604.0, zone=unknown,  grid_charge=off, ev_charging_active=on, ev_charge_end=2026-02-20 06:00:02, ev_webhook_count=92, max_discharge_a=0, max_charge_a=0, max_grid_charge_a=64, soc_limit_a=60, volt_penalty_a=0, voltage_protected_limit_a=60, soc_power_w=3170, is_critical_soc=False
2026-02-20T05:25:00.214643+01:00,  soc=89.0,  volt=52.83,  volt_delta=0.03, volt_rate_per_min=0.03, volt_status=NORMAL, batt_w=61.0,  batt_mode=discharge,  batt_discharge_w=61.0,  batt_charge_w=0,  load_w=2604.0, zone=unknown,  grid_charge=off, ev_charging_active=on, ev_charge_end=2026-02-20 06:00:02, ev_webhook_count=92, max_discharge_a=0, max_charge_a=0, max_grid_charge_a=64, soc_limit_a=60, volt_penalty_a=0, voltage_protected_limit_a=60, soc_power_w=3170, is_critical_soc=False
2026-02-20T05:26:00.215513+01:00,  soc=89.0,  volt=52.83,  volt_delta=0.03, volt_rate_per_min=0.03, volt_status=NORMAL, batt_w=61.0,  batt_mode=discharge,  batt_discharge_w=61.0,  batt_charge_w=0,  load_w=2558.0, zone=unknown,  grid_charge=off, ev_charging_active=on, ev_charge_end=2026-02-20 06:00:02, ev_webhook_count=92, max_discharge_a=0, max_charge_a=0, max_grid_charge_a=64, soc_limit_a=60, volt_penalty_a=0, voltage_protected_limit_a=60, soc_power_w=3170, is_critical_soc=False
2026-02-20T05:27:00.215582+01:00,  soc=89.0,  volt=52.8,  volt_delta=0.0, volt_rate_per_min=0.0, volt_status=NORMAL, batt_w=61.0,  batt_mode=discharge,  batt_discharge_w=61.0,  batt_charge_w=0,  load_w=2558.0, zone=unknown,  grid_charge=off, ev_charging_active=on, ev_charge_end=2026-02-20 06:00:02, ev_webhook_count=92, max_discharge_a=0, max_charge_a=0, max_grid_charge_a=64, soc_limit_a=60, volt_penalty_a=0, voltage_protected_limit_a=60, soc_power_w=3168, is_critical_soc=False
2026-02-20T05:28:00.215223+01:00,  soc=89.0,  volt=52.8,  volt_delta=0.0, volt_rate_per_min=0.0, volt_status=NORMAL, batt_w=61.0,  batt_mode=discharge,  batt_discharge_w=61.0,  batt_charge_w=0,  load_w=2558.0, zone=unknown,  grid_charge=off, ev_charging_active=on, ev_charge_end=2026-02-20 06:00:02, ev_webhook_count=92, max_discharge_a=0, max_charge_a=0, max_grid_charge_a=64, soc_limit_a=60, volt_penalty_a=0, voltage_protected_limit_a=60, soc_power_w=3168, is_critical_soc=False
2026-02-20T05:29:00.214785+01:00,  soc=89.0,  volt=52.8,  volt_delta=0.0, volt_rate_per_min=0.0, volt_status=NORMAL, batt_w=61.0,  batt_mode=discharge,  batt_discharge_w=61.0,  batt_charge_w=0,  load_w=2558.0, zone=unknown,  grid_charge=off, ev_charging_active=on, ev_charge_end=2026-02-20 06:00:02, ev_webhook_count=92, max_discharge_a=0, max_charge_a=0, max_grid_charge_a=64, soc_limit_a=60, volt_penalty_a=0, voltage_protected_limit_a=60, soc_power_w=3168, is_critical_soc=False
2026-02-20T05:30:00.215526+01:00,  soc=89.0,  volt=52.79,  volt_delta=-0.01, volt_rate_per_min=-0.01, volt_status=NORMAL, batt_w=61.0,  batt_mode=discharge,  batt_discharge_w=61.0,  batt_charge_w=0,  load_w=2558.0, zone=unknown,  grid_charge=off, ev_charging_active=on, ev_charge_end=2026-02-20 06:00:02, ev_webhook_count=92, max_discharge_a=0, max_charge_a=0, max_grid_charge_a=64, soc_limit_a=60, volt_penalty_a=0, voltage_protected_limit_a=60, soc_power_w=3167, is_critical_soc=False
2026-02-20T05:31:00.215419+01:00,  soc=89.0,  volt=52.79,  volt_delta=-0.01, volt_rate_per_min=-0.01, volt_status=NORMAL, batt_w=61.0,  batt_mode=discharge,  batt_discharge_w=61.0,  batt_charge_w=0,  load_w=2563.0, zone=unknown,  grid_charge=off, ev_charging_active=on, ev_charge_end=2026-02-20 06:00:02, ev_webhook_count=92, max_discharge_a=0, max_charge_a=0, max_grid_charge_a=64, soc_limit_a=60, volt_penalty_a=0, voltage_protected_limit_a=60, soc_power_w=3167, is_critical_soc=False
2026-02-20T05:32:00.215092+01:00,  soc=89.0,  volt=52.79,  volt_delta=-0.01, volt_rate_per_min=-0.01, volt_status=NORMAL, batt_w=61.0,  batt_mode=discharge,  batt_discharge_w=61.0,  batt_charge_w=0,  load_w=2563.0, zone=unknown,  grid_charge=off, ev_charging_active=on, ev_charge_end=2026-02-20 06:00:02, ev_webhook_count=92, max_discharge_a=0, max_charge_a=0, max_grid_charge_a=64, soc_limit_a=60, volt_penalty_a=0, voltage_protected_limit_a=60, soc_power_w=3167, is_critical_soc=False
2026-02-20T05:33:00.214686+01:00,  soc=89.0,  volt=52.79,  volt_delta=-0.01, volt_rate_per_min=-0.01, volt_status=NORMAL, batt_w=61.0,  batt_mode=discharge,  batt_discharge_w=61.0,  batt_charge_w=0,  load_w=2563.0, zone=unknown,  grid_charge=off, ev_charging_active=on, ev_charge_end=2026-02-20 06:00:02, ev_webhook_count=92, max_discharge_a=0, max_charge_a=0, max_grid_charge_a=64, soc_limit_a=60, volt_penalty_a=0, voltage_protected_limit_a=60, soc_power_w=3167, is_critical_soc=False
2026-02-20T05:34:00.215270+01:00,  soc=89.0,  volt=52.79,  volt_delta=-0.01, volt_rate_per_min=-0.01, volt_status=NORMAL, batt_w=61.0,  batt_mode=discharge,  batt_discharge_w=61.0,  batt_charge_w=0,  load_w=2563.0, zone=unknown,  grid_charge=off, ev_charging_active=on, ev_charge_end=2026-02-20 06:00:02, ev_webhook_count=92, max_discharge_a=0, max_charge_a=0, max_grid_charge_a=64, soc_limit_a=60, volt_penalty_a=0, voltage_protected_limit_a=60, soc_power_w=3167, is_critical_soc=False
2026-02-20T05:35:00.214747+01:00,  soc=89.0,  volt=52.79,  volt_delta=-0.01, volt_rate_per_min=-0.01, volt_status=NORMAL, batt_w=61.0,  batt_mode=discharge,  batt_discharge_w=61.0,  batt_charge_w=0,  load_w=2563.0, zone=unknown,  grid_charge=off, ev_charging_active=on, ev_charge_end=2026-02-20 06:00:02, ev_webhook_count=92, max_discharge_a=0, max_charge_a=0, max_grid_charge_a=64, soc_limit_a=60, volt_penalty_a=0, voltage_protected_limit_a=60, soc_power_w=3167, is_critical_soc=False
2026-02-20T05:36:00.215702+01:00,  soc=89.0,  volt=52.79,  volt_delta=-0.01, volt_rate_per_min=-0.01, volt_status=NORMAL, batt_w=61.0,  batt_mode=discharge,  batt_discharge_w=61.0,  batt_charge_w=0,  load_w=2563.0, zone=unknown,  grid_charge=off, ev_charging_active=on, ev_charge_end=2026-02-20 06:00:02, ev_webhook_count=92, max_discharge_a=0, max_charge_a=0, max_grid_charge_a=64, soc_limit_a=60, volt_penalty_a=0, voltage_protected_limit_a=60, soc_power_w=3167, is_critical_soc=False
2026-02-20T05:37:00.215376+01:00,  soc=89.0,  volt=52.78,  volt_delta=-0.02, volt_rate_per_min=-0.02, volt_status=NORMAL, batt_w=63.0,  batt_mode=discharge,  batt_discharge_w=63.0,  batt_charge_w=0,  load_w=2563.0, zone=unknown,  grid_charge=off, ev_charging_active=on, ev_charge_end=2026-02-20 06:00:02, ev_webhook_count=92, max_discharge_a=0, max_charge_a=0, max_grid_charge_a=64, soc_limit_a=60, volt_penalty_a=0, voltage_protected_limit_a=60, soc_power_w=3167, is_critical_soc=False
2026-02-20T05:38:00.215464+01:00,  soc=89.0,  volt=52.78,  volt_delta=-0.02, volt_rate_per_min=-0.02, volt_status=NORMAL, batt_w=63.0,  batt_mode=discharge,  batt_discharge_w=63.0,  batt_charge_w=0,  load_w=2563.0, zone=unknown,  grid_charge=off, ev_charging_active=on, ev_charge_end=2026-02-20 06:00:02, ev_webhook_count=92, max_discharge_a=0, max_charge_a=0, max_grid_charge_a=64, soc_limit_a=60, volt_penalty_a=0, voltage_protected_limit_a=60, soc_power_w=3167, is_critical_soc=False
2026-02-20T05:39:00.215343+01:00,  soc=89.0,  volt=52.78,  volt_delta=-0.02, volt_rate_per_min=-0.02, volt_status=NORMAL, batt_w=63.0,  batt_mode=discharge,  batt_discharge_w=63.0,  batt_charge_w=0,  load_w=2563.0, zone=unknown,  grid_charge=off, ev_charging_active=on, ev_charge_end=2026-02-20 06:00:02, ev_webhook_count=92, max_discharge_a=0, max_charge_a=0, max_grid_charge_a=64, soc_limit_a=60, volt_penalty_a=0, voltage_protected_limit_a=60, soc_power_w=3167, is_critical_soc=False
2026-02-20T05:40:00.214687+01:00,  soc=89.0,  volt=52.78,  volt_delta=-0.02, volt_rate_per_min=-0.02, volt_status=NORMAL, batt_w=63.0,  batt_mode=discharge,  batt_discharge_w=63.0,  batt_charge_w=0,  load_w=4659.0, zone=unknown,  grid_charge=off, ev_charging_active=on, ev_charge_end=2026-02-20 06:00:02, ev_webhook_count=92, max_discharge_a=0, max_charge_a=0, max_grid_charge_a=64, soc_limit_a=60, volt_penalty_a=0, voltage_protected_limit_a=60, soc_power_w=3167, is_critical_soc=False
2026-02-20T05:41:00.215480+01:00,  soc=89.0,  volt=52.78,  volt_delta=-0.02, volt_rate_per_min=-0.02, volt_status=NORMAL, batt_w=63.0,  batt_mode=discharge,  batt_discharge_w=63.0,  batt_charge_w=0,  load_w=2566.0, zone=unknown,  grid_charge=off, ev_charging_active=on, ev_charge_end=2026-02-20 06:00:02, ev_webhook_count=92, max_discharge_a=0, max_charge_a=0, max_grid_charge_a=64, soc_limit_a=60, volt_penalty_a=0, voltage_protected_limit_a=60, soc_power_w=3167, is_critical_soc=False
2026-02-20T05:42:00.214715+01:00,  soc=89.0,  volt=52.78,  volt_delta=-0.02, volt_rate_per_min=-0.02, volt_status=NORMAL, batt_w=63.0,  batt_mode=discharge,  batt_discharge_w=63.0,  batt_charge_w=0,  load_w=2567.0, zone=unknown,  grid_charge=off, ev_charging_active=on, ev_charge_end=2026-02-20 06:00:02, ev_webhook_count=92, max_discharge_a=0, max_charge_a=0, max_grid_charge_a=64, soc_limit_a=60, volt_penalty_a=0, voltage_protected_limit_a=60, soc_power_w=3167, is_critical_soc=False
2026-02-20T05:43:00.215170+01:00,  soc=89.0,  volt=52.78,  volt_delta=-0.02, volt_rate_per_min=-0.02, volt_status=NORMAL, batt_w=63.0,  batt_mode=discharge,  batt_discharge_w=63.0,  batt_charge_w=0,  load_w=2567.0, zone=unknown,  grid_charge=off, ev_charging_active=on, ev_charge_end=2026-02-20 06:00:02, ev_webhook_count=92, max_discharge_a=0, max_charge_a=0, max_grid_charge_a=64, soc_limit_a=60, volt_penalty_a=0, voltage_protected_limit_a=60, soc_power_w=3167, is_critical_soc=False
2026-02-20T05:44:00.215176+01:00,  soc=89.0,  volt=52.78,  volt_delta=-0.02, volt_rate_per_min=-0.02, volt_status=NORMAL, batt_w=63.0,  batt_mode=discharge,  batt_discharge_w=63.0,  batt_charge_w=0,  load_w=2567.0, zone=unknown,  grid_charge=off, ev_charging_active=on, ev_charge_end=2026-02-20 06:00:02, ev_webhook_count=92, max_discharge_a=0, max_charge_a=0, max_grid_charge_a=64, soc_limit_a=60, volt_penalty_a=0, voltage_protected_limit_a=60, soc_power_w=3167, is_critical_soc=False
2026-02-20T05:45:00.215612+01:00,  soc=89.0,  volt=52.78,  volt_delta=-0.02, volt_rate_per_min=-0.02, volt_status=NORMAL, batt_w=63.0,  batt_mode=discharge,  batt_discharge_w=63.0,  batt_charge_w=0,  load_w=2567.0, zone=unknown,  grid_charge=off, ev_charging_active=on, ev_charge_end=2026-02-20 06:00:02, ev_webhook_count=92, max_discharge_a=0, max_charge_a=0, max_grid_charge_a=64, soc_limit_a=60, volt_penalty_a=0, voltage_protected_limit_a=60, soc_power_w=3167, is_critical_soc=False
2026-02-20T05:46:00.215752+01:00,  soc=89.0,  volt=52.78,  volt_delta=-0.02, volt_rate_per_min=-0.02, volt_status=NORMAL, batt_w=63.0,  batt_mode=discharge,  batt_discharge_w=63.0,  batt_charge_w=0,  load_w=2567.0, zone=unknown,  grid_charge=off, ev_charging_active=on, ev_charge_end=2026-02-20 06:00:02, ev_webhook_count=92, max_discharge_a=0, max_charge_a=0, max_grid_charge_a=64, soc_limit_a=60, volt_penalty_a=0, voltage_protected_limit_a=60, soc_power_w=3167, is_critical_soc=False
2026-02-20T05:47:00.214752+01:00,  soc=89.0,  volt=52.76,  volt_delta=-0.04, volt_rate_per_min=-0.04, volt_status=NORMAL, batt_w=63.0,  batt_mode=discharge,  batt_discharge_w=63.0,  batt_charge_w=0,  load_w=2567.0, zone=unknown,  grid_charge=off, ev_charging_active=on, ev_charge_end=2026-02-20 06:00:02, ev_webhook_count=92, max_discharge_a=0, max_charge_a=0, max_grid_charge_a=64, soc_limit_a=60, volt_penalty_a=0, voltage_protected_limit_a=60, soc_power_w=3166, is_critical_soc=False
2026-02-20T05:48:00.214756+01:00,  soc=89.0,  volt=52.76,  volt_delta=-0.04, volt_rate_per_min=-0.04, volt_status=NORMAL, batt_w=63.0,  batt_mode=discharge,  batt_discharge_w=63.0,  batt_charge_w=0,  load_w=2567.0, zone=unknown,  grid_charge=off, ev_charging_active=on, ev_charge_end=2026-02-20 06:00:02, ev_webhook_count=92, max_discharge_a=0, max_charge_a=0, max_grid_charge_a=64, soc_limit_a=60, volt_penalty_a=0, voltage_protected_limit_a=60, soc_power_w=3166, is_critical_soc=False
2026-02-20T05:49:00.215042+01:00,  soc=89.0,  volt=52.76,  volt_delta=-0.04, volt_rate_per_min=-0.04, volt_status=NORMAL, batt_w=63.0,  batt_mode=discharge,  batt_discharge_w=63.0,  batt_charge_w=0,  load_w=2567.0, zone=unknown,  grid_charge=off, ev_charging_active=on, ev_charge_end=2026-02-20 06:00:02, ev_webhook_count=92, max_discharge_a=0, max_charge_a=0, max_grid_charge_a=64, soc_limit_a=60, volt_penalty_a=0, voltage_protected_limit_a=60, soc_power_w=3166, is_critical_soc=False
2026-02-20T05:50:00.214858+01:00,  soc=89.0,  volt=52.76,  volt_delta=-0.04, volt_rate_per_min=-0.04, volt_status=NORMAL, batt_w=63.0,  batt_mode=discharge,  batt_discharge_w=63.0,  batt_charge_w=0,  load_w=2567.0, zone=unknown,  grid_charge=off, ev_charging_active=on, ev_charge_end=2026-02-20 06:00:02, ev_webhook_count=92, max_discharge_a=0, max_charge_a=0, max_grid_charge_a=64, soc_limit_a=60, volt_penalty_a=0, voltage_protected_limit_a=60, soc_power_w=3166, is_critical_soc=False
2026-02-20T05:51:00.215428+01:00,  soc=89.0,  volt=52.76,  volt_delta=-0.04, volt_rate_per_min=-0.04, volt_status=NORMAL, batt_w=63.0,  batt_mode=discharge,  batt_discharge_w=63.0,  batt_charge_w=0,  load_w=2567.0, zone=unknown,  grid_charge=off, ev_charging_active=on, ev_charge_end=2026-02-20 06:00:02, ev_webhook_count=92, max_discharge_a=0, max_charge_a=0, max_grid_charge_a=64, soc_limit_a=60, volt_penalty_a=0, voltage_protected_limit_a=60, soc_power_w=3166, is_critical_soc=False
2026-02-20T05:52:00.215251+01:00,  soc=89.0,  volt=52.76,  volt_delta=-0.04, volt_rate_per_min=-0.04, volt_status=NORMAL, batt_w=63.0,  batt_mode=discharge,  batt_discharge_w=63.0,  batt_charge_w=0,  load_w=648.0, zone=unknown,  grid_charge=off, ev_charging_active=on, ev_charge_end=2026-02-20 06:00:02, ev_webhook_count=92, max_discharge_a=0, max_charge_a=0, max_grid_charge_a=64, soc_limit_a=60, volt_penalty_a=0, voltage_protected_limit_a=60, soc_power_w=3166, is_critical_soc=False
2026-02-20T05:53:00.214866+01:00,  soc=89.0,  volt=52.76,  volt_delta=-0.04, volt_rate_per_min=-0.04, volt_status=NORMAL, batt_w=63.0,  batt_mode=discharge,  batt_discharge_w=63.0,  batt_charge_w=0,  load_w=648.0, zone=unknown,  grid_charge=off, ev_charging_active=on, ev_charge_end=2026-02-20 06:00:02, ev_webhook_count=92, max_discharge_a=0, max_charge_a=0, max_grid_charge_a=64, soc_limit_a=60, volt_penalty_a=0, voltage_protected_limit_a=60, soc_power_w=3166, is_critical_soc=False
2026-02-20T05:54:00.215310+01:00,  soc=89.0,  volt=52.76,  volt_delta=-0.04, volt_rate_per_min=-0.04, volt_status=NORMAL, batt_w=63.0,  batt_mode=discharge,  batt_discharge_w=63.0,  batt_charge_w=0,  load_w=589.0, zone=unknown,  grid_charge=off, ev_charging_active=on, ev_charge_end=2026-02-20 06:00:02, ev_webhook_count=92, max_discharge_a=0, max_charge_a=0, max_grid_charge_a=64, soc_limit_a=60, volt_penalty_a=0, voltage_protected_limit_a=60, soc_power_w=3166, is_critical_soc=False
2026-02-20T05:55:00.215611+01:00,  soc=89.0,  volt=52.76,  volt_delta=-0.04, volt_rate_per_min=-0.04, volt_status=NORMAL, batt_w=63.0,  batt_mode=discharge,  batt_discharge_w=63.0,  batt_charge_w=0,  load_w=700.0, zone=unknown,  grid_charge=off, ev_charging_active=on, ev_charge_end=2026-02-20 06:00:02, ev_webhook_count=92, max_discharge_a=0, max_charge_a=0, max_grid_charge_a=64, soc_limit_a=60, volt_penalty_a=0, voltage_protected_limit_a=60, soc_power_w=3166, is_critical_soc=False
2026-02-20T05:56:00.214658+01:00,  soc=89.0,  volt=52.76,  volt_delta=-0.04, volt_rate_per_min=-0.04, volt_status=NORMAL, batt_w=63.0,  batt_mode=discharge,  batt_discharge_w=63.0,  batt_charge_w=0,  load_w=202.0, zone=unknown,  grid_charge=off, ev_charging_active=on, ev_charge_end=2026-02-20 06:00:02, ev_webhook_count=92, max_discharge_a=0, max_charge_a=0, max_grid_charge_a=64, soc_limit_a=60, volt_penalty_a=0, voltage_protected_limit_a=60, soc_power_w=3166, is_critical_soc=False
2026-02-20T05:57:00.214932+01:00,  soc=89.0,  volt=52.75,  volt_delta=-0.05, volt_rate_per_min=-0.05, volt_status=NORMAL, batt_w=63.0,  batt_mode=discharge,  batt_discharge_w=63.0,  batt_charge_w=0,  load_w=202.0, zone=unknown,  grid_charge=off, ev_charging_active=on, ev_charge_end=2026-02-20 06:00:02, ev_webhook_count=92, max_discharge_a=0, max_charge_a=0, max_grid_charge_a=64, soc_limit_a=60, volt_penalty_a=0, voltage_protected_limit_a=60, soc_power_w=3165, is_critical_soc=False
2026-02-20T05:58:00.215281+01:00,  soc=89.0,  volt=52.75,  volt_delta=-0.05, volt_rate_per_min=-0.05, volt_status=NORMAL, batt_w=63.0,  batt_mode=discharge,  batt_discharge_w=63.0,  batt_charge_w=0,  load_w=2286.0, zone=unknown,  grid_charge=off, ev_charging_active=on, ev_charge_end=2026-02-20 06:00:02, ev_webhook_count=92, max_discharge_a=0, max_charge_a=0, max_grid_charge_a=64, soc_limit_a=60, volt_penalty_a=0, voltage_protected_limit_a=60, soc_power_w=3165, is_critical_soc=False
2026-02-20T05:59:00.214748+01:00,  soc=89.0,  volt=52.75,  volt_delta=-0.05, volt_rate_per_min=-0.05, volt_status=NORMAL, batt_w=63.0,  batt_mode=discharge,  batt_discharge_w=63.0,  batt_charge_w=0,  load_w=2399.0, zone=unknown,  grid_charge=off, ev_charging_active=on, ev_charge_end=2026-02-20 06:00:02, ev_webhook_count=92, max_discharge_a=0, max_charge_a=0, max_grid_charge_a=64, soc_limit_a=60, volt_penalty_a=0, voltage_protected_limit_a=60, soc_power_w=3165, is_critical_soc=False
2026-02-20T06:00:00.215369+01:00,  soc=89.0,  volt=52.75,  volt_delta=-0.05, volt_rate_per_min=-0.05, volt_status=NORMAL, batt_w=63.0,  batt_mode=discharge,  batt_discharge_w=63.0,  batt_charge_w=0,  load_w=2399.0, zone=unknown,  grid_charge=off, ev_charging_active=on, ev_charge_end=2026-02-20 06:00:02, ev_webhook_count=92, max_discharge_a=0, max_charge_a=0, max_grid_charge_a=64, soc_limit_a=60, volt_penalty_a=0, voltage_protected_limit_a=60, soc_power_w=3165, is_critical_soc=False
2026-02-20T06:01:00.215584+01:00,  soc=89.0,  volt=51.8,  volt_delta=-1.0, volt_rate_per_min=-1.0, volt_status=NORMAL, batt_w=2658.0,  batt_mode=discharge,  batt_discharge_w=2658.0,  batt_charge_w=0,  load_w=2593.0, zone=unknown,  grid_charge=off, ev_charging_active=off, ev_charge_end=2026-02-20 06:00:02, ev_webhook_count=92, max_discharge_a=60, max_charge_a=0, max_grid_charge_a=64, soc_limit_a=60, volt_penalty_a=10, voltage_protected_limit_a=50, soc_power_w=3108, is_critical_soc=False
2026-02-20T06:02:00.214823+01:00,  soc=88.0,  volt=52.43,  volt_delta=-0.37, volt_rate_per_min=-0.37, volt_status=NORMAL, batt_w=92.0,  batt_mode=discharge,  batt_discharge_w=92.0,  batt_charge_w=0,  load_w=2998.0, zone=unknown,  grid_charge=off, ev_charging_active=off, ev_charge_end=2026-02-20 06:00:02, ev_webhook_count=92, max_discharge_a=60, max_charge_a=0, max_grid_charge_a=64, soc_limit_a=60, volt_penalty_a=5, voltage_protected_limit_a=55, soc_power_w=3146, is_critical_soc=False
2026-02-20T06:03:00.215289+01:00,  soc=88.0,  volt=52.58,  volt_delta=-0.22, volt_rate_per_min=-0.22, volt_status=NORMAL, batt_w=92.0,  batt_mode=discharge,  batt_discharge_w=92.0,  batt_charge_w=0,  load_w=2829.0, zone=unknown,  grid_charge=off, ev_charging_active=off, ev_charge_end=2026-02-20 06:00:02, ev_webhook_count=92, max_discharge_a=60, max_charge_a=0, max_grid_charge_a=64, soc_limit_a=60, volt_penalty_a=5, voltage_protected_limit_a=55, soc_power_w=3155, is_critical_soc=False
2026-02-20T06:04:00.215063+01:00,  soc=88.0,  volt=52.58,  volt_delta=-0.22, volt_rate_per_min=-0.22, volt_status=NORMAL, batt_w=92.0,  batt_mode=discharge,  batt_discharge_w=92.0,  batt_charge_w=0,  load_w=2750.0, zone=unknown,  grid_charge=off, ev_charging_active=off, ev_charge_end=2026-02-20 06:00:02, ev_webhook_count=92, max_discharge_a=60, max_charge_a=0, max_grid_charge_a=64, soc_limit_a=60, volt_penalty_a=5, voltage_protected_limit_a=55, soc_power_w=3155, is_critical_soc=False
2026-02-20T06:05:00.215699+01:00,  soc=88.0,  volt=52.58,  volt_delta=-0.22, volt_rate_per_min=-0.22, volt_status=NORMAL, batt_w=92.0,  batt_mode=discharge,  batt_discharge_w=92.0,  batt_charge_w=0,  load_w=2832.0, zone=unknown,  grid_charge=off, ev_charging_active=off, ev_charge_end=2026-02-20 06:00:02, ev_webhook_count=92, max_discharge_a=60, max_charge_a=0, max_grid_charge_a=64, soc_limit_a=60, volt_penalty_a=5, voltage_protected_limit_a=55, soc_power_w=3155, is_critical_soc=False
2026-02-20T06:06:00.214648+01:00,  soc=88.0,  volt=52.58,  volt_delta=-0.22, volt_rate_per_min=-0.22, volt_status=NORMAL, batt_w=92.0,  batt_mode=discharge,  batt_discharge_w=92.0,  batt_charge_w=0,  load_w=2832.0, zone=unknown,  grid_charge=off, ev_charging_active=off, ev_charge_end=2026-02-20 06:00:02, ev_webhook_count=92, max_discharge_a=60, max_charge_a=0, max_grid_charge_a=64, soc_limit_a=60, volt_penalty_a=5, voltage_protected_limit_a=55, soc_power_w=3155, is_critical_soc=False
2026-02-20T06:07:00.214794+01:00,  soc=88.0,  volt=52.66,  volt_delta=-0.14, volt_rate_per_min=-0.14, volt_status=NORMAL, batt_w=69.0,  batt_mode=discharge,  batt_discharge_w=69.0,  batt_charge_w=0,  load_w=2832.0, zone=unknown,  grid_charge=off, ev_charging_active=off, ev_charge_end=2026-02-20 06:00:02, ev_webhook_count=92, max_discharge_a=60, max_charge_a=0, max_grid_charge_a=64, soc_limit_a=60, volt_penalty_a=0, voltage_protected_limit_a=60, soc_power_w=3160, is_critical_soc=False
2026-02-20T06:08:00.215401+01:00,  soc=88.0,  volt=52.66,  volt_delta=-0.14, volt_rate_per_min=-0.14, volt_status=NORMAL, batt_w=69.0,  batt_mode=discharge,  batt_discharge_w=69.0,  batt_charge_w=0,  load_w=2832.0, zone=unknown,  grid_charge=off, ev_charging_active=off, ev_charge_end=2026-02-20 06:00:02, ev_webhook_count=92, max_discharge_a=60, max_charge_a=0, max_grid_charge_a=64, soc_limit_a=60, volt_penalty_a=0, voltage_protected_limit_a=60, soc_power_w=3160, is_critical_soc=False
2026-02-20T06:09:00.214868+01:00,  soc=88.0,  volt=52.66,  volt_delta=-0.14, volt_rate_per_min=-0.14, volt_status=NORMAL, batt_w=69.0,  batt_mode=discharge,  batt_discharge_w=69.0,  batt_charge_w=0,  load_w=2842.0, zone=unknown,  grid_charge=off, ev_charging_active=off, ev_charge_end=2026-02-20 06:00:02, ev_webhook_count=92, max_discharge_a=60, max_charge_a=0, max_grid_charge_a=64, soc_limit_a=60, volt_penalty_a=0, voltage_protected_limit_a=60, soc_power_w=3160, is_critical_soc=False
2026-02-20T06:10:00.215531+01:00,  soc=88.0,  volt=52.66,  volt_delta=-0.14, volt_rate_per_min=-0.14, volt_status=NORMAL, batt_w=69.0,  batt_mode=discharge,  batt_discharge_w=69.0,  batt_charge_w=0,  load_w=2842.0, zone=unknown,  grid_charge=off, ev_charging_active=off, ev_charge_end=2026-02-20 06:00:02, ev_webhook_count=92, max_discharge_a=60, max_charge_a=0, max_grid_charge_a=64, soc_limit_a=60, volt_penalty_a=0, voltage_protected_limit_a=60, soc_power_w=3160, is_critical_soc=False
2026-02-20T06:11:00.214718+01:00,  soc=88.0,  volt=52.66,  volt_delta=-0.14, volt_rate_per_min=-0.14, volt_status=NORMAL, batt_w=69.0,  batt_mode=discharge,  batt_discharge_w=69.0,  batt_charge_w=0,  load_w=2842.0, zone=unknown,  grid_charge=off, ev_charging_active=off, ev_charge_end=2026-02-20 06:00:02, ev_webhook_count=92, max_discharge_a=60, max_charge_a=0, max_grid_charge_a=64, soc_limit_a=60, volt_penalty_a=0, voltage_protected_limit_a=60, soc_power_w=3160, is_critical_soc=False
2026-02-20T06:12:00.215738+01:00,  soc=88.0,  volt=52.66,  volt_delta=-0.14, volt_rate_per_min=-0.14, volt_status=NORMAL, batt_w=69.0,  batt_mode=discharge,  batt_discharge_w=69.0,  batt_charge_w=0,  load_w=2842.0, zone=unknown,  grid_charge=off, ev_charging_active=off, ev_charge_end=2026-02-20 06:00:02, ev_webhook_count=92, max_discharge_a=60, max_charge_a=0, max_grid_charge_a=64, soc_limit_a=60, volt_penalty_a=0, voltage_protected_limit_a=60, soc_power_w=3160, is_critical_soc=False
2026-02-20T06:13:00.215091+01:00,  soc=88.0,  volt=52.66,  volt_delta=-0.14, volt_rate_per_min=-0.14, volt_status=NORMAL, batt_w=69.0,  batt_mode=discharge,  batt_discharge_w=69.0,  batt_charge_w=0,  load_w=2842.0, zone=unknown,  grid_charge=off, ev_charging_active=off, ev_charge_end=2026-02-20 06:00:02, ev_webhook_count=92, max_discharge_a=60, max_charge_a=0, max_grid_charge_a=64, soc_limit_a=60, volt_penalty_a=0, voltage_protected_limit_a=60, soc_power_w=3160, is_critical_soc=False
2026-02-20T06:14:00.214651+01:00,  soc=88.0,  volt=52.66,  volt_delta=-0.14, volt_rate_per_min=-0.14, volt_status=NORMAL, batt_w=69.0,  batt_mode=discharge,  batt_discharge_w=69.0,  batt_charge_w=0,  load_w=2872.0, zone=unknown,  grid_charge=off, ev_charging_active=off, ev_charge_end=2026-02-20 06:00:02, ev_webhook_count=92, max_discharge_a=60, max_charge_a=0, max_grid_charge_a=64, soc_limit_a=60, volt_penalty_a=0, voltage_protected_limit_a=60, soc_power_w=3160, is_critical_soc=False
2026-02-20T06:15:00.215442+01:00,  soc=88.0,  volt=52.66,  volt_delta=-0.14, volt_rate_per_min=-0.14, volt_status=NORMAL, batt_w=69.0,  batt_mode=discharge,  batt_discharge_w=69.0,  batt_charge_w=0,  load_w=2872.0, zone=unknown,  grid_charge=off, ev_charging_active=off, ev_charge_end=2026-02-20 06:00:02, ev_webhook_count=92, max_discharge_a=60, max_charge_a=0, max_grid_charge_a=64, soc_limit_a=60, volt_penalty_a=0, voltage_protected_limit_a=60, soc_power_w=3160, is_critical_soc=False
2026-02-20T06:16:00.215380+01:00,  soc=88.0,  volt=52.66,  volt_delta=-0.14, volt_rate_per_min=-0.14, volt_status=NORMAL, batt_w=69.0,  batt_mode=discharge,  batt_discharge_w=69.0,  batt_charge_w=0,  load_w=3033.0, zone=unknown,  grid_charge=off, ev_charging_active=off, ev_charge_end=2026-02-20 06:00:02, ev_webhook_count=92, max_discharge_a=60, max_charge_a=0, max_grid_charge_a=64, soc_limit_a=60, volt_penalty_a=0, voltage_protected_limit_a=60, soc_power_w=3160, is_critical_soc=False
2026-02-20T06:17:00.215339+01:00,  soc=88.0,  volt=52.67,  volt_delta=-0.13, volt_rate_per_min=-0.13, volt_status=NORMAL, batt_w=69.0,  batt_mode=discharge,  batt_discharge_w=69.0,  batt_charge_w=0,  load_w=3033.0, zone=unknown,  grid_charge=off, ev_charging_active=off, ev_charge_end=2026-02-20 06:00:02, ev_webhook_count=92, max_discharge_a=60, max_charge_a=0, max_grid_charge_a=64, soc_limit_a=60, volt_penalty_a=0, voltage_protected_limit_a=60, soc_power_w=3160, is_critical_soc=False
2026-02-20T06:18:00.214781+01:00,  soc=88.0,  volt=52.67,  volt_delta=-0.13, volt_rate_per_min=-0.13, volt_status=NORMAL, batt_w=69.0,  batt_mode=discharge,  batt_discharge_w=69.0,  batt_charge_w=0,  load_w=3033.0, zone=unknown,  grid_charge=off, ev_charging_active=off, ev_charge_end=2026-02-20 06:00:02, ev_webhook_count=92, max_discharge_a=60, max_charge_a=0, max_grid_charge_a=64, soc_limit_a=60, volt_penalty_a=0, voltage_protected_limit_a=60, soc_power_w=3160, is_critical_soc=False
2026-02-20T06:19:00.215465+01:00,  soc=88.0,  volt=52.67,  volt_delta=-0.13, volt_rate_per_min=-0.13, volt_status=NORMAL, batt_w=69.0,  batt_mode=discharge,  batt_discharge_w=69.0,  batt_charge_w=0,  load_w=3046.0, zone=unknown,  grid_charge=off, ev_charging_active=off, ev_charge_end=2026-02-20 06:00:02, ev_webhook_count=92, max_discharge_a=60, max_charge_a=0, max_grid_charge_a=64, soc_limit_a=60, volt_penalty_a=0, voltage_protected_limit_a=60, soc_power_w=3160, is_critical_soc=False
2026-02-20T06:20:00.215014+01:00,  soc=88.0,  volt=52.67,  volt_delta=-0.13, volt_rate_per_min=-0.13, volt_status=NORMAL, batt_w=69.0,  batt_mode=discharge,  batt_discharge_w=69.0,  batt_charge_w=0,  load_w=3046.0, zone=unknown,  grid_charge=off, ev_charging_active=off, ev_charge_end=2026-02-20 06:00:02, ev_webhook_count=92, max_discharge_a=60, max_charge_a=0, max_grid_charge_a=64, soc_limit_a=60, volt_penalty_a=0, voltage_protected_limit_a=60, soc_power_w=3160, is_critical_soc=False
2026-02-20T06:21:00.214941+01:00,  soc=88.0,  volt=52.67,  volt_delta=-0.13, volt_rate_per_min=-0.13, volt_status=NORMAL, batt_w=69.0,  batt_mode=discharge,  batt_discharge_w=69.0,  batt_charge_w=0,  load_w=3046.0, zone=unknown,  grid_charge=off, ev_charging_active=off, ev_charge_end=2026-02-20 06:00:02, ev_webhook_count=92, max_discharge_a=60, max_charge_a=0, max_grid_charge_a=64, soc_limit_a=60, volt_penalty_a=0, voltage_protected_limit_a=60, soc_power_w=3160, is_critical_soc=False
2026-02-20T06:22:00.214658+01:00,  soc=88.0,  volt=52.67,  volt_delta=-0.13, volt_rate_per_min=-0.13, volt_status=NORMAL, batt_w=69.0,  batt_mode=discharge,  batt_discharge_w=69.0,  batt_charge_w=0,  load_w=3046.0, zone=unknown,  grid_charge=off, ev_charging_active=off, ev_charge_end=2026-02-20 06:00:02, ev_webhook_count=92, max_discharge_a=60, max_charge_a=0, max_grid_charge_a=64, soc_limit_a=60, volt_penalty_a=0, voltage_protected_limit_a=60, soc_power_w=3160, is_critical_soc=False
2026-02-20T06:23:00.214647+01:00,  soc=88.0,  volt=52.67,  volt_delta=-0.13, volt_rate_per_min=-0.13, volt_status=NORMAL, batt_w=69.0,  batt_mode=discharge,  batt_discharge_w=69.0,  batt_charge_w=0,  load_w=3046.0, zone=unknown,  grid_charge=off, ev_charging_active=off, ev_charge_end=2026-02-20 06:00:02, ev_webhook_count=92, max_discharge_a=60, max_charge_a=0, max_grid_charge_a=64, soc_limit_a=60, volt_penalty_a=0, voltage_protected_limit_a=60, soc_power_w=3160, is_critical_soc=False
2026-02-20T06:24:00.214831+01:00,  soc=88.0,  volt=52.67,  volt_delta=-0.13, volt_rate_per_min=-0.13, volt_status=NORMAL, batt_w=69.0,  batt_mode=discharge,  batt_discharge_w=69.0,  batt_charge_w=0,  load_w=3046.0, zone=unknown,  grid_charge=off, ev_charging_active=off, ev_charge_end=2026-02-20 06:00:02, ev_webhook_count=92, max_discharge_a=60, max_charge_a=0, max_grid_charge_a=64, soc_limit_a=60, volt_penalty_a=0, voltage_protected_limit_a=60, soc_power_w=3160, is_critical_soc=False
2026-02-20T06:25:00.214883+01:00,  soc=88.0,  volt=52.67,  volt_delta=-0.13, volt_rate_per_min=-0.13, volt_status=NORMAL, batt_w=69.0,  batt_mode=discharge,  batt_discharge_w=69.0,  batt_charge_w=0,  load_w=3046.0, zone=unknown,  grid_charge=off, ev_charging_active=off, ev_charge_end=2026-02-20 06:00:02, ev_webhook_count=92, max_discharge_a=60, max_charge_a=0, max_grid_charge_a=64, soc_limit_a=60, volt_penalty_a=0, voltage_protected_limit_a=60, soc_power_w=3160, is_critical_soc=False
2026-02-20T06:26:00.214544+01:00,  soc=88.0,  volt=52.67,  volt_delta=-0.13, volt_rate_per_min=-0.13, volt_status=NORMAL, batt_w=69.0,  batt_mode=discharge,  batt_discharge_w=69.0,  batt_charge_w=0,  load_w=3046.0, zone=unknown,  grid_charge=off, ev_charging_active=off, ev_charge_end=2026-02-20 06:00:02, ev_webhook_count=92, max_discharge_a=60, max_charge_a=0, max_grid_charge_a=64, soc_limit_a=60, volt_penalty_a=0, voltage_protected_limit_a=60, soc_power_w=3160, is_critical_soc=False
2026-02-20T06:27:00.215943+01:00,  soc=88.0,  volt=52.67,  volt_delta=-0.13, volt_rate_per_min=-0.13, volt_status=NORMAL, batt_w=68.0,  batt_mode=discharge,  batt_discharge_w=68.0,  batt_charge_w=0,  load_w=3046.0, zone=unknown,  grid_charge=off, ev_charging_active=off, ev_charge_end=2026-02-20 06:00:02, ev_webhook_count=92, max_discharge_a=60, max_charge_a=0, max_grid_charge_a=64, soc_limit_a=60, volt_penalty_a=0, voltage_protected_limit_a=60, soc_power_w=3160, is_critical_soc=False
2026-02-20T06:28:00.215201+01:00,  soc=88.0,  volt=52.67,  volt_delta=-0.13, volt_rate_per_min=-0.13, volt_status=NORMAL, batt_w=68.0,  batt_mode=discharge,  batt_discharge_w=68.0,  batt_charge_w=0,  load_w=3046.0, zone=unknown,  grid_charge=off, ev_charging_active=off, ev_charge_end=2026-02-20 06:00:02, ev_webhook_count=92, max_discharge_a=60, max_charge_a=0, max_grid_charge_a=64, soc_limit_a=60, volt_penalty_a=0, voltage_protected_limit_a=60, soc_power_w=3160, is_critical_soc=False
2026-02-20T06:29:00.214688+01:00,  soc=88.0,  volt=52.67,  volt_delta=-0.13, volt_rate_per_min=-0.13, volt_status=NORMAL, batt_w=68.0,  batt_mode=discharge,  batt_discharge_w=68.0,  batt_charge_w=0,  load_w=3046.0, zone=unknown,  grid_charge=off, ev_charging_active=off, ev_charge_end=2026-02-20 06:00:02, ev_webhook_count=92, max_discharge_a=60, max_charge_a=0, max_grid_charge_a=64, soc_limit_a=60, volt_penalty_a=0, voltage_protected_limit_a=60, soc_power_w=3160, is_critical_soc=False
2026-02-20T06:30:00.215377+01:00,  soc=88.0,  volt=52.67,  volt_delta=-0.13, volt_rate_per_min=-0.13, volt_status=NORMAL, batt_w=68.0,  batt_mode=discharge,  batt_discharge_w=68.0,  batt_charge_w=0,  load_w=3032.0, zone=unknown,  grid_charge=off, ev_charging_active=off, ev_charge_end=2026-02-20 06:00:02, ev_webhook_count=92, max_discharge_a=60, max_charge_a=0, max_grid_charge_a=64, soc_limit_a=60, volt_penalty_a=0, voltage_protected_limit_a=60, soc_power_w=3160, is_critical_soc=False
2026-02-20T06:31:00.215496+01:00,  soc=88.0,  volt=52.67,  volt_delta=-0.13, volt_rate_per_min=-0.13, volt_status=NORMAL, batt_w=68.0,  batt_mode=discharge,  batt_discharge_w=68.0,  batt_charge_w=0,  load_w=2970.0, zone=unknown,  grid_charge=off, ev_charging_active=off, ev_charge_end=2026-02-20 06:00:02, ev_webhook_count=92, max_discharge_a=60, max_charge_a=0, max_grid_charge_a=64, soc_limit_a=60, volt_penalty_a=0, voltage_protected_limit_a=60, soc_power_w=3160, is_critical_soc=False
2026-02-20T06:32:00.215084+01:00,  soc=88.0,  volt=52.67,  volt_delta=-0.13, volt_rate_per_min=-0.13, volt_status=NORMAL, batt_w=68.0,  batt_mode=discharge,  batt_discharge_w=68.0,  batt_charge_w=0,  load_w=2970.0, zone=unknown,  grid_charge=off, ev_charging_active=off, ev_charge_end=2026-02-20 06:00:02, ev_webhook_count=92, max_discharge_a=60, max_charge_a=0, max_grid_charge_a=64, soc_limit_a=60, volt_penalty_a=0, voltage_protected_limit_a=60, soc_power_w=3160, is_critical_soc=False
2026-02-20T06:33:00.215301+01:00,  soc=88.0,  volt=51.49,  volt_delta=-1.31, volt_rate_per_min=-1.31, volt_status=NORMAL, batt_w=2943.0,  batt_mode=discharge,  batt_discharge_w=2943.0,  batt_charge_w=0,  load_w=2970.0, zone=unknown,  grid_charge=off, ev_charging_active=off, ev_charge_end=2026-02-20 06:00:02, ev_webhook_count=92, max_discharge_a=60, max_charge_a=0, max_grid_charge_a=64, soc_limit_a=60, volt_penalty_a=10, voltage_protected_limit_a=50, soc_power_w=3089, is_critical_soc=False
2026-02-20T06:34:00.215154+01:00,  soc=87.0,  volt=51.49,  volt_delta=-1.31, volt_rate_per_min=-1.31, volt_status=NORMAL, batt_w=2943.0,  batt_mode=discharge,  batt_discharge_w=2943.0,  batt_charge_w=0,  load_w=2970.0, zone=unknown,  grid_charge=off, ev_charging_active=off, ev_charge_end=2026-02-20 06:00:02, ev_webhook_count=92, max_discharge_a=60, max_charge_a=0, max_grid_charge_a=64, soc_limit_a=60, volt_penalty_a=10, voltage_protected_limit_a=50, soc_power_w=3089, is_critical_soc=False
2026-02-20T06:35:00.215346+01:00,  soc=87.0,  volt=51.49,  volt_delta=-1.31, volt_rate_per_min=-1.31, volt_status=NORMAL, batt_w=2943.0,  batt_mode=discharge,  batt_discharge_w=2943.0,  batt_charge_w=0,  load_w=2981.0, zone=unknown,  grid_charge=off, ev_charging_active=off, ev_charge_end=2026-02-20 06:00:02, ev_webhook_count=92, max_discharge_a=60, max_charge_a=0, max_grid_charge_a=64, soc_limit_a=60, volt_penalty_a=10, voltage_protected_limit_a=50, soc_power_w=3089, is_critical_soc=False
2026-02-20T06:36:00.216555+01:00,  soc=86.0,  volt=51.49,  volt_delta=-1.31, volt_rate_per_min=-1.31, volt_status=NORMAL, batt_w=2943.0,  batt_mode=discharge,  batt_discharge_w=2943.0,  batt_charge_w=0,  load_w=2981.0, zone=unknown,  grid_charge=off, ev_charging_active=off, ev_charge_end=2026-02-20 06:00:02, ev_webhook_count=92, max_discharge_a=60, max_charge_a=0, max_grid_charge_a=64, soc_limit_a=60, volt_penalty_a=10, voltage_protected_limit_a=50, soc_power_w=3089, is_critical_soc=False
2026-02-20T06:37:00.215480+01:00,  soc=86.0,  volt=51.42,  volt_delta=-1.38, volt_rate_per_min=-1.38, volt_status=NORMAL, batt_w=2933.0,  batt_mode=discharge,  batt_discharge_w=2933.0,  batt_charge_w=0,  load_w=2981.0, zone=unknown,  grid_charge=off, ev_charging_active=off, ev_charge_end=2026-02-20 06:00:02, ev_webhook_count=92, max_discharge_a=60, max_charge_a=0, max_grid_charge_a=64, soc_limit_a=60, volt_penalty_a=10, voltage_protected_limit_a=50, soc_power_w=3085, is_critical_soc=False
2026-02-20T06:38:00.214909+01:00,  soc=85.0,  volt=51.42,  volt_delta=-1.38, volt_rate_per_min=-1.38, volt_status=NORMAL, batt_w=2933.0,  batt_mode=discharge,  batt_discharge_w=2933.0,  batt_charge_w=0,  load_w=2981.0, zone=unknown,  grid_charge=off, ev_charging_active=off, ev_charge_end=2026-02-20 06:00:02, ev_webhook_count=92, max_discharge_a=60, max_charge_a=0, max_grid_charge_a=64, soc_limit_a=60, volt_penalty_a=10, voltage_protected_limit_a=50, soc_power_w=3085, is_critical_soc=False
2026-02-20T06:39:00.215394+01:00,  soc=85.0,  volt=51.42,  volt_delta=-1.38, volt_rate_per_min=-1.38, volt_status=NORMAL, batt_w=2933.0,  batt_mode=discharge,  batt_discharge_w=2933.0,  batt_charge_w=0,  load_w=2981.0, zone=unknown,  grid_charge=off, ev_charging_active=off, ev_charge_end=2026-02-20 06:00:02, ev_webhook_count=92, max_discharge_a=60, max_charge_a=0, max_grid_charge_a=64, soc_limit_a=60, volt_penalty_a=10, voltage_protected_limit_a=50, soc_power_w=3085, is_critical_soc=False
2026-02-20T06:40:00.215853+01:00,  soc=84.0,  volt=51.42,  volt_delta=-1.38, volt_rate_per_min=-1.38, volt_status=NORMAL, batt_w=2933.0,  batt_mode=discharge,  batt_discharge_w=2933.0,  batt_charge_w=0,  load_w=2981.0, zone=unknown,  grid_charge=off, ev_charging_active=off, ev_charge_end=2026-02-20 06:00:02, ev_webhook_count=92, max_discharge_a=60, max_charge_a=0, max_grid_charge_a=64, soc_limit_a=60, volt_penalty_a=10, voltage_protected_limit_a=50, soc_power_w=3085, is_critical_soc=False
2026-02-20T06:41:00.215588+01:00,  soc=84.0,  volt=51.42,  volt_delta=-1.38, volt_rate_per_min=-1.38, volt_status=NORMAL, batt_w=2933.0,  batt_mode=discharge,  batt_discharge_w=2933.0,  batt_charge_w=0,  load_w=2992.0, zone=unknown,  grid_charge=off, ev_charging_active=off, ev_charge_end=2026-02-20 06:00:02, ev_webhook_count=92, max_discharge_a=60, max_charge_a=0, max_grid_charge_a=64, soc_limit_a=60, volt_penalty_a=10, voltage_protected_limit_a=50, soc_power_w=3085, is_critical_soc=False
2026-02-20T06:42:00.214877+01:00,  soc=83.0,  volt=51.42,  volt_delta=-1.38, volt_rate_per_min=-1.38, volt_status=NORMAL, batt_w=2751.0,  batt_mode=discharge,  batt_discharge_w=2751.0,  batt_charge_w=0,  load_w=2683.0, zone=unknown,  grid_charge=off, ev_charging_active=off, ev_charge_end=2026-02-20 06:00:02, ev_webhook_count=92, max_discharge_a=60, max_charge_a=0, max_grid_charge_a=64, soc_limit_a=60, volt_penalty_a=10, voltage_protected_limit_a=50, soc_power_w=3085, is_critical_soc=False
2026-02-20T06:43:00.214706+01:00,  soc=83.0,  volt=51.42,  volt_delta=-1.38, volt_rate_per_min=-1.38, volt_status=NORMAL, batt_w=2860.0,  batt_mode=discharge,  batt_discharge_w=2860.0,  batt_charge_w=0,  load_w=2792.0, zone=unknown,  grid_charge=off, ev_charging_active=off, ev_charge_end=2026-02-20 06:00:02, ev_webhook_count=92, max_discharge_a=60, max_charge_a=0, max_grid_charge_a=64, soc_limit_a=60, volt_penalty_a=10, voltage_protected_limit_a=50, soc_power_w=3085, is_critical_soc=False
2026-02-20T06:44:00.215404+01:00,  soc=82.0,  volt=51.42,  volt_delta=-1.38, volt_rate_per_min=-1.38, volt_status=NORMAL, batt_w=2860.0,  batt_mode=discharge,  batt_discharge_w=2860.0,  batt_charge_w=0,  load_w=2792.0, zone=unknown,  grid_charge=off, ev_charging_active=off, ev_charge_end=2026-02-20 06:00:02, ev_webhook_count=92, max_discharge_a=60, max_charge_a=0, max_grid_charge_a=64, soc_limit_a=60, volt_penalty_a=10, voltage_protected_limit_a=50, soc_power_w=3085, is_critical_soc=False
2026-02-20T06:45:00.215413+01:00,  soc=81.0,  volt=51.42,  volt_delta=-1.38, volt_rate_per_min=-1.38, volt_status=NORMAL, batt_w=2860.0,  batt_mode=discharge,  batt_discharge_w=2860.0,  batt_charge_w=0,  load_w=2792.0, zone=unknown,  grid_charge=off, ev_charging_active=off, ev_charge_end=2026-02-20 06:00:02, ev_webhook_count=92, max_discharge_a=60, max_charge_a=0, max_grid_charge_a=64, soc_limit_a=60, volt_penalty_a=10, voltage_protected_limit_a=50, soc_power_w=3085, is_critical_soc=False
2026-02-20T06:46:00.215317+01:00,  soc=81.0,  volt=51.42,  volt_delta=-1.38, volt_rate_per_min=-1.38, volt_status=NORMAL, batt_w=2860.0,  batt_mode=discharge,  batt_discharge_w=2860.0,  batt_charge_w=0,  load_w=2790.0, zone=unknown,  grid_charge=off, ev_charging_active=off, ev_charge_end=2026-02-20 06:00:02, ev_webhook_count=92, max_discharge_a=60, max_charge_a=0, max_grid_charge_a=64, soc_limit_a=60, volt_penalty_a=10, voltage_protected_limit_a=50, soc_power_w=3085, is_critical_soc=False
2026-02-20T06:47:00.215925+01:00,  soc=80.0,  volt=51.45,  volt_delta=-1.35, volt_rate_per_min=-1.35, volt_status=NORMAL, batt_w=2817.0,  batt_mode=discharge,  batt_discharge_w=2817.0,  batt_charge_w=0,  load_w=2738.0, zone=unknown,  grid_charge=off, ev_charging_active=off, ev_charge_end=2026-02-20 06:00:02, ev_webhook_count=92, max_discharge_a=60, max_charge_a=0, max_grid_charge_a=64, soc_limit_a=60, volt_penalty_a=10, voltage_protected_limit_a=50, soc_power_w=3087, is_critical_soc=False
2026-02-20T06:48:00.214911+01:00,  soc=80.0,  volt=51.45,  volt_delta=-1.35, volt_rate_per_min=-1.35, volt_status=NORMAL, batt_w=2760.0,  batt_mode=discharge,  batt_discharge_w=2760.0,  batt_charge_w=0,  load_w=2738.0, zone=unknown,  grid_charge=off, ev_charging_active=off, ev_charge_end=2026-02-20 06:00:02, ev_webhook_count=92, max_discharge_a=60, max_charge_a=90, max_grid_charge_a=64, soc_limit_a=60, volt_penalty_a=10, voltage_protected_limit_a=50, soc_power_w=3087, is_critical_soc=False
2026-02-20T06:49:00.215075+01:00,  soc=80.0,  volt=52.12,  volt_delta=-0.68, volt_rate_per_min=-0.68, volt_status=NORMAL, batt_w=754.0,  batt_mode=discharge,  batt_discharge_w=754.0,  batt_charge_w=0,  load_w=612.0, zone=unknown,  grid_charge=off, ev_charging_active=off, ev_charge_end=2026-02-20 06:00:02, ev_webhook_count=92, max_discharge_a=60, max_charge_a=90, max_grid_charge_a=64, soc_limit_a=60, volt_penalty_a=10, voltage_protected_limit_a=50, soc_power_w=3127, is_critical_soc=False
2026-02-20T06:50:00.215380+01:00,  soc=80.0,  volt=52.12,  volt_delta=-0.68, volt_rate_per_min=-0.68, volt_status=NORMAL, batt_w=702.0,  batt_mode=discharge,  batt_discharge_w=702.0,  batt_charge_w=0,  load_w=612.0, zone=unknown,  grid_charge=off, ev_charging_active=off, ev_charge_end=2026-02-20 06:00:02, ev_webhook_count=92, max_discharge_a=60, max_charge_a=90, max_grid_charge_a=64, soc_limit_a=60, volt_penalty_a=10, voltage_protected_limit_a=50, soc_power_w=3127, is_critical_soc=False
2026-02-20T06:51:00.215009+01:00,  soc=80.0,  volt=52.24,  volt_delta=-0.56, volt_rate_per_min=-0.56, volt_status=NORMAL, batt_w=651.0,  batt_mode=discharge,  batt_discharge_w=651.0,  batt_charge_w=0,  load_w=578.0, zone=unknown,  grid_charge=off, ev_charging_active=off, ev_charge_end=2026-02-20 06:00:02, ev_webhook_count=92, max_discharge_a=60, max_charge_a=90, max_grid_charge_a=64, soc_limit_a=60, volt_penalty_a=10, voltage_protected_limit_a=50, soc_power_w=3134, is_critical_soc=False
2026-02-20T06:52:00.215665+01:00,  soc=79.0,  volt=52.38,  volt_delta=-0.42, volt_rate_per_min=-0.42, volt_status=NORMAL, batt_w=248.0,  batt_mode=discharge,  batt_discharge_w=248.0,  batt_charge_w=0,  load_w=199.0, zone=unknown,  grid_charge=off, ev_charging_active=off, ev_charge_end=2026-02-20 06:00:02, ev_webhook_count=92, max_discharge_a=60, max_charge_a=90, max_grid_charge_a=64, soc_limit_a=60, volt_penalty_a=10, voltage_protected_limit_a=50, soc_power_w=3143, is_critical_soc=False
2026-02-20T06:53:00.215441+01:00,  soc=79.0,  volt=52.38,  volt_delta=-0.42, volt_rate_per_min=-0.42, volt_status=NORMAL, batt_w=248.0,  batt_mode=discharge,  batt_discharge_w=248.0,  batt_charge_w=0,  load_w=199.0, zone=unknown,  grid_charge=off, ev_charging_active=off, ev_charge_end=2026-02-20 06:00:02, ev_webhook_count=92, max_discharge_a=60, max_charge_a=90, max_grid_charge_a=64, soc_limit_a=60, volt_penalty_a=10, voltage_protected_limit_a=50, soc_power_w=3143, is_critical_soc=False
2026-02-20T06:54:00.215536+01:00,  soc=79.0,  volt=51.73,  volt_delta=-1.07, volt_rate_per_min=-1.07, volt_status=NORMAL, batt_w=2550.0,  batt_mode=discharge,  batt_discharge_w=2550.0,  batt_charge_w=0,  load_w=283.0, zone=unknown,  grid_charge=off, ev_charging_active=off, ev_charge_end=2026-02-20 06:00:02, ev_webhook_count=92, max_discharge_a=60, max_charge_a=90, max_grid_charge_a=64, soc_limit_a=60, volt_penalty_a=10, voltage_protected_limit_a=50, soc_power_w=3104, is_critical_soc=False
2026-02-20T06:55:00.214857+01:00,  soc=79.0,  volt=51.73,  volt_delta=-1.07, volt_rate_per_min=-1.07, volt_status=NORMAL, batt_w=2418.0,  batt_mode=discharge,  batt_discharge_w=2418.0,  batt_charge_w=0,  load_w=2394.0, zone=unknown,  grid_charge=off, ev_charging_active=off, ev_charge_end=2026-02-20 06:00:02, ev_webhook_count=92, max_discharge_a=60, max_charge_a=90, max_grid_charge_a=64, soc_limit_a=60, volt_penalty_a=10, voltage_protected_limit_a=50, soc_power_w=3104, is_critical_soc=False
2026-02-20T06:56:00.214708+01:00,  soc=79.0,  volt=51.63,  volt_delta=-1.17, volt_rate_per_min=-1.17, volt_status=NORMAL, batt_w=2418.0,  batt_mode=discharge,  batt_discharge_w=2418.0,  batt_charge_w=0,  load_w=2394.0, zone=unknown,  grid_charge=off, ev_charging_active=off, ev_charge_end=2026-02-20 06:00:02, ev_webhook_count=92, max_discharge_a=60, max_charge_a=90, max_grid_charge_a=64, soc_limit_a=60, volt_penalty_a=10, voltage_protected_limit_a=50, soc_power_w=3098, is_critical_soc=False
2026-02-20T06:57:00.215051+01:00,  soc=78.0,  volt=52.43,  volt_delta=-0.37, volt_rate_per_min=-0.37, volt_status=NORMAL, batt_w=55.0,  batt_mode=discharge,  batt_discharge_w=55.0,  batt_charge_w=0,  load_w=2510.0, zone=unknown,  grid_charge=off, ev_charging_active=off, ev_charge_end=2026-02-20 06:00:02, ev_webhook_count=92, max_discharge_a=59, max_charge_a=90, max_grid_charge_a=64, soc_limit_a=60, volt_penalty_a=5, voltage_protected_limit_a=55, soc_power_w=3146, is_critical_soc=False
2026-02-20T06:58:00.214721+01:00,  soc=78.0,  volt=52.43,  volt_delta=-0.37, volt_rate_per_min=-0.37, volt_status=NORMAL, batt_w=55.0,  batt_mode=discharge,  batt_discharge_w=55.0,  batt_charge_w=0,  load_w=2510.0, zone=unknown,  grid_charge=off, ev_charging_active=off, ev_charge_end=2026-02-20 06:00:02, ev_webhook_count=92, max_discharge_a=59, max_charge_a=90, max_grid_charge_a=64, soc_limit_a=60, volt_penalty_a=5, voltage_protected_limit_a=55, soc_power_w=3146, is_critical_soc=False
2026-02-20T06:59:00.215521+01:00,  soc=78.0,  volt=52.43,  volt_delta=-0.37, volt_rate_per_min=-0.37, volt_status=NORMAL, batt_w=55.0,  batt_mode=discharge,  batt_discharge_w=55.0,  batt_charge_w=0,  load_w=2510.0, zone=unknown,  grid_charge=off, ev_charging_active=off, ev_charge_end=2026-02-20 06:00:02, ev_webhook_count=92, max_discharge_a=59, max_charge_a=90, max_grid_charge_a=64, soc_limit_a=60, volt_penalty_a=5, voltage_protected_limit_a=55, soc_power_w=3146, is_critical_soc=False
2026-02-20T07:00:00.215342+01:00,  soc=78.0,  volt=52.43,  volt_delta=-0.37, volt_rate_per_min=-0.37, volt_status=NORMAL, batt_w=55.0,  batt_mode=discharge,  batt_discharge_w=55.0,  batt_charge_w=0,  load_w=2510.0, zone=unknown,  grid_charge=off, ev_charging_active=off, ev_charge_end=2026-02-20 06:00:02, ev_webhook_count=92, max_discharge_a=59, max_charge_a=90, max_grid_charge_a=64, soc_limit_a=60, volt_penalty_a=5, voltage_protected_limit_a=55, soc_power_w=3146, is_critical_soc=False
2026-02-20T07:01:00.216185+01:00,  soc=78.0,  volt=51.8,  volt_delta=-1.0, volt_rate_per_min=-1.0, volt_status=NORMAL, batt_w=2567.0,  batt_mode=discharge,  batt_discharge_w=2567.0,  batt_charge_w=0,  load_w=2510.0, zone=unknown,  grid_charge=off, ev_charging_active=off, ev_charge_end=2026-02-20 06:00:02, ev_webhook_count=92, max_discharge_a=59, max_charge_a=90, max_grid_charge_a=64, soc_limit_a=60, volt_penalty_a=10, voltage_protected_limit_a=50, soc_power_w=3108, is_critical_soc=False
2026-02-20T07:02:00.215574+01:00,  soc=78.0,  volt=51.52,  volt_delta=-1.28, volt_rate_per_min=-1.28, volt_status=NORMAL, batt_w=2651.0,  batt_mode=discharge,  batt_discharge_w=2651.0,  batt_charge_w=0,  load_w=2531.0, zone=unknown,  grid_charge=off, ev_charging_active=off, ev_charge_end=2026-02-20 06:00:02, ev_webhook_count=92, max_discharge_a=59, max_charge_a=90, max_grid_charge_a=64, soc_limit_a=60, volt_penalty_a=10, voltage_protected_limit_a=50, soc_power_w=3091, is_critical_soc=False
2026-02-20T07:03:00.215511+01:00,  soc=78.0,  volt=51.52,  volt_delta=-1.28, volt_rate_per_min=-1.28, volt_status=NORMAL, batt_w=2651.0,  batt_mode=discharge,  batt_discharge_w=2651.0,  batt_charge_w=0,  load_w=2584.0, zone=unknown,  grid_charge=off, ev_charging_active=off, ev_charge_end=2026-02-20 06:00:02, ev_webhook_count=92, max_discharge_a=59, max_charge_a=90, max_grid_charge_a=64, soc_limit_a=60, volt_penalty_a=10, voltage_protected_limit_a=50, soc_power_w=3091, is_critical_soc=False
2026-02-20T07:04:00.214700+01:00,  soc=77.0,  volt=51.52,  volt_delta=-1.28, volt_rate_per_min=-1.28, volt_status=NORMAL, batt_w=2847.0,  batt_mode=discharge,  batt_discharge_w=2847.0,  batt_charge_w=0,  load_w=2584.0, zone=unknown,  grid_charge=off, ev_charging_active=off, ev_charge_end=2026-02-20 06:00:02, ev_webhook_count=92, max_discharge_a=58, max_charge_a=90, max_grid_charge_a=64, soc_limit_a=60, volt_penalty_a=10, voltage_protected_limit_a=50, soc_power_w=3091, is_critical_soc=False
2026-02-20T07:05:00.215420+01:00,  soc=77.0,  volt=51.42,  volt_delta=-1.38, volt_rate_per_min=-1.38, volt_status=NORMAL, batt_w=2847.0,  batt_mode=discharge,  batt_discharge_w=2847.0,  batt_charge_w=0,  load_w=4031.0, zone=unknown,  grid_charge=off, ev_charging_active=off, ev_charge_end=2026-02-20 06:00:02, ev_webhook_count=92, max_discharge_a=58, max_charge_a=90, max_grid_charge_a=64, soc_limit_a=60, volt_penalty_a=10, voltage_protected_limit_a=50, soc_power_w=3085, is_critical_soc=False
2026-02-20T07:06:00.214789+01:00,  soc=76.0,  volt=51.42,  volt_delta=-1.38, volt_rate_per_min=-1.38, volt_status=NORMAL, batt_w=2847.0,  batt_mode=discharge,  batt_discharge_w=2847.0,  batt_charge_w=0,  load_w=4031.0, zone=unknown,  grid_charge=off, ev_charging_active=off, ev_charge_end=2026-02-20 06:00:02, ev_webhook_count=92, max_discharge_a=58, max_charge_a=90, max_grid_charge_a=64, soc_limit_a=60, volt_penalty_a=10, voltage_protected_limit_a=50, soc_power_w=3085, is_critical_soc=False
2026-02-20T07:07:00.214782+01:00,  soc=76.0,  volt=51.41,  volt_delta=-1.39, volt_rate_per_min=-1.39, volt_status=NORMAL, batt_w=2847.0,  batt_mode=discharge,  batt_discharge_w=2847.0,  batt_charge_w=0,  load_w=4050.0, zone=unknown,  grid_charge=off, ev_charging_active=off, ev_charge_end=2026-02-20 06:00:02, ev_webhook_count=92, max_discharge_a=58, max_charge_a=90, max_grid_charge_a=64, soc_limit_a=60, volt_penalty_a=10, voltage_protected_limit_a=50, soc_power_w=3085, is_critical_soc=False
2026-02-20T07:08:00.214732+01:00,  soc=75.0,  volt=51.41,  volt_delta=-1.39, volt_rate_per_min=-1.39, volt_status=NORMAL, batt_w=2847.0,  batt_mode=discharge,  batt_discharge_w=2847.0,  batt_charge_w=0,  load_w=4050.0, zone=unknown,  grid_charge=off, ev_charging_active=off, ev_charge_end=2026-02-20 06:00:02, ev_webhook_count=92, max_discharge_a=58, max_charge_a=90, max_grid_charge_a=64, soc_limit_a=60, volt_penalty_a=10, voltage_protected_limit_a=50, soc_power_w=3085, is_critical_soc=False
2026-02-20T07:09:00.215374+01:00,  soc=75.0,  volt=51.41,  volt_delta=-1.39, volt_rate_per_min=-1.39, volt_status=NORMAL, batt_w=2847.0,  batt_mode=discharge,  batt_discharge_w=2847.0,  batt_charge_w=0,  load_w=4050.0, zone=unknown,  grid_charge=off, ev_charging_active=off, ev_charge_end=2026-02-20 06:00:02, ev_webhook_count=92, max_discharge_a=58, max_charge_a=90, max_grid_charge_a=64, soc_limit_a=60, volt_penalty_a=10, voltage_protected_limit_a=50, soc_power_w=3085, is_critical_soc=False
2026-02-20T07:10:00.214768+01:00,  soc=74.0,  volt=51.41,  volt_delta=-1.39, volt_rate_per_min=-1.39, volt_status=NORMAL, batt_w=2847.0,  batt_mode=discharge,  batt_discharge_w=2847.0,  batt_charge_w=0,  load_w=4050.0, zone=unknown,  grid_charge=off, ev_charging_active=off, ev_charge_end=2026-02-20 06:00:02, ev_webhook_count=92, max_discharge_a=57, max_charge_a=90, max_grid_charge_a=64, soc_limit_a=60, volt_penalty_a=10, voltage_protected_limit_a=50, soc_power_w=3085, is_critical_soc=False
2026-02-20T07:11:00.214713+01:00,  soc=74.0,  volt=51.41,  volt_delta=-1.39, volt_rate_per_min=-1.39, volt_status=NORMAL, batt_w=2795.0,  batt_mode=discharge,  batt_discharge_w=2795.0,  batt_charge_w=0,  load_w=3198.0, zone=unknown,  grid_charge=off, ev_charging_active=off, ev_charge_end=2026-02-20 06:00:02, ev_webhook_count=92, max_discharge_a=57, max_charge_a=90, max_grid_charge_a=64, soc_limit_a=60, volt_penalty_a=10, voltage_protected_limit_a=50, soc_power_w=3085, is_critical_soc=False
2026-02-20T07:12:00.215526+01:00,  soc=73.0,  volt=51.41,  volt_delta=-1.39, volt_rate_per_min=-1.39, volt_status=NORMAL, batt_w=2795.0,  batt_mode=discharge,  batt_discharge_w=2795.0,  batt_charge_w=0,  load_w=3334.0, zone=unknown,  grid_charge=off, ev_charging_active=off, ev_charge_end=2026-02-20 06:00:02, ev_webhook_count=92, max_discharge_a=56, max_charge_a=90, max_grid_charge_a=64, soc_limit_a=60, volt_penalty_a=10, voltage_protected_limit_a=50, soc_power_w=3085, is_critical_soc=False
2026-02-20T07:13:00.214881+01:00,  soc=73.0,  volt=51.41,  volt_delta=-1.39, volt_rate_per_min=-1.39, volt_status=NORMAL, batt_w=2795.0,  batt_mode=discharge,  batt_discharge_w=2795.0,  batt_charge_w=0,  load_w=2694.0, zone=unknown,  grid_charge=off, ev_charging_active=off, ev_charge_end=2026-02-20 06:00:02, ev_webhook_count=92, max_discharge_a=56, max_charge_a=90, max_grid_charge_a=64, soc_limit_a=60, volt_penalty_a=10, voltage_protected_limit_a=50, soc_power_w=3085, is_critical_soc=False
2026-02-20T07:14:00.215076+01:00,  soc=72.0,  volt=51.41,  volt_delta=-1.39, volt_rate_per_min=-1.39, volt_status=NORMAL, batt_w=2795.0,  batt_mode=discharge,  batt_discharge_w=2795.0,  batt_charge_w=0,  load_w=3335.0, zone=unknown,  grid_charge=off, ev_charging_active=off, ev_charge_end=2026-02-20 06:00:02, ev_webhook_count=92, max_discharge_a=56, max_charge_a=90, max_grid_charge_a=64, soc_limit_a=60, volt_penalty_a=10, voltage_protected_limit_a=50, soc_power_w=3085, is_critical_soc=False
2026-02-20T07:15:00.215198+01:00,  soc=72.0,  volt=51.41,  volt_delta=-1.39, volt_rate_per_min=-1.39, volt_status=NORMAL, batt_w=2795.0,  batt_mode=discharge,  batt_discharge_w=2795.0,  batt_charge_w=0,  load_w=2930.0, zone=unknown,  grid_charge=off, ev_charging_active=off, ev_charge_end=2026-02-20 06:00:02, ev_webhook_count=92, max_discharge_a=56, max_charge_a=90, max_grid_charge_a=64, soc_limit_a=60, volt_penalty_a=10, voltage_protected_limit_a=50, soc_power_w=3085, is_critical_soc=False
2026-02-20T07:16:00.214686+01:00,  soc=71.0,  volt=51.41,  volt_delta=-1.39, volt_rate_per_min=-1.39, volt_status=NORMAL, batt_w=2730.0,  batt_mode=discharge,  batt_discharge_w=2730.0,  batt_charge_w=0,  load_w=3214.0, zone=unknown,  grid_charge=off, ev_charging_active=off, ev_charge_end=2026-02-20 06:00:02, ev_webhook_count=92, max_discharge_a=56, max_charge_a=90, max_grid_charge_a=64, soc_limit_a=60, volt_penalty_a=10, voltage_protected_limit_a=50, soc_power_w=3085, is_critical_soc=False
2026-02-20T07:17:00.214592+01:00,  soc=71.0,  volt=51.41,  volt_delta=-1.39, volt_rate_per_min=-1.39, volt_status=NORMAL, batt_w=2749.0,  batt_mode=discharge,  batt_discharge_w=2749.0,  batt_charge_w=0,  load_w=2663.0, zone=unknown,  grid_charge=off, ev_charging_active=off, ev_charge_end=2026-02-20 06:00:02, ev_webhook_count=92, max_discharge_a=56, max_charge_a=90, max_grid_charge_a=64, soc_limit_a=60, volt_penalty_a=10, voltage_protected_limit_a=50, soc_power_w=3085, is_critical_soc=False
2026-02-20T07:18:00.216399+01:00,  soc=70.0,  volt=51.41,  volt_delta=-1.39, volt_rate_per_min=-1.39, volt_status=NORMAL, batt_w=2664.0,  batt_mode=discharge,  batt_discharge_w=2664.0,  batt_charge_w=0,  load_w=2668.0, zone=unknown,  grid_charge=off, ev_charging_active=off, ev_charge_end=2026-02-20 06:00:02, ev_webhook_count=92, max_discharge_a=55, max_charge_a=90, max_grid_charge_a=64, soc_limit_a=60, volt_penalty_a=10, voltage_protected_limit_a=50, soc_power_w=3085, is_critical_soc=False
2026-02-20T07:19:00.214744+01:00,  soc=70.0,  volt=51.41,  volt_delta=-1.39, volt_rate_per_min=-1.39, volt_status=NORMAL, batt_w=2664.0,  batt_mode=discharge,  batt_discharge_w=2664.0,  batt_charge_w=0,  load_w=2613.0, zone=unknown,  grid_charge=off, ev_charging_active=off, ev_charge_end=2026-02-20 06:00:02, ev_webhook_count=92, max_discharge_a=55, max_charge_a=90, max_grid_charge_a=64, soc_limit_a=60, volt_penalty_a=10, voltage_protected_limit_a=50, soc_power_w=3085, is_critical_soc=False
2026-02-20T07:20:00.214774+01:00,  soc=69.0,  volt=51.41,  volt_delta=-1.39, volt_rate_per_min=-1.39, volt_status=NORMAL, batt_w=2664.0,  batt_mode=discharge,  batt_discharge_w=2664.0,  batt_charge_w=0,  load_w=2613.0, zone=unknown,  grid_charge=off, ev_charging_active=off, ev_charge_end=2026-02-20 06:00:02, ev_webhook_count=92, max_discharge_a=54, max_charge_a=90, max_grid_charge_a=64, soc_limit_a=60, volt_penalty_a=10, voltage_protected_limit_a=50, soc_power_w=3085, is_critical_soc=False
2026-02-20T07:21:00.215939+01:00,  soc=69.0,  volt=51.41,  volt_delta=-1.39, volt_rate_per_min=-1.39, volt_status=NORMAL, batt_w=2664.0,  batt_mode=discharge,  batt_discharge_w=2664.0,  batt_charge_w=0,  load_w=2613.0, zone=unknown,  grid_charge=off, ev_charging_active=off, ev_charge_end=2026-02-20 06:00:02, ev_webhook_count=92, max_discharge_a=54, max_charge_a=90, max_grid_charge_a=64, soc_limit_a=60, volt_penalty_a=10, voltage_protected_limit_a=50, soc_power_w=3085, is_critical_soc=False
2026-02-20T07:22:00.215533+01:00,  soc=68.0,  volt=51.41,  volt_delta=-1.39, volt_rate_per_min=-1.39, volt_status=NORMAL, batt_w=2664.0,  batt_mode=discharge,  batt_discharge_w=2664.0,  batt_charge_w=0,  load_w=2552.0, zone=unknown,  grid_charge=off, ev_charging_active=off, ev_charge_end=2026-02-20 06:00:02, ev_webhook_count=92, max_discharge_a=54, max_charge_a=90, max_grid_charge_a=64, soc_limit_a=60, volt_penalty_a=10, voltage_protected_limit_a=50, soc_power_w=3085, is_critical_soc=False
2026-02-20T07:23:00.215098+01:00,  soc=68.0,  volt=51.41,  volt_delta=-1.39, volt_rate_per_min=-1.39, volt_status=NORMAL, batt_w=2664.0,  batt_mode=discharge,  batt_discharge_w=2664.0,  batt_charge_w=0,  load_w=3212.0, zone=unknown,  grid_charge=off, ev_charging_active=off, ev_charge_end=2026-02-20 06:00:02, ev_webhook_count=92, max_discharge_a=54, max_charge_a=90, max_grid_charge_a=64, soc_limit_a=60, volt_penalty_a=10, voltage_protected_limit_a=50, soc_power_w=3085, is_critical_soc=False
2026-02-20T07:24:00.215141+01:00,  soc=67.0,  volt=51.41,  volt_delta=-1.39, volt_rate_per_min=-1.39, volt_status=NORMAL, batt_w=2664.0,  batt_mode=discharge,  batt_discharge_w=2664.0,  batt_charge_w=0,  load_w=3957.0, zone=unknown,  grid_charge=off, ev_charging_active=off, ev_charge_end=2026-02-20 06:00:02, ev_webhook_count=92, max_discharge_a=54, max_charge_a=90, max_grid_charge_a=64, soc_limit_a=60, volt_penalty_a=10, voltage_protected_limit_a=50, soc_power_w=3085, is_critical_soc=False
2026-02-20T07:25:00.214772+01:00,  soc=67.0,  volt=51.41,  volt_delta=-1.39, volt_rate_per_min=-1.39, volt_status=NORMAL, batt_w=2664.0,  batt_mode=discharge,  batt_discharge_w=2664.0,  batt_charge_w=0,  load_w=2574.0, zone=unknown,  grid_charge=off, ev_charging_active=off, ev_charge_end=2026-02-20 06:00:02, ev_webhook_count=92, max_discharge_a=54, max_charge_a=90, max_grid_charge_a=64, soc_limit_a=60, volt_penalty_a=10, voltage_protected_limit_a=50, soc_power_w=3085, is_critical_soc=False
2026-02-20T07:26:00.214741+01:00,  soc=66.0,  volt=51.41,  volt_delta=-1.39, volt_rate_per_min=-1.39, volt_status=NORMAL, batt_w=2664.0,  batt_mode=discharge,  batt_discharge_w=2664.0,  batt_charge_w=0,  load_w=2860.0, zone=unknown,  grid_charge=off, ev_charging_active=off, ev_charge_end=2026-02-20 06:00:02, ev_webhook_count=92, max_discharge_a=53, max_charge_a=90, max_grid_charge_a=64, soc_limit_a=60, volt_penalty_a=10, voltage_protected_limit_a=50, soc_power_w=3085, is_critical_soc=False
2026-02-20T07:27:00.215171+01:00,  soc=66.0,  volt=51.4,  volt_delta=-1.4, volt_rate_per_min=-1.4, volt_status=NORMAL, batt_w=2606.0,  batt_mode=discharge,  batt_discharge_w=2606.0,  batt_charge_w=0,  load_w=2624.0, zone=unknown,  grid_charge=off, ev_charging_active=off, ev_charge_end=2026-02-20 06:00:02, ev_webhook_count=92, max_discharge_a=53, max_charge_a=90, max_grid_charge_a=64, soc_limit_a=60, volt_penalty_a=10, voltage_protected_limit_a=50, soc_power_w=3084, is_critical_soc=False
2026-02-20T07:28:00.215458+01:00,  soc=66.0,  volt=51.4,  volt_delta=-1.4, volt_rate_per_min=-1.4, volt_status=NORMAL, batt_w=2606.0,  batt_mode=discharge,  batt_discharge_w=2606.0,  batt_charge_w=0,  load_w=3974.0, zone=unknown,  grid_charge=off, ev_charging_active=off, ev_charge_end=2026-02-20 06:00:02, ev_webhook_count=92, max_discharge_a=53, max_charge_a=90, max_grid_charge_a=64, soc_limit_a=60, volt_penalty_a=10, voltage_protected_limit_a=50, soc_power_w=3084, is_critical_soc=False
2026-02-20T07:29:00.214744+01:00,  soc=65.0,  volt=51.4,  volt_delta=-1.4, volt_rate_per_min=-1.4, volt_status=NORMAL, batt_w=2559.0,  batt_mode=discharge,  batt_discharge_w=2559.0,  batt_charge_w=0,  load_w=2651.0, zone=unknown,  grid_charge=off, ev_charging_active=off, ev_charge_end=2026-02-20 06:00:02, ev_webhook_count=92, max_discharge_a=52, max_charge_a=90, max_grid_charge_a=64, soc_limit_a=60, volt_penalty_a=10, voltage_protected_limit_a=50, soc_power_w=3084, is_critical_soc=False
2026-02-20T07:30:00.214895+01:00,  soc=65.0,  volt=51.4,  volt_delta=-1.4, volt_rate_per_min=-1.4, volt_status=NORMAL, batt_w=2559.0,  batt_mode=discharge,  batt_discharge_w=2559.0,  batt_charge_w=0,  load_w=2651.0, zone=unknown,  grid_charge=off, ev_charging_active=off, ev_charge_end=2026-02-20 06:00:02, ev_webhook_count=92, max_discharge_a=52, max_charge_a=90, max_grid_charge_a=64, soc_limit_a=60, volt_penalty_a=10, voltage_protected_limit_a=50, soc_power_w=3084, is_critical_soc=False
2026-02-20T07:31:00.214836+01:00,  soc=64.0,  volt=51.4,  volt_delta=-1.4, volt_rate_per_min=-1.4, volt_status=NORMAL, batt_w=2559.0,  batt_mode=discharge,  batt_discharge_w=2559.0,  batt_charge_w=0,  load_w=2651.0, zone=unknown,  grid_charge=off, ev_charging_active=off, ev_charge_end=2026-02-20 06:00:02, ev_webhook_count=92, max_discharge_a=52, max_charge_a=90, max_grid_charge_a=64, soc_limit_a=60, volt_penalty_a=10, voltage_protected_limit_a=50, soc_power_w=3084, is_critical_soc=False
2026-02-20T07:32:00.215050+01:00,  soc=64.0,  volt=51.4,  volt_delta=-1.4, volt_rate_per_min=-1.4, volt_status=NORMAL, batt_w=2559.0,  batt_mode=discharge,  batt_discharge_w=2559.0,  batt_charge_w=0,  load_w=2651.0, zone=unknown,  grid_charge=off, ev_charging_active=off, ev_charge_end=2026-02-20 06:00:02, ev_webhook_count=92, max_discharge_a=52, max_charge_a=90, max_grid_charge_a=64, soc_limit_a=60, volt_penalty_a=10, voltage_protected_limit_a=50, soc_power_w=3084, is_critical_soc=False
2026-02-20T07:33:00.217185+01:00,  soc=63.0,  volt=51.4,  volt_delta=-1.4, volt_rate_per_min=-1.4, volt_status=NORMAL, batt_w=2559.0,  batt_mode=discharge,  batt_discharge_w=2559.0,  batt_charge_w=0,  load_w=3135.0, zone=unknown,  grid_charge=off, ev_charging_active=off, ev_charge_end=2026-02-20 06:00:02, ev_webhook_count=92, max_discharge_a=52, max_charge_a=90, max_grid_charge_a=64, soc_limit_a=60, volt_penalty_a=10, voltage_protected_limit_a=50, soc_power_w=3084, is_critical_soc=False
2026-02-20T07:34:00.215562+01:00,  soc=63.0,  volt=51.4,  volt_delta=-1.4, volt_rate_per_min=-1.4, volt_status=NORMAL, batt_w=2559.0,  batt_mode=discharge,  batt_discharge_w=2559.0,  batt_charge_w=0,  load_w=3263.0, zone=unknown,  grid_charge=off, ev_charging_active=off, ev_charge_end=2026-02-20 06:00:02, ev_webhook_count=92, max_discharge_a=52, max_charge_a=90, max_grid_charge_a=64, soc_limit_a=60, volt_penalty_a=10, voltage_protected_limit_a=50, soc_power_w=3084, is_critical_soc=False
2026-02-20T07:35:00.215380+01:00,  soc=62.0,  volt=51.4,  volt_delta=-1.4, volt_rate_per_min=-1.4, volt_status=NORMAL, batt_w=2559.0,  batt_mode=discharge,  batt_discharge_w=2559.0,  batt_charge_w=0,  load_w=2557.0, zone=unknown,  grid_charge=off, ev_charging_active=off, ev_charge_end=2026-02-20 06:00:02, ev_webhook_count=92, max_discharge_a=51, max_charge_a=90, max_grid_charge_a=64, soc_limit_a=60, volt_penalty_a=10, voltage_protected_limit_a=50, soc_power_w=3084, is_critical_soc=False
2026-02-20T07:36:00.215745+01:00,  soc=62.0,  volt=51.4,  volt_delta=-1.4, volt_rate_per_min=-1.4, volt_status=NORMAL, batt_w=2507.0,  batt_mode=discharge,  batt_discharge_w=2507.0,  batt_charge_w=0,  load_w=3884.0, zone=unknown,  grid_charge=off, ev_charging_active=off, ev_charge_end=2026-02-20 06:00:02, ev_webhook_count=92, max_discharge_a=51, max_charge_a=90, max_grid_charge_a=64, soc_limit_a=60, volt_penalty_a=10, voltage_protected_limit_a=50, soc_power_w=3084, is_critical_soc=False
2026-02-20T07:37:00.214814+01:00,  soc=61.0,  volt=51.31,  volt_delta=-1.49, volt_rate_per_min=-1.49, volt_status=NORMAL, batt_w=2505.0,  batt_mode=discharge,  batt_discharge_w=2505.0,  batt_charge_w=0,  load_w=2697.0, zone=unknown,  grid_charge=off, ev_charging_active=off, ev_charge_end=2026-02-20 06:00:02, ev_webhook_count=92, max_discharge_a=50, max_charge_a=90, max_grid_charge_a=64, soc_limit_a=60, volt_penalty_a=10, voltage_protected_limit_a=50, soc_power_w=3079, is_critical_soc=False
2026-02-20T07:38:00.214960+01:00,  soc=61.0,  volt=51.31,  volt_delta=-1.49, volt_rate_per_min=-1.49, volt_status=NORMAL, batt_w=2505.0,  batt_mode=discharge,  batt_discharge_w=2505.0,  batt_charge_w=0,  load_w=2453.0, zone=unknown,  grid_charge=off, ev_charging_active=off, ev_charge_end=2026-02-20 06:00:02, ev_webhook_count=92, max_discharge_a=50, max_charge_a=90, max_grid_charge_a=64, soc_limit_a=60, volt_penalty_a=10, voltage_protected_limit_a=50, soc_power_w=3079, is_critical_soc=False
2026-02-20T07:39:00.214789+01:00,  soc=61.0,  volt=51.31,  volt_delta=-1.49, volt_rate_per_min=-1.49, volt_status=NORMAL, batt_w=2457.0,  batt_mode=discharge,  batt_discharge_w=2457.0,  batt_charge_w=0,  load_w=2457.0, zone=unknown,  grid_charge=off, ev_charging_active=off, ev_charge_end=2026-02-20 06:00:02, ev_webhook_count=92, max_discharge_a=50, max_charge_a=90, max_grid_charge_a=64, soc_limit_a=60, volt_penalty_a=10, voltage_protected_limit_a=50, soc_power_w=3079, is_critical_soc=False
2026-02-20T07:40:00.215406+01:00,  soc=60.0,  volt=51.31,  volt_delta=-1.49, volt_rate_per_min=-1.49, volt_status=NORMAL, batt_w=2457.0,  batt_mode=discharge,  batt_discharge_w=2457.0,  batt_charge_w=0,  load_w=2457.0, zone=unknown,  grid_charge=off, ev_charging_active=off, ev_charge_end=2026-02-20 06:00:02, ev_webhook_count=92, max_discharge_a=50, max_charge_a=90, max_grid_charge_a=64, soc_limit_a=60, volt_penalty_a=10, voltage_protected_limit_a=50, soc_power_w=3079, is_critical_soc=False
2026-02-20T07:41:00.215149+01:00,  soc=60.0,  volt=51.31,  volt_delta=-1.49, volt_rate_per_min=-1.49, volt_status=NORMAL, batt_w=2457.0,  batt_mode=discharge,  batt_discharge_w=2457.0,  batt_charge_w=0,  load_w=2457.0, zone=unknown,  grid_charge=off, ev_charging_active=off, ev_charge_end=2026-02-20 06:00:02, ev_webhook_count=92, max_discharge_a=50, max_charge_a=90, max_grid_charge_a=64, soc_limit_a=60, volt_penalty_a=10, voltage_protected_limit_a=50, soc_power_w=3079, is_critical_soc=False
2026-02-20T07:42:00.215051+01:00,  soc=59.0,  volt=51.31,  volt_delta=-1.49, volt_rate_per_min=-1.49, volt_status=NORMAL, batt_w=2457.0,  batt_mode=discharge,  batt_discharge_w=2457.0,  batt_charge_w=0,  load_w=2457.0, zone=unknown,  grid_charge=off, ev_charging_active=off, ev_charge_end=2026-02-20 06:00:02, ev_webhook_count=92, max_discharge_a=49, max_charge_a=90, max_grid_charge_a=64, soc_limit_a=60, volt_penalty_a=10, voltage_protected_limit_a=50, soc_power_w=3079, is_critical_soc=False
2026-02-20T07:43:00.215514+01:00,  soc=59.0,  volt=51.31,  volt_delta=-1.49, volt_rate_per_min=-1.49, volt_status=NORMAL, batt_w=2406.0,  batt_mode=discharge,  batt_discharge_w=2406.0,  batt_charge_w=0,  load_w=2457.0, zone=unknown,  grid_charge=off, ev_charging_active=off, ev_charge_end=2026-02-20 06:00:02, ev_webhook_count=92, max_discharge_a=49, max_charge_a=90, max_grid_charge_a=64, soc_limit_a=60, volt_penalty_a=10, voltage_protected_limit_a=50, soc_power_w=3079, is_critical_soc=False
2026-02-20T07:44:00.216733+01:00,  soc=58.0,  volt=51.22,  volt_delta=-1.58, volt_rate_per_min=-1.58, volt_status=NORMAL, batt_w=2406.0,  batt_mode=discharge,  batt_discharge_w=2406.0,  batt_charge_w=0,  load_w=2457.0, zone=unknown,  grid_charge=off, ev_charging_active=off, ev_charge_end=2026-02-20 06:00:02, ev_webhook_count=92, max_discharge_a=48, max_charge_a=90, max_grid_charge_a=64, soc_limit_a=60, volt_penalty_a=10, voltage_protected_limit_a=50, soc_power_w=3073, is_critical_soc=False
2026-02-20T07:45:00.215070+01:00,  soc=58.0,  volt=51.22,  volt_delta=-1.58, volt_rate_per_min=-1.58, volt_status=NORMAL, batt_w=2406.0,  batt_mode=discharge,  batt_discharge_w=2406.0,  batt_charge_w=0,  load_w=2456.0, zone=unknown,  grid_charge=off, ev_charging_active=off, ev_charge_end=2026-02-20 06:00:02, ev_webhook_count=92, max_discharge_a=48, max_charge_a=90, max_grid_charge_a=64, soc_limit_a=60, volt_penalty_a=10, voltage_protected_limit_a=50, soc_power_w=3073, is_critical_soc=False
2026-02-20T07:46:00.215050+01:00,  soc=58.0,  volt=51.22,  volt_delta=-1.58, volt_rate_per_min=-1.58, volt_status=NORMAL, batt_w=2406.0,  batt_mode=discharge,  batt_discharge_w=2406.0,  batt_charge_w=0,  load_w=4022.0, zone=unknown,  grid_charge=off, ev_charging_active=off, ev_charge_end=2026-02-20 06:00:02, ev_webhook_count=92, max_discharge_a=48, max_charge_a=90, max_grid_charge_a=64, soc_limit_a=60, volt_penalty_a=10, voltage_protected_limit_a=50, soc_power_w=3073, is_critical_soc=False
2026-02-20T07:47:00.214930+01:00,  soc=57.0,  volt=51.18,  volt_delta=-1.62, volt_rate_per_min=-1.62, volt_status=NORMAL, batt_w=2359.0,  batt_mode=discharge,  batt_discharge_w=2359.0,  batt_charge_w=0,  load_w=2456.0, zone=unknown,  grid_charge=off, ev_charging_active=off, ev_charge_end=2026-02-20 06:00:02, ev_webhook_count=92, max_discharge_a=48, max_charge_a=90, max_grid_charge_a=64, soc_limit_a=60, volt_penalty_a=10, voltage_protected_limit_a=50, soc_power_w=3071, is_critical_soc=False
2026-02-20T07:48:00.215424+01:00,  soc=57.0,  volt=51.18,  volt_delta=-1.62, volt_rate_per_min=-1.62, volt_status=NORMAL, batt_w=2359.0,  batt_mode=discharge,  batt_discharge_w=2359.0,  batt_charge_w=0,  load_w=2456.0, zone=unknown,  grid_charge=off, ev_charging_active=off, ev_charge_end=2026-02-20 06:00:02, ev_webhook_count=92, max_discharge_a=48, max_charge_a=90, max_grid_charge_a=64, soc_limit_a=60, volt_penalty_a=10, voltage_protected_limit_a=50, soc_power_w=3071, is_critical_soc=False
2026-02-20T07:49:00.215539+01:00,  soc=56.0,  volt=51.11,  volt_delta=-1.69, volt_rate_per_min=-1.69, volt_status=NORMAL, batt_w=2356.0,  batt_mode=discharge,  batt_discharge_w=2356.0,  batt_charge_w=0,  load_w=2405.0, zone=unknown,  grid_charge=off, ev_charging_active=off, ev_charge_end=2026-02-20 06:00:02, ev_webhook_count=92, max_discharge_a=47, max_charge_a=90, max_grid_charge_a=64, soc_limit_a=60, volt_penalty_a=10, voltage_protected_limit_a=50, soc_power_w=3067, is_critical_soc=False
2026-02-20T07:50:00.215579+01:00,  soc=56.0,  volt=51.11,  volt_delta=-1.69, volt_rate_per_min=-1.69, volt_status=NORMAL, batt_w=2306.0,  batt_mode=discharge,  batt_discharge_w=2306.0,  batt_charge_w=0,  load_w=2401.0, zone=unknown,  grid_charge=off, ev_charging_active=off, ev_charge_end=2026-02-20 06:00:02, ev_webhook_count=92, max_discharge_a=47, max_charge_a=90, max_grid_charge_a=64, soc_limit_a=60, volt_penalty_a=10, voltage_protected_limit_a=50, soc_power_w=3067, is_critical_soc=False
2026-02-20T07:51:00.215417+01:00,  soc=56.0,  volt=51.11,  volt_delta=-1.69, volt_rate_per_min=-1.69, volt_status=NORMAL, batt_w=2306.0,  batt_mode=discharge,  batt_discharge_w=2306.0,  batt_charge_w=0,  load_w=2401.0, zone=unknown,  grid_charge=off, ev_charging_active=off, ev_charge_end=2026-02-20 06:00:02, ev_webhook_count=92, max_discharge_a=47, max_charge_a=90, max_grid_charge_a=64, soc_limit_a=60, volt_penalty_a=10, voltage_protected_limit_a=50, soc_power_w=3067, is_critical_soc=False
2026-02-20T07:52:00.214596+01:00,  soc=55.0,  volt=51.11,  volt_delta=-1.69, volt_rate_per_min=-1.69, volt_status=NORMAL, batt_w=2255.0,  batt_mode=discharge,  batt_discharge_w=2255.0,  batt_charge_w=0,  load_w=2401.0, zone=unknown,  grid_charge=off, ev_charging_active=off, ev_charge_end=2026-02-20 06:00:02, ev_webhook_count=92, max_discharge_a=46, max_charge_a=90, max_grid_charge_a=64, soc_limit_a=60, volt_penalty_a=10, voltage_protected_limit_a=50, soc_power_w=3067, is_critical_soc=False
2026-02-20T07:53:00.215464+01:00,  soc=55.0,  volt=51.11,  volt_delta=-1.69, volt_rate_per_min=-1.69, volt_status=NORMAL, batt_w=2255.0,  batt_mode=discharge,  batt_discharge_w=2255.0,  batt_charge_w=0,  load_w=2401.0, zone=unknown,  grid_charge=off, ev_charging_active=off, ev_charge_end=2026-02-20 06:00:02, ev_webhook_count=92, max_discharge_a=46, max_charge_a=90, max_grid_charge_a=64, soc_limit_a=60, volt_penalty_a=10, voltage_protected_limit_a=50, soc_power_w=3067, is_critical_soc=False
2026-02-20T07:54:00.214634+01:00,  soc=54.0,  volt=51.11,  volt_delta=-1.69, volt_rate_per_min=-1.69, volt_status=NORMAL, batt_w=2255.0,  batt_mode=discharge,  batt_discharge_w=2255.0,  batt_charge_w=0,  load_w=2401.0, zone=unknown,  grid_charge=off, ev_charging_active=off, ev_charge_end=2026-02-20 06:00:02, ev_webhook_count=92, max_discharge_a=46, max_charge_a=90, max_grid_charge_a=64, soc_limit_a=60, volt_penalty_a=10, voltage_protected_limit_a=50, soc_power_w=3067, is_critical_soc=False
2026-02-20T07:55:00.215404+01:00,  soc=54.0,  volt=51.11,  volt_delta=-1.69, volt_rate_per_min=-1.69, volt_status=NORMAL, batt_w=2255.0,  batt_mode=discharge,  batt_discharge_w=2255.0,  batt_charge_w=0,  load_w=2401.0, zone=unknown,  grid_charge=off, ev_charging_active=off, ev_charge_end=2026-02-20 06:00:02, ev_webhook_count=92, max_discharge_a=46, max_charge_a=90, max_grid_charge_a=64, soc_limit_a=60, volt_penalty_a=10, voltage_protected_limit_a=50, soc_power_w=3067, is_critical_soc=False
2026-02-20T07:56:00.215060+01:00,  soc=54.0,  volt=51.11,  volt_delta=-1.69, volt_rate_per_min=-1.69, volt_status=NORMAL, batt_w=2255.0,  batt_mode=discharge,  batt_discharge_w=2255.0,  batt_charge_w=0,  load_w=2401.0, zone=unknown,  grid_charge=off, ev_charging_active=off, ev_charge_end=2026-02-20 06:00:02, ev_webhook_count=92, max_discharge_a=46, max_charge_a=90, max_grid_charge_a=64, soc_limit_a=60, volt_penalty_a=10, voltage_protected_limit_a=50, soc_power_w=3067, is_critical_soc=False
2026-02-20T07:57:00.214970+01:00,  soc=53.0,  volt=51.02,  volt_delta=-1.78, volt_rate_per_min=-1.78, volt_status=NORMAL, batt_w=2207.0,  batt_mode=discharge,  batt_discharge_w=2207.0,  batt_charge_w=0,  load_w=2401.0, zone=unknown,  grid_charge=off, ev_charging_active=off, ev_charge_end=2026-02-20 06:00:02, ev_webhook_count=92, max_discharge_a=45, max_charge_a=90, max_grid_charge_a=64, soc_limit_a=60, volt_penalty_a=10, voltage_protected_limit_a=50, soc_power_w=3061, is_critical_soc=False
2026-02-20T07:58:00.215111+01:00,  soc=53.0,  volt=51.49,  volt_delta=-1.31, volt_rate_per_min=-1.31, volt_status=NORMAL, batt_w=752.0,  batt_mode=discharge,  batt_discharge_w=752.0,  batt_charge_w=0,  load_w=2401.0, zone=unknown,  grid_charge=off, ev_charging_active=off, ev_charge_end=2026-02-20 06:00:02, ev_webhook_count=92, max_discharge_a=45, max_charge_a=90, max_grid_charge_a=64, soc_limit_a=60, volt_penalty_a=10, voltage_protected_limit_a=50, soc_power_w=3089, is_critical_soc=False
2026-02-20T07:59:00.216440+01:00,  soc=53.0,  volt=51.49,  volt_delta=-1.31, volt_rate_per_min=-1.31, volt_status=NORMAL, batt_w=683.0,  batt_mode=discharge,  batt_discharge_w=683.0,  batt_charge_w=0,  load_w=614.0, zone=unknown,  grid_charge=off, ev_charging_active=off, ev_charge_end=2026-02-20 06:00:02, ev_webhook_count=92, max_discharge_a=45, max_charge_a=90, max_grid_charge_a=64, soc_limit_a=60, volt_penalty_a=10, voltage_protected_limit_a=50, soc_power_w=3089, is_critical_soc=False
2026-02-20T08:00:00.214935+01:00,  soc=53.0,  volt=51.49,  volt_delta=-1.31, volt_rate_per_min=-1.31, volt_status=NORMAL, batt_w=683.0,  batt_mode=discharge,  batt_discharge_w=683.0,  batt_charge_w=0,  load_w=614.0, zone=unknown,  grid_charge=off, ev_charging_active=off, ev_charge_end=2026-02-20 06:00:02, ev_webhook_count=92, max_discharge_a=45, max_charge_a=90, max_grid_charge_a=64, soc_limit_a=60, volt_penalty_a=10, voltage_protected_limit_a=50, soc_power_w=3089, is_critical_soc=False
2026-02-20T08:01:00.214947+01:00,  soc=53.0,  volt=51.62,  volt_delta=-1.18, volt_rate_per_min=-1.18, volt_status=NORMAL, batt_w=630.0,  batt_mode=discharge,  batt_discharge_w=630.0,  batt_charge_w=0,  load_w=635.0, zone=unknown,  grid_charge=off, ev_charging_active=off, ev_charge_end=2026-02-20 06:00:02, ev_webhook_count=92, max_discharge_a=45, max_charge_a=90, max_grid_charge_a=64, soc_limit_a=60, volt_penalty_a=10, voltage_protected_limit_a=50, soc_power_w=3097, is_critical_soc=False
2026-02-20T08:02:00.214877+01:00,  soc=52.0,  volt=51.75,  volt_delta=-1.05, volt_rate_per_min=-1.05, volt_status=NORMAL, batt_w=222.0,  batt_mode=discharge,  batt_discharge_w=222.0,  batt_charge_w=0,  load_w=192.0, zone=unknown,  grid_charge=off, ev_charging_active=off, ev_charge_end=2026-02-20 06:00:02, ev_webhook_count=92, max_discharge_a=44, max_charge_a=90, max_grid_charge_a=64, soc_limit_a=60, volt_penalty_a=10, voltage_protected_limit_a=50, soc_power_w=3105, is_critical_soc=False
2026-02-20T08:03:00.216366+01:00,  soc=52.0,  volt=51.75,  volt_delta=-1.05, volt_rate_per_min=-1.05, volt_status=NORMAL, batt_w=222.0,  batt_mode=discharge,  batt_discharge_w=222.0,  batt_charge_w=0,  load_w=192.0, zone=unknown,  grid_charge=off, ev_charging_active=off, ev_charge_end=2026-02-20 06:00:02, ev_webhook_count=92, max_discharge_a=44, max_charge_a=90, max_grid_charge_a=64, soc_limit_a=60, volt_penalty_a=10, voltage_protected_limit_a=50, soc_power_w=3105, is_critical_soc=False
2026-02-20T08:04:00.215127+01:00,  soc=52.0,  volt=51.22,  volt_delta=-1.58, volt_rate_per_min=-1.58, volt_status=NORMAL, batt_w=2130.0,  batt_mode=discharge,  batt_discharge_w=2130.0,  batt_charge_w=0,  load_w=2337.0, zone=unknown,  grid_charge=off, ev_charging_active=off, ev_charge_end=2026-02-20 06:00:02, ev_webhook_count=92, max_discharge_a=44, max_charge_a=90, max_grid_charge_a=64, soc_limit_a=60, volt_penalty_a=10, voltage_protected_limit_a=50, soc_power_w=3073, is_critical_soc=False
2026-02-20T08:05:00.215578+01:00,  soc=52.0,  volt=51.07,  volt_delta=-1.73, volt_rate_per_min=-1.73, volt_status=NORMAL, batt_w=2130.0,  batt_mode=discharge,  batt_discharge_w=2130.0,  batt_charge_w=0,  load_w=2337.0, zone=unknown,  grid_charge=off, ev_charging_active=off, ev_charge_end=2026-02-20 06:00:02, ev_webhook_count=92, max_discharge_a=44, max_charge_a=90, max_grid_charge_a=64, soc_limit_a=60, volt_penalty_a=10, voltage_protected_limit_a=50, soc_power_w=3064, is_critical_soc=False
2026-02-20T08:06:00.214933+01:00,  soc=52.0,  volt=51.07,  volt_delta=-1.73, volt_rate_per_min=-1.73, volt_status=NORMAL, batt_w=2130.0,  batt_mode=discharge,  batt_discharge_w=2130.0,  batt_charge_w=0,  load_w=2331.0, zone=unknown,  grid_charge=off, ev_charging_active=off, ev_charge_end=2026-02-20 06:00:02, ev_webhook_count=92, max_discharge_a=44, max_charge_a=90, max_grid_charge_a=64, soc_limit_a=60, volt_penalty_a=10, voltage_protected_limit_a=50, soc_power_w=3064, is_critical_soc=False
2026-02-20T08:07:00.214719+01:00,  soc=51.0,  volt=51.07,  volt_delta=-1.73, volt_rate_per_min=-1.73, volt_status=NORMAL, batt_w=2130.0,  batt_mode=discharge,  batt_discharge_w=2130.0,  batt_charge_w=0,  load_w=2452.0, zone=unknown,  grid_charge=off, ev_charging_active=off, ev_charge_end=2026-02-20 06:00:02, ev_webhook_count=92, max_discharge_a=43, max_charge_a=90, max_grid_charge_a=64, soc_limit_a=60, volt_penalty_a=10, voltage_protected_limit_a=50, soc_power_w=3064, is_critical_soc=False
2026-02-20T08:08:00.214893+01:00,  soc=51.0,  volt=50.96,  volt_delta=-1.84, volt_rate_per_min=-1.84, volt_status=NORMAL, batt_w=2106.0,  batt_mode=discharge,  batt_discharge_w=2106.0,  batt_charge_w=0,  load_w=2508.0, zone=unknown,  grid_charge=off, ev_charging_active=off, ev_charge_end=2026-02-20 06:00:02, ev_webhook_count=92, max_discharge_a=43, max_charge_a=90, max_grid_charge_a=64, soc_limit_a=60, volt_penalty_a=10, voltage_protected_limit_a=50, soc_power_w=3058, is_critical_soc=False
2026-02-20T08:09:00.216484+01:00,  soc=50.0,  volt=50.96,  volt_delta=-1.84, volt_rate_per_min=-1.84, volt_status=NORMAL, batt_w=2106.0,  batt_mode=discharge,  batt_discharge_w=2106.0,  batt_charge_w=0,  load_w=2508.0, zone=unknown,  grid_charge=off, ev_charging_active=off, ev_charge_end=2026-02-20 06:00:02, ev_webhook_count=92, max_discharge_a=42, max_charge_a=90, max_grid_charge_a=64, soc_limit_a=60, volt_penalty_a=10, voltage_protected_limit_a=50, soc_power_w=3058, is_critical_soc=False
2026-02-20T08:10:00.215212+01:00,  soc=50.0,  volt=50.96,  volt_delta=-1.84, volt_rate_per_min=-1.84, volt_status=NORMAL, batt_w=2060.0,  batt_mode=discharge,  batt_discharge_w=2060.0,  batt_charge_w=0,  load_w=2568.0, zone=unknown,  grid_charge=off, ev_charging_active=off, ev_charge_end=2026-02-20 06:00:02, ev_webhook_count=92, max_discharge_a=42, max_charge_a=90, max_grid_charge_a=64, soc_limit_a=60, volt_penalty_a=10, voltage_protected_limit_a=50, soc_power_w=3058, is_critical_soc=False
2026-02-20T08:11:00.214697+01:00,  soc=50.0,  volt=50.96,  volt_delta=-1.84, volt_rate_per_min=-1.84, volt_status=NORMAL, batt_w=2060.0,  batt_mode=discharge,  batt_discharge_w=2060.0,  batt_charge_w=0,  load_w=2756.0, zone=unknown,  grid_charge=off, ev_charging_active=off, ev_charge_end=2026-02-20 06:00:02, ev_webhook_count=92, max_discharge_a=42, max_charge_a=90, max_grid_charge_a=64, soc_limit_a=60, volt_penalty_a=10, voltage_protected_limit_a=50, soc_power_w=3058, is_critical_soc=False
2026-02-20T08:12:00.215476+01:00,  soc=49.0,  volt=50.86,  volt_delta=-1.94, volt_rate_per_min=-1.94, volt_status=NORMAL, batt_w=2060.0,  batt_mode=discharge,  batt_discharge_w=2060.0,  batt_charge_w=0,  load_w=2756.0, zone=unknown,  grid_charge=off, ev_charging_active=off, ev_charge_end=2026-02-20 06:00:02, ev_webhook_count=92, max_discharge_a=42, max_charge_a=90, max_grid_charge_a=64, soc_limit_a=60, volt_penalty_a=10, voltage_protected_limit_a=50, soc_power_w=3052, is_critical_soc=False
2026-02-20T08:13:00.215412+01:00,  soc=49.0,  volt=50.86,  volt_delta=-1.94, volt_rate_per_min=-1.94, volt_status=NORMAL, batt_w=2060.0,  batt_mode=discharge,  batt_discharge_w=2060.0,  batt_charge_w=0,  load_w=2756.0, zone=unknown,  grid_charge=off, ev_charging_active=off, ev_charge_end=2026-02-20 06:00:02, ev_webhook_count=92, max_discharge_a=42, max_charge_a=90, max_grid_charge_a=64, soc_limit_a=60, volt_penalty_a=10, voltage_protected_limit_a=50, soc_power_w=3052, is_critical_soc=False
2026-02-20T08:14:00.215054+01:00,  soc=49.0,  volt=50.86,  volt_delta=-1.94, volt_rate_per_min=-1.94, volt_status=NORMAL, batt_w=2060.0,  batt_mode=discharge,  batt_discharge_w=2060.0,  batt_charge_w=0,  load_w=2756.0, zone=unknown,  grid_charge=off, ev_charging_active=off, ev_charge_end=2026-02-20 06:00:02, ev_webhook_count=92, max_discharge_a=42, max_charge_a=90, max_grid_charge_a=64, soc_limit_a=60, volt_penalty_a=10, voltage_protected_limit_a=50, soc_power_w=3052, is_critical_soc=False
2026-02-20T08:15:00.215130+01:00,  soc=48.0,  volt=50.86,  volt_delta=-1.94, volt_rate_per_min=-1.94, volt_status=NORMAL, batt_w=2003.0,  batt_mode=discharge,  batt_discharge_w=2003.0,  batt_charge_w=0,  load_w=2756.0, zone=unknown,  grid_charge=off, ev_charging_active=off, ev_charge_end=2026-02-20 06:00:02, ev_webhook_count=92, max_discharge_a=41, max_charge_a=90, max_grid_charge_a=64, soc_limit_a=60, volt_penalty_a=10, voltage_protected_limit_a=50, soc_power_w=3052, is_critical_soc=False
2026-02-20T08:16:00.215530+01:00,  soc=48.0,  volt=50.75,  volt_delta=-2.05, volt_rate_per_min=-2.05, volt_status=NORMAL, batt_w=2003.0,  batt_mode=discharge,  batt_discharge_w=2003.0,  batt_charge_w=0,  load_w=2756.0, zone=unknown,  grid_charge=off, ev_charging_active=off, ev_charge_end=2026-02-20 06:00:02, ev_webhook_count=92, max_discharge_a=41, max_charge_a=90, max_grid_charge_a=64, soc_limit_a=60, volt_penalty_a=10, voltage_protected_limit_a=50, soc_power_w=3045, is_critical_soc=False
2026-02-20T08:17:00.215119+01:00,  soc=48.0,  volt=50.75,  volt_delta=-2.05, volt_rate_per_min=-2.05, volt_status=NORMAL, batt_w=2003.0,  batt_mode=discharge,  batt_discharge_w=2003.0,  batt_charge_w=0,  load_w=2774.0, zone=unknown,  grid_charge=off, ev_charging_active=off, ev_charge_end=2026-02-20 06:00:02, ev_webhook_count=92, max_discharge_a=41, max_charge_a=90, max_grid_charge_a=64, soc_limit_a=60, volt_penalty_a=10, voltage_protected_limit_a=50, soc_power_w=3045, is_critical_soc=False
2026-02-20T08:18:00.215796+01:00,  soc=47.0,  volt=50.7,  volt_delta=-2.1, volt_rate_per_min=-2.1, volt_status=NORMAL, batt_w=1950.0,  batt_mode=discharge,  batt_discharge_w=1950.0,  batt_charge_w=0,  load_w=2774.0, zone=unknown,  grid_charge=off, ev_charging_active=off, ev_charge_end=2026-02-20 06:00:02, ev_webhook_count=92, max_discharge_a=40, max_charge_a=90, max_grid_charge_a=64, soc_limit_a=60, volt_penalty_a=10, voltage_protected_limit_a=50, soc_power_w=3042, is_critical_soc=False
2026-02-20T08:19:00.216146+01:00,  soc=47.0,  volt=50.64,  volt_delta=-2.16, volt_rate_per_min=-2.16, volt_status=NORMAL, batt_w=1950.0,  batt_mode=discharge,  batt_discharge_w=1950.0,  batt_charge_w=0,  load_w=2774.0, zone=unknown,  grid_charge=off, ev_charging_active=off, ev_charge_end=2026-02-20 06:00:02, ev_webhook_count=92, max_discharge_a=40, max_charge_a=90, max_grid_charge_a=64, soc_limit_a=60, volt_penalty_a=10, voltage_protected_limit_a=50, soc_power_w=3038, is_critical_soc=False
2026-02-20T08:20:00.215193+01:00,  soc=47.0,  volt=50.64,  volt_delta=-2.16, volt_rate_per_min=-2.16, volt_status=NORMAL, batt_w=1950.0,  batt_mode=discharge,  batt_discharge_w=1950.0,  batt_charge_w=0,  load_w=2774.0, zone=unknown,  grid_charge=off, ev_charging_active=off, ev_charge_end=2026-02-20 06:00:02, ev_webhook_count=92, max_discharge_a=40, max_charge_a=90, max_grid_charge_a=64, soc_limit_a=60, volt_penalty_a=10, voltage_protected_limit_a=50, soc_power_w=3038, is_critical_soc=False
2026-02-20T08:21:00.215039+01:00,  soc=46.0,  volt=50.64,  volt_delta=-2.16, volt_rate_per_min=-2.16, volt_status=NORMAL, batt_w=1950.0,  batt_mode=discharge,  batt_discharge_w=1950.0,  batt_charge_w=0,  load_w=2774.0, zone=unknown,  grid_charge=off, ev_charging_active=off, ev_charge_end=2026-02-20 06:00:02, ev_webhook_count=92, max_discharge_a=40, max_charge_a=90, max_grid_charge_a=64, soc_limit_a=60, volt_penalty_a=10, voltage_protected_limit_a=50, soc_power_w=3038, is_critical_soc=False
2026-02-20T08:22:00.214834+01:00,  soc=46.0,  volt=50.54,  volt_delta=-2.26, volt_rate_per_min=-2.26, volt_status=NORMAL, batt_w=1950.0,  batt_mode=discharge,  batt_discharge_w=1950.0,  batt_charge_w=0,  load_w=2764.0, zone=unknown,  grid_charge=off, ev_charging_active=off, ev_charge_end=2026-02-20 06:00:02, ev_webhook_count=92, max_discharge_a=40, max_charge_a=90, max_grid_charge_a=64, soc_limit_a=60, volt_penalty_a=10, voltage_protected_limit_a=50, soc_power_w=3032, is_critical_soc=False
2026-02-20T08:23:00.214996+01:00,  soc=45.0,  volt=50.54,  volt_delta=-2.26, volt_rate_per_min=-2.26, volt_status=NORMAL, batt_w=1950.0,  batt_mode=discharge,  batt_discharge_w=1950.0,  batt_charge_w=0,  load_w=2764.0, zone=unknown,  grid_charge=off, ev_charging_active=off, ev_charge_end=2026-02-20 06:00:02, ev_webhook_count=92, max_discharge_a=39, max_charge_a=90, max_grid_charge_a=64, soc_limit_a=60, volt_penalty_a=10, voltage_protected_limit_a=50, soc_power_w=3032, is_critical_soc=False
2026-02-20T08:24:00.215361+01:00,  soc=45.0,  volt=50.54,  volt_delta=-2.26, volt_rate_per_min=-2.26, volt_status=NORMAL, batt_w=1893.0,  batt_mode=discharge,  batt_discharge_w=1893.0,  batt_charge_w=0,  load_w=2764.0, zone=unknown,  grid_charge=off, ev_charging_active=off, ev_charge_end=2026-02-20 06:00:02, ev_webhook_count=92, max_discharge_a=39, max_charge_a=90, max_grid_charge_a=64, soc_limit_a=60, volt_penalty_a=10, voltage_protected_limit_a=50, soc_power_w=3032, is_critical_soc=False
2026-02-20T08:25:00.216382+01:00,  soc=45.0,  volt=50.44,  volt_delta=-2.36, volt_rate_per_min=-2.36, volt_status=NORMAL, batt_w=1893.0,  batt_mode=discharge,  batt_discharge_w=1893.0,  batt_charge_w=0,  load_w=2764.0, zone=unknown,  grid_charge=off, ev_charging_active=off, ev_charge_end=2026-02-20 06:00:02, ev_webhook_count=92, max_discharge_a=39, max_charge_a=90, max_grid_charge_a=64, soc_limit_a=60, volt_penalty_a=10, voltage_protected_limit_a=50, soc_power_w=3026, is_critical_soc=False
2026-02-20T08:26:00.214904+01:00,  soc=44.0,  volt=50.44,  volt_delta=-2.36, volt_rate_per_min=-2.36, volt_status=NORMAL, batt_w=1893.0,  batt_mode=discharge,  batt_discharge_w=1893.0,  batt_charge_w=0,  load_w=2764.0, zone=unknown,  grid_charge=off, ev_charging_active=off, ev_charge_end=2026-02-20 06:00:02, ev_webhook_count=92, max_discharge_a=38, max_charge_a=90, max_grid_charge_a=64, soc_limit_a=60, volt_penalty_a=10, voltage_protected_limit_a=50, soc_power_w=3026, is_critical_soc=False
2026-02-20T08:27:00.215198+01:00,  soc=44.0,  volt=50.44,  volt_delta=-2.36, volt_rate_per_min=-2.36, volt_status=NORMAL, batt_w=1843.0,  batt_mode=discharge,  batt_discharge_w=1843.0,  batt_charge_w=0,  load_w=2776.0, zone=unknown,  grid_charge=off, ev_charging_active=off, ev_charge_end=2026-02-20 06:00:02, ev_webhook_count=92, max_discharge_a=38, max_charge_a=90, max_grid_charge_a=64, soc_limit_a=60, volt_penalty_a=10, voltage_protected_limit_a=50, soc_power_w=3026, is_critical_soc=False
2026-02-20T08:28:00.215446+01:00,  soc=44.0,  volt=50.39,  volt_delta=-2.41, volt_rate_per_min=-2.41, volt_status=NORMAL, batt_w=1843.0,  batt_mode=discharge,  batt_discharge_w=1843.0,  batt_charge_w=0,  load_w=2776.0, zone=unknown,  grid_charge=off, ev_charging_active=off, ev_charge_end=2026-02-20 06:00:02, ev_webhook_count=92, max_discharge_a=38, max_charge_a=90, max_grid_charge_a=64, soc_limit_a=60, volt_penalty_a=10, voltage_protected_limit_a=50, soc_power_w=3023, is_critical_soc=False
2026-02-20T08:29:00.215104+01:00,  soc=43.0,  volt=50.39,  volt_delta=-2.41, volt_rate_per_min=-2.41, volt_status=NORMAL, batt_w=1843.0,  batt_mode=discharge,  batt_discharge_w=1843.0,  batt_charge_w=0,  load_w=2776.0, zone=unknown,  grid_charge=off, ev_charging_active=off, ev_charge_end=2026-02-20 06:00:02, ev_webhook_count=92, max_discharge_a=37, max_charge_a=90, max_grid_charge_a=64, soc_limit_a=60, volt_penalty_a=10, voltage_protected_limit_a=50, soc_power_w=3023, is_critical_soc=False
2026-02-20T08:30:00.214494+01:00,  soc=43.0,  volt=50.39,  volt_delta=-2.41, volt_rate_per_min=-2.41, volt_status=NORMAL, batt_w=1843.0,  batt_mode=discharge,  batt_discharge_w=1843.0,  batt_charge_w=0,  load_w=2809.0, zone=unknown,  grid_charge=off, ev_charging_active=off, ev_charge_end=2026-02-20 06:00:02, ev_webhook_count=92, max_discharge_a=37, max_charge_a=90, max_grid_charge_a=64, soc_limit_a=60, volt_penalty_a=10, voltage_protected_limit_a=50, soc_power_w=3023, is_critical_soc=False
2026-02-20T08:31:00.214806+01:00,  soc=43.0,  volt=50.34,  volt_delta=-2.46, volt_rate_per_min=-2.46, volt_status=NORMAL, batt_w=1793.0,  batt_mode=discharge,  batt_discharge_w=1793.0,  batt_charge_w=0,  load_w=2809.0, zone=unknown,  grid_charge=off, ev_charging_active=off, ev_charge_end=2026-02-20 06:00:02, ev_webhook_count=92, max_discharge_a=37, max_charge_a=90, max_grid_charge_a=64, soc_limit_a=60, volt_penalty_a=10, voltage_protected_limit_a=50, soc_power_w=3020, is_critical_soc=False
2026-02-20T08:32:00.215431+01:00,  soc=43.0,  volt=50.34,  volt_delta=-2.46, volt_rate_per_min=-2.46, volt_status=NORMAL, batt_w=1793.0,  batt_mode=discharge,  batt_discharge_w=1793.0,  batt_charge_w=0,  load_w=2809.0, zone=unknown,  grid_charge=off, ev_charging_active=off, ev_charge_end=2026-02-20 06:00:02, ev_webhook_count=92, max_discharge_a=37, max_charge_a=90, max_grid_charge_a=64, soc_limit_a=60, volt_penalty_a=10, voltage_protected_limit_a=50, soc_power_w=3020, is_critical_soc=False
2026-02-20T08:33:00.215297+01:00,  soc=42.0,  volt=50.34,  volt_delta=-2.46, volt_rate_per_min=-2.46, volt_status=NORMAL, batt_w=1793.0,  batt_mode=discharge,  batt_discharge_w=1793.0,  batt_charge_w=0,  load_w=2755.0, zone=unknown,  grid_charge=off, ev_charging_active=off, ev_charge_end=2026-02-20 06:00:02, ev_webhook_count=92, max_discharge_a=36, max_charge_a=90, max_grid_charge_a=64, soc_limit_a=60, volt_penalty_a=10, voltage_protected_limit_a=50, soc_power_w=3020, is_critical_soc=False
2026-02-20T08:34:00.215091+01:00,  soc=42.0,  volt=50.34,  volt_delta=-2.46, volt_rate_per_min=-2.46, volt_status=NORMAL, batt_w=1793.0,  batt_mode=discharge,  batt_discharge_w=1793.0,  batt_charge_w=0,  load_w=2755.0, zone=unknown,  grid_charge=off, ev_charging_active=off, ev_charge_end=2026-02-20 06:00:02, ev_webhook_count=92, max_discharge_a=36, max_charge_a=90, max_grid_charge_a=64, soc_limit_a=60, volt_penalty_a=10, voltage_protected_limit_a=50, soc_power_w=3020, is_critical_soc=False
2026-02-20T08:35:00.215115+01:00,  soc=42.0,  volt=50.34,  volt_delta=-2.46, volt_rate_per_min=-2.46, volt_status=NORMAL, batt_w=1743.0,  batt_mode=discharge,  batt_discharge_w=1743.0,  batt_charge_w=0,  load_w=2755.0, zone=unknown,  grid_charge=off, ev_charging_active=off, ev_charge_end=2026-02-20 06:00:02, ev_webhook_count=92, max_discharge_a=36, max_charge_a=90, max_grid_charge_a=64, soc_limit_a=60, volt_penalty_a=10, voltage_protected_limit_a=50, soc_power_w=3020, is_critical_soc=False
2026-02-20T08:36:00.215268+01:00,  soc=41.0,  volt=50.34,  volt_delta=-2.46, volt_rate_per_min=-2.46, volt_status=NORMAL, batt_w=1743.0,  batt_mode=discharge,  batt_discharge_w=1743.0,  batt_charge_w=0,  load_w=2755.0, zone=unknown,  grid_charge=off, ev_charging_active=off, ev_charge_end=2026-02-20 06:00:02, ev_webhook_count=92, max_discharge_a=36, max_charge_a=90, max_grid_charge_a=64, soc_limit_a=60, volt_penalty_a=10, voltage_protected_limit_a=50, soc_power_w=3020, is_critical_soc=False
2026-02-20T08:37:00.216195+01:00,  soc=41.0,  volt=50.34,  volt_delta=-2.46, volt_rate_per_min=-2.46, volt_status=NORMAL, batt_w=1743.0,  batt_mode=discharge,  batt_discharge_w=1743.0,  batt_charge_w=0,  load_w=2755.0, zone=unknown,  grid_charge=off, ev_charging_active=off, ev_charge_end=2026-02-20 06:00:02, ev_webhook_count=92, max_discharge_a=36, max_charge_a=90, max_grid_charge_a=64, soc_limit_a=60, volt_penalty_a=10, voltage_protected_limit_a=50, soc_power_w=3020, is_critical_soc=False
2026-02-20T08:38:00.215404+01:00,  soc=41.0,  volt=50.26,  volt_delta=-2.54, volt_rate_per_min=-2.54, volt_status=NORMAL, batt_w=1744.0,  batt_mode=discharge,  batt_discharge_w=1744.0,  batt_charge_w=0,  load_w=2767.0, zone=unknown,  grid_charge=off, ev_charging_active=off, ev_charge_end=2026-02-20 06:00:02, ev_webhook_count=92, max_discharge_a=36, max_charge_a=90, max_grid_charge_a=64, soc_limit_a=60, volt_penalty_a=10, voltage_protected_limit_a=50, soc_power_w=3016, is_critical_soc=False
2026-02-20T08:39:00.214670+01:00,  soc=40.0,  volt=50.93,  volt_delta=-1.87, volt_rate_per_min=-1.87, volt_status=NORMAL, batt_w=8.0,  batt_mode=idle,  batt_discharge_w=8.0,  batt_charge_w=0,  load_w=2774.0, zone=unknown,  grid_charge=off, ev_charging_active=off, ev_charge_end=2026-02-20 06:00:02, ev_webhook_count=92, max_discharge_a=35, max_charge_a=90, max_grid_charge_a=64, soc_limit_a=60, volt_penalty_a=10, voltage_protected_limit_a=50, soc_power_w=3056, is_critical_soc=False
2026-02-20T08:40:00.215219+01:00,  soc=40.0,  volt=50.93,  volt_delta=-1.87, volt_rate_per_min=-1.87, volt_status=NORMAL, batt_w=8.0,  batt_mode=idle,  batt_discharge_w=8.0,  batt_charge_w=0,  load_w=2569.0, zone=unknown,  grid_charge=off, ev_charging_active=off, ev_charge_end=2026-02-20 06:00:02, ev_webhook_count=92, max_discharge_a=35, max_charge_a=90, max_grid_charge_a=64, soc_limit_a=60, volt_penalty_a=10, voltage_protected_limit_a=50, soc_power_w=3056, is_critical_soc=False
2026-02-20T08:41:00.214683+01:00,  soc=40.0,  volt=50.93,  volt_delta=-1.87, volt_rate_per_min=-1.87, volt_status=NORMAL, batt_w=8.0,  batt_mode=idle,  batt_discharge_w=8.0,  batt_charge_w=0,  load_w=2468.0, zone=unknown,  grid_charge=off, ev_charging_active=off, ev_charge_end=2026-02-20 06:00:02, ev_webhook_count=92, max_discharge_a=35, max_charge_a=90, max_grid_charge_a=64, soc_limit_a=60, volt_penalty_a=10, voltage_protected_limit_a=50, soc_power_w=3056, is_critical_soc=False
2026-02-20T08:42:00.215461+01:00,  soc=40.0,  volt=51.03,  volt_delta=-1.77, volt_rate_per_min=-1.77, volt_status=NORMAL, batt_w=8.0,  batt_mode=idle,  batt_discharge_w=8.0,  batt_charge_w=0,  load_w=2468.0, zone=unknown,  grid_charge=off, ev_charging_active=off, ev_charge_end=2026-02-20 06:00:02, ev_webhook_count=92, max_discharge_a=35, max_charge_a=90, max_grid_charge_a=64, soc_limit_a=60, volt_penalty_a=10, voltage_protected_limit_a=50, soc_power_w=3062, is_critical_soc=False
2026-02-20T08:43:00.215418+01:00,  soc=40.0,  volt=51.03,  volt_delta=-1.77, volt_rate_per_min=-1.77, volt_status=NORMAL, batt_w=8.0,  batt_mode=idle,  batt_discharge_w=8.0,  batt_charge_w=0,  load_w=2466.0, zone=unknown,  grid_charge=off, ev_charging_active=off, ev_charge_end=2026-02-20 06:00:02, ev_webhook_count=92, max_discharge_a=35, max_charge_a=90, max_grid_charge_a=64, soc_limit_a=60, volt_penalty_a=10, voltage_protected_limit_a=50, soc_power_w=3062, is_critical_soc=False
2026-02-20T08:44:00.215099+01:00,  soc=40.0,  volt=51.03,  volt_delta=-1.77, volt_rate_per_min=-1.77, volt_status=NORMAL, batt_w=8.0,  batt_mode=idle,  batt_discharge_w=8.0,  batt_charge_w=0,  load_w=2466.0, zone=unknown,  grid_charge=off, ev_charging_active=off, ev_charge_end=2026-02-20 06:00:02, ev_webhook_count=92, max_discharge_a=35, max_charge_a=90, max_grid_charge_a=64, soc_limit_a=60, volt_penalty_a=10, voltage_protected_limit_a=50, soc_power_w=3062, is_critical_soc=False
2026-02-20T08:45:00.214793+01:00,  soc=40.0,  volt=51.03,  volt_delta=-1.77, volt_rate_per_min=-1.77, volt_status=NORMAL, batt_w=8.0,  batt_mode=idle,  batt_discharge_w=8.0,  batt_charge_w=0,  load_w=2466.0, zone=unknown,  grid_charge=off, ev_charging_active=off, ev_charge_end=2026-02-20 06:00:02, ev_webhook_count=92, max_discharge_a=35, max_charge_a=90, max_grid_charge_a=64, soc_limit_a=60, volt_penalty_a=10, voltage_protected_limit_a=50, soc_power_w=3062, is_critical_soc=False
2026-02-20T08:46:00.215458+01:00,  soc=40.0,  volt=51.03,  volt_delta=-1.77, volt_rate_per_min=-1.77, volt_status=NORMAL, batt_w=8.0,  batt_mode=idle,  batt_discharge_w=8.0,  batt_charge_w=0,  load_w=2466.0, zone=unknown,  grid_charge=off, ev_charging_active=off, ev_charge_end=2026-02-20 06:00:02, ev_webhook_count=92, max_discharge_a=35, max_charge_a=90, max_grid_charge_a=64, soc_limit_a=60, volt_penalty_a=10, voltage_protected_limit_a=50, soc_power_w=3062, is_critical_soc=False
2026-02-20T08:47:00.215410+01:00,  soc=40.0,  volt=51.03,  volt_delta=-1.77, volt_rate_per_min=-1.77, volt_status=NORMAL, batt_w=8.0,  batt_mode=idle,  batt_discharge_w=8.0,  batt_charge_w=0,  load_w=2466.0, zone=unknown,  grid_charge=off, ev_charging_active=off, ev_charge_end=2026-02-20 06:00:02, ev_webhook_count=92, max_discharge_a=35, max_charge_a=90, max_grid_charge_a=64, soc_limit_a=60, volt_penalty_a=10, voltage_protected_limit_a=50, soc_power_w=3062, is_critical_soc=False
2026-02-20T08:48:00.215424+01:00,  soc=40.0,  volt=51.13,  volt_delta=-1.67, volt_rate_per_min=-1.67, volt_status=NORMAL, batt_w=11.0,  batt_mode=idle,  batt_discharge_w=11.0,  batt_charge_w=0,  load_w=2466.0, zone=unknown,  grid_charge=off, ev_charging_active=off, ev_charge_end=2026-02-20 06:00:02, ev_webhook_count=92, max_discharge_a=35, max_charge_a=90, max_grid_charge_a=64, soc_limit_a=60, volt_penalty_a=10, voltage_protected_limit_a=50, soc_power_w=3068, is_critical_soc=False
2026-02-20T08:49:00.216264+01:00,  soc=40.0,  volt=51.13,  volt_delta=-1.67, volt_rate_per_min=-1.67, volt_status=NORMAL, batt_w=11.0,  batt_mode=idle,  batt_discharge_w=11.0,  batt_charge_w=0,  load_w=2468.0, zone=unknown,  grid_charge=off, ev_charging_active=off, ev_charge_end=2026-02-20 06:00:02, ev_webhook_count=92, max_discharge_a=35, max_charge_a=90, max_grid_charge_a=64, soc_limit_a=60, volt_penalty_a=10, voltage_protected_limit_a=50, soc_power_w=3068, is_critical_soc=False
2026-02-20T08:50:00.215314+01:00,  soc=40.0,  volt=51.13,  volt_delta=-1.67, volt_rate_per_min=-1.67, volt_status=NORMAL, batt_w=11.0,  batt_mode=idle,  batt_discharge_w=11.0,  batt_charge_w=0,  load_w=2468.0, zone=unknown,  grid_charge=off, ev_charging_active=off, ev_charge_end=2026-02-20 06:00:02, ev_webhook_count=92, max_discharge_a=35, max_charge_a=90, max_grid_charge_a=64, soc_limit_a=60, volt_penalty_a=10, voltage_protected_limit_a=50, soc_power_w=3068, is_critical_soc=False
2026-02-20T08:51:00.215359+01:00,  soc=40.0,  volt=51.13,  volt_delta=-1.67, volt_rate_per_min=-1.67, volt_status=NORMAL, batt_w=11.0,  batt_mode=idle,  batt_discharge_w=11.0,  batt_charge_w=0,  load_w=2468.0, zone=unknown,  grid_charge=off, ev_charging_active=off, ev_charge_end=2026-02-20 06:00:02, ev_webhook_count=92, max_discharge_a=35, max_charge_a=90, max_grid_charge_a=64, soc_limit_a=60, volt_penalty_a=10, voltage_protected_limit_a=50, soc_power_w=3068, is_critical_soc=False
2026-02-20T08:52:00.215200+01:00,  soc=40.0,  volt=51.13,  volt_delta=-1.67, volt_rate_per_min=-1.67, volt_status=NORMAL, batt_w=11.0,  batt_mode=idle,  batt_discharge_w=11.0,  batt_charge_w=0,  load_w=2468.0, zone=unknown,  grid_charge=off, ev_charging_active=off, ev_charge_end=2026-02-20 06:00:02, ev_webhook_count=92, max_discharge_a=35, max_charge_a=90, max_grid_charge_a=64, soc_limit_a=60, volt_penalty_a=10, voltage_protected_limit_a=50, soc_power_w=3068, is_critical_soc=False
2026-02-20T08:53:00.215132+01:00,  soc=40.0,  volt=51.13,  volt_delta=-1.67, volt_rate_per_min=-1.67, volt_status=NORMAL, batt_w=11.0,  batt_mode=idle,  batt_discharge_w=11.0,  batt_charge_w=0,  load_w=2468.0, zone=unknown,  grid_charge=off, ev_charging_active=off, ev_charge_end=2026-02-20 06:00:02, ev_webhook_count=92, max_discharge_a=35, max_charge_a=90, max_grid_charge_a=64, soc_limit_a=60, volt_penalty_a=10, voltage_protected_limit_a=50, soc_power_w=3068, is_critical_soc=False
2026-02-20T08:54:00.215266+01:00,  soc=40.0,  volt=51.13,  volt_delta=-1.67, volt_rate_per_min=-1.67, volt_status=NORMAL, batt_w=11.0,  batt_mode=idle,  batt_discharge_w=11.0,  batt_charge_w=0,  load_w=2519.0, zone=unknown,  grid_charge=off, ev_charging_active=off, ev_charge_end=2026-02-20 06:00:02, ev_webhook_count=92, max_discharge_a=35, max_charge_a=90, max_grid_charge_a=64, soc_limit_a=60, volt_penalty_a=10, voltage_protected_limit_a=50, soc_power_w=3068, is_critical_soc=False
2026-02-20T08:55:00.214542+01:00,  soc=40.0,  volt=51.13,  volt_delta=-1.67, volt_rate_per_min=-1.67, volt_status=NORMAL, batt_w=11.0,  batt_mode=idle,  batt_discharge_w=11.0,  batt_charge_w=0,  load_w=2519.0, zone=unknown,  grid_charge=off, ev_charging_active=off, ev_charge_end=2026-02-20 06:00:02, ev_webhook_count=92, max_discharge_a=35, max_charge_a=90, max_grid_charge_a=64, soc_limit_a=60, volt_penalty_a=10, voltage_protected_limit_a=50, soc_power_w=3068, is_critical_soc=False
2026-02-20T08:56:00.214946+01:00,  soc=40.0,  volt=51.13,  volt_delta=-1.67, volt_rate_per_min=-1.67, volt_status=NORMAL, batt_w=11.0,  batt_mode=idle,  batt_discharge_w=11.0,  batt_charge_w=0,  load_w=2519.0, zone=unknown,  grid_charge=off, ev_charging_active=off, ev_charge_end=2026-02-20 06:00:02, ev_webhook_count=92, max_discharge_a=35, max_charge_a=90, max_grid_charge_a=64, soc_limit_a=60, volt_penalty_a=10, voltage_protected_limit_a=50, soc_power_w=3068, is_critical_soc=False
2026-02-20T08:57:00.215546+01:00,  soc=40.0,  volt=51.13,  volt_delta=-1.67, volt_rate_per_min=-1.67, volt_status=NORMAL, batt_w=11.0,  batt_mode=idle,  batt_discharge_w=11.0,  batt_charge_w=0,  load_w=2519.0, zone=unknown,  grid_charge=off, ev_charging_active=off, ev_charge_end=2026-02-20 06:00:02, ev_webhook_count=92, max_discharge_a=35, max_charge_a=90, max_grid_charge_a=64, soc_limit_a=60, volt_penalty_a=10, voltage_protected_limit_a=50, soc_power_w=3068, is_critical_soc=False
2026-02-20T08:58:00.216388+01:00,  soc=40.0,  volt=51.18,  volt_delta=-1.62, volt_rate_per_min=-1.62, volt_status=NORMAL, batt_w=12.0,  batt_mode=idle,  batt_discharge_w=12.0,  batt_charge_w=0,  load_w=2468.0, zone=unknown,  grid_charge=off, ev_charging_active=off, ev_charge_end=2026-02-20 06:00:02, ev_webhook_count=92, max_discharge_a=35, max_charge_a=90, max_grid_charge_a=64, soc_limit_a=60, volt_penalty_a=10, voltage_protected_limit_a=50, soc_power_w=3071, is_critical_soc=False
2026-02-20T08:59:00.215329+01:00,  soc=40.0,  volt=51.18,  volt_delta=-1.62, volt_rate_per_min=-1.62, volt_status=NORMAL, batt_w=12.0,  batt_mode=idle,  batt_discharge_w=12.0,  batt_charge_w=0,  load_w=2474.0, zone=unknown,  grid_charge=off, ev_charging_active=off, ev_charge_end=2026-02-20 06:00:02, ev_webhook_count=92, max_discharge_a=35, max_charge_a=90, max_grid_charge_a=64, soc_limit_a=60, volt_penalty_a=10, voltage_protected_limit_a=50, soc_power_w=3071, is_critical_soc=False
2026-02-20T09:00:00.214673+01:00,  soc=40.0,  volt=51.18,  volt_delta=-1.62, volt_rate_per_min=-1.62, volt_status=NORMAL, batt_w=12.0,  batt_mode=idle,  batt_discharge_w=12.0,  batt_charge_w=0,  load_w=2474.0, zone=unknown,  grid_charge=off, ev_charging_active=off, ev_charge_end=2026-02-20 06:00:02, ev_webhook_count=92, max_discharge_a=35, max_charge_a=90, max_grid_charge_a=64, soc_limit_a=60, volt_penalty_a=10, voltage_protected_limit_a=50, soc_power_w=3071, is_critical_soc=False
2026-02-20T09:01:00.215430+01:00,  soc=40.0,  volt=51.18,  volt_delta=-1.62, volt_rate_per_min=-1.62, volt_status=NORMAL, batt_w=12.0,  batt_mode=idle,  batt_discharge_w=12.0,  batt_charge_w=0,  load_w=2474.0, zone=unknown,  grid_charge=off, ev_charging_active=off, ev_charge_end=2026-02-20 06:00:02, ev_webhook_count=92, max_discharge_a=35, max_charge_a=90, max_grid_charge_a=64, soc_limit_a=60, volt_penalty_a=10, voltage_protected_limit_a=50, soc_power_w=3071, is_critical_soc=False
2026-02-20T09:02:00.214597+01:00,  soc=40.0,  volt=51.18,  volt_delta=-1.62, volt_rate_per_min=-1.62, volt_status=NORMAL, batt_w=12.0,  batt_mode=idle,  batt_discharge_w=12.0,  batt_charge_w=0,  load_w=2474.0, zone=unknown,  grid_charge=off, ev_charging_active=off, ev_charge_end=2026-02-20 06:00:02, ev_webhook_count=92, max_discharge_a=35, max_charge_a=90, max_grid_charge_a=64, soc_limit_a=60, volt_penalty_a=10, voltage_protected_limit_a=50, soc_power_w=3071, is_critical_soc=False
2026-02-20T09:03:00.214609+01:00,  soc=40.0,  volt=51.18,  volt_delta=-1.62, volt_rate_per_min=-1.62, volt_status=NORMAL, batt_w=12.0,  batt_mode=idle,  batt_discharge_w=12.0,  batt_charge_w=0,  load_w=2474.0, zone=unknown,  grid_charge=off, ev_charging_active=off, ev_charge_end=2026-02-20 06:00:02, ev_webhook_count=92, max_discharge_a=35, max_charge_a=90, max_grid_charge_a=64, soc_limit_a=60, volt_penalty_a=10, voltage_protected_limit_a=50, soc_power_w=3071, is_critical_soc=False
2026-02-20T09:04:00.215108+01:00,  soc=40.0,  volt=51.18,  volt_delta=-1.62, volt_rate_per_min=-1.62, volt_status=NORMAL, batt_w=12.0,  batt_mode=idle,  batt_discharge_w=12.0,  batt_charge_w=0,  load_w=2474.0, zone=unknown,  grid_charge=off, ev_charging_active=off, ev_charge_end=2026-02-20 06:00:02, ev_webhook_count=92, max_discharge_a=35, max_charge_a=90, max_grid_charge_a=64, soc_limit_a=60, volt_penalty_a=10, voltage_protected_limit_a=50, soc_power_w=3071, is_critical_soc=False
2026-02-20T09:05:00.214969+01:00,  soc=40.0,  volt=51.18,  volt_delta=-1.62, volt_rate_per_min=-1.62, volt_status=NORMAL, batt_w=12.0,  batt_mode=idle,  batt_discharge_w=12.0,  batt_charge_w=0,  load_w=2461.0, zone=unknown,  grid_charge=off, ev_charging_active=off, ev_charge_end=2026-02-20 06:00:02, ev_webhook_count=92, max_discharge_a=35, max_charge_a=90, max_grid_charge_a=64, soc_limit_a=60, volt_penalty_a=10, voltage_protected_limit_a=50, soc_power_w=3071, is_critical_soc=False
2026-02-20T09:06:00.214598+01:00,  soc=40.0,  volt=51.18,  volt_delta=-1.62, volt_rate_per_min=-1.62, volt_status=NORMAL, batt_w=12.0,  batt_mode=idle,  batt_discharge_w=12.0,  batt_charge_w=0,  load_w=2461.0, zone=unknown,  grid_charge=off, ev_charging_active=off, ev_charge_end=2026-02-20 06:00:02, ev_webhook_count=92, max_discharge_a=35, max_charge_a=90, max_grid_charge_a=64, soc_limit_a=60, volt_penalty_a=10, voltage_protected_limit_a=50, soc_power_w=3071, is_critical_soc=False
2026-02-20T09:07:00.215546+01:00,  soc=40.0,  volt=51.18,  volt_delta=-1.62, volt_rate_per_min=-1.62, volt_status=NORMAL, batt_w=12.0,  batt_mode=idle,  batt_discharge_w=12.0,  batt_charge_w=0,  load_w=2461.0, zone=unknown,  grid_charge=off, ev_charging_active=off, ev_charge_end=2026-02-20 06:00:02, ev_webhook_count=92, max_discharge_a=35, max_charge_a=90, max_grid_charge_a=64, soc_limit_a=60, volt_penalty_a=10, voltage_protected_limit_a=50, soc_power_w=3071, is_critical_soc=False
2026-02-20T09:08:00.215632+01:00,  soc=40.0,  volt=51.19,  volt_delta=-1.61, volt_rate_per_min=-1.61, volt_status=NORMAL, batt_w=12.0,  batt_mode=idle,  batt_discharge_w=12.0,  batt_charge_w=0,  load_w=795.0, zone=unknown,  grid_charge=off, ev_charging_active=off, ev_charge_end=2026-02-20 06:00:02, ev_webhook_count=92, max_discharge_a=35, max_charge_a=90, max_grid_charge_a=64, soc_limit_a=60, volt_penalty_a=10, voltage_protected_limit_a=50, soc_power_w=3071, is_critical_soc=False
2026-02-20T09:09:00.215302+01:00,  soc=40.0,  volt=51.19,  volt_delta=-1.61, volt_rate_per_min=-1.61, volt_status=NORMAL, batt_w=12.0,  batt_mode=idle,  batt_discharge_w=12.0,  batt_charge_w=0,  load_w=717.0, zone=unknown,  grid_charge=off, ev_charging_active=off, ev_charge_end=2026-02-20 06:00:02, ev_webhook_count=92, max_discharge_a=35, max_charge_a=90, max_grid_charge_a=64, soc_limit_a=60, volt_penalty_a=10, voltage_protected_limit_a=50, soc_power_w=3071, is_critical_soc=False
2026-02-20T09:10:00.214972+01:00,  soc=40.0,  volt=51.19,  volt_delta=-1.61, volt_rate_per_min=-1.61, volt_status=NORMAL, batt_w=12.0,  batt_mode=idle,  batt_discharge_w=12.0,  batt_charge_w=0,  load_w=649.0, zone=unknown,  grid_charge=off, ev_charging_active=off, ev_charge_end=2026-02-20 06:00:02, ev_webhook_count=92, max_discharge_a=35, max_charge_a=90, max_grid_charge_a=64, soc_limit_a=60, volt_penalty_a=10, voltage_protected_limit_a=50, soc_power_w=3071, is_critical_soc=False
2026-02-20T09:11:00.214943+01:00,  soc=40.0,  volt=51.19,  volt_delta=-1.61, volt_rate_per_min=-1.61, volt_status=NORMAL, batt_w=12.0,  batt_mode=idle,  batt_discharge_w=12.0,  batt_charge_w=0,  load_w=239.0, zone=unknown,  grid_charge=off, ev_charging_active=off, ev_charge_end=2026-02-20 06:00:02, ev_webhook_count=92, max_discharge_a=35, max_charge_a=90, max_grid_charge_a=64, soc_limit_a=60, volt_penalty_a=10, voltage_protected_limit_a=50, soc_power_w=3071, is_critical_soc=False
2026-02-20T09:12:00.215401+01:00,  soc=40.0,  volt=51.19,  volt_delta=-1.61, volt_rate_per_min=-1.61, volt_status=NORMAL, batt_w=12.0,  batt_mode=idle,  batt_discharge_w=12.0,  batt_charge_w=0,  load_w=239.0, zone=unknown,  grid_charge=off, ev_charging_active=off, ev_charge_end=2026-02-20 06:00:02, ev_webhook_count=92, max_discharge_a=35, max_charge_a=90, max_grid_charge_a=64, soc_limit_a=60, volt_penalty_a=10, voltage_protected_limit_a=50, soc_power_w=3071, is_critical_soc=False
2026-02-20T09:13:00.215091+01:00,  soc=40.0,  volt=51.19,  volt_delta=-1.61, volt_rate_per_min=-1.61, volt_status=NORMAL, batt_w=12.0,  batt_mode=idle,  batt_discharge_w=12.0,  batt_charge_w=0,  load_w=1116.0, zone=unknown,  grid_charge=off, ev_charging_active=off, ev_charge_end=2026-02-20 06:00:02, ev_webhook_count=92, max_discharge_a=35, max_charge_a=90, max_grid_charge_a=64, soc_limit_a=60, volt_penalty_a=10, voltage_protected_limit_a=50, soc_power_w=3071, is_critical_soc=False
2026-02-20T09:14:00.215358+01:00,  soc=40.0,  volt=51.19,  volt_delta=-1.61, volt_rate_per_min=-1.61, volt_status=NORMAL, batt_w=12.0,  batt_mode=idle,  batt_discharge_w=12.0,  batt_charge_w=0,  load_w=2401.0, zone=unknown,  grid_charge=off, ev_charging_active=off, ev_charge_end=2026-02-20 06:00:02, ev_webhook_count=92, max_discharge_a=35, max_charge_a=90, max_grid_charge_a=64, soc_limit_a=60, volt_penalty_a=10, voltage_protected_limit_a=50, soc_power_w=3071, is_critical_soc=False
2026-02-20T09:15:00.214860+01:00,  soc=40.0,  volt=51.19,  volt_delta=-1.61, volt_rate_per_min=-1.61, volt_status=NORMAL, batt_w=12.0,  batt_mode=idle,  batt_discharge_w=12.0,  batt_charge_w=0,  load_w=2413.0, zone=unknown,  grid_charge=off, ev_charging_active=off, ev_charge_end=2026-02-20 06:00:02, ev_webhook_count=92, max_discharge_a=35, max_charge_a=90, max_grid_charge_a=64, soc_limit_a=60, volt_penalty_a=10, voltage_protected_limit_a=50, soc_power_w=3071, is_critical_soc=False
2026-02-20T09:16:00.215498+01:00,  soc=40.0,  volt=51.19,  volt_delta=-1.61, volt_rate_per_min=-1.61, volt_status=NORMAL, batt_w=12.0,  batt_mode=idle,  batt_discharge_w=12.0,  batt_charge_w=0,  load_w=2413.0, zone=unknown,  grid_charge=off, ev_charging_active=off, ev_charge_end=2026-02-20 06:00:02, ev_webhook_count=92, max_discharge_a=35, max_charge_a=90, max_grid_charge_a=64, soc_limit_a=60, volt_penalty_a=10, voltage_protected_limit_a=50, soc_power_w=3071, is_critical_soc=False
2026-02-20T09:17:00.214832+01:00,  soc=40.0,  volt=51.19,  volt_delta=-1.61, volt_rate_per_min=-1.61, volt_status=NORMAL, batt_w=12.0,  batt_mode=idle,  batt_discharge_w=12.0,  batt_charge_w=0,  load_w=2527.0, zone=unknown,  grid_charge=off, ev_charging_active=off, ev_charge_end=2026-02-20 06:00:02, ev_webhook_count=92, max_discharge_a=35, max_charge_a=90, max_grid_charge_a=64, soc_limit_a=60, volt_penalty_a=10, voltage_protected_limit_a=50, soc_power_w=3071, is_critical_soc=False
2026-02-20T09:18:00.215407+01:00,  soc=40.0,  volt=51.2,  volt_delta=-1.6, volt_rate_per_min=-1.6, volt_status=NORMAL, batt_w=12.0,  batt_mode=idle,  batt_discharge_w=12.0,  batt_charge_w=0,  load_w=2527.0, zone=unknown,  grid_charge=off, ev_charging_active=off, ev_charge_end=2026-02-20 06:00:02, ev_webhook_count=92, max_discharge_a=35, max_charge_a=90, max_grid_charge_a=64, soc_limit_a=60, volt_penalty_a=10, voltage_protected_limit_a=50, soc_power_w=3072, is_critical_soc=False
2026-02-20T09:19:00.215083+01:00,  soc=40.0,  volt=51.2,  volt_delta=-1.6, volt_rate_per_min=-1.6, volt_status=NORMAL, batt_w=12.0,  batt_mode=idle,  batt_discharge_w=12.0,  batt_charge_w=0,  load_w=2527.0, zone=unknown,  grid_charge=off, ev_charging_active=off, ev_charge_end=2026-02-20 06:00:02, ev_webhook_count=92, max_discharge_a=35, max_charge_a=90, max_grid_charge_a=64, soc_limit_a=60, volt_penalty_a=10, voltage_protected_limit_a=50, soc_power_w=3072, is_critical_soc=False
2026-02-20T09:20:00.214777+01:00,  soc=40.0,  volt=51.2,  volt_delta=-1.6, volt_rate_per_min=-1.6, volt_status=NORMAL, batt_w=12.0,  batt_mode=idle,  batt_discharge_w=12.0,  batt_charge_w=0,  load_w=2527.0, zone=unknown,  grid_charge=off, ev_charging_active=off, ev_charge_end=2026-02-20 06:00:02, ev_webhook_count=92, max_discharge_a=35, max_charge_a=90, max_grid_charge_a=64, soc_limit_a=60, volt_penalty_a=10, voltage_protected_limit_a=50, soc_power_w=3072, is_critical_soc=False
2026-02-20T09:21:00.215349+01:00,  soc=40.0,  volt=51.2,  volt_delta=-1.6, volt_rate_per_min=-1.6, volt_status=NORMAL, batt_w=12.0,  batt_mode=idle,  batt_discharge_w=12.0,  batt_charge_w=0,  load_w=2529.0, zone=unknown,  grid_charge=off, ev_charging_active=off, ev_charge_end=2026-02-20 06:00:02, ev_webhook_count=92, max_discharge_a=35, max_charge_a=90, max_grid_charge_a=64, soc_limit_a=60, volt_penalty_a=10, voltage_protected_limit_a=50, soc_power_w=3072, is_critical_soc=False
2026-02-20T09:22:00.215167+01:00,  soc=40.0,  volt=51.2,  volt_delta=-1.6, volt_rate_per_min=-1.6, volt_status=NORMAL, batt_w=12.0,  batt_mode=idle,  batt_discharge_w=12.0,  batt_charge_w=0,  load_w=2529.0, zone=unknown,  grid_charge=off, ev_charging_active=off, ev_charge_end=2026-02-20 06:00:02, ev_webhook_count=92, max_discharge_a=35, max_charge_a=90, max_grid_charge_a=64, soc_limit_a=60, volt_penalty_a=10, voltage_protected_limit_a=50, soc_power_w=3072, is_critical_soc=False
2026-02-20T09:23:00.216128+01:00,  soc=40.0,  volt=51.2,  volt_delta=-1.6, volt_rate_per_min=-1.6, volt_status=NORMAL, batt_w=12.0,  batt_mode=idle,  batt_discharge_w=12.0,  batt_charge_w=0,  load_w=2529.0, zone=unknown,  grid_charge=off, ev_charging_active=off, ev_charge_end=2026-02-20 06:00:02, ev_webhook_count=92, max_discharge_a=35, max_charge_a=90, max_grid_charge_a=64, soc_limit_a=60, volt_penalty_a=10, voltage_protected_limit_a=50, soc_power_w=3072, is_critical_soc=False
2026-02-20T09:24:00.216077+01:00,  soc=40.0,  volt=51.2,  volt_delta=-1.6, volt_rate_per_min=-1.6, volt_status=NORMAL, batt_w=12.0,  batt_mode=idle,  batt_discharge_w=12.0,  batt_charge_w=0,  load_w=2529.0, zone=unknown,  grid_charge=off, ev_charging_active=off, ev_charge_end=2026-02-20 06:00:02, ev_webhook_count=92, max_discharge_a=35, max_charge_a=90, max_grid_charge_a=64, soc_limit_a=60, volt_penalty_a=10, voltage_protected_limit_a=50, soc_power_w=3072, is_critical_soc=False
2026-02-20T09:25:00.215490+01:00,  soc=40.0,  volt=51.2,  volt_delta=-1.6, volt_rate_per_min=-1.6, volt_status=NORMAL, batt_w=12.0,  batt_mode=idle,  batt_discharge_w=12.0,  batt_charge_w=0,  load_w=2577.0, zone=unknown,  grid_charge=off, ev_charging_active=off, ev_charge_end=2026-02-20 06:00:02, ev_webhook_count=92, max_discharge_a=35, max_charge_a=90, max_grid_charge_a=64, soc_limit_a=60, volt_penalty_a=10, voltage_protected_limit_a=50, soc_power_w=3072, is_critical_soc=False
2026-02-20T09:26:00.214934+01:00,  soc=40.0,  volt=51.2,  volt_delta=-1.6, volt_rate_per_min=-1.6, volt_status=NORMAL, batt_w=12.0,  batt_mode=idle,  batt_discharge_w=12.0,  batt_charge_w=0,  load_w=2569.0, zone=unknown,  grid_charge=off, ev_charging_active=off, ev_charge_end=2026-02-20 06:00:02, ev_webhook_count=92, max_discharge_a=35, max_charge_a=90, max_grid_charge_a=64, soc_limit_a=60, volt_penalty_a=10, voltage_protected_limit_a=50, soc_power_w=3072, is_critical_soc=False
2026-02-20T09:27:00.215106+01:00,  soc=40.0,  volt=51.2,  volt_delta=-1.6, volt_rate_per_min=-1.6, volt_status=NORMAL, batt_w=12.0,  batt_mode=idle,  batt_discharge_w=12.0,  batt_charge_w=0,  load_w=2569.0, zone=unknown,  grid_charge=off, ev_charging_active=off, ev_charge_end=2026-02-20 06:00:02, ev_webhook_count=92, max_discharge_a=35, max_charge_a=90, max_grid_charge_a=64, soc_limit_a=60, volt_penalty_a=10, voltage_protected_limit_a=50, soc_power_w=3072, is_critical_soc=False
2026-02-20T09:28:00.214722+01:00,  soc=40.0,  volt=51.17,  volt_delta=-1.63, volt_rate_per_min=-1.63, volt_status=NORMAL, batt_w=11.0,  batt_mode=idle,  batt_discharge_w=11.0,  batt_charge_w=0,  load_w=2569.0, zone=unknown,  grid_charge=off, ev_charging_active=off, ev_charge_end=2026-02-20 06:00:02, ev_webhook_count=92, max_discharge_a=35, max_charge_a=90, max_grid_charge_a=64, soc_limit_a=60, volt_penalty_a=10, voltage_protected_limit_a=50, soc_power_w=3070, is_critical_soc=False
2026-02-20T09:29:00.214731+01:00,  soc=40.0,  volt=51.17,  volt_delta=-1.63, volt_rate_per_min=-1.63, volt_status=NORMAL, batt_w=11.0,  batt_mode=idle,  batt_discharge_w=11.0,  batt_charge_w=0,  load_w=2630.0, zone=unknown,  grid_charge=off, ev_charging_active=off, ev_charge_end=2026-02-20 06:00:02, ev_webhook_count=92, max_discharge_a=35, max_charge_a=90, max_grid_charge_a=64, soc_limit_a=60, volt_penalty_a=10, voltage_protected_limit_a=50, soc_power_w=3070, is_critical_soc=False
2026-02-20T09:30:00.214816+01:00,  soc=40.0,  volt=51.17,  volt_delta=-1.63, volt_rate_per_min=-1.63, volt_status=NORMAL, batt_w=11.0,  batt_mode=idle,  batt_discharge_w=11.0,  batt_charge_w=0,  load_w=2630.0, zone=unknown,  grid_charge=off, ev_charging_active=off, ev_charge_end=2026-02-20 06:00:02, ev_webhook_count=92, max_discharge_a=35, max_charge_a=90, max_grid_charge_a=64, soc_limit_a=60, volt_penalty_a=10, voltage_protected_limit_a=50, soc_power_w=3070, is_critical_soc=False
2026-02-20T09:31:00.215406+01:00,  soc=40.0,  volt=51.17,  volt_delta=-1.63, volt_rate_per_min=-1.63, volt_status=NORMAL, batt_w=11.0,  batt_mode=idle,  batt_discharge_w=11.0,  batt_charge_w=0,  load_w=2642.0, zone=unknown,  grid_charge=off, ev_charging_active=off, ev_charge_end=2026-02-20 06:00:02, ev_webhook_count=92, max_discharge_a=35, max_charge_a=90, max_grid_charge_a=64, soc_limit_a=60, volt_penalty_a=10, voltage_protected_limit_a=50, soc_power_w=3070, is_critical_soc=False
2026-02-20T09:32:00.215506+01:00,  soc=40.0,  volt=51.17,  volt_delta=-1.63, volt_rate_per_min=-1.63, volt_status=NORMAL, batt_w=11.0,  batt_mode=idle,  batt_discharge_w=11.0,  batt_charge_w=0,  load_w=2642.0, zone=unknown,  grid_charge=off, ev_charging_active=off, ev_charge_end=2026-02-20 06:00:02, ev_webhook_count=92, max_discharge_a=35, max_charge_a=90, max_grid_charge_a=64, soc_limit_a=60, volt_penalty_a=10, voltage_protected_limit_a=50, soc_power_w=3070, is_critical_soc=False
2026-02-20T09:33:00.215507+01:00,  soc=40.0,  volt=51.17,  volt_delta=-1.63, volt_rate_per_min=-1.63, volt_status=NORMAL, batt_w=11.0,  batt_mode=idle,  batt_discharge_w=11.0,  batt_charge_w=0,  load_w=2642.0, zone=unknown,  grid_charge=off, ev_charging_active=off, ev_charge_end=2026-02-20 06:00:02, ev_webhook_count=92, max_discharge_a=35, max_charge_a=90, max_grid_charge_a=64, soc_limit_a=60, volt_penalty_a=10, voltage_protected_limit_a=50, soc_power_w=3070, is_critical_soc=False
2026-02-20T09:34:00.215276+01:00,  soc=40.0,  volt=51.17,  volt_delta=-1.63, volt_rate_per_min=-1.63, volt_status=NORMAL, batt_w=11.0,  batt_mode=idle,  batt_discharge_w=11.0,  batt_charge_w=0,  load_w=2642.0, zone=unknown,  grid_charge=off, ev_charging_active=off, ev_charge_end=2026-02-20 06:00:02, ev_webhook_count=92, max_discharge_a=35, max_charge_a=90, max_grid_charge_a=64, soc_limit_a=60, volt_penalty_a=10, voltage_protected_limit_a=50, soc_power_w=3070, is_critical_soc=False
2026-02-20T09:35:00.215397+01:00,  soc=40.0,  volt=51.17,  volt_delta=-1.63, volt_rate_per_min=-1.63, volt_status=NORMAL, batt_w=11.0,  batt_mode=idle,  batt_discharge_w=11.0,  batt_charge_w=0,  load_w=2642.0, zone=unknown,  grid_charge=off, ev_charging_active=off, ev_charge_end=2026-02-20 06:00:02, ev_webhook_count=92, max_discharge_a=35, max_charge_a=90, max_grid_charge_a=64, soc_limit_a=60, volt_penalty_a=10, voltage_protected_limit_a=50, soc_power_w=3070, is_critical_soc=False
2026-02-20T09:36:00.215470+01:00,  soc=40.0,  volt=51.17,  volt_delta=-1.63, volt_rate_per_min=-1.63, volt_status=NORMAL, batt_w=11.0,  batt_mode=idle,  batt_discharge_w=11.0,  batt_charge_w=0,  load_w=2682.0, zone=unknown,  grid_charge=off, ev_charging_active=off, ev_charge_end=2026-02-20 06:00:02, ev_webhook_count=92, max_discharge_a=35, max_charge_a=90, max_grid_charge_a=64, soc_limit_a=60, volt_penalty_a=10, voltage_protected_limit_a=50, soc_power_w=3070, is_critical_soc=False
2026-02-20T09:37:00.215144+01:00,  soc=40.0,  volt=51.17,  volt_delta=-1.63, volt_rate_per_min=-1.63, volt_status=NORMAL, batt_w=11.0,  batt_mode=idle,  batt_discharge_w=11.0,  batt_charge_w=0,  load_w=2643.0, zone=unknown,  grid_charge=off, ev_charging_active=off, ev_charge_end=2026-02-20 06:00:02, ev_webhook_count=92, max_discharge_a=35, max_charge_a=90, max_grid_charge_a=64, soc_limit_a=60, volt_penalty_a=10, voltage_protected_limit_a=50, soc_power_w=3070, is_critical_soc=False
2026-02-20T09:38:00.215098+01:00,  soc=40.0,  volt=51.2,  volt_delta=-1.6, volt_rate_per_min=-1.6, volt_status=NORMAL, batt_w=11.0,  batt_mode=idle,  batt_discharge_w=11.0,  batt_charge_w=0,  load_w=2643.0, zone=unknown,  grid_charge=off, ev_charging_active=off, ev_charge_end=2026-02-20 06:00:02, ev_webhook_count=92, max_discharge_a=35, max_charge_a=90, max_grid_charge_a=64, soc_limit_a=60, volt_penalty_a=10, voltage_protected_limit_a=50, soc_power_w=3072, is_critical_soc=False
2026-02-20T09:39:00.214697+01:00,  soc=40.0,  volt=51.2,  volt_delta=-1.6, volt_rate_per_min=-1.6, volt_status=NORMAL, batt_w=11.0,  batt_mode=idle,  batt_discharge_w=11.0,  batt_charge_w=0,  load_w=2643.0, zone=unknown,  grid_charge=off, ev_charging_active=off, ev_charge_end=2026-02-20 06:00:02, ev_webhook_count=92, max_discharge_a=35, max_charge_a=90, max_grid_charge_a=64, soc_limit_a=60, volt_penalty_a=10, voltage_protected_limit_a=50, soc_power_w=3072, is_critical_soc=False
2026-02-20T09:40:00.215430+01:00,  soc=40.0,  volt=51.2,  volt_delta=-1.6, volt_rate_per_min=-1.6, volt_status=NORMAL, batt_w=11.0,  batt_mode=idle,  batt_discharge_w=11.0,  batt_charge_w=0,  load_w=2643.0, zone=unknown,  grid_charge=off, ev_charging_active=off, ev_charge_end=2026-02-20 06:00:02, ev_webhook_count=92, max_discharge_a=35, max_charge_a=90, max_grid_charge_a=64, soc_limit_a=60, volt_penalty_a=10, voltage_protected_limit_a=50, soc_power_w=3072, is_critical_soc=False
2026-02-20T09:41:00.214638+01:00,  soc=40.0,  volt=51.2,  volt_delta=-1.6, volt_rate_per_min=-1.6, volt_status=NORMAL, batt_w=11.0,  batt_mode=idle,  batt_discharge_w=11.0,  batt_charge_w=0,  load_w=2643.0, zone=unknown,  grid_charge=off, ev_charging_active=off, ev_charge_end=2026-02-20 06:00:02, ev_webhook_count=92, max_discharge_a=35, max_charge_a=90, max_grid_charge_a=64, soc_limit_a=60, volt_penalty_a=10, voltage_protected_limit_a=50, soc_power_w=3072, is_critical_soc=False
2026-02-20T09:42:00.215287+01:00,  soc=40.0,  volt=51.2,  volt_delta=-1.6, volt_rate_per_min=-1.6, volt_status=NORMAL, batt_w=11.0,  batt_mode=idle,  batt_discharge_w=11.0,  batt_charge_w=0,  load_w=2549.0, zone=unknown,  grid_charge=off, ev_charging_active=off, ev_charge_end=2026-02-20 06:00:02, ev_webhook_count=92, max_discharge_a=35, max_charge_a=90, max_grid_charge_a=64, soc_limit_a=60, volt_penalty_a=10, voltage_protected_limit_a=50, soc_power_w=3072, is_critical_soc=False
2026-02-20T09:43:00.214911+01:00,  soc=40.0,  volt=51.2,  volt_delta=-1.6, volt_rate_per_min=-1.6, volt_status=NORMAL, batt_w=11.0,  batt_mode=idle,  batt_discharge_w=11.0,  batt_charge_w=0,  load_w=2457.0, zone=unknown,  grid_charge=off, ev_charging_active=off, ev_charge_end=2026-02-20 06:00:02, ev_webhook_count=92, max_discharge_a=35, max_charge_a=90, max_grid_charge_a=64, soc_limit_a=60, volt_penalty_a=10, voltage_protected_limit_a=50, soc_power_w=3072, is_critical_soc=False
2026-02-20T09:44:00.214800+01:00,  soc=40.0,  volt=51.2,  volt_delta=-1.6, volt_rate_per_min=-1.6, volt_status=NORMAL, batt_w=11.0,  batt_mode=idle,  batt_discharge_w=11.0,  batt_charge_w=0,  load_w=2457.0, zone=unknown,  grid_charge=off, ev_charging_active=off, ev_charge_end=2026-02-20 06:00:02, ev_webhook_count=92, max_discharge_a=35, max_charge_a=90, max_grid_charge_a=64, soc_limit_a=60, volt_penalty_a=10, voltage_protected_limit_a=50, soc_power_w=3072, is_critical_soc=False
2026-02-20T09:45:00.215826+01:00,  soc=40.0,  volt=51.2,  volt_delta=-1.6, volt_rate_per_min=-1.6, volt_status=NORMAL, batt_w=11.0,  batt_mode=idle,  batt_discharge_w=11.0,  batt_charge_w=0,  load_w=2457.0, zone=unknown,  grid_charge=off, ev_charging_active=off, ev_charge_end=2026-02-20 06:00:02, ev_webhook_count=92, max_discharge_a=35, max_charge_a=90, max_grid_charge_a=64, soc_limit_a=60, volt_penalty_a=10, voltage_protected_limit_a=50, soc_power_w=3072, is_critical_soc=False
2026-02-20T09:46:00.215315+01:00,  soc=40.0,  volt=51.2,  volt_delta=-1.6, volt_rate_per_min=-1.6, volt_status=NORMAL, batt_w=11.0,  batt_mode=idle,  batt_discharge_w=11.0,  batt_charge_w=0,  load_w=2457.0, zone=unknown,  grid_charge=off, ev_charging_active=off, ev_charge_end=2026-02-20 06:00:02, ev_webhook_count=92, max_discharge_a=35, max_charge_a=90, max_grid_charge_a=64, soc_limit_a=60, volt_penalty_a=10, voltage_protected_limit_a=50, soc_power_w=3072, is_critical_soc=False
2026-02-20T09:47:00.214689+01:00,  soc=40.0,  volt=51.2,  volt_delta=-1.6, volt_rate_per_min=-1.6, volt_status=NORMAL, batt_w=11.0,  batt_mode=idle,  batt_discharge_w=11.0,  batt_charge_w=0,  load_w=2500.0, zone=unknown,  grid_charge=off, ev_charging_active=off, ev_charge_end=2026-02-20 06:00:02, ev_webhook_count=92, max_discharge_a=35, max_charge_a=90, max_grid_charge_a=64, soc_limit_a=60, volt_penalty_a=10, voltage_protected_limit_a=50, soc_power_w=3072, is_critical_soc=False
2026-02-20T09:48:00.215270+01:00,  soc=40.0,  volt=51.19,  volt_delta=-1.61, volt_rate_per_min=-1.61, volt_status=NORMAL, batt_w=16.0,  batt_mode=idle,  batt_discharge_w=16.0,  batt_charge_w=0,  load_w=2500.0, zone=unknown,  grid_charge=off, ev_charging_active=off, ev_charge_end=2026-02-20 06:00:02, ev_webhook_count=92, max_discharge_a=35, max_charge_a=90, max_grid_charge_a=64, soc_limit_a=60, volt_penalty_a=10, voltage_protected_limit_a=50, soc_power_w=3071, is_critical_soc=False
2026-02-20T09:49:00.214654+01:00,  soc=40.0,  volt=51.19,  volt_delta=-1.61, volt_rate_per_min=-1.61, volt_status=NORMAL, batt_w=16.0,  batt_mode=idle,  batt_discharge_w=16.0,  batt_charge_w=0,  load_w=2500.0, zone=unknown,  grid_charge=off, ev_charging_active=off, ev_charge_end=2026-02-20 06:00:02, ev_webhook_count=92, max_discharge_a=35, max_charge_a=90, max_grid_charge_a=64, soc_limit_a=60, volt_penalty_a=10, voltage_protected_limit_a=50, soc_power_w=3071, is_critical_soc=False
2026-02-20T09:50:00.215471+01:00,  soc=40.0,  volt=51.19,  volt_delta=-1.61, volt_rate_per_min=-1.61, volt_status=NORMAL, batt_w=16.0,  batt_mode=idle,  batt_discharge_w=16.0,  batt_charge_w=0,  load_w=2500.0, zone=unknown,  grid_charge=off, ev_charging_active=off, ev_charge_end=2026-02-20 06:00:02, ev_webhook_count=92, max_discharge_a=35, max_charge_a=90, max_grid_charge_a=64, soc_limit_a=60, volt_penalty_a=10, voltage_protected_limit_a=50, soc_power_w=3071, is_critical_soc=False
2026-02-20T09:51:00.214648+01:00,  soc=40.0,  volt=51.19,  volt_delta=-1.61, volt_rate_per_min=-1.61, volt_status=NORMAL, batt_w=16.0,  batt_mode=idle,  batt_discharge_w=16.0,  batt_charge_w=0,  load_w=2500.0, zone=unknown,  grid_charge=off, ev_charging_active=off, ev_charge_end=2026-02-20 06:00:02, ev_webhook_count=92, max_discharge_a=35, max_charge_a=90, max_grid_charge_a=64, soc_limit_a=60, volt_penalty_a=10, voltage_protected_limit_a=50, soc_power_w=3071, is_critical_soc=False
2026-02-20T09:52:00.215333+01:00,  soc=40.0,  volt=51.19,  volt_delta=-1.61, volt_rate_per_min=-1.61, volt_status=NORMAL, batt_w=16.0,  batt_mode=idle,  batt_discharge_w=16.0,  batt_charge_w=0,  load_w=2500.0, zone=unknown,  grid_charge=off, ev_charging_active=off, ev_charge_end=2026-02-20 06:00:02, ev_webhook_count=92, max_discharge_a=35, max_charge_a=90, max_grid_charge_a=64, soc_limit_a=60, volt_penalty_a=10, voltage_protected_limit_a=50, soc_power_w=3071, is_critical_soc=False
2026-02-20T09:53:00.214761+01:00,  soc=40.0,  volt=51.19,  volt_delta=-1.61, volt_rate_per_min=-1.61, volt_status=NORMAL, batt_w=16.0,  batt_mode=idle,  batt_discharge_w=16.0,  batt_charge_w=0,  load_w=2412.0, zone=unknown,  grid_charge=off, ev_charging_active=off, ev_charge_end=2026-02-20 06:00:02, ev_webhook_count=92, max_discharge_a=35, max_charge_a=90, max_grid_charge_a=64, soc_limit_a=60, volt_penalty_a=10, voltage_protected_limit_a=50, soc_power_w=3071, is_critical_soc=False
2026-02-20T09:54:00.214710+01:00,  soc=40.0,  volt=51.19,  volt_delta=-1.61, volt_rate_per_min=-1.61, volt_status=NORMAL, batt_w=16.0,  batt_mode=idle,  batt_discharge_w=16.0,  batt_charge_w=0,  load_w=2412.0, zone=unknown,  grid_charge=off, ev_charging_active=off, ev_charge_end=2026-02-20 06:00:02, ev_webhook_count=92, max_discharge_a=35, max_charge_a=90, max_grid_charge_a=64, soc_limit_a=60, volt_penalty_a=10, voltage_protected_limit_a=50, soc_power_w=3071, is_critical_soc=False
2026-02-20T09:55:00.215147+01:00,  soc=40.0,  volt=51.19,  volt_delta=-1.61, volt_rate_per_min=-1.61, volt_status=NORMAL, batt_w=16.0,  batt_mode=idle,  batt_discharge_w=16.0,  batt_charge_w=0,  load_w=2412.0, zone=unknown,  grid_charge=off, ev_charging_active=off, ev_charge_end=2026-02-20 06:00:02, ev_webhook_count=92, max_discharge_a=35, max_charge_a=90, max_grid_charge_a=64, soc_limit_a=60, volt_penalty_a=10, voltage_protected_limit_a=50, soc_power_w=3071, is_critical_soc=False
2026-02-20T09:56:00.214707+01:00,  soc=40.0,  volt=51.19,  volt_delta=-1.61, volt_rate_per_min=-1.61, volt_status=NORMAL, batt_w=16.0,  batt_mode=idle,  batt_discharge_w=16.0,  batt_charge_w=0,  load_w=2412.0, zone=unknown,  grid_charge=off, ev_charging_active=off, ev_charge_end=2026-02-20 06:00:02, ev_webhook_count=92, max_discharge_a=35, max_charge_a=90, max_grid_charge_a=64, soc_limit_a=60, volt_penalty_a=10, voltage_protected_limit_a=50, soc_power_w=3071, is_critical_soc=False
2026-02-20T09:57:00.215265+01:00,  soc=40.0,  volt=51.19,  volt_delta=-1.61, volt_rate_per_min=-1.61, volt_status=NORMAL, batt_w=16.0,  batt_mode=idle,  batt_discharge_w=16.0,  batt_charge_w=0,  load_w=2412.0, zone=unknown,  grid_charge=off, ev_charging_active=off, ev_charge_end=2026-02-20 06:00:02, ev_webhook_count=92, max_discharge_a=35, max_charge_a=90, max_grid_charge_a=64, soc_limit_a=60, volt_penalty_a=10, voltage_protected_limit_a=50, soc_power_w=3071, is_critical_soc=False
2026-02-20T09:58:00.215550+01:00,  soc=40.0,  volt=51.16,  volt_delta=-1.64, volt_rate_per_min=-1.64, volt_status=NORMAL, batt_w=16.0,  batt_mode=idle,  batt_discharge_w=16.0,  batt_charge_w=0,  load_w=2416.0, zone=unknown,  grid_charge=off, ev_charging_active=off, ev_charge_end=2026-02-20 06:00:02, ev_webhook_count=92, max_discharge_a=35, max_charge_a=90, max_grid_charge_a=64, soc_limit_a=60, volt_penalty_a=10, voltage_protected_limit_a=50, soc_power_w=3070, is_critical_soc=False
2026-02-20T09:59:00.214792+01:00,  soc=40.0,  volt=51.16,  volt_delta=-1.64, volt_rate_per_min=-1.64, volt_status=NORMAL, batt_w=16.0,  batt_mode=idle,  batt_discharge_w=16.0,  batt_charge_w=0,  load_w=2374.0, zone=unknown,  grid_charge=off, ev_charging_active=off, ev_charge_end=2026-02-20 06:00:02, ev_webhook_count=92, max_discharge_a=35, max_charge_a=90, max_grid_charge_a=64, soc_limit_a=60, volt_penalty_a=10, voltage_protected_limit_a=50, soc_power_w=3070, is_critical_soc=False
2026-02-20T10:00:00.215409+01:00,  soc=40.0,  volt=51.16,  volt_delta=-1.64, volt_rate_per_min=-1.64, volt_status=NORMAL, batt_w=16.0,  batt_mode=idle,  batt_discharge_w=16.0,  batt_charge_w=0,  load_w=2374.0, zone=unknown,  grid_charge=off, ev_charging_active=off, ev_charge_end=2026-02-20 06:00:02, ev_webhook_count=92, max_discharge_a=35, max_charge_a=90, max_grid_charge_a=64, soc_limit_a=60, volt_penalty_a=10, voltage_protected_limit_a=50, soc_power_w=3070, is_critical_soc=False
2026-02-20T10:01:00.214518+01:00,  soc=40.0,  volt=51.16,  volt_delta=-1.64, volt_rate_per_min=-1.64, volt_status=NORMAL, batt_w=16.0,  batt_mode=idle,  batt_discharge_w=16.0,  batt_charge_w=0,  load_w=2374.0, zone=unknown,  grid_charge=off, ev_charging_active=off, ev_charge_end=2026-02-20 06:00:02, ev_webhook_count=92, max_discharge_a=35, max_charge_a=90, max_grid_charge_a=64, soc_limit_a=60, volt_penalty_a=10, voltage_protected_limit_a=50, soc_power_w=3070, is_critical_soc=False
2026-02-20T10:02:00.215386+01:00,  soc=40.0,  volt=51.16,  volt_delta=-1.64, volt_rate_per_min=-1.64, volt_status=NORMAL, batt_w=16.0,  batt_mode=idle,  batt_discharge_w=16.0,  batt_charge_w=0,  load_w=2374.0, zone=unknown,  grid_charge=off, ev_charging_active=off, ev_charge_end=2026-02-20 06:00:02, ev_webhook_count=92, max_discharge_a=35, max_charge_a=90, max_grid_charge_a=64, soc_limit_a=60, volt_penalty_a=10, voltage_protected_limit_a=50, soc_power_w=3070, is_critical_soc=False
2026-02-20T10:03:00.215916+01:00,  soc=40.0,  volt=51.16,  volt_delta=-1.64, volt_rate_per_min=-1.64, volt_status=NORMAL, batt_w=16.0,  batt_mode=idle,  batt_discharge_w=16.0,  batt_charge_w=0,  load_w=2381.0, zone=unknown,  grid_charge=off, ev_charging_active=off, ev_charge_end=2026-02-20 06:00:02, ev_webhook_count=92, max_discharge_a=35, max_charge_a=90, max_grid_charge_a=64, soc_limit_a=60, volt_penalty_a=10, voltage_protected_limit_a=50, soc_power_w=3070, is_critical_soc=False
2026-02-20T10:04:00.215516+01:00,  soc=40.0,  volt=51.16,  volt_delta=-1.64, volt_rate_per_min=-1.64, volt_status=NORMAL, batt_w=16.0,  batt_mode=idle,  batt_discharge_w=16.0,  batt_charge_w=0,  load_w=2381.0, zone=unknown,  grid_charge=off, ev_charging_active=off, ev_charge_end=2026-02-20 06:00:02, ev_webhook_count=92, max_discharge_a=35, max_charge_a=90, max_grid_charge_a=64, soc_limit_a=60, volt_penalty_a=10, voltage_protected_limit_a=50, soc_power_w=3070, is_critical_soc=False
2026-02-20T10:05:00.215315+01:00,  soc=40.0,  volt=51.16,  volt_delta=-1.64, volt_rate_per_min=-1.64, volt_status=NORMAL, batt_w=16.0,  batt_mode=idle,  batt_discharge_w=16.0,  batt_charge_w=0,  load_w=2381.0, zone=unknown,  grid_charge=off, ev_charging_active=off, ev_charge_end=2026-02-20 06:00:02, ev_webhook_count=92, max_discharge_a=35, max_charge_a=90, max_grid_charge_a=64, soc_limit_a=60, volt_penalty_a=10, voltage_protected_limit_a=50, soc_power_w=3070, is_critical_soc=False
2026-02-20T10:06:00.215129+01:00,  soc=40.0,  volt=51.16,  volt_delta=-1.64, volt_rate_per_min=-1.64, volt_status=NORMAL, batt_w=16.0,  batt_mode=idle,  batt_discharge_w=16.0,  batt_charge_w=0,  load_w=2381.0, zone=unknown,  grid_charge=off, ev_charging_active=off, ev_charge_end=2026-02-20 06:00:02, ev_webhook_count=92, max_discharge_a=35, max_charge_a=90, max_grid_charge_a=64, soc_limit_a=60, volt_penalty_a=10, voltage_protected_limit_a=50, soc_power_w=3070, is_critical_soc=False
2026-02-20T10:07:00.215540+01:00,  soc=40.0,  volt=51.16,  volt_delta=-1.64, volt_rate_per_min=-1.64, volt_status=NORMAL, batt_w=16.0,  batt_mode=idle,  batt_discharge_w=16.0,  batt_charge_w=0,  load_w=2381.0, zone=unknown,  grid_charge=off, ev_charging_active=off, ev_charge_end=2026-02-20 06:00:02, ev_webhook_count=92, max_discharge_a=35, max_charge_a=90, max_grid_charge_a=64, soc_limit_a=60, volt_penalty_a=10, voltage_protected_limit_a=50, soc_power_w=3070, is_critical_soc=False
2026-02-20T10:08:00.214873+01:00,  soc=40.0,  volt=51.18,  volt_delta=-1.62, volt_rate_per_min=-1.62, volt_status=NORMAL, batt_w=15.0,  batt_mode=idle,  batt_discharge_w=15.0,  batt_charge_w=0,  load_w=2321.0, zone=unknown,  grid_charge=off, ev_charging_active=off, ev_charge_end=2026-02-20 06:00:02, ev_webhook_count=92, max_discharge_a=35, max_charge_a=90, max_grid_charge_a=64, soc_limit_a=60, volt_penalty_a=10, voltage_protected_limit_a=50, soc_power_w=3071, is_critical_soc=False
2026-02-20T10:09:00.215205+01:00,  soc=40.0,  volt=51.18,  volt_delta=-1.62, volt_rate_per_min=-1.62, volt_status=NORMAL, batt_w=15.0,  batt_mode=idle,  batt_discharge_w=15.0,  batt_charge_w=0,  load_w=2323.0, zone=unknown,  grid_charge=off, ev_charging_active=off, ev_charge_end=2026-02-20 06:00:02, ev_webhook_count=92, max_discharge_a=35, max_charge_a=90, max_grid_charge_a=64, soc_limit_a=60, volt_penalty_a=10, voltage_protected_limit_a=50, soc_power_w=3071, is_critical_soc=False
2026-02-20T10:10:00.215406+01:00,  soc=40.0,  volt=51.18,  volt_delta=-1.62, volt_rate_per_min=-1.62, volt_status=NORMAL, batt_w=15.0,  batt_mode=idle,  batt_discharge_w=15.0,  batt_charge_w=0,  load_w=2323.0, zone=unknown,  grid_charge=off, ev_charging_active=off, ev_charge_end=2026-02-20 06:00:02, ev_webhook_count=92, max_discharge_a=35, max_charge_a=90, max_grid_charge_a=64, soc_limit_a=60, volt_penalty_a=10, voltage_protected_limit_a=50, soc_power_w=3071, is_critical_soc=False
2026-02-20T10:11:00.214738+01:00,  soc=40.0,  volt=51.18,  volt_delta=-1.62, volt_rate_per_min=-1.62, volt_status=NORMAL, batt_w=15.0,  batt_mode=idle,  batt_discharge_w=15.0,  batt_charge_w=0,  load_w=2323.0, zone=unknown,  grid_charge=off, ev_charging_active=off, ev_charge_end=2026-02-20 06:00:02, ev_webhook_count=92, max_discharge_a=35, max_charge_a=90, max_grid_charge_a=64, soc_limit_a=60, volt_penalty_a=10, voltage_protected_limit_a=50, soc_power_w=3071, is_critical_soc=False
2026-02-20T10:12:00.214836+01:00,  soc=40.0,  volt=51.18,  volt_delta=-1.62, volt_rate_per_min=-1.62, volt_status=NORMAL, batt_w=15.0,  batt_mode=idle,  batt_discharge_w=15.0,  batt_charge_w=0,  load_w=2323.0, zone=unknown,  grid_charge=off, ev_charging_active=off, ev_charge_end=2026-02-20 06:00:02, ev_webhook_count=92, max_discharge_a=35, max_charge_a=90, max_grid_charge_a=64, soc_limit_a=60, volt_penalty_a=10, voltage_protected_limit_a=50, soc_power_w=3071, is_critical_soc=False
2026-02-20T10:13:00.214695+01:00,  soc=40.0,  volt=51.18,  volt_delta=-1.62, volt_rate_per_min=-1.62, volt_status=NORMAL, batt_w=15.0,  batt_mode=idle,  batt_discharge_w=15.0,  batt_charge_w=0,  load_w=2323.0, zone=unknown,  grid_charge=off, ev_charging_active=off, ev_charge_end=2026-02-20 06:00:02, ev_webhook_count=92, max_discharge_a=35, max_charge_a=90, max_grid_charge_a=64, soc_limit_a=60, volt_penalty_a=10, voltage_protected_limit_a=50, soc_power_w=3071, is_critical_soc=False
2026-02-20T10:14:00.215201+01:00,  soc=40.0,  volt=51.18,  volt_delta=-1.62, volt_rate_per_min=-1.62, volt_status=NORMAL, batt_w=15.0,  batt_mode=idle,  batt_discharge_w=15.0,  batt_charge_w=0,  load_w=2360.0, zone=unknown,  grid_charge=off, ev_charging_active=off, ev_charge_end=2026-02-20 06:00:02, ev_webhook_count=92, max_discharge_a=35, max_charge_a=90, max_grid_charge_a=64, soc_limit_a=60, volt_penalty_a=10, voltage_protected_limit_a=50, soc_power_w=3071, is_critical_soc=False
2026-02-20T10:15:00.214675+01:00,  soc=40.0,  volt=51.18,  volt_delta=-1.62, volt_rate_per_min=-1.62, volt_status=NORMAL, batt_w=15.0,  batt_mode=idle,  batt_discharge_w=15.0,  batt_charge_w=0,  load_w=2360.0, zone=unknown,  grid_charge=off, ev_charging_active=off, ev_charge_end=2026-02-20 06:00:02, ev_webhook_count=92, max_discharge_a=35, max_charge_a=90, max_grid_charge_a=64, soc_limit_a=60, volt_penalty_a=10, voltage_protected_limit_a=50, soc_power_w=3071, is_critical_soc=False
2026-02-20T10:16:00.214629+01:00,  soc=40.0,  volt=51.18,  volt_delta=-1.62, volt_rate_per_min=-1.62, volt_status=NORMAL, batt_w=15.0,  batt_mode=idle,  batt_discharge_w=15.0,  batt_charge_w=0,  load_w=2360.0, zone=unknown,  grid_charge=off, ev_charging_active=off, ev_charge_end=2026-02-20 06:00:02, ev_webhook_count=92, max_discharge_a=35, max_charge_a=90, max_grid_charge_a=64, soc_limit_a=60, volt_penalty_a=10, voltage_protected_limit_a=50, soc_power_w=3071, is_critical_soc=False
2026-02-20T10:17:00.215542+01:00,  soc=40.0,  volt=51.18,  volt_delta=-1.62, volt_rate_per_min=-1.62, volt_status=NORMAL, batt_w=15.0,  batt_mode=idle,  batt_discharge_w=15.0,  batt_charge_w=0,  load_w=2360.0, zone=unknown,  grid_charge=off, ev_charging_active=off, ev_charge_end=2026-02-20 06:00:02, ev_webhook_count=92, max_discharge_a=35, max_charge_a=90, max_grid_charge_a=64, soc_limit_a=60, volt_penalty_a=10, voltage_protected_limit_a=50, soc_power_w=3071, is_critical_soc=False
2026-02-20T10:18:00.215748+01:00,  soc=40.0,  volt=51.18,  volt_delta=-1.62, volt_rate_per_min=-1.62, volt_status=NORMAL, batt_w=17.0,  batt_mode=idle,  batt_discharge_w=17.0,  batt_charge_w=0,  load_w=2360.0, zone=unknown,  grid_charge=off, ev_charging_active=off, ev_charge_end=2026-02-20 06:00:02, ev_webhook_count=92, max_discharge_a=35, max_charge_a=90, max_grid_charge_a=64, soc_limit_a=60, volt_penalty_a=10, voltage_protected_limit_a=50, soc_power_w=3071, is_critical_soc=False
2026-02-20T10:19:00.215179+01:00,  soc=40.0,  volt=51.18,  volt_delta=-1.62, volt_rate_per_min=-1.62, volt_status=NORMAL, batt_w=17.0,  batt_mode=idle,  batt_discharge_w=17.0,  batt_charge_w=0,  load_w=2360.0, zone=unknown,  grid_charge=off, ev_charging_active=off, ev_charge_end=2026-02-20 06:00:02, ev_webhook_count=92, max_discharge_a=35, max_charge_a=90, max_grid_charge_a=64, soc_limit_a=60, volt_penalty_a=10, voltage_protected_limit_a=50, soc_power_w=3071, is_critical_soc=False
2026-02-20T10:20:00.214705+01:00,  soc=40.0,  volt=51.18,  volt_delta=-1.62, volt_rate_per_min=-1.62, volt_status=NORMAL, batt_w=17.0,  batt_mode=idle,  batt_discharge_w=17.0,  batt_charge_w=0,  load_w=2312.0, zone=unknown,  grid_charge=off, ev_charging_active=off, ev_charge_end=2026-02-20 06:00:02, ev_webhook_count=92, max_discharge_a=35, max_charge_a=90, max_grid_charge_a=64, soc_limit_a=60, volt_penalty_a=10, voltage_protected_limit_a=50, soc_power_w=3071, is_critical_soc=False
2026-02-20T10:21:00.215026+01:00,  soc=40.0,  volt=51.18,  volt_delta=-1.62, volt_rate_per_min=-1.62, volt_status=NORMAL, batt_w=17.0,  batt_mode=idle,  batt_discharge_w=17.0,  batt_charge_w=0,  load_w=2312.0, zone=unknown,  grid_charge=off, ev_charging_active=off, ev_charge_end=2026-02-20 06:00:02, ev_webhook_count=92, max_discharge_a=35, max_charge_a=90, max_grid_charge_a=64, soc_limit_a=60, volt_penalty_a=10, voltage_protected_limit_a=50, soc_power_w=3071, is_critical_soc=False
2026-02-20T10:22:00.216532+01:00,  soc=40.0,  volt=51.18,  volt_delta=-1.62, volt_rate_per_min=-1.62, volt_status=NORMAL, batt_w=17.0,  batt_mode=idle,  batt_discharge_w=17.0,  batt_charge_w=0,  load_w=2312.0, zone=unknown,  grid_charge=off, ev_charging_active=off, ev_charge_end=2026-02-20 06:00:02, ev_webhook_count=92, max_discharge_a=35, max_charge_a=90, max_grid_charge_a=64, soc_limit_a=60, volt_penalty_a=10, voltage_protected_limit_a=50, soc_power_w=3071, is_critical_soc=False
2026-02-20T10:23:00.214529+01:00,  soc=40.0,  volt=51.18,  volt_delta=-1.62, volt_rate_per_min=-1.62, volt_status=NORMAL, batt_w=17.0,  batt_mode=idle,  batt_discharge_w=17.0,  batt_charge_w=0,  load_w=2312.0, zone=unknown,  grid_charge=off, ev_charging_active=off, ev_charge_end=2026-02-20 06:00:02, ev_webhook_count=92, max_discharge_a=35, max_charge_a=90, max_grid_charge_a=64, soc_limit_a=60, volt_penalty_a=10, voltage_protected_limit_a=50, soc_power_w=3071, is_critical_soc=False
2026-02-20T10:24:00.214951+01:00,  soc=40.0,  volt=51.18,  volt_delta=-1.62, volt_rate_per_min=-1.62, volt_status=NORMAL, batt_w=17.0,  batt_mode=idle,  batt_discharge_w=17.0,  batt_charge_w=0,  load_w=2312.0, zone=unknown,  grid_charge=off, ev_charging_active=off, ev_charge_end=2026-02-20 06:00:02, ev_webhook_count=92, max_discharge_a=35, max_charge_a=90, max_grid_charge_a=64, soc_limit_a=60, volt_penalty_a=10, voltage_protected_limit_a=50, soc_power_w=3071, is_critical_soc=False
2026-02-20T10:25:00.214827+01:00,  soc=40.0,  volt=51.18,  volt_delta=-1.62, volt_rate_per_min=-1.62, volt_status=NORMAL, batt_w=17.0,  batt_mode=idle,  batt_discharge_w=17.0,  batt_charge_w=0,  load_w=2300.0, zone=unknown,  grid_charge=off, ev_charging_active=off, ev_charge_end=2026-02-20 06:00:02, ev_webhook_count=92, max_discharge_a=35, max_charge_a=90, max_grid_charge_a=64, soc_limit_a=60, volt_penalty_a=10, voltage_protected_limit_a=50, soc_power_w=3071, is_critical_soc=False
2026-02-20T10:26:00.214720+01:00,  soc=40.0,  volt=51.18,  volt_delta=-1.62, volt_rate_per_min=-1.62, volt_status=NORMAL, batt_w=17.0,  batt_mode=idle,  batt_discharge_w=17.0,  batt_charge_w=0,  load_w=2300.0, zone=unknown,  grid_charge=off, ev_charging_active=off, ev_charge_end=2026-02-20 06:00:02, ev_webhook_count=92, max_discharge_a=35, max_charge_a=90, max_grid_charge_a=64, soc_limit_a=60, volt_penalty_a=10, voltage_protected_limit_a=50, soc_power_w=3071, is_critical_soc=False
2026-02-20T10:27:00.214640+01:00,  soc=40.0,  volt=51.18,  volt_delta=-1.62, volt_rate_per_min=-1.62, volt_status=NORMAL, batt_w=17.0,  batt_mode=idle,  batt_discharge_w=17.0,  batt_charge_w=0,  load_w=2300.0, zone=unknown,  grid_charge=off, ev_charging_active=off, ev_charge_end=2026-02-20 06:00:02, ev_webhook_count=92, max_discharge_a=35, max_charge_a=90, max_grid_charge_a=64, soc_limit_a=60, volt_penalty_a=10, voltage_protected_limit_a=50, soc_power_w=3071, is_critical_soc=False
2026-02-20T10:28:00.214590+01:00,  soc=40.0,  volt=51.18,  volt_delta=-1.62, volt_rate_per_min=-1.62, volt_status=NORMAL, batt_w=16.0,  batt_mode=idle,  batt_discharge_w=16.0,  batt_charge_w=0,  load_w=2300.0, zone=unknown,  grid_charge=off, ev_charging_active=off, ev_charge_end=2026-02-20 06:00:02, ev_webhook_count=92, max_discharge_a=35, max_charge_a=90, max_grid_charge_a=64, soc_limit_a=60, volt_penalty_a=10, voltage_protected_limit_a=50, soc_power_w=3071, is_critical_soc=False
2026-02-20T10:29:00.214758+01:00,  soc=40.0,  volt=51.18,  volt_delta=-1.62, volt_rate_per_min=-1.62, volt_status=NORMAL, batt_w=16.0,  batt_mode=idle,  batt_discharge_w=16.0,  batt_charge_w=0,  load_w=2300.0, zone=unknown,  grid_charge=off, ev_charging_active=off, ev_charge_end=2026-02-20 06:00:02, ev_webhook_count=92, max_discharge_a=35, max_charge_a=90, max_grid_charge_a=64, soc_limit_a=60, volt_penalty_a=10, voltage_protected_limit_a=50, soc_power_w=3071, is_critical_soc=False
2026-02-20T10:30:00.215472+01:00,  soc=40.0,  volt=51.18,  volt_delta=-1.62, volt_rate_per_min=-1.62, volt_status=NORMAL, batt_w=16.0,  batt_mode=idle,  batt_discharge_w=16.0,  batt_charge_w=0,  load_w=2297.0, zone=unknown,  grid_charge=off, ev_charging_active=off, ev_charge_end=2026-02-20 06:00:02, ev_webhook_count=92, max_discharge_a=35, max_charge_a=90, max_grid_charge_a=64, soc_limit_a=60, volt_penalty_a=10, voltage_protected_limit_a=50, soc_power_w=3071, is_critical_soc=False
2026-02-20T10:31:00.216130+01:00,  soc=40.0,  volt=51.18,  volt_delta=-1.62, volt_rate_per_min=-1.62, volt_status=NORMAL, batt_w=16.0,  batt_mode=idle,  batt_discharge_w=16.0,  batt_charge_w=0,  load_w=2297.0, zone=unknown,  grid_charge=off, ev_charging_active=off, ev_charge_end=2026-02-20 06:00:02, ev_webhook_count=92, max_discharge_a=35, max_charge_a=90, max_grid_charge_a=64, soc_limit_a=60, volt_penalty_a=10, voltage_protected_limit_a=50, soc_power_w=3071, is_critical_soc=False
2026-02-20T10:32:00.214802+01:00,  soc=40.0,  volt=51.18,  volt_delta=-1.62, volt_rate_per_min=-1.62, volt_status=NORMAL, batt_w=16.0,  batt_mode=idle,  batt_discharge_w=16.0,  batt_charge_w=0,  load_w=2297.0, zone=unknown,  grid_charge=off, ev_charging_active=off, ev_charge_end=2026-02-20 06:00:02, ev_webhook_count=92, max_discharge_a=35, max_charge_a=90, max_grid_charge_a=64, soc_limit_a=60, volt_penalty_a=10, voltage_protected_limit_a=50, soc_power_w=3071, is_critical_soc=False
2026-02-20T10:33:00.215067+01:00,  soc=40.0,  volt=51.18,  volt_delta=-1.62, volt_rate_per_min=-1.62, volt_status=NORMAL, batt_w=16.0,  batt_mode=idle,  batt_discharge_w=16.0,  batt_charge_w=0,  load_w=2297.0, zone=unknown,  grid_charge=off, ev_charging_active=off, ev_charge_end=2026-02-20 06:00:02, ev_webhook_count=92, max_discharge_a=35, max_charge_a=90, max_grid_charge_a=64, soc_limit_a=60, volt_penalty_a=10, voltage_protected_limit_a=50, soc_power_w=3071, is_critical_soc=False
2026-02-20T10:34:00.215865+01:00,  soc=40.0,  volt=51.18,  volt_delta=-1.62, volt_rate_per_min=-1.62, volt_status=NORMAL, batt_w=16.0,  batt_mode=idle,  batt_discharge_w=16.0,  batt_charge_w=0,  load_w=2297.0, zone=unknown,  grid_charge=off, ev_charging_active=off, ev_charge_end=2026-02-20 06:00:02, ev_webhook_count=92, max_discharge_a=35, max_charge_a=90, max_grid_charge_a=64, soc_limit_a=60, volt_penalty_a=10, voltage_protected_limit_a=50, soc_power_w=3071, is_critical_soc=False
2026-02-20T10:35:00.214672+01:00,  soc=40.0,  volt=51.18,  volt_delta=-1.62, volt_rate_per_min=-1.62, volt_status=NORMAL, batt_w=16.0,  batt_mode=idle,  batt_discharge_w=16.0,  batt_charge_w=0,  load_w=2297.0, zone=unknown,  grid_charge=off, ev_charging_active=off, ev_charge_end=2026-02-20 06:00:02, ev_webhook_count=92, max_discharge_a=35, max_charge_a=90, max_grid_charge_a=64, soc_limit_a=60, volt_penalty_a=10, voltage_protected_limit_a=50, soc_power_w=3071, is_critical_soc=False
2026-02-20T10:36:00.214725+01:00,  soc=40.0,  volt=51.18,  volt_delta=-1.62, volt_rate_per_min=-1.62, volt_status=NORMAL, batt_w=16.0,  batt_mode=idle,  batt_discharge_w=16.0,  batt_charge_w=0,  load_w=2284.0, zone=unknown,  grid_charge=off, ev_charging_active=off, ev_charge_end=2026-02-20 06:00:02, ev_webhook_count=92, max_discharge_a=35, max_charge_a=90, max_grid_charge_a=64, soc_limit_a=60, volt_penalty_a=10, voltage_protected_limit_a=50, soc_power_w=3071, is_critical_soc=False
2026-02-20T10:37:00.217634+01:00,  soc=40.0,  volt=51.18,  volt_delta=-1.62, volt_rate_per_min=-1.62, volt_status=NORMAL, batt_w=16.0,  batt_mode=idle,  batt_discharge_w=16.0,  batt_charge_w=0,  load_w=4361.0, zone=unknown,  grid_charge=off, ev_charging_active=off, ev_charge_end=2026-02-20 06:00:02, ev_webhook_count=92, max_discharge_a=35, max_charge_a=90, max_grid_charge_a=64, soc_limit_a=60, volt_penalty_a=10, voltage_protected_limit_a=50, soc_power_w=3071, is_critical_soc=False
2026-02-20T10:38:00.214549+01:00,  soc=40.0,  volt=51.17,  volt_delta=-1.63, volt_rate_per_min=-1.63, volt_status=NORMAL, batt_w=16.0,  batt_mode=idle,  batt_discharge_w=16.0,  batt_charge_w=0,  load_w=2290.0, zone=unknown,  grid_charge=off, ev_charging_active=off, ev_charge_end=2026-02-20 06:00:02, ev_webhook_count=92, max_discharge_a=35, max_charge_a=90, max_grid_charge_a=64, soc_limit_a=60, volt_penalty_a=10, voltage_protected_limit_a=50, soc_power_w=3070, is_critical_soc=False
2026-02-20T10:39:00.214878+01:00,  soc=40.0,  volt=51.17,  volt_delta=-1.63, volt_rate_per_min=-1.63, volt_status=NORMAL, batt_w=16.0,  batt_mode=idle,  batt_discharge_w=16.0,  batt_charge_w=0,  load_w=2290.0, zone=unknown,  grid_charge=off, ev_charging_active=off, ev_charge_end=2026-02-20 06:00:02, ev_webhook_count=92, max_discharge_a=35, max_charge_a=90, max_grid_charge_a=64, soc_limit_a=60, volt_penalty_a=10, voltage_protected_limit_a=50, soc_power_w=3070, is_critical_soc=False
2026-02-20T10:40:00.214788+01:00,  soc=40.0,  volt=51.17,  volt_delta=-1.63, volt_rate_per_min=-1.63, volt_status=NORMAL, batt_w=16.0,  batt_mode=idle,  batt_discharge_w=16.0,  batt_charge_w=0,  load_w=2290.0, zone=unknown,  grid_charge=off, ev_charging_active=off, ev_charge_end=2026-02-20 06:00:02, ev_webhook_count=92, max_discharge_a=35, max_charge_a=90, max_grid_charge_a=64, soc_limit_a=60, volt_penalty_a=10, voltage_protected_limit_a=50, soc_power_w=3070, is_critical_soc=False
2026-02-20T10:41:00.215362+01:00,  soc=40.0,  volt=51.17,  volt_delta=-1.63, volt_rate_per_min=-1.63, volt_status=NORMAL, batt_w=16.0,  batt_mode=idle,  batt_discharge_w=16.0,  batt_charge_w=0,  load_w=2282.0, zone=unknown,  grid_charge=off, ev_charging_active=off, ev_charge_end=2026-02-20 06:00:02, ev_webhook_count=92, max_discharge_a=35, max_charge_a=90, max_grid_charge_a=64, soc_limit_a=60, volt_penalty_a=10, voltage_protected_limit_a=50, soc_power_w=3070, is_critical_soc=False
2026-02-20T10:42:00.215169+01:00,  soc=40.0,  volt=51.17,  volt_delta=-1.63, volt_rate_per_min=-1.63, volt_status=NORMAL, batt_w=16.0,  batt_mode=idle,  batt_discharge_w=16.0,  batt_charge_w=0,  load_w=2282.0, zone=unknown,  grid_charge=off, ev_charging_active=off, ev_charge_end=2026-02-20 06:00:02, ev_webhook_count=92, max_discharge_a=35, max_charge_a=90, max_grid_charge_a=64, soc_limit_a=60, volt_penalty_a=10, voltage_protected_limit_a=50, soc_power_w=3070, is_critical_soc=False
2026-02-20T10:43:00.215262+01:00,  soc=40.0,  volt=51.17,  volt_delta=-1.63, volt_rate_per_min=-1.63, volt_status=NORMAL, batt_w=16.0,  batt_mode=idle,  batt_discharge_w=16.0,  batt_charge_w=0,  load_w=2282.0, zone=unknown,  grid_charge=off, ev_charging_active=off, ev_charge_end=2026-02-20 06:00:02, ev_webhook_count=92, max_discharge_a=35, max_charge_a=90, max_grid_charge_a=64, soc_limit_a=60, volt_penalty_a=10, voltage_protected_limit_a=50, soc_power_w=3070, is_critical_soc=False
2026-02-20T10:44:00.215068+01:00,  soc=40.0,  volt=51.17,  volt_delta=-1.63, volt_rate_per_min=-1.63, volt_status=NORMAL, batt_w=16.0,  batt_mode=idle,  batt_discharge_w=16.0,  batt_charge_w=0,  load_w=2284.0, zone=unknown,  grid_charge=off, ev_charging_active=off, ev_charge_end=2026-02-20 06:00:02, ev_webhook_count=92, max_discharge_a=35, max_charge_a=90, max_grid_charge_a=64, soc_limit_a=60, volt_penalty_a=10, voltage_protected_limit_a=50, soc_power_w=3070, is_critical_soc=False
2026-02-20T10:45:00.214913+01:00,  soc=40.0,  volt=51.17,  volt_delta=-1.63, volt_rate_per_min=-1.63, volt_status=NORMAL, batt_w=16.0,  batt_mode=idle,  batt_discharge_w=16.0,  batt_charge_w=0,  load_w=2284.0, zone=unknown,  grid_charge=off, ev_charging_active=off, ev_charge_end=2026-02-20 06:00:02, ev_webhook_count=92, max_discharge_a=35, max_charge_a=90, max_grid_charge_a=64, soc_limit_a=60, volt_penalty_a=10, voltage_protected_limit_a=50, soc_power_w=3070, is_critical_soc=False
2026-02-20T10:46:00.215139+01:00,  soc=40.0,  volt=51.17,  volt_delta=-1.63, volt_rate_per_min=-1.63, volt_status=NORMAL, batt_w=16.0,  batt_mode=idle,  batt_discharge_w=16.0,  batt_charge_w=0,  load_w=2286.0, zone=unknown,  grid_charge=off, ev_charging_active=off, ev_charge_end=2026-02-20 06:00:02, ev_webhook_count=92, max_discharge_a=35, max_charge_a=90, max_grid_charge_a=64, soc_limit_a=60, volt_penalty_a=10, voltage_protected_limit_a=50, soc_power_w=3070, is_critical_soc=False
2026-02-20T10:47:00.215315+01:00,  soc=40.0,  volt=51.17,  volt_delta=-1.63, volt_rate_per_min=-1.63, volt_status=NORMAL, batt_w=16.0,  batt_mode=idle,  batt_discharge_w=16.0,  batt_charge_w=0,  load_w=2286.0, zone=unknown,  grid_charge=off, ev_charging_active=off, ev_charge_end=2026-02-20 06:00:02, ev_webhook_count=92, max_discharge_a=35, max_charge_a=90, max_grid_charge_a=64, soc_limit_a=60, volt_penalty_a=10, voltage_protected_limit_a=50, soc_power_w=3070, is_critical_soc=False
2026-02-20T10:48:00.214690+01:00,  soc=40.0,  volt=51.17,  volt_delta=-1.63, volt_rate_per_min=-1.63, volt_status=NORMAL, batt_w=16.0,  batt_mode=idle,  batt_discharge_w=16.0,  batt_charge_w=0,  load_w=2286.0, zone=unknown,  grid_charge=off, ev_charging_active=off, ev_charge_end=2026-02-20 06:00:02, ev_webhook_count=92, max_discharge_a=35, max_charge_a=90, max_grid_charge_a=64, soc_limit_a=60, volt_penalty_a=10, voltage_protected_limit_a=50, soc_power_w=3070, is_critical_soc=False
2026-02-20T10:49:00.214869+01:00,  soc=40.0,  volt=51.17,  volt_delta=-1.63, volt_rate_per_min=-1.63, volt_status=NORMAL, batt_w=16.0,  batt_mode=idle,  batt_discharge_w=16.0,  batt_charge_w=0,  load_w=2286.0, zone=unknown,  grid_charge=off, ev_charging_active=off, ev_charge_end=2026-02-20 06:00:02, ev_webhook_count=92, max_discharge_a=35, max_charge_a=90, max_grid_charge_a=64, soc_limit_a=60, volt_penalty_a=10, voltage_protected_limit_a=50, soc_power_w=3070, is_critical_soc=False
2026-02-20T10:50:00.214942+01:00,  soc=40.0,  volt=51.17,  volt_delta=-1.63, volt_rate_per_min=-1.63, volt_status=NORMAL, batt_w=16.0,  batt_mode=idle,  batt_discharge_w=16.0,  batt_charge_w=0,  load_w=2286.0, zone=unknown,  grid_charge=off, ev_charging_active=off, ev_charge_end=2026-02-20 06:00:02, ev_webhook_count=92, max_discharge_a=35, max_charge_a=90, max_grid_charge_a=64, soc_limit_a=60, volt_penalty_a=10, voltage_protected_limit_a=50, soc_power_w=3070, is_critical_soc=False
2026-02-20T10:51:00.215447+01:00,  soc=40.0,  volt=51.17,  volt_delta=-1.63, volt_rate_per_min=-1.63, volt_status=NORMAL, batt_w=16.0,  batt_mode=idle,  batt_discharge_w=16.0,  batt_charge_w=0,  load_w=2374.0, zone=unknown,  grid_charge=off, ev_charging_active=off, ev_charge_end=2026-02-20 06:00:02, ev_webhook_count=92, max_discharge_a=35, max_charge_a=90, max_grid_charge_a=64, soc_limit_a=60, volt_penalty_a=10, voltage_protected_limit_a=50, soc_power_w=3070, is_critical_soc=False
2026-02-20T10:52:00.215161+01:00,  soc=40.0,  volt=51.17,  volt_delta=-1.63, volt_rate_per_min=-1.63, volt_status=NORMAL, batt_w=16.0,  batt_mode=idle,  batt_discharge_w=16.0,  batt_charge_w=0,  load_w=2373.0, zone=unknown,  grid_charge=off, ev_charging_active=off, ev_charge_end=2026-02-20 06:00:02, ev_webhook_count=92, max_discharge_a=35, max_charge_a=90, max_grid_charge_a=64, soc_limit_a=60, volt_penalty_a=10, voltage_protected_limit_a=50, soc_power_w=3070, is_critical_soc=False
2026-02-20T10:53:00.214899+01:00,  soc=40.0,  volt=51.17,  volt_delta=-1.63, volt_rate_per_min=-1.63, volt_status=NORMAL, batt_w=16.0,  batt_mode=idle,  batt_discharge_w=16.0,  batt_charge_w=0,  load_w=2373.0, zone=unknown,  grid_charge=off, ev_charging_active=off, ev_charge_end=2026-02-20 06:00:02, ev_webhook_count=92, max_discharge_a=35, max_charge_a=90, max_grid_charge_a=64, soc_limit_a=60, volt_penalty_a=10, voltage_protected_limit_a=50, soc_power_w=3070, is_critical_soc=False
2026-02-20T10:54:00.214532+01:00,  soc=40.0,  volt=51.17,  volt_delta=-1.63, volt_rate_per_min=-1.63, volt_status=NORMAL, batt_w=16.0,  batt_mode=idle,  batt_discharge_w=16.0,  batt_charge_w=0,  load_w=2373.0, zone=unknown,  grid_charge=off, ev_charging_active=off, ev_charge_end=2026-02-20 06:00:02, ev_webhook_count=92, max_discharge_a=35, max_charge_a=90, max_grid_charge_a=64, soc_limit_a=60, volt_penalty_a=10, voltage_protected_limit_a=50, soc_power_w=3070, is_critical_soc=False
2026-02-20T10:55:00.214901+01:00,  soc=40.0,  volt=51.17,  volt_delta=-1.63, volt_rate_per_min=-1.63, volt_status=NORMAL, batt_w=16.0,  batt_mode=idle,  batt_discharge_w=16.0,  batt_charge_w=0,  load_w=2373.0, zone=unknown,  grid_charge=off, ev_charging_active=off, ev_charge_end=2026-02-20 06:00:02, ev_webhook_count=92, max_discharge_a=35, max_charge_a=90, max_grid_charge_a=64, soc_limit_a=60, volt_penalty_a=10, voltage_protected_limit_a=50, soc_power_w=3070, is_critical_soc=False
2026-02-20T10:56:00.214802+01:00,  soc=40.0,  volt=51.17,  volt_delta=-1.63, volt_rate_per_min=-1.63, volt_status=NORMAL, batt_w=16.0,  batt_mode=idle,  batt_discharge_w=16.0,  batt_charge_w=0,  load_w=2373.0, zone=unknown,  grid_charge=off, ev_charging_active=off, ev_charge_end=2026-02-20 06:00:02, ev_webhook_count=92, max_discharge_a=35, max_charge_a=90, max_grid_charge_a=64, soc_limit_a=60, volt_penalty_a=10, voltage_protected_limit_a=50, soc_power_w=3070, is_critical_soc=False
2026-02-20T10:57:00.214614+01:00,  soc=40.0,  volt=51.17,  volt_delta=-1.63, volt_rate_per_min=-1.63, volt_status=NORMAL, batt_w=16.0,  batt_mode=idle,  batt_discharge_w=16.0,  batt_charge_w=0,  load_w=2375.0, zone=unknown,  grid_charge=off, ev_charging_active=off, ev_charge_end=2026-02-20 06:00:02, ev_webhook_count=92, max_discharge_a=35, max_charge_a=90, max_grid_charge_a=64, soc_limit_a=60, volt_penalty_a=10, voltage_protected_limit_a=50, soc_power_w=3070, is_critical_soc=False
2026-02-20T10:58:00.215338+01:00,  soc=40.0,  volt=51.17,  volt_delta=-1.63, volt_rate_per_min=-1.63, volt_status=NORMAL, batt_w=16.0,  batt_mode=idle,  batt_discharge_w=16.0,  batt_charge_w=0,  load_w=2324.0, zone=unknown,  grid_charge=off, ev_charging_active=off, ev_charge_end=2026-02-20 06:00:02, ev_webhook_count=92, max_discharge_a=35, max_charge_a=90, max_grid_charge_a=64, soc_limit_a=60, volt_penalty_a=10, voltage_protected_limit_a=50, soc_power_w=3070, is_critical_soc=False
2026-02-20T10:59:00.216417+01:00,  soc=40.0,  volt=51.17,  volt_delta=-1.63, volt_rate_per_min=-1.63, volt_status=NORMAL, batt_w=16.0,  batt_mode=idle,  batt_discharge_w=16.0,  batt_charge_w=0,  load_w=2324.0, zone=unknown,  grid_charge=off, ev_charging_active=off, ev_charge_end=2026-02-20 06:00:02, ev_webhook_count=92, max_discharge_a=35, max_charge_a=90, max_grid_charge_a=64, soc_limit_a=60, volt_penalty_a=10, voltage_protected_limit_a=50, soc_power_w=3070, is_critical_soc=False
2026-02-20T11:00:00.214665+01:00,  soc=40.0,  volt=51.17,  volt_delta=-1.63, volt_rate_per_min=-1.63, volt_status=NORMAL, batt_w=16.0,  batt_mode=idle,  batt_discharge_w=16.0,  batt_charge_w=0,  load_w=2324.0, zone=unknown,  grid_charge=off, ev_charging_active=off, ev_charge_end=2026-02-20 06:00:02, ev_webhook_count=92, max_discharge_a=35, max_charge_a=90, max_grid_charge_a=64, soc_limit_a=60, volt_penalty_a=10, voltage_protected_limit_a=50, soc_power_w=3070, is_critical_soc=False
2026-02-20T11:01:00.216586+01:00,  soc=40.0,  volt=51.17,  volt_delta=-1.63, volt_rate_per_min=-1.63, volt_status=NORMAL, batt_w=16.0,  batt_mode=idle,  batt_discharge_w=16.0,  batt_charge_w=0,  load_w=2324.0, zone=unknown,  grid_charge=off, ev_charging_active=off, ev_charge_end=2026-02-20 06:00:02, ev_webhook_count=92, max_discharge_a=35, max_charge_a=90, max_grid_charge_a=64, soc_limit_a=60, volt_penalty_a=10, voltage_protected_limit_a=50, soc_power_w=3070, is_critical_soc=False
2026-02-20T11:02:00.214558+01:00,  soc=40.0,  volt=51.17,  volt_delta=-1.63, volt_rate_per_min=-1.63, volt_status=NORMAL, batt_w=16.0,  batt_mode=idle,  batt_discharge_w=16.0,  batt_charge_w=0,  load_w=4396.0, zone=unknown,  grid_charge=off, ev_charging_active=off, ev_charge_end=2026-02-20 06:00:02, ev_webhook_count=92, max_discharge_a=35, max_charge_a=90, max_grid_charge_a=64, soc_limit_a=60, volt_penalty_a=10, voltage_protected_limit_a=50, soc_power_w=3070, is_critical_soc=False
2026-02-20T11:03:00.214950+01:00,  soc=40.0,  volt=51.17,  volt_delta=-1.63, volt_rate_per_min=-1.63, volt_status=NORMAL, batt_w=16.0,  batt_mode=idle,  batt_discharge_w=16.0,  batt_charge_w=0,  load_w=2329.0, zone=unknown,  grid_charge=off, ev_charging_active=off, ev_charge_end=2026-02-20 06:00:02, ev_webhook_count=92, max_discharge_a=35, max_charge_a=90, max_grid_charge_a=64, soc_limit_a=60, volt_penalty_a=10, voltage_protected_limit_a=50, soc_power_w=3070, is_critical_soc=False
2026-02-20T11:04:00.215400+01:00,  soc=40.0,  volt=51.17,  volt_delta=-1.63, volt_rate_per_min=-1.63, volt_status=NORMAL, batt_w=16.0,  batt_mode=idle,  batt_discharge_w=16.0,  batt_charge_w=0,  load_w=2329.0, zone=unknown,  grid_charge=off, ev_charging_active=off, ev_charge_end=2026-02-20 06:00:02, ev_webhook_count=92, max_discharge_a=35, max_charge_a=90, max_grid_charge_a=64, soc_limit_a=60, volt_penalty_a=10, voltage_protected_limit_a=50, soc_power_w=3070, is_critical_soc=False
2026-02-20T11:05:00.215076+01:00,  soc=40.0,  volt=51.17,  volt_delta=-1.63, volt_rate_per_min=-1.63, volt_status=NORMAL, batt_w=16.0,  batt_mode=idle,  batt_discharge_w=16.0,  batt_charge_w=0,  load_w=2329.0, zone=unknown,  grid_charge=off, ev_charging_active=off, ev_charge_end=2026-02-20 06:00:02, ev_webhook_count=92, max_discharge_a=35, max_charge_a=90, max_grid_charge_a=64, soc_limit_a=60, volt_penalty_a=10, voltage_protected_limit_a=50, soc_power_w=3070, is_critical_soc=False
2026-02-20T11:06:00.214785+01:00,  soc=40.0,  volt=51.17,  volt_delta=-1.63, volt_rate_per_min=-1.63, volt_status=NORMAL, batt_w=16.0,  batt_mode=idle,  batt_discharge_w=16.0,  batt_charge_w=0,  load_w=2329.0, zone=unknown,  grid_charge=off, ev_charging_active=off, ev_charge_end=2026-02-20 06:00:02, ev_webhook_count=92, max_discharge_a=35, max_charge_a=90, max_grid_charge_a=64, soc_limit_a=60, volt_penalty_a=10, voltage_protected_limit_a=50, soc_power_w=3070, is_critical_soc=False
2026-02-20T11:07:00.215204+01:00,  soc=40.0,  volt=51.17,  volt_delta=-1.63, volt_rate_per_min=-1.63, volt_status=NORMAL, batt_w=16.0,  batt_mode=idle,  batt_discharge_w=16.0,  batt_charge_w=0,  load_w=2329.0, zone=unknown,  grid_charge=off, ev_charging_active=off, ev_charge_end=2026-02-20 06:00:02, ev_webhook_count=92, max_discharge_a=35, max_charge_a=90, max_grid_charge_a=64, soc_limit_a=60, volt_penalty_a=10, voltage_protected_limit_a=50, soc_power_w=3070, is_critical_soc=False
2026-02-20T11:08:00.214910+01:00,  soc=40.0,  volt=51.16,  volt_delta=-1.64, volt_rate_per_min=-1.64, volt_status=NORMAL, batt_w=16.0,  batt_mode=idle,  batt_discharge_w=16.0,  batt_charge_w=0,  load_w=2379.0, zone=unknown,  grid_charge=off, ev_charging_active=off, ev_charge_end=2026-02-20 06:00:02, ev_webhook_count=92, max_discharge_a=35, max_charge_a=90, max_grid_charge_a=64, soc_limit_a=60, volt_penalty_a=10, voltage_protected_limit_a=50, soc_power_w=3070, is_critical_soc=False
2026-02-20T11:09:00.214537+01:00,  soc=40.0,  volt=51.16,  volt_delta=-1.64, volt_rate_per_min=-1.64, volt_status=NORMAL, batt_w=16.0,  batt_mode=idle,  batt_discharge_w=16.0,  batt_charge_w=0,  load_w=2379.0, zone=unknown,  grid_charge=off, ev_charging_active=off, ev_charge_end=2026-02-20 06:00:02, ev_webhook_count=92, max_discharge_a=35, max_charge_a=90, max_grid_charge_a=64, soc_limit_a=60, volt_penalty_a=10, voltage_protected_limit_a=50, soc_power_w=3070, is_critical_soc=False
2026-02-20T11:10:00.214939+01:00,  soc=40.0,  volt=51.16,  volt_delta=-1.64, volt_rate_per_min=-1.64, volt_status=NORMAL, batt_w=16.0,  batt_mode=idle,  batt_discharge_w=16.0,  batt_charge_w=0,  load_w=2379.0, zone=unknown,  grid_charge=off, ev_charging_active=off, ev_charge_end=2026-02-20 06:00:02, ev_webhook_count=92, max_discharge_a=35, max_charge_a=90, max_grid_charge_a=64, soc_limit_a=60, volt_penalty_a=10, voltage_protected_limit_a=50, soc_power_w=3070, is_critical_soc=False
2026-02-20T11:11:00.214745+01:00,  soc=40.0,  volt=51.16,  volt_delta=-1.64, volt_rate_per_min=-1.64, volt_status=NORMAL, batt_w=16.0,  batt_mode=idle,  batt_discharge_w=16.0,  batt_charge_w=0,  load_w=2379.0, zone=unknown,  grid_charge=off, ev_charging_active=off, ev_charge_end=2026-02-20 06:00:02, ev_webhook_count=92, max_discharge_a=35, max_charge_a=90, max_grid_charge_a=64, soc_limit_a=60, volt_penalty_a=10, voltage_protected_limit_a=50, soc_power_w=3070, is_critical_soc=False
2026-02-20T11:12:00.215341+01:00,  soc=40.0,  volt=51.16,  volt_delta=-1.64, volt_rate_per_min=-1.64, volt_status=NORMAL, batt_w=16.0,  batt_mode=idle,  batt_discharge_w=16.0,  batt_charge_w=0,  load_w=2379.0, zone=unknown,  grid_charge=off, ev_charging_active=off, ev_charge_end=2026-02-20 06:00:02, ev_webhook_count=92, max_discharge_a=35, max_charge_a=90, max_grid_charge_a=64, soc_limit_a=60, volt_penalty_a=10, voltage_protected_limit_a=50, soc_power_w=3070, is_critical_soc=False
2026-02-20T11:13:00.214765+01:00,  soc=40.0,  volt=51.16,  volt_delta=-1.64, volt_rate_per_min=-1.64, volt_status=NORMAL, batt_w=16.0,  batt_mode=idle,  batt_discharge_w=16.0,  batt_charge_w=0,  load_w=2377.0, zone=unknown,  grid_charge=off, ev_charging_active=off, ev_charge_end=2026-02-20 06:00:02, ev_webhook_count=92, max_discharge_a=35, max_charge_a=90, max_grid_charge_a=64, soc_limit_a=60, volt_penalty_a=10, voltage_protected_limit_a=50, soc_power_w=3070, is_critical_soc=False
2026-02-20T11:14:00.216884+01:00,  soc=40.0,  volt=51.16,  volt_delta=-1.64, volt_rate_per_min=-1.64, volt_status=NORMAL, batt_w=16.0,  batt_mode=idle,  batt_discharge_w=16.0,  batt_charge_w=0,  load_w=2293.0, zone=unknown,  grid_charge=off, ev_charging_active=off, ev_charge_end=2026-02-20 06:00:02, ev_webhook_count=92, max_discharge_a=35, max_charge_a=90, max_grid_charge_a=64, soc_limit_a=60, volt_penalty_a=10, voltage_protected_limit_a=50, soc_power_w=3070, is_critical_soc=False
2026-02-20T11:15:00.215557+01:00,  soc=40.0,  volt=51.16,  volt_delta=-1.64, volt_rate_per_min=-1.64, volt_status=NORMAL, batt_w=16.0,  batt_mode=idle,  batt_discharge_w=16.0,  batt_charge_w=0,  load_w=2293.0, zone=unknown,  grid_charge=off, ev_charging_active=off, ev_charge_end=2026-02-20 06:00:02, ev_webhook_count=92, max_discharge_a=35, max_charge_a=90, max_grid_charge_a=64, soc_limit_a=60, volt_penalty_a=10, voltage_protected_limit_a=50, soc_power_w=3070, is_critical_soc=False
2026-02-20T11:16:00.215269+01:00,  soc=40.0,  volt=51.16,  volt_delta=-1.64, volt_rate_per_min=-1.64, volt_status=NORMAL, batt_w=16.0,  batt_mode=idle,  batt_discharge_w=16.0,  batt_charge_w=0,  load_w=2293.0, zone=unknown,  grid_charge=off, ev_charging_active=off, ev_charge_end=2026-02-20 06:00:02, ev_webhook_count=92, max_discharge_a=35, max_charge_a=90, max_grid_charge_a=64, soc_limit_a=60, volt_penalty_a=10, voltage_protected_limit_a=50, soc_power_w=3070, is_critical_soc=False
2026-02-20T11:17:00.214843+01:00,  soc=40.0,  volt=51.16,  volt_delta=-1.64, volt_rate_per_min=-1.64, volt_status=NORMAL, batt_w=16.0,  batt_mode=idle,  batt_discharge_w=16.0,  batt_charge_w=0,  load_w=2293.0, zone=unknown,  grid_charge=off, ev_charging_active=off, ev_charge_end=2026-02-20 06:00:02, ev_webhook_count=92, max_discharge_a=35, max_charge_a=90, max_grid_charge_a=64, soc_limit_a=60, volt_penalty_a=10, voltage_protected_limit_a=50, soc_power_w=3070, is_critical_soc=False
2026-02-20T11:18:00.215281+01:00,  soc=40.0,  volt=51.16,  volt_delta=-1.64, volt_rate_per_min=-1.64, volt_status=NORMAL, batt_w=16.0,  batt_mode=idle,  batt_discharge_w=16.0,  batt_charge_w=0,  load_w=2288.0, zone=unknown,  grid_charge=off, ev_charging_active=off, ev_charge_end=2026-02-20 06:00:02, ev_webhook_count=92, max_discharge_a=35, max_charge_a=90, max_grid_charge_a=64, soc_limit_a=60, volt_penalty_a=10, voltage_protected_limit_a=50, soc_power_w=3070, is_critical_soc=False
2026-02-20T11:19:00.214855+01:00,  soc=40.0,  volt=51.16,  volt_delta=-1.64, volt_rate_per_min=-1.64, volt_status=NORMAL, batt_w=16.0,  batt_mode=idle,  batt_discharge_w=16.0,  batt_charge_w=0,  load_w=2288.0, zone=unknown,  grid_charge=off, ev_charging_active=off, ev_charge_end=2026-02-20 06:00:02, ev_webhook_count=92, max_discharge_a=35, max_charge_a=90, max_grid_charge_a=64, soc_limit_a=60, volt_penalty_a=10, voltage_protected_limit_a=50, soc_power_w=3070, is_critical_soc=False
2026-02-20T11:20:00.214569+01:00,  soc=40.0,  volt=51.16,  volt_delta=-1.64, volt_rate_per_min=-1.64, volt_status=NORMAL, batt_w=16.0,  batt_mode=idle,  batt_discharge_w=16.0,  batt_charge_w=0,  load_w=2386.0, zone=unknown,  grid_charge=off, ev_charging_active=off, ev_charge_end=2026-02-20 06:00:02, ev_webhook_count=92, max_discharge_a=35, max_charge_a=90, max_grid_charge_a=64, soc_limit_a=60, volt_penalty_a=10, voltage_protected_limit_a=50, soc_power_w=3070, is_critical_soc=False
2026-02-20T11:21:00.215229+01:00,  soc=40.0,  volt=51.16,  volt_delta=-1.64, volt_rate_per_min=-1.64, volt_status=NORMAL, batt_w=16.0,  batt_mode=idle,  batt_discharge_w=16.0,  batt_charge_w=0,  load_w=2386.0, zone=unknown,  grid_charge=off, ev_charging_active=off, ev_charge_end=2026-02-20 06:00:02, ev_webhook_count=92, max_discharge_a=35, max_charge_a=90, max_grid_charge_a=64, soc_limit_a=60, volt_penalty_a=10, voltage_protected_limit_a=50, soc_power_w=3070, is_critical_soc=False
2026-02-20T11:22:00.214779+01:00,  soc=40.0,  volt=51.16,  volt_delta=-1.64, volt_rate_per_min=-1.64, volt_status=NORMAL, batt_w=16.0,  batt_mode=idle,  batt_discharge_w=16.0,  batt_charge_w=0,  load_w=2386.0, zone=unknown,  grid_charge=off, ev_charging_active=off, ev_charge_end=2026-02-20 06:00:02, ev_webhook_count=92, max_discharge_a=35, max_charge_a=90, max_grid_charge_a=64, soc_limit_a=60, volt_penalty_a=10, voltage_protected_limit_a=50, soc_power_w=3070, is_critical_soc=False
2026-02-20T11:23:00.214685+01:00,  soc=40.0,  volt=51.16,  volt_delta=-1.64, volt_rate_per_min=-1.64, volt_status=NORMAL, batt_w=16.0,  batt_mode=idle,  batt_discharge_w=16.0,  batt_charge_w=0,  load_w=2386.0, zone=unknown,  grid_charge=off, ev_charging_active=off, ev_charge_end=2026-02-20 06:00:02, ev_webhook_count=92, max_discharge_a=35, max_charge_a=90, max_grid_charge_a=64, soc_limit_a=60, volt_penalty_a=10, voltage_protected_limit_a=50, soc_power_w=3070, is_critical_soc=False
2026-02-20T11:24:00.215999+01:00,  soc=40.0,  volt=51.16,  volt_delta=-1.64, volt_rate_per_min=-1.64, volt_status=NORMAL, batt_w=16.0,  batt_mode=idle,  batt_discharge_w=16.0,  batt_charge_w=0,  load_w=2379.0, zone=unknown,  grid_charge=off, ev_charging_active=off, ev_charge_end=2026-02-20 06:00:02, ev_webhook_count=92, max_discharge_a=35, max_charge_a=90, max_grid_charge_a=64, soc_limit_a=60, volt_penalty_a=10, voltage_protected_limit_a=50, soc_power_w=3070, is_critical_soc=False
2026-02-20T11:25:00.215226+01:00,  soc=40.0,  volt=51.16,  volt_delta=-1.64, volt_rate_per_min=-1.64, volt_status=NORMAL, batt_w=16.0,  batt_mode=idle,  batt_discharge_w=16.0,  batt_charge_w=0,  load_w=2379.0, zone=unknown,  grid_charge=off, ev_charging_active=off, ev_charge_end=2026-02-20 06:00:02, ev_webhook_count=92, max_discharge_a=35, max_charge_a=90, max_grid_charge_a=64, soc_limit_a=60, volt_penalty_a=10, voltage_protected_limit_a=50, soc_power_w=3070, is_critical_soc=False
2026-02-20T11:26:00.215075+01:00,  soc=40.0,  volt=51.16,  volt_delta=-1.64, volt_rate_per_min=-1.64, volt_status=NORMAL, batt_w=16.0,  batt_mode=idle,  batt_discharge_w=16.0,  batt_charge_w=0,  load_w=2379.0, zone=unknown,  grid_charge=off, ev_charging_active=off, ev_charge_end=2026-02-20 06:00:02, ev_webhook_count=92, max_discharge_a=35, max_charge_a=90, max_grid_charge_a=64, soc_limit_a=60, volt_penalty_a=10, voltage_protected_limit_a=50, soc_power_w=3070, is_critical_soc=False
2026-02-20T11:27:00.215067+01:00,  soc=40.0,  volt=51.16,  volt_delta=-1.64, volt_rate_per_min=-1.64, volt_status=NORMAL, batt_w=16.0,  batt_mode=idle,  batt_discharge_w=16.0,  batt_charge_w=0,  load_w=2379.0, zone=unknown,  grid_charge=off, ev_charging_active=off, ev_charge_end=2026-02-20 06:00:02, ev_webhook_count=92, max_discharge_a=35, max_charge_a=90, max_grid_charge_a=64, soc_limit_a=60, volt_penalty_a=10, voltage_protected_limit_a=50, soc_power_w=3070, is_critical_soc=False
2026-02-20T11:28:00.215302+01:00,  soc=40.0,  volt=51.16,  volt_delta=-1.64, volt_rate_per_min=-1.64, volt_status=NORMAL, batt_w=16.0,  batt_mode=idle,  batt_discharge_w=16.0,  batt_charge_w=0,  load_w=2379.0, zone=unknown,  grid_charge=off, ev_charging_active=off, ev_charge_end=2026-02-20 06:00:02, ev_webhook_count=92, max_discharge_a=35, max_charge_a=90, max_grid_charge_a=64, soc_limit_a=60, volt_penalty_a=10, voltage_protected_limit_a=50, soc_power_w=3070, is_critical_soc=False
2026-02-20T11:29:00.215495+01:00,  soc=40.0,  volt=51.16,  volt_delta=-1.64, volt_rate_per_min=-1.64, volt_status=NORMAL, batt_w=16.0,  batt_mode=idle,  batt_discharge_w=16.0,  batt_charge_w=0,  load_w=2382.0, zone=unknown,  grid_charge=off, ev_charging_active=off, ev_charge_end=2026-02-20 06:00:02, ev_webhook_count=92, max_discharge_a=35, max_charge_a=90, max_grid_charge_a=64, soc_limit_a=60, volt_penalty_a=10, voltage_protected_limit_a=50, soc_power_w=3070, is_critical_soc=False
2026-02-20T11:30:00.214676+01:00,  soc=40.0,  volt=51.16,  volt_delta=-1.64, volt_rate_per_min=-1.64, volt_status=NORMAL, batt_w=16.0,  batt_mode=idle,  batt_discharge_w=16.0,  batt_charge_w=0,  load_w=2382.0, zone=unknown,  grid_charge=off, ev_charging_active=off, ev_charge_end=2026-02-20 06:00:02, ev_webhook_count=92, max_discharge_a=35, max_charge_a=90, max_grid_charge_a=64, soc_limit_a=60, volt_penalty_a=10, voltage_protected_limit_a=50, soc_power_w=3070, is_critical_soc=False
2026-02-20T11:31:00.215817+01:00,  soc=40.0,  volt=51.16,  volt_delta=-1.64, volt_rate_per_min=-1.64, volt_status=NORMAL, batt_w=16.0,  batt_mode=idle,  batt_discharge_w=16.0,  batt_charge_w=0,  load_w=2382.0, zone=unknown,  grid_charge=off, ev_charging_active=off, ev_charge_end=2026-02-20 06:00:02, ev_webhook_count=92, max_discharge_a=35, max_charge_a=90, max_grid_charge_a=64, soc_limit_a=60, volt_penalty_a=10, voltage_protected_limit_a=50, soc_power_w=3070, is_critical_soc=False
2026-02-20T11:32:00.216663+01:00,  soc=40.0,  volt=51.16,  volt_delta=-1.64, volt_rate_per_min=-1.64, volt_status=NORMAL, batt_w=16.0,  batt_mode=idle,  batt_discharge_w=16.0,  batt_charge_w=0,  load_w=2382.0, zone=unknown,  grid_charge=off, ev_charging_active=off, ev_charge_end=2026-02-20 06:00:02, ev_webhook_count=92, max_discharge_a=35, max_charge_a=90, max_grid_charge_a=64, soc_limit_a=60, volt_penalty_a=10, voltage_protected_limit_a=50, soc_power_w=3070, is_critical_soc=False
2026-02-20T11:33:00.214607+01:00,  soc=40.0,  volt=51.16,  volt_delta=-1.64, volt_rate_per_min=-1.64, volt_status=NORMAL, batt_w=16.0,  batt_mode=idle,  batt_discharge_w=16.0,  batt_charge_w=0,  load_w=2382.0, zone=unknown,  grid_charge=off, ev_charging_active=off, ev_charge_end=2026-02-20 06:00:02, ev_webhook_count=92, max_discharge_a=35, max_charge_a=90, max_grid_charge_a=64, soc_limit_a=60, volt_penalty_a=10, voltage_protected_limit_a=50, soc_power_w=3070, is_critical_soc=False
2026-02-20T11:34:00.215501+01:00,  soc=40.0,  volt=51.16,  volt_delta=-1.64, volt_rate_per_min=-1.64, volt_status=NORMAL, batt_w=16.0,  batt_mode=idle,  batt_discharge_w=16.0,  batt_charge_w=0,  load_w=2422.0, zone=unknown,  grid_charge=off, ev_charging_active=off, ev_charge_end=2026-02-20 06:00:02, ev_webhook_count=92, max_discharge_a=35, max_charge_a=90, max_grid_charge_a=64, soc_limit_a=60, volt_penalty_a=10, voltage_protected_limit_a=50, soc_power_w=3070, is_critical_soc=False
2026-02-20T11:35:00.214670+01:00,  soc=40.0,  volt=51.16,  volt_delta=-1.64, volt_rate_per_min=-1.64, volt_status=NORMAL, batt_w=16.0,  batt_mode=idle,  batt_discharge_w=16.0,  batt_charge_w=0,  load_w=2422.0, zone=unknown,  grid_charge=off, ev_charging_active=off, ev_charge_end=2026-02-20 06:00:02, ev_webhook_count=92, max_discharge_a=35, max_charge_a=90, max_grid_charge_a=64, soc_limit_a=60, volt_penalty_a=10, voltage_protected_limit_a=50, soc_power_w=3070, is_critical_soc=False
2026-02-20T11:36:00.215155+01:00,  soc=40.0,  volt=51.16,  volt_delta=-1.64, volt_rate_per_min=-1.64, volt_status=NORMAL, batt_w=16.0,  batt_mode=idle,  batt_discharge_w=16.0,  batt_charge_w=0,  load_w=2422.0, zone=unknown,  grid_charge=off, ev_charging_active=off, ev_charge_end=2026-02-20 06:00:02, ev_webhook_count=92, max_discharge_a=35, max_charge_a=90, max_grid_charge_a=64, soc_limit_a=60, volt_penalty_a=10, voltage_protected_limit_a=50, soc_power_w=3070, is_critical_soc=False
2026-02-20T11:37:00.214555+01:00,  soc=40.0,  volt=51.16,  volt_delta=-1.64, volt_rate_per_min=-1.64, volt_status=NORMAL, batt_w=16.0,  batt_mode=idle,  batt_discharge_w=16.0,  batt_charge_w=0,  load_w=2422.0, zone=unknown,  grid_charge=off, ev_charging_active=off, ev_charge_end=2026-02-20 06:00:02, ev_webhook_count=92, max_discharge_a=35, max_charge_a=90, max_grid_charge_a=64, soc_limit_a=60, volt_penalty_a=10, voltage_protected_limit_a=50, soc_power_w=3070, is_critical_soc=False
2026-02-20T11:38:00.215391+01:00,  soc=40.0,  volt=51.15,  volt_delta=-1.65, volt_rate_per_min=-1.65, volt_status=NORMAL, batt_w=16.0,  batt_mode=idle,  batt_discharge_w=16.0,  batt_charge_w=0,  load_w=2422.0, zone=unknown,  grid_charge=off, ev_charging_active=off, ev_charge_end=2026-02-20 06:00:02, ev_webhook_count=92, max_discharge_a=35, max_charge_a=90, max_grid_charge_a=64, soc_limit_a=60, volt_penalty_a=10, voltage_protected_limit_a=50, soc_power_w=3069, is_critical_soc=False
2026-02-20T11:39:00.215845+01:00,  soc=40.0,  volt=51.15,  volt_delta=-1.65, volt_rate_per_min=-1.65, volt_status=NORMAL, batt_w=16.0,  batt_mode=idle,  batt_discharge_w=16.0,  batt_charge_w=0,  load_w=2326.0, zone=unknown,  grid_charge=off, ev_charging_active=off, ev_charge_end=2026-02-20 06:00:02, ev_webhook_count=92, max_discharge_a=35, max_charge_a=90, max_grid_charge_a=64, soc_limit_a=60, volt_penalty_a=10, voltage_protected_limit_a=50, soc_power_w=3069, is_critical_soc=False
2026-02-20T11:40:00.216234+01:00,  soc=40.0,  volt=51.15,  volt_delta=-1.65, volt_rate_per_min=-1.65, volt_status=NORMAL, batt_w=16.0,  batt_mode=idle,  batt_discharge_w=16.0,  batt_charge_w=0,  load_w=2330.0, zone=unknown,  grid_charge=off, ev_charging_active=off, ev_charge_end=2026-02-20 06:00:02, ev_webhook_count=92, max_discharge_a=35, max_charge_a=90, max_grid_charge_a=64, soc_limit_a=60, volt_penalty_a=10, voltage_protected_limit_a=50, soc_power_w=3069, is_critical_soc=False
2026-02-20T11:41:00.215086+01:00,  soc=40.0,  volt=51.15,  volt_delta=-1.65, volt_rate_per_min=-1.65, volt_status=NORMAL, batt_w=16.0,  batt_mode=idle,  batt_discharge_w=16.0,  batt_charge_w=0,  load_w=2330.0, zone=unknown,  grid_charge=off, ev_charging_active=off, ev_charge_end=2026-02-20 06:00:02, ev_webhook_count=92, max_discharge_a=35, max_charge_a=90, max_grid_charge_a=64, soc_limit_a=60, volt_penalty_a=10, voltage_protected_limit_a=50, soc_power_w=3069, is_critical_soc=False
2026-02-20T11:42:00.215345+01:00,  soc=40.0,  volt=51.15,  volt_delta=-1.65, volt_rate_per_min=-1.65, volt_status=NORMAL, batt_w=16.0,  batt_mode=idle,  batt_discharge_w=16.0,  batt_charge_w=0,  load_w=2330.0, zone=unknown,  grid_charge=off, ev_charging_active=off, ev_charge_end=2026-02-20 06:00:02, ev_webhook_count=92, max_discharge_a=35, max_charge_a=90, max_grid_charge_a=64, soc_limit_a=60, volt_penalty_a=10, voltage_protected_limit_a=50, soc_power_w=3069, is_critical_soc=False
2026-02-20T11:43:00.215123+01:00,  soc=40.0,  volt=51.15,  volt_delta=-1.65, volt_rate_per_min=-1.65, volt_status=NORMAL, batt_w=16.0,  batt_mode=idle,  batt_discharge_w=16.0,  batt_charge_w=0,  load_w=2330.0, zone=unknown,  grid_charge=off, ev_charging_active=off, ev_charge_end=2026-02-20 06:00:02, ev_webhook_count=92, max_discharge_a=35, max_charge_a=90, max_grid_charge_a=64, soc_limit_a=60, volt_penalty_a=10, voltage_protected_limit_a=50, soc_power_w=3069, is_critical_soc=False
2026-02-20T11:44:00.214996+01:00,  soc=40.0,  volt=51.15,  volt_delta=-1.65, volt_rate_per_min=-1.65, volt_status=NORMAL, batt_w=16.0,  batt_mode=idle,  batt_discharge_w=16.0,  batt_charge_w=0,  load_w=2330.0, zone=unknown,  grid_charge=off, ev_charging_active=off, ev_charge_end=2026-02-20 06:00:02, ev_webhook_count=92, max_discharge_a=35, max_charge_a=90, max_grid_charge_a=64, soc_limit_a=60, volt_penalty_a=10, voltage_protected_limit_a=50, soc_power_w=3069, is_critical_soc=False
2026-02-20T11:45:00.214653+01:00,  soc=40.0,  volt=51.15,  volt_delta=-1.65, volt_rate_per_min=-1.65, volt_status=NORMAL, batt_w=16.0,  batt_mode=idle,  batt_discharge_w=16.0,  batt_charge_w=0,  load_w=2335.0, zone=unknown,  grid_charge=off, ev_charging_active=off, ev_charge_end=2026-02-20 06:00:02, ev_webhook_count=92, max_discharge_a=35, max_charge_a=90, max_grid_charge_a=64, soc_limit_a=60, volt_penalty_a=10, voltage_protected_limit_a=50, soc_power_w=3069, is_critical_soc=False
2026-02-20T11:46:00.214924+01:00,  soc=40.0,  volt=51.15,  volt_delta=-1.65, volt_rate_per_min=-1.65, volt_status=NORMAL, batt_w=16.0,  batt_mode=idle,  batt_discharge_w=16.0,  batt_charge_w=0,  load_w=2335.0, zone=unknown,  grid_charge=off, ev_charging_active=off, ev_charge_end=2026-02-20 06:00:02, ev_webhook_count=92, max_discharge_a=35, max_charge_a=90, max_grid_charge_a=64, soc_limit_a=60, volt_penalty_a=10, voltage_protected_limit_a=50, soc_power_w=3069, is_critical_soc=False
2026-02-20T11:47:00.215303+01:00,  soc=40.0,  volt=51.15,  volt_delta=-1.65, volt_rate_per_min=-1.65, volt_status=NORMAL, batt_w=16.0,  batt_mode=idle,  batt_discharge_w=16.0,  batt_charge_w=0,  load_w=2335.0, zone=unknown,  grid_charge=off, ev_charging_active=off, ev_charge_end=2026-02-20 06:00:02, ev_webhook_count=92, max_discharge_a=35, max_charge_a=90, max_grid_charge_a=64, soc_limit_a=60, volt_penalty_a=10, voltage_protected_limit_a=50, soc_power_w=3069, is_critical_soc=False
2026-02-20T11:48:00.215144+01:00,  soc=40.0,  volt=51.16,  volt_delta=-1.64, volt_rate_per_min=-1.64, volt_status=NORMAL, batt_w=16.0,  batt_mode=idle,  batt_discharge_w=16.0,  batt_charge_w=0,  load_w=2335.0, zone=unknown,  grid_charge=off, ev_charging_active=off, ev_charge_end=2026-02-20 06:00:02, ev_webhook_count=92, max_discharge_a=35, max_charge_a=90, max_grid_charge_a=64, soc_limit_a=60, volt_penalty_a=10, voltage_protected_limit_a=50, soc_power_w=3070, is_critical_soc=False
2026-02-20T11:49:00.215324+01:00,  soc=40.0,  volt=51.16,  volt_delta=-1.64, volt_rate_per_min=-1.64, volt_status=NORMAL, batt_w=16.0,  batt_mode=idle,  batt_discharge_w=16.0,  batt_charge_w=0,  load_w=2335.0, zone=unknown,  grid_charge=off, ev_charging_active=off, ev_charge_end=2026-02-20 06:00:02, ev_webhook_count=92, max_discharge_a=35, max_charge_a=90, max_grid_charge_a=64, soc_limit_a=60, volt_penalty_a=10, voltage_protected_limit_a=50, soc_power_w=3070, is_critical_soc=False
2026-02-20T11:50:00.215163+01:00,  soc=40.0,  volt=51.16,  volt_delta=-1.64, volt_rate_per_min=-1.64, volt_status=NORMAL, batt_w=16.0,  batt_mode=idle,  batt_discharge_w=16.0,  batt_charge_w=0,  load_w=2336.0, zone=unknown,  grid_charge=off, ev_charging_active=off, ev_charge_end=2026-02-20 06:00:02, ev_webhook_count=92, max_discharge_a=35, max_charge_a=90, max_grid_charge_a=64, soc_limit_a=60, volt_penalty_a=10, voltage_protected_limit_a=50, soc_power_w=3070, is_critical_soc=False
2026-02-20T11:51:00.216558+01:00,  soc=40.0,  volt=51.16,  volt_delta=-1.64, volt_rate_per_min=-1.64, volt_status=NORMAL, batt_w=16.0,  batt_mode=idle,  batt_discharge_w=16.0,  batt_charge_w=0,  load_w=2336.0, zone=unknown,  grid_charge=off, ev_charging_active=off, ev_charge_end=2026-02-20 06:00:02, ev_webhook_count=92, max_discharge_a=35, max_charge_a=90, max_grid_charge_a=64, soc_limit_a=60, volt_penalty_a=10, voltage_protected_limit_a=50, soc_power_w=3070, is_critical_soc=False
2026-02-20T11:52:00.214856+01:00,  soc=40.0,  volt=51.16,  volt_delta=-1.64, volt_rate_per_min=-1.64, volt_status=NORMAL, batt_w=16.0,  batt_mode=idle,  batt_discharge_w=16.0,  batt_charge_w=0,  load_w=2336.0, zone=unknown,  grid_charge=off, ev_charging_active=off, ev_charge_end=2026-02-20 06:00:02, ev_webhook_count=92, max_discharge_a=35, max_charge_a=90, max_grid_charge_a=64, soc_limit_a=60, volt_penalty_a=10, voltage_protected_limit_a=50, soc_power_w=3070, is_critical_soc=False
2026-02-20T11:53:00.215576+01:00,  soc=40.0,  volt=51.16,  volt_delta=-1.64, volt_rate_per_min=-1.64, volt_status=NORMAL, batt_w=16.0,  batt_mode=idle,  batt_discharge_w=16.0,  batt_charge_w=0,  load_w=2336.0, zone=unknown,  grid_charge=off, ev_charging_active=off, ev_charge_end=2026-02-20 06:00:02, ev_webhook_count=92, max_discharge_a=35, max_charge_a=90, max_grid_charge_a=64, soc_limit_a=60, volt_penalty_a=10, voltage_protected_limit_a=50, soc_power_w=3070, is_critical_soc=False
2026-02-20T11:54:00.215522+01:00,  soc=40.0,  volt=51.16,  volt_delta=-1.64, volt_rate_per_min=-1.64, volt_status=NORMAL, batt_w=16.0,  batt_mode=idle,  batt_discharge_w=16.0,  batt_charge_w=0,  load_w=2336.0, zone=unknown,  grid_charge=off, ev_charging_active=off, ev_charge_end=2026-02-20 06:00:02, ev_webhook_count=92, max_discharge_a=35, max_charge_a=90, max_grid_charge_a=64, soc_limit_a=60, volt_penalty_a=10, voltage_protected_limit_a=50, soc_power_w=3070, is_critical_soc=False
2026-02-20T11:55:00.215103+01:00,  soc=40.0,  volt=51.16,  volt_delta=-1.64, volt_rate_per_min=-1.64, volt_status=NORMAL, batt_w=16.0,  batt_mode=idle,  batt_discharge_w=16.0,  batt_charge_w=0,  load_w=2336.0, zone=unknown,  grid_charge=off, ev_charging_active=off, ev_charge_end=2026-02-20 06:00:02, ev_webhook_count=92, max_discharge_a=35, max_charge_a=90, max_grid_charge_a=64, soc_limit_a=60, volt_penalty_a=10, voltage_protected_limit_a=50, soc_power_w=3070, is_critical_soc=False
2026-02-20T11:56:00.214744+01:00,  soc=40.0,  volt=51.16,  volt_delta=-1.64, volt_rate_per_min=-1.64, volt_status=NORMAL, batt_w=16.0,  batt_mode=idle,  batt_discharge_w=16.0,  batt_charge_w=0,  load_w=2340.0, zone=unknown,  grid_charge=off, ev_charging_active=off, ev_charge_end=2026-02-20 06:00:02, ev_webhook_count=92, max_discharge_a=35, max_charge_a=90, max_grid_charge_a=64, soc_limit_a=60, volt_penalty_a=10, voltage_protected_limit_a=50, soc_power_w=3070, is_critical_soc=False
2026-02-20T11:57:00.214906+01:00,  soc=40.0,  volt=51.16,  volt_delta=-1.64, volt_rate_per_min=-1.64, volt_status=NORMAL, batt_w=16.0,  batt_mode=idle,  batt_discharge_w=16.0,  batt_charge_w=0,  load_w=2340.0, zone=unknown,  grid_charge=off, ev_charging_active=off, ev_charge_end=2026-02-20 06:00:02, ev_webhook_count=92, max_discharge_a=35, max_charge_a=90, max_grid_charge_a=64, soc_limit_a=60, volt_penalty_a=10, voltage_protected_limit_a=50, soc_power_w=3070, is_critical_soc=False
2026-02-20T11:58:00.215486+01:00,  soc=40.0,  volt=51.14,  volt_delta=-1.66, volt_rate_per_min=-1.66, volt_status=NORMAL, batt_w=17.0,  batt_mode=idle,  batt_discharge_w=17.0,  batt_charge_w=0,  load_w=2340.0, zone=unknown,  grid_charge=off, ev_charging_active=off, ev_charge_end=2026-02-20 06:00:02, ev_webhook_count=92, max_discharge_a=35, max_charge_a=90, max_grid_charge_a=64, soc_limit_a=60, volt_penalty_a=10, voltage_protected_limit_a=50, soc_power_w=3068, is_critical_soc=False
2026-02-20T11:59:00.216099+01:00,  soc=40.0,  volt=51.14,  volt_delta=-1.66, volt_rate_per_min=-1.66, volt_status=NORMAL, batt_w=17.0,  batt_mode=idle,  batt_discharge_w=17.0,  batt_charge_w=0,  load_w=2340.0, zone=unknown,  grid_charge=off, ev_charging_active=off, ev_charge_end=2026-02-20 06:00:02, ev_webhook_count=92, max_discharge_a=35, max_charge_a=90, max_grid_charge_a=64, soc_limit_a=60, volt_penalty_a=10, voltage_protected_limit_a=50, soc_power_w=3068, is_critical_soc=False
2026-02-20T12:00:00.214629+01:00,  soc=40.0,  volt=51.14,  volt_delta=-1.66, volt_rate_per_min=-1.66, volt_status=NORMAL, batt_w=17.0,  batt_mode=idle,  batt_discharge_w=17.0,  batt_charge_w=0,  load_w=2340.0, zone=unknown,  grid_charge=off, ev_charging_active=off, ev_charge_end=2026-02-20 06:00:02, ev_webhook_count=92, max_discharge_a=35, max_charge_a=90, max_grid_charge_a=64, soc_limit_a=60, volt_penalty_a=10, voltage_protected_limit_a=50, soc_power_w=3068, is_critical_soc=False
2026-02-20T12:01:00.215386+01:00,  soc=40.0,  volt=51.14,  volt_delta=-1.66, volt_rate_per_min=-1.66, volt_status=NORMAL, batt_w=17.0,  batt_mode=idle,  batt_discharge_w=17.0,  batt_charge_w=0,  load_w=2343.0, zone=unknown,  grid_charge=off, ev_charging_active=off, ev_charge_end=2026-02-20 06:00:02, ev_webhook_count=92, max_discharge_a=35, max_charge_a=90, max_grid_charge_a=64, soc_limit_a=60, volt_penalty_a=10, voltage_protected_limit_a=50, soc_power_w=3068, is_critical_soc=False
2026-02-20T12:02:00.215860+01:00,  soc=40.0,  volt=51.14,  volt_delta=-1.66, volt_rate_per_min=-1.66, volt_status=NORMAL, batt_w=17.0,  batt_mode=idle,  batt_discharge_w=17.0,  batt_charge_w=0,  load_w=2343.0, zone=unknown,  grid_charge=off, ev_charging_active=off, ev_charge_end=2026-02-20 06:00:02, ev_webhook_count=92, max_discharge_a=35, max_charge_a=90, max_grid_charge_a=64, soc_limit_a=60, volt_penalty_a=10, voltage_protected_limit_a=50, soc_power_w=3068, is_critical_soc=False
2026-02-20T12:03:00.214569+01:00,  soc=40.0,  volt=51.14,  volt_delta=-1.66, volt_rate_per_min=-1.66, volt_status=NORMAL, batt_w=17.0,  batt_mode=idle,  batt_discharge_w=17.0,  batt_charge_w=0,  load_w=2343.0, zone=unknown,  grid_charge=off, ev_charging_active=off, ev_charge_end=2026-02-20 06:00:02, ev_webhook_count=92, max_discharge_a=35, max_charge_a=90, max_grid_charge_a=64, soc_limit_a=60, volt_penalty_a=10, voltage_protected_limit_a=50, soc_power_w=3068, is_critical_soc=False
2026-02-20T12:04:00.215292+01:00,  soc=40.0,  volt=51.14,  volt_delta=-1.66, volt_rate_per_min=-1.66, volt_status=NORMAL, batt_w=17.0,  batt_mode=idle,  batt_discharge_w=17.0,  batt_charge_w=0,  load_w=2343.0, zone=unknown,  grid_charge=off, ev_charging_active=off, ev_charge_end=2026-02-20 06:00:02, ev_webhook_count=92, max_discharge_a=35, max_charge_a=90, max_grid_charge_a=64, soc_limit_a=60, volt_penalty_a=10, voltage_protected_limit_a=50, soc_power_w=3068, is_critical_soc=False
2026-02-20T12:05:00.215955+01:00,  soc=40.0,  volt=51.14,  volt_delta=-1.66, volt_rate_per_min=-1.66, volt_status=NORMAL, batt_w=17.0,  batt_mode=idle,  batt_discharge_w=17.0,  batt_charge_w=0,  load_w=2343.0, zone=unknown,  grid_charge=off, ev_charging_active=off, ev_charge_end=2026-02-20 06:00:02, ev_webhook_count=92, max_discharge_a=35, max_charge_a=90, max_grid_charge_a=64, soc_limit_a=60, volt_penalty_a=10, voltage_protected_limit_a=50, soc_power_w=3068, is_critical_soc=False
2026-02-20T12:06:00.215303+01:00,  soc=40.0,  volt=51.14,  volt_delta=-1.66, volt_rate_per_min=-1.66, volt_status=NORMAL, batt_w=17.0,  batt_mode=idle,  batt_discharge_w=17.0,  batt_charge_w=0,  load_w=2335.0, zone=unknown,  grid_charge=off, ev_charging_active=off, ev_charge_end=2026-02-20 06:00:02, ev_webhook_count=92, max_discharge_a=35, max_charge_a=90, max_grid_charge_a=64, soc_limit_a=60, volt_penalty_a=10, voltage_protected_limit_a=50, soc_power_w=3068, is_critical_soc=False
2026-02-20T12:07:00.215500+01:00,  soc=40.0,  volt=51.14,  volt_delta=-1.66, volt_rate_per_min=-1.66, volt_status=NORMAL, batt_w=17.0,  batt_mode=idle,  batt_discharge_w=17.0,  batt_charge_w=0,  load_w=2335.0, zone=unknown,  grid_charge=off, ev_charging_active=off, ev_charge_end=2026-02-20 06:00:02, ev_webhook_count=92, max_discharge_a=35, max_charge_a=90, max_grid_charge_a=64, soc_limit_a=60, volt_penalty_a=10, voltage_protected_limit_a=50, soc_power_w=3068, is_critical_soc=False
2026-02-20T12:08:00.214900+01:00,  soc=40.0,  volt=51.14,  volt_delta=-1.66, volt_rate_per_min=-1.66, volt_status=NORMAL, batt_w=17.0,  batt_mode=idle,  batt_discharge_w=17.0,  batt_charge_w=0,  load_w=2335.0, zone=unknown,  grid_charge=off, ev_charging_active=off, ev_charge_end=2026-02-20 06:00:02, ev_webhook_count=92, max_discharge_a=35, max_charge_a=90, max_grid_charge_a=64, soc_limit_a=60, volt_penalty_a=10, voltage_protected_limit_a=50, soc_power_w=3068, is_critical_soc=False
2026-02-20T12:09:00.215400+01:00,  soc=40.0,  volt=51.14,  volt_delta=-1.66, volt_rate_per_min=-1.66, volt_status=NORMAL, batt_w=17.0,  batt_mode=idle,  batt_discharge_w=17.0,  batt_charge_w=0,  load_w=2335.0, zone=unknown,  grid_charge=off, ev_charging_active=off, ev_charge_end=2026-02-20 06:00:02, ev_webhook_count=92, max_discharge_a=35, max_charge_a=90, max_grid_charge_a=64, soc_limit_a=60, volt_penalty_a=10, voltage_protected_limit_a=50, soc_power_w=3068, is_critical_soc=False
2026-02-20T12:10:00.215433+01:00,  soc=40.0,  volt=51.14,  volt_delta=-1.66, volt_rate_per_min=-1.66, volt_status=NORMAL, batt_w=17.0,  batt_mode=idle,  batt_discharge_w=17.0,  batt_charge_w=0,  load_w=2335.0, zone=unknown,  grid_charge=off, ev_charging_active=off, ev_charge_end=2026-02-20 06:00:02, ev_webhook_count=92, max_discharge_a=35, max_charge_a=90, max_grid_charge_a=64, soc_limit_a=60, volt_penalty_a=10, voltage_protected_limit_a=50, soc_power_w=3068, is_critical_soc=False
2026-02-20T12:11:00.215928+01:00,  soc=40.0,  volt=51.14,  volt_delta=-1.66, volt_rate_per_min=-1.66, volt_status=NORMAL, batt_w=17.0,  batt_mode=idle,  batt_discharge_w=17.0,  batt_charge_w=0,  load_w=2335.0, zone=unknown,  grid_charge=off, ev_charging_active=off, ev_charge_end=2026-02-20 06:00:02, ev_webhook_count=92, max_discharge_a=35, max_charge_a=90, max_grid_charge_a=64, soc_limit_a=60, volt_penalty_a=10, voltage_protected_limit_a=50, soc_power_w=3068, is_critical_soc=False
2026-02-20T12:12:00.215103+01:00,  soc=40.0,  volt=51.14,  volt_delta=-1.66, volt_rate_per_min=-1.66, volt_status=NORMAL, batt_w=17.0,  batt_mode=idle,  batt_discharge_w=17.0,  batt_charge_w=0,  load_w=2250.0, zone=unknown,  grid_charge=off, ev_charging_active=off, ev_charge_end=2026-02-20 06:00:02, ev_webhook_count=92, max_discharge_a=35, max_charge_a=90, max_grid_charge_a=64, soc_limit_a=60, volt_penalty_a=10, voltage_protected_limit_a=50, soc_power_w=3068, is_critical_soc=False
2026-02-20T12:13:00.214571+01:00,  soc=40.0,  volt=51.14,  volt_delta=-1.66, volt_rate_per_min=-1.66, volt_status=NORMAL, batt_w=17.0,  batt_mode=idle,  batt_discharge_w=17.0,  batt_charge_w=0,  load_w=2250.0, zone=unknown,  grid_charge=off, ev_charging_active=off, ev_charge_end=2026-02-20 06:00:02, ev_webhook_count=92, max_discharge_a=35, max_charge_a=90, max_grid_charge_a=64, soc_limit_a=60, volt_penalty_a=10, voltage_protected_limit_a=50, soc_power_w=3068, is_critical_soc=False
2026-02-20T12:14:00.215280+01:00,  soc=40.0,  volt=51.14,  volt_delta=-1.66, volt_rate_per_min=-1.66, volt_status=NORMAL, batt_w=17.0,  batt_mode=idle,  batt_discharge_w=17.0,  batt_charge_w=0,  load_w=2250.0, zone=unknown,  grid_charge=off, ev_charging_active=off, ev_charge_end=2026-02-20 06:00:02, ev_webhook_count=92, max_discharge_a=35, max_charge_a=90, max_grid_charge_a=64, soc_limit_a=60, volt_penalty_a=10, voltage_protected_limit_a=50, soc_power_w=3068, is_critical_soc=False
2026-02-20T12:15:00.215079+01:00,  soc=40.0,  volt=51.14,  volt_delta=-1.66, volt_rate_per_min=-1.66, volt_status=NORMAL, batt_w=17.0,  batt_mode=idle,  batt_discharge_w=17.0,  batt_charge_w=0,  load_w=2250.0, zone=unknown,  grid_charge=off, ev_charging_active=off, ev_charge_end=2026-02-20 06:00:02, ev_webhook_count=92, max_discharge_a=35, max_charge_a=90, max_grid_charge_a=64, soc_limit_a=60, volt_penalty_a=10, voltage_protected_limit_a=50, soc_power_w=3068, is_critical_soc=False
2026-02-20T12:16:00.214534+01:00,  soc=40.0,  volt=51.14,  volt_delta=-1.66, volt_rate_per_min=-1.66, volt_status=NORMAL, batt_w=17.0,  batt_mode=idle,  batt_discharge_w=17.0,  batt_charge_w=0,  load_w=2250.0, zone=unknown,  grid_charge=off, ev_charging_active=off, ev_charge_end=2026-02-20 06:00:02, ev_webhook_count=92, max_discharge_a=35, max_charge_a=90, max_grid_charge_a=64, soc_limit_a=60, volt_penalty_a=10, voltage_protected_limit_a=50, soc_power_w=3068, is_critical_soc=False
2026-02-20T12:17:00.216144+01:00,  soc=40.0,  volt=51.14,  volt_delta=-1.66, volt_rate_per_min=-1.66, volt_status=NORMAL, batt_w=17.0,  batt_mode=idle,  batt_discharge_w=17.0,  batt_charge_w=0,  load_w=2254.0, zone=unknown,  grid_charge=off, ev_charging_active=off, ev_charge_end=2026-02-20 06:00:02, ev_webhook_count=92, max_discharge_a=35, max_charge_a=90, max_grid_charge_a=64, soc_limit_a=60, volt_penalty_a=10, voltage_protected_limit_a=50, soc_power_w=3068, is_critical_soc=False
2026-02-20T12:18:00.215204+01:00,  soc=40.0,  volt=51.13,  volt_delta=-1.67, volt_rate_per_min=-1.67, volt_status=NORMAL, batt_w=16.0,  batt_mode=idle,  batt_discharge_w=16.0,  batt_charge_w=0,  load_w=2254.0, zone=unknown,  grid_charge=off, ev_charging_active=off, ev_charge_end=2026-02-20 06:00:02, ev_webhook_count=92, max_discharge_a=35, max_charge_a=90, max_grid_charge_a=64, soc_limit_a=60, volt_penalty_a=10, voltage_protected_limit_a=50, soc_power_w=3068, is_critical_soc=False
2026-02-20T12:19:00.215566+01:00,  soc=40.0,  volt=51.13,  volt_delta=-1.67, volt_rate_per_min=-1.67, volt_status=NORMAL, batt_w=16.0,  batt_mode=idle,  batt_discharge_w=16.0,  batt_charge_w=0,  load_w=2254.0, zone=unknown,  grid_charge=off, ev_charging_active=off, ev_charge_end=2026-02-20 06:00:02, ev_webhook_count=92, max_discharge_a=35, max_charge_a=90, max_grid_charge_a=64, soc_limit_a=60, volt_penalty_a=10, voltage_protected_limit_a=50, soc_power_w=3068, is_critical_soc=False
2026-02-20T12:20:00.216087+01:00,  soc=40.0,  volt=51.13,  volt_delta=-1.67, volt_rate_per_min=-1.67, volt_status=NORMAL, batt_w=16.0,  batt_mode=idle,  batt_discharge_w=16.0,  batt_charge_w=0,  load_w=2254.0, zone=unknown,  grid_charge=off, ev_charging_active=off, ev_charge_end=2026-02-20 06:00:02, ev_webhook_count=92, max_discharge_a=35, max_charge_a=90, max_grid_charge_a=64, soc_limit_a=60, volt_penalty_a=10, voltage_protected_limit_a=50, soc_power_w=3068, is_critical_soc=False
2026-02-20T12:21:00.215496+01:00,  soc=40.0,  volt=51.13,  volt_delta=-1.67, volt_rate_per_min=-1.67, volt_status=NORMAL, batt_w=16.0,  batt_mode=idle,  batt_discharge_w=16.0,  batt_charge_w=0,  load_w=2254.0, zone=unknown,  grid_charge=off, ev_charging_active=off, ev_charge_end=2026-02-20 06:00:02, ev_webhook_count=92, max_discharge_a=35, max_charge_a=90, max_grid_charge_a=64, soc_limit_a=60, volt_penalty_a=10, voltage_protected_limit_a=50, soc_power_w=3068, is_critical_soc=False
2026-02-20T12:22:00.214810+01:00,  soc=40.0,  volt=51.13,  volt_delta=-1.67, volt_rate_per_min=-1.67, volt_status=NORMAL, batt_w=16.0,  batt_mode=idle,  batt_discharge_w=16.0,  batt_charge_w=0,  load_w=2200.0, zone=unknown,  grid_charge=off, ev_charging_active=off, ev_charge_end=2026-02-20 06:00:02, ev_webhook_count=92, max_discharge_a=35, max_charge_a=90, max_grid_charge_a=64, soc_limit_a=60, volt_penalty_a=10, voltage_protected_limit_a=50, soc_power_w=3068, is_critical_soc=False
2026-02-20T12:23:00.214964+01:00,  soc=40.0,  volt=51.13,  volt_delta=-1.67, volt_rate_per_min=-1.67, volt_status=NORMAL, batt_w=16.0,  batt_mode=idle,  batt_discharge_w=16.0,  batt_charge_w=0,  load_w=2200.0, zone=unknown,  grid_charge=off, ev_charging_active=off, ev_charge_end=2026-02-20 06:00:02, ev_webhook_count=92, max_discharge_a=35, max_charge_a=90, max_grid_charge_a=64, soc_limit_a=60, volt_penalty_a=10, voltage_protected_limit_a=50, soc_power_w=3068, is_critical_soc=False
2026-02-20T12:24:00.214963+01:00,  soc=40.0,  volt=51.13,  volt_delta=-1.67, volt_rate_per_min=-1.67, volt_status=NORMAL, batt_w=16.0,  batt_mode=idle,  batt_discharge_w=16.0,  batt_charge_w=0,  load_w=2200.0, zone=unknown,  grid_charge=off, ev_charging_active=off, ev_charge_end=2026-02-20 06:00:02, ev_webhook_count=92, max_discharge_a=35, max_charge_a=90, max_grid_charge_a=64, soc_limit_a=60, volt_penalty_a=10, voltage_protected_limit_a=50, soc_power_w=3068, is_critical_soc=False
2026-02-20T12:25:00.215480+01:00,  soc=40.0,  volt=51.13,  volt_delta=-1.67, volt_rate_per_min=-1.67, volt_status=NORMAL, batt_w=16.0,  batt_mode=idle,  batt_discharge_w=16.0,  batt_charge_w=0,  load_w=2200.0, zone=unknown,  grid_charge=off, ev_charging_active=off, ev_charge_end=2026-02-20 06:00:02, ev_webhook_count=92, max_discharge_a=35, max_charge_a=90, max_grid_charge_a=64, soc_limit_a=60, volt_penalty_a=10, voltage_protected_limit_a=50, soc_power_w=3068, is_critical_soc=False
2026-02-20T12:26:00.214804+01:00,  soc=40.0,  volt=51.13,  volt_delta=-1.67, volt_rate_per_min=-1.67, volt_status=NORMAL, batt_w=16.0,  batt_mode=idle,  batt_discharge_w=16.0,  batt_charge_w=0,  load_w=2200.0, zone=unknown,  grid_charge=off, ev_charging_active=off, ev_charge_end=2026-02-20 06:00:02, ev_webhook_count=92, max_discharge_a=35, max_charge_a=90, max_grid_charge_a=64, soc_limit_a=60, volt_penalty_a=10, voltage_protected_limit_a=50, soc_power_w=3068, is_critical_soc=False
2026-02-20T12:27:00.215844+01:00,  soc=40.0,  volt=51.13,  volt_delta=-1.67, volt_rate_per_min=-1.67, volt_status=NORMAL, batt_w=16.0,  batt_mode=idle,  batt_discharge_w=16.0,  batt_charge_w=0,  load_w=2200.0, zone=unknown,  grid_charge=off, ev_charging_active=off, ev_charge_end=2026-02-20 06:00:02, ev_webhook_count=92, max_discharge_a=35, max_charge_a=90, max_grid_charge_a=64, soc_limit_a=60, volt_penalty_a=10, voltage_protected_limit_a=50, soc_power_w=3068, is_critical_soc=False
2026-02-20T12:28:00.215385+01:00,  soc=40.0,  volt=51.13,  volt_delta=-1.67, volt_rate_per_min=-1.67, volt_status=NORMAL, batt_w=16.0,  batt_mode=idle,  batt_discharge_w=16.0,  batt_charge_w=0,  load_w=2209.0, zone=unknown,  grid_charge=off, ev_charging_active=off, ev_charge_end=2026-02-20 06:00:02, ev_webhook_count=92, max_discharge_a=35, max_charge_a=90, max_grid_charge_a=64, soc_limit_a=60, volt_penalty_a=10, voltage_protected_limit_a=50, soc_power_w=3068, is_critical_soc=False
2026-02-20T12:29:00.214776+01:00,  soc=40.0,  volt=51.13,  volt_delta=-1.67, volt_rate_per_min=-1.67, volt_status=NORMAL, batt_w=16.0,  batt_mode=idle,  batt_discharge_w=16.0,  batt_charge_w=0,  load_w=4251.0, zone=unknown,  grid_charge=off, ev_charging_active=off, ev_charge_end=2026-02-20 06:00:02, ev_webhook_count=92, max_discharge_a=35, max_charge_a=90, max_grid_charge_a=64, soc_limit_a=60, volt_penalty_a=10, voltage_protected_limit_a=50, soc_power_w=3068, is_critical_soc=False
2026-02-20T12:30:00.214834+01:00,  soc=40.0,  volt=51.13,  volt_delta=-1.67, volt_rate_per_min=-1.67, volt_status=NORMAL, batt_w=16.0,  batt_mode=idle,  batt_discharge_w=16.0,  batt_charge_w=0,  load_w=2198.0, zone=unknown,  grid_charge=off, ev_charging_active=off, ev_charge_end=2026-02-20 06:00:02, ev_webhook_count=92, max_discharge_a=35, max_charge_a=90, max_grid_charge_a=64, soc_limit_a=60, volt_penalty_a=10, voltage_protected_limit_a=50, soc_power_w=3068, is_critical_soc=False
2026-02-20T12:31:00.215186+01:00,  soc=40.0,  volt=51.13,  volt_delta=-1.67, volt_rate_per_min=-1.67, volt_status=NORMAL, batt_w=16.0,  batt_mode=idle,  batt_discharge_w=16.0,  batt_charge_w=0,  load_w=2198.0, zone=unknown,  grid_charge=off, ev_charging_active=off, ev_charge_end=2026-02-20 06:00:02, ev_webhook_count=92, max_discharge_a=35, max_charge_a=90, max_grid_charge_a=64, soc_limit_a=60, volt_penalty_a=10, voltage_protected_limit_a=50, soc_power_w=3068, is_critical_soc=False
2026-02-20T12:32:00.214881+01:00,  soc=40.0,  volt=51.13,  volt_delta=-1.67, volt_rate_per_min=-1.67, volt_status=NORMAL, batt_w=16.0,  batt_mode=idle,  batt_discharge_w=16.0,  batt_charge_w=0,  load_w=2198.0, zone=unknown,  grid_charge=off, ev_charging_active=off, ev_charge_end=2026-02-20 06:00:02, ev_webhook_count=92, max_discharge_a=35, max_charge_a=90, max_grid_charge_a=64, soc_limit_a=60, volt_penalty_a=10, voltage_protected_limit_a=50, soc_power_w=3068, is_critical_soc=False
2026-02-20T12:33:00.215015+01:00,  soc=40.0,  volt=51.13,  volt_delta=-1.67, volt_rate_per_min=-1.67, volt_status=NORMAL, batt_w=16.0,  batt_mode=idle,  batt_discharge_w=16.0,  batt_charge_w=0,  load_w=2188.0, zone=unknown,  grid_charge=off, ev_charging_active=off, ev_charge_end=2026-02-20 06:00:02, ev_webhook_count=92, max_discharge_a=35, max_charge_a=90, max_grid_charge_a=64, soc_limit_a=60, volt_penalty_a=10, voltage_protected_limit_a=50, soc_power_w=3068, is_critical_soc=False
2026-02-20T12:34:00.215560+01:00,  soc=40.0,  volt=51.13,  volt_delta=-1.67, volt_rate_per_min=-1.67, volt_status=NORMAL, batt_w=16.0,  batt_mode=idle,  batt_discharge_w=16.0,  batt_charge_w=0,  load_w=2188.0, zone=unknown,  grid_charge=off, ev_charging_active=off, ev_charge_end=2026-02-20 06:00:02, ev_webhook_count=92, max_discharge_a=35, max_charge_a=90, max_grid_charge_a=64, soc_limit_a=60, volt_penalty_a=10, voltage_protected_limit_a=50, soc_power_w=3068, is_critical_soc=False
2026-02-20T12:35:00.214801+01:00,  soc=40.0,  volt=51.13,  volt_delta=-1.67, volt_rate_per_min=-1.67, volt_status=NORMAL, batt_w=16.0,  batt_mode=idle,  batt_discharge_w=16.0,  batt_charge_w=0,  load_w=2188.0, zone=unknown,  grid_charge=off, ev_charging_active=off, ev_charge_end=2026-02-20 06:00:02, ev_webhook_count=92, max_discharge_a=35, max_charge_a=90, max_grid_charge_a=64, soc_limit_a=60, volt_penalty_a=10, voltage_protected_limit_a=50, soc_power_w=3068, is_critical_soc=False
2026-02-20T12:36:00.216259+01:00,  soc=40.0,  volt=51.13,  volt_delta=-1.67, volt_rate_per_min=-1.67, volt_status=NORMAL, batt_w=16.0,  batt_mode=idle,  batt_discharge_w=16.0,  batt_charge_w=0,  load_w=3091.0, zone=unknown,  grid_charge=off, ev_charging_active=off, ev_charge_end=2026-02-20 06:00:02, ev_webhook_count=92, max_discharge_a=35, max_charge_a=90, max_grid_charge_a=64, soc_limit_a=60, volt_penalty_a=10, voltage_protected_limit_a=50, soc_power_w=3068, is_critical_soc=False
2026-02-20T12:37:00.214674+01:00,  soc=40.0,  volt=51.13,  volt_delta=-1.67, volt_rate_per_min=-1.67, volt_status=NORMAL, batt_w=16.0,  batt_mode=idle,  batt_discharge_w=16.0,  batt_charge_w=0,  load_w=3091.0, zone=unknown,  grid_charge=off, ev_charging_active=off, ev_charge_end=2026-02-20 06:00:02, ev_webhook_count=92, max_discharge_a=35, max_charge_a=90, max_grid_charge_a=64, soc_limit_a=60, volt_penalty_a=10, voltage_protected_limit_a=50, soc_power_w=3068, is_critical_soc=False
2026-02-20T12:38:00.215476+01:00,  soc=40.0,  volt=51.13,  volt_delta=-1.67, volt_rate_per_min=-1.67, volt_status=NORMAL, batt_w=16.0,  batt_mode=idle,  batt_discharge_w=16.0,  batt_charge_w=0,  load_w=3091.0, zone=unknown,  grid_charge=off, ev_charging_active=off, ev_charge_end=2026-02-20 06:00:02, ev_webhook_count=92, max_discharge_a=35, max_charge_a=90, max_grid_charge_a=64, soc_limit_a=60, volt_penalty_a=10, voltage_protected_limit_a=50, soc_power_w=3068, is_critical_soc=False
2026-02-20T12:39:00.215643+01:00,  soc=40.0,  volt=51.13,  volt_delta=-1.67, volt_rate_per_min=-1.67, volt_status=NORMAL, batt_w=16.0,  batt_mode=idle,  batt_discharge_w=16.0,  batt_charge_w=0,  load_w=3091.0, zone=unknown,  grid_charge=off, ev_charging_active=off, ev_charge_end=2026-02-20 06:00:02, ev_webhook_count=92, max_discharge_a=35, max_charge_a=90, max_grid_charge_a=64, soc_limit_a=60, volt_penalty_a=10, voltage_protected_limit_a=50, soc_power_w=3068, is_critical_soc=False
2026-02-20T12:40:00.215117+01:00,  soc=40.0,  volt=51.13,  volt_delta=-1.67, volt_rate_per_min=-1.67, volt_status=NORMAL, batt_w=16.0,  batt_mode=idle,  batt_discharge_w=16.0,  batt_charge_w=0,  load_w=3091.0, zone=unknown,  grid_charge=off, ev_charging_active=off, ev_charge_end=2026-02-20 06:00:02, ev_webhook_count=92, max_discharge_a=35, max_charge_a=90, max_grid_charge_a=64, soc_limit_a=60, volt_penalty_a=10, voltage_protected_limit_a=50, soc_power_w=3068, is_critical_soc=False
2026-02-20T12:41:00.214557+01:00,  soc=40.0,  volt=51.13,  volt_delta=-1.67, volt_rate_per_min=-1.67, volt_status=NORMAL, batt_w=16.0,  batt_mode=idle,  batt_discharge_w=16.0,  batt_charge_w=0,  load_w=3091.0, zone=unknown,  grid_charge=off, ev_charging_active=off, ev_charge_end=2026-02-20 06:00:02, ev_webhook_count=92, max_discharge_a=35, max_charge_a=90, max_grid_charge_a=64, soc_limit_a=60, volt_penalty_a=10, voltage_protected_limit_a=50, soc_power_w=3068, is_critical_soc=False
2026-02-20T12:42:00.214973+01:00,  soc=40.0,  volt=51.13,  volt_delta=-1.67, volt_rate_per_min=-1.67, volt_status=NORMAL, batt_w=16.0,  batt_mode=idle,  batt_discharge_w=16.0,  batt_charge_w=0,  load_w=2285.0, zone=unknown,  grid_charge=off, ev_charging_active=off, ev_charge_end=2026-02-20 06:00:02, ev_webhook_count=92, max_discharge_a=35, max_charge_a=90, max_grid_charge_a=64, soc_limit_a=60, volt_penalty_a=10, voltage_protected_limit_a=50, soc_power_w=3068, is_critical_soc=False
2026-02-20T12:43:00.214869+01:00,  soc=40.0,  volt=51.13,  volt_delta=-1.67, volt_rate_per_min=-1.67, volt_status=NORMAL, batt_w=16.0,  batt_mode=idle,  batt_discharge_w=16.0,  batt_charge_w=0,  load_w=2285.0, zone=unknown,  grid_charge=off, ev_charging_active=off, ev_charge_end=2026-02-20 06:00:02, ev_webhook_count=92, max_discharge_a=35, max_charge_a=90, max_grid_charge_a=64, soc_limit_a=60, volt_penalty_a=10, voltage_protected_limit_a=50, soc_power_w=3068, is_critical_soc=False
2026-02-20T12:44:00.215062+01:00,  soc=40.0,  volt=51.13,  volt_delta=-1.67, volt_rate_per_min=-1.67, volt_status=NORMAL, batt_w=16.0,  batt_mode=idle,  batt_discharge_w=16.0,  batt_charge_w=0,  load_w=2282.0, zone=unknown,  grid_charge=off, ev_charging_active=off, ev_charge_end=2026-02-20 06:00:02, ev_webhook_count=92, max_discharge_a=35, max_charge_a=90, max_grid_charge_a=64, soc_limit_a=60, volt_penalty_a=10, voltage_protected_limit_a=50, soc_power_w=3068, is_critical_soc=False
2026-02-20T12:45:00.214953+01:00,  soc=40.0,  volt=51.13,  volt_delta=-1.67, volt_rate_per_min=-1.67, volt_status=NORMAL, batt_w=16.0,  batt_mode=idle,  batt_discharge_w=16.0,  batt_charge_w=0,  load_w=2282.0, zone=unknown,  grid_charge=off, ev_charging_active=off, ev_charge_end=2026-02-20 06:00:02, ev_webhook_count=92, max_discharge_a=35, max_charge_a=90, max_grid_charge_a=64, soc_limit_a=60, volt_penalty_a=10, voltage_protected_limit_a=50, soc_power_w=3068, is_critical_soc=False
2026-02-20T12:46:00.214745+01:00,  soc=40.0,  volt=51.13,  volt_delta=-1.67, volt_rate_per_min=-1.67, volt_status=NORMAL, batt_w=16.0,  batt_mode=idle,  batt_discharge_w=16.0,  batt_charge_w=0,  load_w=2282.0, zone=unknown,  grid_charge=off, ev_charging_active=off, ev_charge_end=2026-02-20 06:00:02, ev_webhook_count=92, max_discharge_a=35, max_charge_a=90, max_grid_charge_a=64, soc_limit_a=60, volt_penalty_a=10, voltage_protected_limit_a=50, soc_power_w=3068, is_critical_soc=False
2026-02-20T12:47:00.215594+01:00,  soc=40.0,  volt=51.13,  volt_delta=-1.67, volt_rate_per_min=-1.67, volt_status=NORMAL, batt_w=16.0,  batt_mode=idle,  batt_discharge_w=16.0,  batt_charge_w=0,  load_w=2282.0, zone=unknown,  grid_charge=off, ev_charging_active=off, ev_charge_end=2026-02-20 06:00:02, ev_webhook_count=92, max_discharge_a=35, max_charge_a=90, max_grid_charge_a=64, soc_limit_a=60, volt_penalty_a=10, voltage_protected_limit_a=50, soc_power_w=3068, is_critical_soc=False
2026-02-20T12:48:00.214753+01:00,  soc=40.0,  volt=51.12,  volt_delta=-1.68, volt_rate_per_min=-1.68, volt_status=NORMAL, batt_w=16.0,  batt_mode=idle,  batt_discharge_w=16.0,  batt_charge_w=0,  load_w=2201.0, zone=unknown,  grid_charge=off, ev_charging_active=off, ev_charge_end=2026-02-20 06:00:02, ev_webhook_count=92, max_discharge_a=35, max_charge_a=90, max_grid_charge_a=64, soc_limit_a=60, volt_penalty_a=10, voltage_protected_limit_a=50, soc_power_w=3067, is_critical_soc=False
2026-02-20T12:49:00.215066+01:00,  soc=40.0,  volt=51.12,  volt_delta=-1.68, volt_rate_per_min=-1.68, volt_status=NORMAL, batt_w=16.0,  batt_mode=idle,  batt_discharge_w=16.0,  batt_charge_w=0,  load_w=2209.0, zone=unknown,  grid_charge=off, ev_charging_active=off, ev_charge_end=2026-02-20 06:00:02, ev_webhook_count=92, max_discharge_a=35, max_charge_a=90, max_grid_charge_a=64, soc_limit_a=60, volt_penalty_a=10, voltage_protected_limit_a=50, soc_power_w=3067, is_critical_soc=False
2026-02-20T12:50:00.214749+01:00,  soc=40.0,  volt=51.12,  volt_delta=-1.68, volt_rate_per_min=-1.68, volt_status=NORMAL, batt_w=16.0,  batt_mode=idle,  batt_discharge_w=16.0,  batt_charge_w=0,  load_w=2284.0, zone=unknown,  grid_charge=off, ev_charging_active=off, ev_charge_end=2026-02-20 06:00:02, ev_webhook_count=92, max_discharge_a=35, max_charge_a=90, max_grid_charge_a=64, soc_limit_a=60, volt_penalty_a=10, voltage_protected_limit_a=50, soc_power_w=3067, is_critical_soc=False
2026-02-20T12:51:00.215148+01:00,  soc=40.0,  volt=51.12,  volt_delta=-1.68, volt_rate_per_min=-1.68, volt_status=NORMAL, batt_w=16.0,  batt_mode=idle,  batt_discharge_w=16.0,  batt_charge_w=0,  load_w=2284.0, zone=unknown,  grid_charge=off, ev_charging_active=off, ev_charge_end=2026-02-20 06:00:02, ev_webhook_count=92, max_discharge_a=35, max_charge_a=90, max_grid_charge_a=64, soc_limit_a=60, volt_penalty_a=10, voltage_protected_limit_a=50, soc_power_w=3067, is_critical_soc=False
2026-02-20T12:52:00.215111+01:00,  soc=40.0,  volt=51.12,  volt_delta=-1.68, volt_rate_per_min=-1.68, volt_status=NORMAL, batt_w=16.0,  batt_mode=idle,  batt_discharge_w=16.0,  batt_charge_w=0,  load_w=2337.0, zone=unknown,  grid_charge=off, ev_charging_active=off, ev_charge_end=2026-02-20 06:00:02, ev_webhook_count=92, max_discharge_a=35, max_charge_a=90, max_grid_charge_a=64, soc_limit_a=60, volt_penalty_a=10, voltage_protected_limit_a=50, soc_power_w=3067, is_critical_soc=False
2026-02-20T12:53:00.214631+01:00,  soc=40.0,  volt=51.12,  volt_delta=-1.68, volt_rate_per_min=-1.68, volt_status=NORMAL, batt_w=16.0,  batt_mode=idle,  batt_discharge_w=16.0,  batt_charge_w=0,  load_w=2337.0, zone=unknown,  grid_charge=off, ev_charging_active=off, ev_charge_end=2026-02-20 06:00:02, ev_webhook_count=92, max_discharge_a=35, max_charge_a=90, max_grid_charge_a=64, soc_limit_a=60, volt_penalty_a=10, voltage_protected_limit_a=50, soc_power_w=3067, is_critical_soc=False
2026-02-20T12:54:00.215223+01:00,  soc=40.0,  volt=51.12,  volt_delta=-1.68, volt_rate_per_min=-1.68, volt_status=NORMAL, batt_w=16.0,  batt_mode=idle,  batt_discharge_w=16.0,  batt_charge_w=0,  load_w=2343.0, zone=unknown,  grid_charge=off, ev_charging_active=off, ev_charge_end=2026-02-20 06:00:02, ev_webhook_count=92, max_discharge_a=35, max_charge_a=90, max_grid_charge_a=64, soc_limit_a=60, volt_penalty_a=10, voltage_protected_limit_a=50, soc_power_w=3067, is_critical_soc=False
2026-02-20T12:55:00.215073+01:00,  soc=40.0,  volt=51.12,  volt_delta=-1.68, volt_rate_per_min=-1.68, volt_status=NORMAL, batt_w=16.0,  batt_mode=idle,  batt_discharge_w=16.0,  batt_charge_w=0,  load_w=2343.0, zone=unknown,  grid_charge=off, ev_charging_active=off, ev_charge_end=2026-02-20 06:00:02, ev_webhook_count=92, max_discharge_a=35, max_charge_a=90, max_grid_charge_a=64, soc_limit_a=60, volt_penalty_a=10, voltage_protected_limit_a=50, soc_power_w=3067, is_critical_soc=False
2026-02-20T12:56:00.214797+01:00,  soc=40.0,  volt=51.12,  volt_delta=-1.68, volt_rate_per_min=-1.68, volt_status=NORMAL, batt_w=16.0,  batt_mode=idle,  batt_discharge_w=16.0,  batt_charge_w=0,  load_w=2343.0, zone=unknown,  grid_charge=off, ev_charging_active=off, ev_charge_end=2026-02-20 06:00:02, ev_webhook_count=92, max_discharge_a=35, max_charge_a=90, max_grid_charge_a=64, soc_limit_a=60, volt_penalty_a=10, voltage_protected_limit_a=50, soc_power_w=3067, is_critical_soc=False
2026-02-20T12:57:00.216544+01:00,  soc=40.0,  volt=51.12,  volt_delta=-1.68, volt_rate_per_min=-1.68, volt_status=NORMAL, batt_w=16.0,  batt_mode=idle,  batt_discharge_w=16.0,  batt_charge_w=0,  load_w=2343.0, zone=unknown,  grid_charge=off, ev_charging_active=off, ev_charge_end=2026-02-20 06:00:02, ev_webhook_count=92, max_discharge_a=35, max_charge_a=90, max_grid_charge_a=64, soc_limit_a=60, volt_penalty_a=10, voltage_protected_limit_a=50, soc_power_w=3067, is_critical_soc=False
2026-02-20T12:58:00.214704+01:00,  soc=40.0,  volt=51.13,  volt_delta=-1.67, volt_rate_per_min=-1.67, volt_status=NORMAL, batt_w=16.0,  batt_mode=idle,  batt_discharge_w=16.0,  batt_charge_w=0,  load_w=2343.0, zone=unknown,  grid_charge=off, ev_charging_active=off, ev_charge_end=2026-02-20 06:00:02, ev_webhook_count=92, max_discharge_a=35, max_charge_a=90, max_grid_charge_a=64, soc_limit_a=60, volt_penalty_a=10, voltage_protected_limit_a=50, soc_power_w=3068, is_critical_soc=False
2026-02-20T12:59:00.215452+01:00,  soc=40.0,  volt=51.13,  volt_delta=-1.67, volt_rate_per_min=-1.67, volt_status=NORMAL, batt_w=16.0,  batt_mode=idle,  batt_discharge_w=16.0,  batt_charge_w=0,  load_w=2343.0, zone=unknown,  grid_charge=off, ev_charging_active=off, ev_charge_end=2026-02-20 06:00:02, ev_webhook_count=92, max_discharge_a=35, max_charge_a=90, max_grid_charge_a=64, soc_limit_a=60, volt_penalty_a=10, voltage_protected_limit_a=50, soc_power_w=3068, is_critical_soc=False
2026-02-20T13:00:00.214690+01:00,  soc=40.0,  volt=51.13,  volt_delta=-1.67, volt_rate_per_min=-1.67, volt_status=NORMAL, batt_w=16.0,  batt_mode=idle,  batt_discharge_w=16.0,  batt_charge_w=0,  load_w=2341.0, zone=unknown,  grid_charge=off, ev_charging_active=off, ev_charge_end=2026-02-20 06:00:02, ev_webhook_count=92, max_discharge_a=35, max_charge_a=90, max_grid_charge_a=64, soc_limit_a=60, volt_penalty_a=10, voltage_protected_limit_a=50, soc_power_w=3068, is_critical_soc=False
2026-02-20T13:01:00.215113+01:00,  soc=41.0,  volt=52.32,  volt_delta=-0.48, volt_rate_per_min=-0.48, volt_status=NORMAL, batt_w=-3099.0,  batt_mode=charge,  batt_discharge_w=0,  batt_charge_w=3099.0,  load_w=1401.0, zone=unknown,  grid_charge=on, ev_charging_active=off, ev_charge_end=2026-02-20 06:00:02, ev_webhook_count=92, max_discharge_a=36, max_charge_a=90, max_grid_charge_a=64, soc_limit_a=60, volt_penalty_a=10, voltage_protected_limit_a=50, soc_power_w=3139, is_critical_soc=False
2026-02-20T13:02:00.215136+01:00,  soc=41.0,  volt=52.59,  volt_delta=-0.21, volt_rate_per_min=-0.21, volt_status=NORMAL, batt_w=-3099.0,  batt_mode=charge,  batt_discharge_w=0,  batt_charge_w=3099.0,  load_w=1237.0, zone=unknown,  grid_charge=on, ev_charging_active=off, ev_charge_end=2026-02-20 06:00:02, ev_webhook_count=92, max_discharge_a=36, max_charge_a=90, max_grid_charge_a=64, soc_limit_a=60, volt_penalty_a=5, voltage_protected_limit_a=55, soc_power_w=3155, is_critical_soc=False
2026-02-20T13:03:00.214840+01:00,  soc=42.0,  volt=52.7,  volt_delta=-0.1, volt_rate_per_min=-0.1, volt_status=NORMAL, batt_w=-3099.0,  batt_mode=charge,  batt_discharge_w=0,  batt_charge_w=3099.0,  load_w=1237.0, zone=unknown,  grid_charge=on, ev_charging_active=off, ev_charge_end=2026-02-20 06:00:02, ev_webhook_count=92, max_discharge_a=36, max_charge_a=90, max_grid_charge_a=64, soc_limit_a=60, volt_penalty_a=0, voltage_protected_limit_a=60, soc_power_w=3162, is_critical_soc=False
2026-02-20T13:04:00.215615+01:00,  soc=42.0,  volt=52.7,  volt_delta=-0.1, volt_rate_per_min=-0.1, volt_status=NORMAL, batt_w=-3099.0,  batt_mode=charge,  batt_discharge_w=0,  batt_charge_w=3099.0,  load_w=1237.0, zone=unknown,  grid_charge=on, ev_charging_active=off, ev_charge_end=2026-02-20 06:00:02, ev_webhook_count=92, max_discharge_a=36, max_charge_a=90, max_grid_charge_a=64, soc_limit_a=60, volt_penalty_a=0, voltage_protected_limit_a=60, soc_power_w=3162, is_critical_soc=False
2026-02-20T13:05:00.214729+01:00,  soc=43.0,  volt=52.7,  volt_delta=-0.1, volt_rate_per_min=-0.1, volt_status=NORMAL, batt_w=-3099.0,  batt_mode=charge,  batt_discharge_w=0,  batt_charge_w=3099.0,  load_w=1312.0, zone=unknown,  grid_charge=on, ev_charging_active=off, ev_charge_end=2026-02-20 06:00:02, ev_webhook_count=92, max_discharge_a=37, max_charge_a=90, max_grid_charge_a=64, soc_limit_a=60, volt_penalty_a=0, voltage_protected_limit_a=60, soc_power_w=3162, is_critical_soc=False
2026-02-20T13:06:00.214872+01:00,  soc=43.0,  volt=52.81,  volt_delta=0.01, volt_rate_per_min=0.01, volt_status=NORMAL, batt_w=-3099.0,  batt_mode=charge,  batt_discharge_w=0,  batt_charge_w=3099.0,  load_w=1721.0, zone=unknown,  grid_charge=on, ev_charging_active=off, ev_charge_end=2026-02-20 06:00:02, ev_webhook_count=92, max_discharge_a=37, max_charge_a=90, max_grid_charge_a=64, soc_limit_a=60, volt_penalty_a=0, voltage_protected_limit_a=60, soc_power_w=3169, is_critical_soc=False
2026-02-20T13:07:00.214828+01:00,  soc=44.0,  volt=52.81,  volt_delta=0.01, volt_rate_per_min=0.01, volt_status=NORMAL, batt_w=-3099.0,  batt_mode=charge,  batt_discharge_w=0,  batt_charge_w=3099.0,  load_w=2141.0, zone=unknown,  grid_charge=on, ev_charging_active=off, ev_charge_end=2026-02-20 06:00:02, ev_webhook_count=92, max_discharge_a=38, max_charge_a=90, max_grid_charge_a=64, soc_limit_a=60, volt_penalty_a=0, voltage_protected_limit_a=60, soc_power_w=3169, is_critical_soc=False
2026-02-20T13:08:00.214809+01:00,  soc=44.0,  volt=52.89,  volt_delta=0.09, volt_rate_per_min=0.09, volt_status=NORMAL, batt_w=-3131.0,  batt_mode=charge,  batt_discharge_w=0,  batt_charge_w=3131.0,  load_w=2553.0, zone=unknown,  grid_charge=on, ev_charging_active=off, ev_charge_end=2026-02-20 06:00:02, ev_webhook_count=92, max_discharge_a=38, max_charge_a=90, max_grid_charge_a=64, soc_limit_a=60, volt_penalty_a=0, voltage_protected_limit_a=60, soc_power_w=3173, is_critical_soc=False
2026-02-20T13:09:00.214804+01:00,  soc=45.0,  volt=52.91,  volt_delta=0.11, volt_rate_per_min=0.11, volt_status=NORMAL, batt_w=-3131.0,  batt_mode=charge,  batt_discharge_w=0,  batt_charge_w=3131.0,  load_w=3001.0, zone=unknown,  grid_charge=on, ev_charging_active=off, ev_charge_end=2026-02-20 06:00:02, ev_webhook_count=92, max_discharge_a=39, max_charge_a=90, max_grid_charge_a=64, soc_limit_a=60, volt_penalty_a=0, voltage_protected_limit_a=60, soc_power_w=3175, is_critical_soc=False
2026-02-20T13:10:00.215701+01:00,  soc=45.0,  volt=53.01,  volt_delta=0.21, volt_rate_per_min=0.21, volt_status=NORMAL, batt_w=-3131.0,  batt_mode=charge,  batt_discharge_w=0,  batt_charge_w=3131.0,  load_w=3119.0, zone=unknown,  grid_charge=on, ev_charging_active=off, ev_charge_end=2026-02-20 06:00:02, ev_webhook_count=92, max_discharge_a=39, max_charge_a=90, max_grid_charge_a=64, soc_limit_a=60, volt_penalty_a=0, voltage_protected_limit_a=60, soc_power_w=3181, is_critical_soc=False
2026-02-20T13:11:00.215111+01:00,  soc=46.0,  volt=53.01,  volt_delta=0.21, volt_rate_per_min=0.21, volt_status=NORMAL, batt_w=-3131.0,  batt_mode=charge,  batt_discharge_w=0,  batt_charge_w=3131.0,  load_w=3119.0, zone=unknown,  grid_charge=on, ev_charging_active=off, ev_charge_end=2026-02-20 06:00:02, ev_webhook_count=92, max_discharge_a=40, max_charge_a=90, max_grid_charge_a=64, soc_limit_a=60, volt_penalty_a=0, voltage_protected_limit_a=60, soc_power_w=3181, is_critical_soc=False
2026-02-20T13:12:00.214727+01:00,  soc=46.0,  volt=53.13,  volt_delta=0.33, volt_rate_per_min=0.33, volt_status=NORMAL, batt_w=-3131.0,  batt_mode=charge,  batt_discharge_w=0,  batt_charge_w=3131.0,  load_w=3195.0, zone=unknown,  grid_charge=on, ev_charging_active=off, ev_charge_end=2026-02-20 06:00:02, ev_webhook_count=92, max_discharge_a=40, max_charge_a=90, max_grid_charge_a=64, soc_limit_a=60, volt_penalty_a=0, voltage_protected_limit_a=60, soc_power_w=3188, is_critical_soc=False
2026-02-20T13:13:00.216218+01:00,  soc=47.0,  volt=53.13,  volt_delta=0.33, volt_rate_per_min=0.33, volt_status=NORMAL, batt_w=-3149.0,  batt_mode=charge,  batt_discharge_w=0,  batt_charge_w=3149.0,  load_w=3195.0, zone=unknown,  grid_charge=on, ev_charging_active=off, ev_charge_end=2026-02-20 06:00:02, ev_webhook_count=92, max_discharge_a=40, max_charge_a=90, max_grid_charge_a=64, soc_limit_a=60, volt_penalty_a=0, voltage_protected_limit_a=60, soc_power_w=3188, is_critical_soc=False
2026-02-20T13:14:00.215586+01:00,  soc=48.0,  volt=53.24,  volt_delta=0.44, volt_rate_per_min=0.44, volt_status=NORMAL, batt_w=-3149.0,  batt_mode=charge,  batt_discharge_w=0,  batt_charge_w=3149.0,  load_w=3294.0, zone=unknown,  grid_charge=on, ev_charging_active=off, ev_charge_end=2026-02-20 06:00:02, ev_webhook_count=92, max_discharge_a=41, max_charge_a=90, max_grid_charge_a=64, soc_limit_a=60, volt_penalty_a=0, voltage_protected_limit_a=60, soc_power_w=3194, is_critical_soc=False
2026-02-20T13:15:00.215465+01:00,  soc=48.0,  volt=53.24,  volt_delta=0.44, volt_rate_per_min=0.44, volt_status=NORMAL, batt_w=-3149.0,  batt_mode=charge,  batt_discharge_w=0,  batt_charge_w=3149.0,  load_w=3294.0, zone=unknown,  grid_charge=on, ev_charging_active=off, ev_charge_end=2026-02-20 06:00:02, ev_webhook_count=92, max_discharge_a=41, max_charge_a=90, max_grid_charge_a=64, soc_limit_a=60, volt_penalty_a=0, voltage_protected_limit_a=60, soc_power_w=3194, is_critical_soc=False
2026-02-20T13:16:00.214667+01:00,  soc=49.0,  volt=53.34,  volt_delta=0.54, volt_rate_per_min=0.54, volt_status=NORMAL, batt_w=-3149.0,  batt_mode=charge,  batt_discharge_w=0,  batt_charge_w=3149.0,  load_w=3430.0, zone=unknown,  grid_charge=on, ev_charging_active=off, ev_charge_end=2026-02-20 06:00:02, ev_webhook_count=92, max_discharge_a=42, max_charge_a=90, max_grid_charge_a=64, soc_limit_a=60, volt_penalty_a=0, voltage_protected_limit_a=60, soc_power_w=3200, is_critical_soc=False
2026-02-20T13:17:00.214997+01:00,  soc=49.0,  volt=53.34,  volt_delta=0.54, volt_rate_per_min=0.54, volt_status=NORMAL, batt_w=-3149.0,  batt_mode=charge,  batt_discharge_w=0,  batt_charge_w=3149.0,  load_w=3480.0, zone=unknown,  grid_charge=on, ev_charging_active=off, ev_charge_end=2026-02-20 06:00:02, ev_webhook_count=92, max_discharge_a=42, max_charge_a=90, max_grid_charge_a=64, soc_limit_a=60, volt_penalty_a=0, voltage_protected_limit_a=60, soc_power_w=3200, is_critical_soc=False
2026-02-20T13:18:00.215211+01:00,  soc=50.0,  volt=53.42,  volt_delta=0.62, volt_rate_per_min=0.62, volt_status=NORMAL, batt_w=-3163.0,  batt_mode=charge,  batt_discharge_w=0,  batt_charge_w=3163.0,  load_w=3541.0, zone=unknown,  grid_charge=on, ev_charging_active=off, ev_charge_end=2026-02-20 06:00:02, ev_webhook_count=92, max_discharge_a=42, max_charge_a=90, max_grid_charge_a=64, soc_limit_a=60, volt_penalty_a=0, voltage_protected_limit_a=60, soc_power_w=3205, is_critical_soc=False
2026-02-20T13:19:00.215448+01:00,  soc=50.0,  volt=53.45,  volt_delta=0.65, volt_rate_per_min=0.65, volt_status=NORMAL, batt_w=-3163.0,  batt_mode=charge,  batt_discharge_w=0,  batt_charge_w=3163.0,  load_w=3541.0, zone=unknown,  grid_charge=on, ev_charging_active=off, ev_charge_end=2026-02-20 06:00:02, ev_webhook_count=92, max_discharge_a=42, max_charge_a=90, max_grid_charge_a=64, soc_limit_a=60, volt_penalty_a=0, voltage_protected_limit_a=60, soc_power_w=3207, is_critical_soc=False
2026-02-20T13:20:00.215147+01:00,  soc=51.0,  volt=53.45,  volt_delta=0.65, volt_rate_per_min=0.65, volt_status=NORMAL, batt_w=-3163.0,  batt_mode=charge,  batt_discharge_w=0,  batt_charge_w=3163.0,  load_w=3659.0, zone=unknown,  grid_charge=on, ev_charging_active=off, ev_charge_end=2026-02-20 06:00:02, ev_webhook_count=92, max_discharge_a=43, max_charge_a=90, max_grid_charge_a=64, soc_limit_a=60, volt_penalty_a=0, voltage_protected_limit_a=60, soc_power_w=3207, is_critical_soc=False
2026-02-20T13:21:00.214912+01:00,  soc=51.0,  volt=53.56,  volt_delta=0.76, volt_rate_per_min=0.76, volt_status=NORMAL, batt_w=-3163.0,  batt_mode=charge,  batt_discharge_w=0,  batt_charge_w=3163.0,  load_w=3689.0, zone=unknown,  grid_charge=on, ev_charging_active=off, ev_charge_end=2026-02-20 06:00:02, ev_webhook_count=92, max_discharge_a=43, max_charge_a=90, max_grid_charge_a=64, soc_limit_a=60, volt_penalty_a=0, voltage_protected_limit_a=60, soc_power_w=3214, is_critical_soc=False
2026-02-20T13:22:00.214673+01:00,  soc=52.0,  volt=53.56,  volt_delta=0.76, volt_rate_per_min=0.76, volt_status=NORMAL, batt_w=-3163.0,  batt_mode=charge,  batt_discharge_w=0,  batt_charge_w=3163.0,  load_w=3712.0, zone=unknown,  grid_charge=on, ev_charging_active=off, ev_charge_end=2026-02-20 06:00:02, ev_webhook_count=92, max_discharge_a=44, max_charge_a=90, max_grid_charge_a=64, soc_limit_a=60, volt_penalty_a=0, voltage_protected_limit_a=60, soc_power_w=3214, is_critical_soc=False
2026-02-20T13:23:00.215869+01:00,  soc=52.0,  volt=53.56,  volt_delta=0.76, volt_rate_per_min=0.76, volt_status=NORMAL, batt_w=-3163.0,  batt_mode=charge,  batt_discharge_w=0,  batt_charge_w=3163.0,  load_w=3773.0, zone=unknown,  grid_charge=on, ev_charging_active=off, ev_charge_end=2026-02-20 06:00:02, ev_webhook_count=92, max_discharge_a=44, max_charge_a=90, max_grid_charge_a=64, soc_limit_a=60, volt_penalty_a=0, voltage_protected_limit_a=60, soc_power_w=3214, is_critical_soc=False
2026-02-20T13:24:00.215602+01:00,  soc=53.0,  volt=53.67,  volt_delta=0.87, volt_rate_per_min=0.87, volt_status=NORMAL, batt_w=-3163.0,  batt_mode=charge,  batt_discharge_w=0,  batt_charge_w=3163.0,  load_w=3848.0, zone=unknown,  grid_charge=on, ev_charging_active=off, ev_charge_end=2026-02-20 06:00:02, ev_webhook_count=92, max_discharge_a=45, max_charge_a=90, max_grid_charge_a=64, soc_limit_a=60, volt_penalty_a=0, voltage_protected_limit_a=60, soc_power_w=3220, is_critical_soc=False
2026-02-20T13:25:00.215597+01:00,  soc=53.0,  volt=53.67,  volt_delta=0.87, volt_rate_per_min=0.87, volt_status=NORMAL, batt_w=-3163.0,  batt_mode=charge,  batt_discharge_w=0,  batt_charge_w=3163.0,  load_w=3848.0, zone=unknown,  grid_charge=on, ev_charging_active=off, ev_charge_end=2026-02-20 06:00:02, ev_webhook_count=92, max_discharge_a=45, max_charge_a=90, max_grid_charge_a=64, soc_limit_a=60, volt_penalty_a=0, voltage_protected_limit_a=60, soc_power_w=3220, is_critical_soc=False
2026-02-20T13:26:00.215400+01:00,  soc=54.0,  volt=53.67,  volt_delta=0.87, volt_rate_per_min=0.87, volt_status=NORMAL, batt_w=-3163.0,  batt_mode=charge,  batt_discharge_w=0,  batt_charge_w=3163.0,  load_w=3958.0, zone=unknown,  grid_charge=on, ev_charging_active=off, ev_charge_end=2026-02-20 06:00:02, ev_webhook_count=92, max_discharge_a=46, max_charge_a=90, max_grid_charge_a=64, soc_limit_a=60, volt_penalty_a=0, voltage_protected_limit_a=60, soc_power_w=3220, is_critical_soc=False
2026-02-20T13:27:00.214676+01:00,  soc=54.0,  volt=53.77,  volt_delta=0.97, volt_rate_per_min=0.97, volt_status=NORMAL, batt_w=-3163.0,  batt_mode=charge,  batt_discharge_w=0,  batt_charge_w=3163.0,  load_w=6088.0, zone=unknown,  grid_charge=on, ev_charging_active=off, ev_charge_end=2026-02-20 06:00:02, ev_webhook_count=92, max_discharge_a=46, max_charge_a=90, max_grid_charge_a=64, soc_limit_a=60, volt_penalty_a=0, voltage_protected_limit_a=60, soc_power_w=3226, is_critical_soc=False
2026-02-20T13:28:00.215628+01:00,  soc=55.0,  volt=53.82,  volt_delta=1.02, volt_rate_per_min=1.02, volt_status=NORMAL, batt_w=-3191.0,  batt_mode=charge,  batt_discharge_w=0,  batt_charge_w=3191.0,  load_w=4023.0, zone=unknown,  grid_charge=on, ev_charging_active=off, ev_charge_end=2026-02-20 06:00:02, ev_webhook_count=92, max_discharge_a=46, max_charge_a=90, max_grid_charge_a=64, soc_limit_a=60, volt_penalty_a=0, voltage_protected_limit_a=60, soc_power_w=3229, is_critical_soc=False
2026-02-20T13:29:00.214570+01:00,  soc=56.0,  volt=53.82,  volt_delta=1.02, volt_rate_per_min=1.02, volt_status=NORMAL, batt_w=-3191.0,  batt_mode=charge,  batt_discharge_w=0,  batt_charge_w=3191.0,  load_w=4121.0, zone=unknown,  grid_charge=on, ev_charging_active=off, ev_charge_end=2026-02-20 06:00:02, ev_webhook_count=92, max_discharge_a=47, max_charge_a=90, max_grid_charge_a=64, soc_limit_a=60, volt_penalty_a=0, voltage_protected_limit_a=60, soc_power_w=3229, is_critical_soc=False
2026-02-20T13:30:00.215482+01:00,  soc=56.0,  volt=53.82,  volt_delta=1.02, volt_rate_per_min=1.02, volt_status=NORMAL, batt_w=-3191.0,  batt_mode=charge,  batt_discharge_w=0,  batt_charge_w=3191.0,  load_w=4192.0, zone=unknown,  grid_charge=on, ev_charging_active=off, ev_charge_end=2026-02-20 06:00:02, ev_webhook_count=92, max_discharge_a=47, max_charge_a=90, max_grid_charge_a=64, soc_limit_a=60, volt_penalty_a=0, voltage_protected_limit_a=60, soc_power_w=3229, is_critical_soc=False
2026-02-20T13:31:00.215063+01:00,  soc=57.0,  volt=53.89,  volt_delta=1.09, volt_rate_per_min=1.09, volt_status=NORMAL, batt_w=-3191.0,  batt_mode=charge,  batt_discharge_w=0,  batt_charge_w=3191.0,  load_w=4192.0, zone=unknown,  grid_charge=on, ev_charging_active=off, ev_charge_end=2026-02-20 06:00:02, ev_webhook_count=92, max_discharge_a=48, max_charge_a=90, max_grid_charge_a=64, soc_limit_a=60, volt_penalty_a=0, voltage_protected_limit_a=60, soc_power_w=3233, is_critical_soc=False
2026-02-20T13:32:00.215089+01:00,  soc=57.0,  volt=53.89,  volt_delta=1.09, volt_rate_per_min=1.09, volt_status=NORMAL, batt_w=-3200.0,  batt_mode=charge,  batt_discharge_w=0,  batt_charge_w=3200.0,  load_w=3930.0, zone=unknown,  grid_charge=on, ev_charging_active=off, ev_charge_end=2026-02-20 06:00:02, ev_webhook_count=92, max_discharge_a=48, max_charge_a=90, max_grid_charge_a=64, soc_limit_a=60, volt_penalty_a=0, voltage_protected_limit_a=60, soc_power_w=3233, is_critical_soc=False
2026-02-20T13:33:00.214988+01:00,  soc=58.0,  volt=53.89,  volt_delta=1.09, volt_rate_per_min=1.09, volt_status=NORMAL, batt_w=-3200.0,  batt_mode=charge,  batt_discharge_w=0,  batt_charge_w=3200.0,  load_w=3707.0, zone=unknown,  grid_charge=on, ev_charging_active=off, ev_charge_end=2026-02-20 06:00:02, ev_webhook_count=92, max_discharge_a=48, max_charge_a=90, max_grid_charge_a=64, soc_limit_a=60, volt_penalty_a=0, voltage_protected_limit_a=60, soc_power_w=3233, is_critical_soc=False
2026-02-20T13:34:00.215230+01:00,  soc=58.0,  volt=53.99,  volt_delta=1.19, volt_rate_per_min=1.19, volt_status=NORMAL, batt_w=-3200.0,  batt_mode=charge,  batt_discharge_w=0,  batt_charge_w=3200.0,  load_w=3435.0, zone=unknown,  grid_charge=on, ev_charging_active=off, ev_charge_end=2026-02-20 06:00:02, ev_webhook_count=92, max_discharge_a=48, max_charge_a=90, max_grid_charge_a=64, soc_limit_a=60, volt_penalty_a=0, voltage_protected_limit_a=60, soc_power_w=3239, is_critical_soc=False
2026-02-20T13:35:00.215541+01:00,  soc=59.0,  volt=53.99,  volt_delta=1.19, volt_rate_per_min=1.19, volt_status=NORMAL, batt_w=-3200.0,  batt_mode=charge,  batt_discharge_w=0,  batt_charge_w=3200.0,  load_w=3435.0, zone=unknown,  grid_charge=on, ev_charging_active=off, ev_charge_end=2026-02-20 06:00:02, ev_webhook_count=92, max_discharge_a=49, max_charge_a=90, max_grid_charge_a=64, soc_limit_a=60, volt_penalty_a=0, voltage_protected_limit_a=60, soc_power_w=3239, is_critical_soc=False
2026-02-20T13:36:00.214826+01:00,  soc=59.0,  volt=53.99,  volt_delta=1.19, volt_rate_per_min=1.19, volt_status=NORMAL, batt_w=-3200.0,  batt_mode=charge,  batt_discharge_w=0,  batt_charge_w=3200.0,  load_w=3325.0, zone=unknown,  grid_charge=on, ev_charging_active=off, ev_charge_end=2026-02-20 06:00:02, ev_webhook_count=92, max_discharge_a=49, max_charge_a=90, max_grid_charge_a=64, soc_limit_a=60, volt_penalty_a=0, voltage_protected_limit_a=60, soc_power_w=3239, is_critical_soc=False
2026-02-20T13:37:00.214947+01:00,  soc=60.0,  volt=53.99,  volt_delta=1.19, volt_rate_per_min=1.19, volt_status=NORMAL, batt_w=-3200.0,  batt_mode=charge,  batt_discharge_w=0,  batt_charge_w=3200.0,  load_w=3345.0, zone=unknown,  grid_charge=on, ev_charging_active=off, ev_charge_end=2026-02-20 06:00:02, ev_webhook_count=92, max_discharge_a=50, max_charge_a=90, max_grid_charge_a=64, soc_limit_a=60, volt_penalty_a=0, voltage_protected_limit_a=60, soc_power_w=3239, is_critical_soc=False
2026-02-20T13:38:00.215007+01:00,  soc=60.0,  volt=54.05,  volt_delta=1.25, volt_rate_per_min=1.25, volt_status=NORMAL, batt_w=-3211.0,  batt_mode=charge,  batt_discharge_w=0,  batt_charge_w=3211.0,  load_w=3419.0, zone=unknown,  grid_charge=on, ev_charging_active=off, ev_charge_end=2026-02-20 06:00:02, ev_webhook_count=92, max_discharge_a=50, max_charge_a=90, max_grid_charge_a=64, soc_limit_a=60, volt_penalty_a=0, voltage_protected_limit_a=60, soc_power_w=3243, is_critical_soc=False
2026-02-20T13:39:00.215306+01:00,  soc=61.0,  volt=54.05,  volt_delta=1.25, volt_rate_per_min=1.25, volt_status=NORMAL, batt_w=-3211.0,  batt_mode=charge,  batt_discharge_w=0,  batt_charge_w=3211.0,  load_w=3419.0, zone=unknown,  grid_charge=on, ev_charging_active=off, ev_charge_end=2026-02-20 06:00:02, ev_webhook_count=92, max_discharge_a=50, max_charge_a=90, max_grid_charge_a=64, soc_limit_a=60, volt_penalty_a=0, voltage_protected_limit_a=60, soc_power_w=3243, is_critical_soc=False
2026-02-20T13:40:00.216011+01:00,  soc=61.0,  volt=54.05,  volt_delta=1.25, volt_rate_per_min=1.25, volt_status=NORMAL, batt_w=-3211.0,  batt_mode=charge,  batt_discharge_w=0,  batt_charge_w=3211.0,  load_w=3525.0, zone=unknown,  grid_charge=on, ev_charging_active=off, ev_charge_end=2026-02-20 06:00:02, ev_webhook_count=92, max_discharge_a=50, max_charge_a=90, max_grid_charge_a=64, soc_limit_a=60, volt_penalty_a=0, voltage_protected_limit_a=60, soc_power_w=3243, is_critical_soc=False
2026-02-20T13:41:00.215508+01:00,  soc=62.0,  volt=54.05,  volt_delta=1.25, volt_rate_per_min=1.25, volt_status=NORMAL, batt_w=-3211.0,  batt_mode=charge,  batt_discharge_w=0,  batt_charge_w=3211.0,  load_w=3525.0, zone=unknown,  grid_charge=on, ev_charging_active=off, ev_charge_end=2026-02-20 06:00:02, ev_webhook_count=92, max_discharge_a=51, max_charge_a=90, max_grid_charge_a=64, soc_limit_a=60, volt_penalty_a=0, voltage_protected_limit_a=60, soc_power_w=3243, is_critical_soc=False
2026-02-20T13:42:00.215618+01:00,  soc=62.0,  volt=54.05,  volt_delta=1.25, volt_rate_per_min=1.25, volt_status=NORMAL, batt_w=-3211.0,  batt_mode=charge,  batt_discharge_w=0,  batt_charge_w=3211.0,  load_w=3677.0, zone=unknown,  grid_charge=on, ev_charging_active=off, ev_charge_end=2026-02-20 06:00:02, ev_webhook_count=92, max_discharge_a=51, max_charge_a=90, max_grid_charge_a=64, soc_limit_a=60, volt_penalty_a=0, voltage_protected_limit_a=60, soc_power_w=3243, is_critical_soc=False
2026-02-20T13:43:00.215362+01:00,  soc=63.0,  volt=54.05,  volt_delta=1.25, volt_rate_per_min=1.25, volt_status=NORMAL, batt_w=-3211.0,  batt_mode=charge,  batt_discharge_w=0,  batt_charge_w=3211.0,  load_w=692.0, zone=unknown,  grid_charge=on, ev_charging_active=off, ev_charge_end=2026-02-20 06:00:02, ev_webhook_count=92, max_discharge_a=52, max_charge_a=90, max_grid_charge_a=64, soc_limit_a=60, volt_penalty_a=0, voltage_protected_limit_a=60, soc_power_w=3243, is_critical_soc=False
2026-02-20T13:44:00.214979+01:00,  soc=64.0,  volt=54.05,  volt_delta=1.25, volt_rate_per_min=1.25, volt_status=NORMAL, batt_w=-3211.0,  batt_mode=charge,  batt_discharge_w=0,  batt_charge_w=3211.0,  load_w=692.0, zone=unknown,  grid_charge=on, ev_charging_active=off, ev_charge_end=2026-02-20 06:00:02, ev_webhook_count=92, max_discharge_a=52, max_charge_a=90, max_grid_charge_a=64, soc_limit_a=60, volt_penalty_a=0, voltage_protected_limit_a=60, soc_power_w=3243, is_critical_soc=False
2026-02-20T13:45:00.215276+01:00,  soc=64.0,  volt=54.05,  volt_delta=1.25, volt_rate_per_min=1.25, volt_status=NORMAL, batt_w=-3211.0,  batt_mode=charge,  batt_discharge_w=0,  batt_charge_w=3211.0,  load_w=2733.0, zone=unknown,  grid_charge=on, ev_charging_active=off, ev_charge_end=2026-02-20 06:00:02, ev_webhook_count=92, max_discharge_a=52, max_charge_a=90, max_grid_charge_a=64, soc_limit_a=60, volt_penalty_a=0, voltage_protected_limit_a=60, soc_power_w=3243, is_critical_soc=False
2026-02-20T13:46:00.216290+01:00,  soc=65.0,  volt=54.05,  volt_delta=1.25, volt_rate_per_min=1.25, volt_status=NORMAL, batt_w=-3211.0,  batt_mode=charge,  batt_discharge_w=0,  batt_charge_w=3211.0,  load_w=665.0, zone=unknown,  grid_charge=on, ev_charging_active=off, ev_charge_end=2026-02-20 06:00:02, ev_webhook_count=92, max_discharge_a=52, max_charge_a=90, max_grid_charge_a=64, soc_limit_a=60, volt_penalty_a=0, voltage_protected_limit_a=60, soc_power_w=3243, is_critical_soc=False
2026-02-20T13:47:00.215460+01:00,  soc=65.0,  volt=54.09,  volt_delta=1.29, volt_rate_per_min=1.29, volt_status=NORMAL, batt_w=-3211.0,  batt_mode=charge,  batt_discharge_w=0,  batt_charge_w=3211.0,  load_w=665.0, zone=unknown,  grid_charge=on, ev_charging_active=off, ev_charge_end=2026-02-20 06:00:02, ev_webhook_count=92, max_discharge_a=52, max_charge_a=90, max_grid_charge_a=64, soc_limit_a=60, volt_penalty_a=0, voltage_protected_limit_a=60, soc_power_w=3245, is_critical_soc=False
2026-02-20T13:48:00.214687+01:00,  soc=66.0,  volt=54.09,  volt_delta=1.29, volt_rate_per_min=1.29, volt_status=NORMAL, batt_w=-3216.0,  batt_mode=charge,  batt_discharge_w=0,  batt_charge_w=3216.0,  load_w=225.0, zone=unknown,  grid_charge=on, ev_charging_active=off, ev_charge_end=2026-02-20 06:00:02, ev_webhook_count=92, max_discharge_a=53, max_charge_a=90, max_grid_charge_a=64, soc_limit_a=60, volt_penalty_a=0, voltage_protected_limit_a=60, soc_power_w=3245, is_critical_soc=False
2026-02-20T13:49:00.214986+01:00,  soc=66.0,  volt=54.09,  volt_delta=1.29, volt_rate_per_min=1.29, volt_status=NORMAL, batt_w=-3216.0,  batt_mode=charge,  batt_discharge_w=0,  batt_charge_w=3216.0,  load_w=225.0, zone=unknown,  grid_charge=on, ev_charging_active=off, ev_charge_end=2026-02-20 06:00:02, ev_webhook_count=92, max_discharge_a=53, max_charge_a=90, max_grid_charge_a=64, soc_limit_a=60, volt_penalty_a=0, voltage_protected_limit_a=60, soc_power_w=3245, is_critical_soc=False
2026-02-20T13:50:00.214971+01:00,  soc=67.0,  volt=54.09,  volt_delta=1.29, volt_rate_per_min=1.29, volt_status=NORMAL, batt_w=-3216.0,  batt_mode=charge,  batt_discharge_w=0,  batt_charge_w=3216.0,  load_w=2492.0, zone=unknown,  grid_charge=on, ev_charging_active=off, ev_charge_end=2026-02-20 06:00:02, ev_webhook_count=92, max_discharge_a=54, max_charge_a=90, max_grid_charge_a=64, soc_limit_a=60, volt_penalty_a=0, voltage_protected_limit_a=60, soc_power_w=3245, is_critical_soc=False
2026-02-20T13:51:00.216303+01:00,  soc=67.0,  volt=54.09,  volt_delta=1.29, volt_rate_per_min=1.29, volt_status=NORMAL, batt_w=-3216.0,  batt_mode=charge,  batt_discharge_w=0,  batt_charge_w=3216.0,  load_w=2694.0, zone=unknown,  grid_charge=on, ev_charging_active=off, ev_charge_end=2026-02-20 06:00:02, ev_webhook_count=92, max_discharge_a=54, max_charge_a=90, max_grid_charge_a=64, soc_limit_a=60, volt_penalty_a=0, voltage_protected_limit_a=60, soc_power_w=3245, is_critical_soc=False
2026-02-20T13:52:00.215530+01:00,  soc=68.0,  volt=54.09,  volt_delta=1.29, volt_rate_per_min=1.29, volt_status=NORMAL, batt_w=-3216.0,  batt_mode=charge,  batt_discharge_w=0,  batt_charge_w=3216.0,  load_w=2694.0, zone=unknown,  grid_charge=on, ev_charging_active=off, ev_charge_end=2026-02-20 06:00:02, ev_webhook_count=92, max_discharge_a=54, max_charge_a=90, max_grid_charge_a=64, soc_limit_a=60, volt_penalty_a=0, voltage_protected_limit_a=60, soc_power_w=3245, is_critical_soc=False
2026-02-20T13:53:00.215469+01:00,  soc=68.0,  volt=54.09,  volt_delta=1.29, volt_rate_per_min=1.29, volt_status=NORMAL, batt_w=-3216.0,  batt_mode=charge,  batt_discharge_w=0,  batt_charge_w=3216.0,  load_w=3285.0, zone=unknown,  grid_charge=on, ev_charging_active=off, ev_charge_end=2026-02-20 06:00:02, ev_webhook_count=92, max_discharge_a=54, max_charge_a=90, max_grid_charge_a=64, soc_limit_a=60, volt_penalty_a=0, voltage_protected_limit_a=60, soc_power_w=3245, is_critical_soc=False
2026-02-20T13:54:00.214676+01:00,  soc=69.0,  volt=54.09,  volt_delta=1.29, volt_rate_per_min=1.29, volt_status=NORMAL, batt_w=-3216.0,  batt_mode=charge,  batt_discharge_w=0,  batt_charge_w=3216.0,  load_w=3285.0, zone=unknown,  grid_charge=on, ev_charging_active=off, ev_charge_end=2026-02-20 06:00:02, ev_webhook_count=92, max_discharge_a=54, max_charge_a=90, max_grid_charge_a=64, soc_limit_a=60, volt_penalty_a=0, voltage_protected_limit_a=60, soc_power_w=3245, is_critical_soc=False
2026-02-20T13:55:00.215362+01:00,  soc=69.0,  volt=54.09,  volt_delta=1.29, volt_rate_per_min=1.29, volt_status=NORMAL, batt_w=-3216.0,  batt_mode=charge,  batt_discharge_w=0,  batt_charge_w=3216.0,  load_w=3416.0, zone=unknown,  grid_charge=on, ev_charging_active=off, ev_charge_end=2026-02-20 06:00:02, ev_webhook_count=92, max_discharge_a=54, max_charge_a=90, max_grid_charge_a=64, soc_limit_a=60, volt_penalty_a=0, voltage_protected_limit_a=60, soc_power_w=3245, is_critical_soc=False
2026-02-20T13:56:00.215073+01:00,  soc=70.0,  volt=54.09,  volt_delta=1.29, volt_rate_per_min=1.29, volt_status=NORMAL, batt_w=-3216.0,  batt_mode=charge,  batt_discharge_w=0,  batt_charge_w=3216.0,  load_w=3172.0, zone=unknown,  grid_charge=on, ev_charging_active=off, ev_charge_end=2026-02-20 06:00:02, ev_webhook_count=92, max_discharge_a=55, max_charge_a=90, max_grid_charge_a=64, soc_limit_a=60, volt_penalty_a=0, voltage_protected_limit_a=60, soc_power_w=3245, is_critical_soc=False
2026-02-20T13:57:00.215029+01:00,  soc=70.0,  volt=54.09,  volt_delta=1.29, volt_rate_per_min=1.29, volt_status=NORMAL, batt_w=-3216.0,  batt_mode=charge,  batt_discharge_w=0,  batt_charge_w=3216.0,  load_w=2879.0, zone=unknown,  grid_charge=on, ev_charging_active=off, ev_charge_end=2026-02-20 06:00:02, ev_webhook_count=92, max_discharge_a=55, max_charge_a=90, max_grid_charge_a=64, soc_limit_a=60, volt_penalty_a=0, voltage_protected_limit_a=60, soc_power_w=3245, is_critical_soc=False
2026-02-20T13:58:00.215489+01:00,  soc=71.0,  volt=54.11,  volt_delta=1.31, volt_rate_per_min=1.31, volt_status=NORMAL, batt_w=-3216.0,  batt_mode=charge,  batt_discharge_w=0,  batt_charge_w=3216.0,  load_w=2894.0, zone=unknown,  grid_charge=on, ev_charging_active=off, ev_charge_end=2026-02-20 06:00:02, ev_webhook_count=92, max_discharge_a=56, max_charge_a=90, max_grid_charge_a=64, soc_limit_a=60, volt_penalty_a=0, voltage_protected_limit_a=60, soc_power_w=3247, is_critical_soc=False
2026-02-20T13:59:00.214608+01:00,  soc=72.0,  volt=54.11,  volt_delta=1.31, volt_rate_per_min=1.31, volt_status=NORMAL, batt_w=-3216.0,  batt_mode=charge,  batt_discharge_w=0,  batt_charge_w=3216.0,  load_w=2894.0, zone=unknown,  grid_charge=on, ev_charging_active=off, ev_charge_end=2026-02-20 06:00:02, ev_webhook_count=92, max_discharge_a=56, max_charge_a=90, max_grid_charge_a=64, soc_limit_a=60, volt_penalty_a=0, voltage_protected_limit_a=60, soc_power_w=3247, is_critical_soc=False
2026-02-20T14:00:00.214619+01:00,  soc=72.0,  volt=54.11,  volt_delta=1.31, volt_rate_per_min=1.31, volt_status=NORMAL, batt_w=-3216.0,  batt_mode=charge,  batt_discharge_w=0,  batt_charge_w=3216.0,  load_w=2583.0, zone=unknown,  grid_charge=on, ev_charging_active=off, ev_charge_end=2026-02-20 06:00:02, ev_webhook_count=92, max_discharge_a=56, max_charge_a=90, max_grid_charge_a=64, soc_limit_a=60, volt_penalty_a=0, voltage_protected_limit_a=60, soc_power_w=3247, is_critical_soc=False
2026-02-20T14:01:00.214651+01:00,  soc=73.0,  volt=54.11,  volt_delta=1.31, volt_rate_per_min=1.31, volt_status=NORMAL, batt_w=-3216.0,  batt_mode=charge,  batt_discharge_w=0,  batt_charge_w=3216.0,  load_w=1401.0, zone=unknown,  grid_charge=on, ev_charging_active=off, ev_charge_end=2026-02-20 06:00:02, ev_webhook_count=92, max_discharge_a=56, max_charge_a=90, max_grid_charge_a=64, soc_limit_a=60, volt_penalty_a=0, voltage_protected_limit_a=60, soc_power_w=3247, is_critical_soc=False
2026-02-20T14:02:00.215507+01:00,  soc=73.0,  volt=54.11,  volt_delta=1.31, volt_rate_per_min=1.31, volt_status=NORMAL, batt_w=-3216.0,  batt_mode=charge,  batt_discharge_w=0,  batt_charge_w=3216.0,  load_w=1160.0, zone=unknown,  grid_charge=on, ev_charging_active=off, ev_charge_end=2026-02-20 06:00:02, ev_webhook_count=92, max_discharge_a=56, max_charge_a=90, max_grid_charge_a=64, soc_limit_a=60, volt_penalty_a=0, voltage_protected_limit_a=60, soc_power_w=3247, is_critical_soc=False
2026-02-20T14:03:00.215056+01:00,  soc=74.0,  volt=54.11,  volt_delta=1.31, volt_rate_per_min=1.31, volt_status=NORMAL, batt_w=-3216.0,  batt_mode=charge,  batt_discharge_w=0,  batt_charge_w=3216.0,  load_w=1216.0, zone=unknown,  grid_charge=on, ev_charging_active=off, ev_charge_end=2026-02-20 06:00:02, ev_webhook_count=92, max_discharge_a=57, max_charge_a=90, max_grid_charge_a=64, soc_limit_a=60, volt_penalty_a=0, voltage_protected_limit_a=60, soc_power_w=3247, is_critical_soc=False
2026-02-20T14:04:00.215403+01:00,  soc=74.0,  volt=54.11,  volt_delta=1.31, volt_rate_per_min=1.31, volt_status=NORMAL, batt_w=-3216.0,  batt_mode=charge,  batt_discharge_w=0,  batt_charge_w=3216.0,  load_w=1392.0, zone=unknown,  grid_charge=on, ev_charging_active=off, ev_charge_end=2026-02-20 06:00:02, ev_webhook_count=92, max_discharge_a=57, max_charge_a=90, max_grid_charge_a=64, soc_limit_a=60, volt_penalty_a=0, voltage_protected_limit_a=60, soc_power_w=3247, is_critical_soc=False
2026-02-20T14:05:00.215057+01:00,  soc=75.0,  volt=54.11,  volt_delta=1.31, volt_rate_per_min=1.31, volt_status=NORMAL, batt_w=-3216.0,  batt_mode=charge,  batt_discharge_w=0,  batt_charge_w=3216.0,  load_w=1757.0, zone=unknown,  grid_charge=on, ev_charging_active=off, ev_charge_end=2026-02-20 06:00:02, ev_webhook_count=92, max_discharge_a=58, max_charge_a=90, max_grid_charge_a=64, soc_limit_a=60, volt_penalty_a=0, voltage_protected_limit_a=60, soc_power_w=3247, is_critical_soc=False
2026-02-20T14:06:00.215611+01:00,  soc=75.0,  volt=54.11,  volt_delta=1.31, volt_rate_per_min=1.31, volt_status=NORMAL, batt_w=-3216.0,  batt_mode=charge,  batt_discharge_w=0,  batt_charge_w=3216.0,  load_w=2235.0, zone=unknown,  grid_charge=on, ev_charging_active=off, ev_charge_end=2026-02-20 06:00:02, ev_webhook_count=92, max_discharge_a=58, max_charge_a=90, max_grid_charge_a=64, soc_limit_a=60, volt_penalty_a=0, voltage_protected_limit_a=60, soc_power_w=3247, is_critical_soc=False
2026-02-20T14:07:00.215532+01:00,  soc=76.0,  volt=54.11,  volt_delta=1.31, volt_rate_per_min=1.31, volt_status=NORMAL, batt_w=-3216.0,  batt_mode=charge,  batt_discharge_w=0,  batt_charge_w=3216.0,  load_w=2689.0, zone=unknown,  grid_charge=on, ev_charging_active=off, ev_charge_end=2026-02-20 06:00:02, ev_webhook_count=92, max_discharge_a=58, max_charge_a=90, max_grid_charge_a=64, soc_limit_a=60, volt_penalty_a=0, voltage_protected_limit_a=60, soc_power_w=3247, is_critical_soc=False
2026-02-20T14:08:00.215027+01:00,  soc=76.0,  volt=54.14,  volt_delta=1.34, volt_rate_per_min=1.34, volt_status=NORMAL, batt_w=-3222.0,  batt_mode=charge,  batt_discharge_w=0,  batt_charge_w=3222.0,  load_w=3205.0, zone=unknown,  grid_charge=on, ev_charging_active=off, ev_charge_end=2026-02-20 06:00:02, ev_webhook_count=92, max_discharge_a=58, max_charge_a=90, max_grid_charge_a=64, soc_limit_a=60, volt_penalty_a=0, voltage_protected_limit_a=60, soc_power_w=3248, is_critical_soc=False
2026-02-20T14:09:00.215545+01:00,  soc=77.0,  volt=54.14,  volt_delta=1.34, volt_rate_per_min=1.34, volt_status=NORMAL, batt_w=-3222.0,  batt_mode=charge,  batt_discharge_w=0,  batt_charge_w=3222.0,  load_w=3556.0, zone=unknown,  grid_charge=on, ev_charging_active=off, ev_charge_end=2026-02-20 06:00:02, ev_webhook_count=92, max_discharge_a=58, max_charge_a=90, max_grid_charge_a=64, soc_limit_a=60, volt_penalty_a=0, voltage_protected_limit_a=60, soc_power_w=3248, is_critical_soc=False
2026-02-20T14:10:00.214724+01:00,  soc=77.0,  volt=54.14,  volt_delta=1.34, volt_rate_per_min=1.34, volt_status=NORMAL, batt_w=-3222.0,  batt_mode=charge,  batt_discharge_w=0,  batt_charge_w=3222.0,  load_w=3330.0, zone=unknown,  grid_charge=on, ev_charging_active=off, ev_charge_end=2026-02-20 06:00:02, ev_webhook_count=92, max_discharge_a=58, max_charge_a=90, max_grid_charge_a=64, soc_limit_a=60, volt_penalty_a=0, voltage_protected_limit_a=60, soc_power_w=3248, is_critical_soc=False
2026-02-20T14:11:00.214901+01:00,  soc=78.0,  volt=54.14,  volt_delta=1.34, volt_rate_per_min=1.34, volt_status=NORMAL, batt_w=-3222.0,  batt_mode=charge,  batt_discharge_w=0,  batt_charge_w=3222.0,  load_w=3330.0, zone=unknown,  grid_charge=on, ev_charging_active=off, ev_charge_end=2026-02-20 06:00:02, ev_webhook_count=92, max_discharge_a=59, max_charge_a=90, max_grid_charge_a=64, soc_limit_a=60, volt_penalty_a=0, voltage_protected_limit_a=60, soc_power_w=3248, is_critical_soc=False
2026-02-20T14:12:00.215599+01:00,  soc=79.0,  volt=54.14,  volt_delta=1.34, volt_rate_per_min=1.34, volt_status=NORMAL, batt_w=-3222.0,  batt_mode=charge,  batt_discharge_w=0,  batt_charge_w=3222.0,  load_w=3318.0, zone=unknown,  grid_charge=on, ev_charging_active=off, ev_charge_end=2026-02-20 06:00:02, ev_webhook_count=92, max_discharge_a=60, max_charge_a=90, max_grid_charge_a=64, soc_limit_a=60, volt_penalty_a=0, voltage_protected_limit_a=60, soc_power_w=3248, is_critical_soc=False
2026-02-20T14:13:00.215346+01:00,  soc=79.0,  volt=54.14,  volt_delta=1.34, volt_rate_per_min=1.34, volt_status=NORMAL, batt_w=-3222.0,  batt_mode=charge,  batt_discharge_w=0,  batt_charge_w=3222.0,  load_w=3541.0, zone=unknown,  grid_charge=on, ev_charging_active=off, ev_charge_end=2026-02-20 06:00:02, ev_webhook_count=92, max_discharge_a=60, max_charge_a=90, max_grid_charge_a=64, soc_limit_a=60, volt_penalty_a=0, voltage_protected_limit_a=60, soc_power_w=3248, is_critical_soc=False
2026-02-20T14:14:00.214593+01:00,  soc=80.0,  volt=54.14,  volt_delta=1.34, volt_rate_per_min=1.34, volt_status=NORMAL, batt_w=-3222.0,  batt_mode=charge,  batt_discharge_w=0,  batt_charge_w=3222.0,  load_w=3383.0, zone=unknown,  grid_charge=on, ev_charging_active=off, ev_charge_end=2026-02-20 06:00:02, ev_webhook_count=92, max_discharge_a=60, max_charge_a=90, max_grid_charge_a=64, soc_limit_a=60, volt_penalty_a=0, voltage_protected_limit_a=60, soc_power_w=3248, is_critical_soc=False
2026-02-20T14:15:00.215164+01:00,  soc=80.0,  volt=54.14,  volt_delta=1.34, volt_rate_per_min=1.34, volt_status=NORMAL, batt_w=-3222.0,  batt_mode=charge,  batt_discharge_w=0,  batt_charge_w=3222.0,  load_w=3393.0, zone=unknown,  grid_charge=on, ev_charging_active=off, ev_charge_end=2026-02-20 06:00:02, ev_webhook_count=92, max_discharge_a=60, max_charge_a=90, max_grid_charge_a=64, soc_limit_a=60, volt_penalty_a=0, voltage_protected_limit_a=60, soc_power_w=3248, is_critical_soc=False
2026-02-20T14:16:00.215723+01:00,  soc=81.0,  volt=54.14,  volt_delta=1.34, volt_rate_per_min=1.34, volt_status=NORMAL, batt_w=-3222.0,  batt_mode=charge,  batt_discharge_w=0,  batt_charge_w=3222.0,  load_w=3437.0, zone=unknown,  grid_charge=on, ev_charging_active=off, ev_charge_end=2026-02-20 06:00:02, ev_webhook_count=92, max_discharge_a=60, max_charge_a=90, max_grid_charge_a=64, soc_limit_a=60, volt_penalty_a=0, voltage_protected_limit_a=60, soc_power_w=3248, is_critical_soc=False
2026-02-20T14:17:00.214672+01:00,  soc=81.0,  volt=54.14,  volt_delta=1.34, volt_rate_per_min=1.34, volt_status=NORMAL, batt_w=-3222.0,  batt_mode=charge,  batt_discharge_w=0,  batt_charge_w=3222.0,  load_w=3437.0, zone=unknown,  grid_charge=on, ev_charging_active=off, ev_charge_end=2026-02-20 06:00:02, ev_webhook_count=92, max_discharge_a=60, max_charge_a=90, max_grid_charge_a=64, soc_limit_a=60, volt_penalty_a=0, voltage_protected_limit_a=60, soc_power_w=3248, is_critical_soc=False
2026-02-20T14:18:00.215456+01:00,  soc=82.0,  volt=54.18,  volt_delta=1.38, volt_rate_per_min=1.38, volt_status=NORMAL, batt_w=-3217.0,  batt_mode=charge,  batt_discharge_w=0,  batt_charge_w=3217.0,  load_w=3437.0, zone=unknown,  grid_charge=on, ev_charging_active=off, ev_charge_end=2026-02-20 06:00:02, ev_webhook_count=92, max_discharge_a=60, max_charge_a=90, max_grid_charge_a=64, soc_limit_a=60, volt_penalty_a=0, voltage_protected_limit_a=60, soc_power_w=3251, is_critical_soc=False
2026-02-20T14:19:00.214840+01:00,  soc=82.0,  volt=54.19,  volt_delta=1.39, volt_rate_per_min=1.39, volt_status=NORMAL, batt_w=-3217.0,  batt_mode=charge,  batt_discharge_w=0,  batt_charge_w=3217.0,  load_w=3437.0, zone=unknown,  grid_charge=on, ev_charging_active=off, ev_charge_end=2026-02-20 06:00:02, ev_webhook_count=92, max_discharge_a=60, max_charge_a=90, max_grid_charge_a=64, soc_limit_a=60, volt_penalty_a=0, voltage_protected_limit_a=60, soc_power_w=3251, is_critical_soc=False
2026-02-20T14:20:00.215070+01:00,  soc=83.0,  volt=54.19,  volt_delta=1.39, volt_rate_per_min=1.39, volt_status=NORMAL, batt_w=-3217.0,  batt_mode=charge,  batt_discharge_w=0,  batt_charge_w=3217.0,  load_w=3510.0, zone=unknown,  grid_charge=on, ev_charging_active=off, ev_charge_end=2026-02-20 06:00:02, ev_webhook_count=92, max_discharge_a=60, max_charge_a=90, max_grid_charge_a=64, soc_limit_a=60, volt_penalty_a=0, voltage_protected_limit_a=60, soc_power_w=3251, is_critical_soc=False
2026-02-20T14:21:00.216646+01:00,  soc=83.0,  volt=54.19,  volt_delta=1.39, volt_rate_per_min=1.39, volt_status=NORMAL, batt_w=-3217.0,  batt_mode=charge,  batt_discharge_w=0,  batt_charge_w=3217.0,  load_w=3510.0, zone=unknown,  grid_charge=on, ev_charging_active=off, ev_charge_end=2026-02-20 06:00:02, ev_webhook_count=92, max_discharge_a=60, max_charge_a=90, max_grid_charge_a=64, soc_limit_a=60, volt_penalty_a=0, voltage_protected_limit_a=60, soc_power_w=3251, is_critical_soc=False
2026-02-20T14:22:00.215072+01:00,  soc=84.0,  volt=54.19,  volt_delta=1.39, volt_rate_per_min=1.39, volt_status=NORMAL, batt_w=-3217.0,  batt_mode=charge,  batt_discharge_w=0,  batt_charge_w=3217.0,  load_w=3510.0, zone=unknown,  grid_charge=on, ev_charging_active=off, ev_charge_end=2026-02-20 06:00:02, ev_webhook_count=92, max_discharge_a=60, max_charge_a=90, max_grid_charge_a=64, soc_limit_a=60, volt_penalty_a=0, voltage_protected_limit_a=60, soc_power_w=3251, is_critical_soc=False
2026-02-20T14:23:00.215142+01:00,  soc=84.0,  volt=54.19,  volt_delta=1.39, volt_rate_per_min=1.39, volt_status=NORMAL, batt_w=-3217.0,  batt_mode=charge,  batt_discharge_w=0,  batt_charge_w=3217.0,  load_w=3510.0, zone=unknown,  grid_charge=on, ev_charging_active=off, ev_charge_end=2026-02-20 06:00:02, ev_webhook_count=92, max_discharge_a=60, max_charge_a=90, max_grid_charge_a=64, soc_limit_a=60, volt_penalty_a=0, voltage_protected_limit_a=60, soc_power_w=3251, is_critical_soc=False
2026-02-20T14:24:00.214695+01:00,  soc=85.0,  volt=54.19,  volt_delta=1.39, volt_rate_per_min=1.39, volt_status=NORMAL, batt_w=-3217.0,  batt_mode=charge,  batt_discharge_w=0,  batt_charge_w=3217.0,  load_w=3510.0, zone=unknown,  grid_charge=on, ev_charging_active=off, ev_charge_end=2026-02-20 06:00:02, ev_webhook_count=92, max_discharge_a=60, max_charge_a=90, max_grid_charge_a=64, soc_limit_a=60, volt_penalty_a=0, voltage_protected_limit_a=60, soc_power_w=3251, is_critical_soc=False
2026-02-20T14:25:00.214669+01:00,  soc=85.0,  volt=54.19,  volt_delta=1.39, volt_rate_per_min=1.39, volt_status=NORMAL, batt_w=-3217.0,  batt_mode=charge,  batt_discharge_w=0,  batt_charge_w=3217.0,  load_w=3555.0, zone=unknown,  grid_charge=on, ev_charging_active=off, ev_charge_end=2026-02-20 06:00:02, ev_webhook_count=92, max_discharge_a=60, max_charge_a=90, max_grid_charge_a=64, soc_limit_a=60, volt_penalty_a=0, voltage_protected_limit_a=60, soc_power_w=3251, is_critical_soc=False
2026-02-20T14:26:00.215121+01:00,  soc=86.0,  volt=54.19,  volt_delta=1.39, volt_rate_per_min=1.39, volt_status=NORMAL, batt_w=-3217.0,  batt_mode=charge,  batt_discharge_w=0,  batt_charge_w=3217.0,  load_w=3573.0, zone=unknown,  grid_charge=on, ev_charging_active=off, ev_charge_end=2026-02-20 06:00:02, ev_webhook_count=92, max_discharge_a=60, max_charge_a=90, max_grid_charge_a=64, soc_limit_a=60, volt_penalty_a=0, voltage_protected_limit_a=60, soc_power_w=3251, is_critical_soc=False
2026-02-20T14:27:00.214742+01:00,  soc=87.0,  volt=54.19,  volt_delta=1.39, volt_rate_per_min=1.39, volt_status=NORMAL, batt_w=-3217.0,  batt_mode=charge,  batt_discharge_w=0,  batt_charge_w=3217.0,  load_w=2481.0, zone=unknown,  grid_charge=on, ev_charging_active=off, ev_charge_end=2026-02-20 06:00:02, ev_webhook_count=92, max_discharge_a=60, max_charge_a=90, max_grid_charge_a=64, soc_limit_a=60, volt_penalty_a=0, voltage_protected_limit_a=60, soc_power_w=3251, is_critical_soc=False
2026-02-20T14:28:00.214525+01:00,  soc=87.0,  volt=54.19,  volt_delta=1.39, volt_rate_per_min=1.39, volt_status=NORMAL, batt_w=-3217.0,  batt_mode=charge,  batt_discharge_w=0,  batt_charge_w=3217.0,  load_w=2481.0, zone=unknown,  grid_charge=on, ev_charging_active=off, ev_charge_end=2026-02-20 06:00:02, ev_webhook_count=92, max_discharge_a=60, max_charge_a=90, max_grid_charge_a=64, soc_limit_a=60, volt_penalty_a=0, voltage_protected_limit_a=60, soc_power_w=3251, is_critical_soc=False
2026-02-20T14:29:00.215620+01:00,  soc=87.0,  volt=54.26,  volt_delta=1.46, volt_rate_per_min=1.46, volt_status=NORMAL, batt_w=-3225.0,  batt_mode=charge,  batt_discharge_w=0,  batt_charge_w=3225.0,  load_w=3142.0, zone=unknown,  grid_charge=on, ev_charging_active=off, ev_charge_end=2026-02-20 06:00:02, ev_webhook_count=92, max_discharge_a=60, max_charge_a=90, max_grid_charge_a=64, soc_limit_a=60, volt_penalty_a=0, voltage_protected_limit_a=60, soc_power_w=3256, is_critical_soc=False
2026-02-20T14:30:00.215015+01:00,  soc=88.0,  volt=54.26,  volt_delta=1.46, volt_rate_per_min=1.46, volt_status=NORMAL, batt_w=-3225.0,  batt_mode=charge,  batt_discharge_w=0,  batt_charge_w=3225.0,  load_w=3142.0, zone=unknown,  grid_charge=on, ev_charging_active=off, ev_charge_end=2026-02-20 06:00:02, ev_webhook_count=92, max_discharge_a=60, max_charge_a=90, max_grid_charge_a=64, soc_limit_a=60, volt_penalty_a=0, voltage_protected_limit_a=60, soc_power_w=3256, is_critical_soc=False
2026-02-20T14:31:00.215667+01:00,  soc=88.0,  volt=54.26,  volt_delta=1.46, volt_rate_per_min=1.46, volt_status=NORMAL, batt_w=-3225.0,  batt_mode=charge,  batt_discharge_w=0,  batt_charge_w=3225.0,  load_w=3063.0, zone=unknown,  grid_charge=on, ev_charging_active=off, ev_charge_end=2026-02-20 06:00:02, ev_webhook_count=92, max_discharge_a=60, max_charge_a=90, max_grid_charge_a=64, soc_limit_a=60, volt_penalty_a=0, voltage_protected_limit_a=60, soc_power_w=3256, is_critical_soc=False
2026-02-20T14:32:00.215583+01:00,  soc=89.0,  volt=54.29,  volt_delta=1.49, volt_rate_per_min=1.49, volt_status=NORMAL, batt_w=-3225.0,  batt_mode=charge,  batt_discharge_w=0,  batt_charge_w=3225.0,  load_w=3063.0, zone=unknown,  grid_charge=on, ev_charging_active=off, ev_charge_end=2026-02-20 06:00:02, ev_webhook_count=92, max_discharge_a=60, max_charge_a=90, max_grid_charge_a=64, soc_limit_a=60, volt_penalty_a=0, voltage_protected_limit_a=60, soc_power_w=3257, is_critical_soc=False
2026-02-20T14:33:00.215520+01:00,  soc=89.0,  volt=54.29,  volt_delta=1.49, volt_rate_per_min=1.49, volt_status=NORMAL, batt_w=-3225.0,  batt_mode=charge,  batt_discharge_w=0,  batt_charge_w=3225.0,  load_w=3048.0, zone=unknown,  grid_charge=on, ev_charging_active=off, ev_charge_end=2026-02-20 06:00:02, ev_webhook_count=92, max_discharge_a=60, max_charge_a=90, max_grid_charge_a=64, soc_limit_a=60, volt_penalty_a=0, voltage_protected_limit_a=60, soc_power_w=3257, is_critical_soc=False
2026-02-20T14:34:00.215095+01:00,  soc=90.0,  volt=53.14,  volt_delta=0.34, volt_rate_per_min=0.34, volt_status=NORMAL, batt_w=-178.0,  batt_mode=charge,  batt_discharge_w=0,  batt_charge_w=178.0,  load_w=3118.0, zone=unknown,  grid_charge=on, ev_charging_active=off, ev_charge_end=2026-02-20 06:00:02, ev_webhook_count=92, max_discharge_a=60, max_charge_a=90, max_grid_charge_a=64, soc_limit_a=60, volt_penalty_a=0, voltage_protected_limit_a=60, soc_power_w=3188, is_critical_soc=False
2026-02-20T14:35:00.215511+01:00,  soc=90.0,  volt=53.14,  volt_delta=0.34, volt_rate_per_min=0.34, volt_status=NORMAL, batt_w=-178.0,  batt_mode=charge,  batt_discharge_w=0,  batt_charge_w=178.0,  load_w=3118.0, zone=unknown,  grid_charge=on, ev_charging_active=off, ev_charge_end=2026-02-20 06:00:02, ev_webhook_count=92, max_discharge_a=60, max_charge_a=90, max_grid_charge_a=64, soc_limit_a=60, volt_penalty_a=0, voltage_protected_limit_a=60, soc_power_w=3188, is_critical_soc=False
2026-02-20T14:36:00.215621+01:00,  soc=90.0,  volt=53.02,  volt_delta=0.22, volt_rate_per_min=0.22, volt_status=NORMAL, batt_w=-122.0,  batt_mode=charge,  batt_discharge_w=0,  batt_charge_w=122.0,  load_w=2465.0, zone=unknown,  grid_charge=on, ev_charging_active=off, ev_charge_end=2026-02-20 06:00:02, ev_webhook_count=92, max_discharge_a=60, max_charge_a=90, max_grid_charge_a=64, soc_limit_a=60, volt_penalty_a=0, voltage_protected_limit_a=60, soc_power_w=3181, is_critical_soc=False
2026-02-20T14:37:00.214791+01:00,  soc=90.0,  volt=53.02,  volt_delta=0.22, volt_rate_per_min=0.22, volt_status=NORMAL, batt_w=-122.0,  batt_mode=charge,  batt_discharge_w=0,  batt_charge_w=122.0,  load_w=3023.0, zone=unknown,  grid_charge=on, ev_charging_active=off, ev_charge_end=2026-02-20 06:00:02, ev_webhook_count=92, max_discharge_a=60, max_charge_a=90, max_grid_charge_a=64, soc_limit_a=60, volt_penalty_a=0, voltage_protected_limit_a=60, soc_power_w=3181, is_critical_soc=False
2026-02-20T14:38:00.215392+01:00,  soc=90.0,  volt=52.91,  volt_delta=0.11, volt_rate_per_min=0.11, volt_status=NORMAL, batt_w=-28.0,  batt_mode=idle,  batt_discharge_w=0,  batt_charge_w=28.0,  load_w=3023.0, zone=unknown,  grid_charge=on, ev_charging_active=off, ev_charge_end=2026-02-20 06:00:02, ev_webhook_count=92, max_discharge_a=60, max_charge_a=90, max_grid_charge_a=64, soc_limit_a=60, volt_penalty_a=0, voltage_protected_limit_a=60, soc_power_w=3175, is_critical_soc=False
2026-02-20T14:39:00.215703+01:00,  soc=90.0,  volt=52.9,  volt_delta=0.1, volt_rate_per_min=0.1, volt_status=NORMAL, batt_w=-92.0,  batt_mode=charge,  batt_discharge_w=0,  batt_charge_w=92.0,  load_w=3161.0, zone=unknown,  grid_charge=on, ev_charging_active=off, ev_charge_end=2026-02-20 06:00:02, ev_webhook_count=92, max_discharge_a=60, max_charge_a=90, max_grid_charge_a=64, soc_limit_a=60, volt_penalty_a=0, voltage_protected_limit_a=60, soc_power_w=3174, is_critical_soc=False
2026-02-20T14:40:00.214772+01:00,  soc=90.0,  volt=52.9,  volt_delta=0.1, volt_rate_per_min=0.1, volt_status=NORMAL, batt_w=-117.0,  batt_mode=charge,  batt_discharge_w=0,  batt_charge_w=117.0,  load_w=2551.0, zone=unknown,  grid_charge=on, ev_charging_active=off, ev_charge_end=2026-02-20 06:00:02, ev_webhook_count=92, max_discharge_a=60, max_charge_a=90, max_grid_charge_a=64, soc_limit_a=60, volt_penalty_a=0, voltage_protected_limit_a=60, soc_power_w=3174, is_critical_soc=False
2026-02-20T14:41:00.215366+01:00,  soc=90.0,  volt=52.9,  volt_delta=0.1, volt_rate_per_min=0.1, volt_status=NORMAL, batt_w=3.0,  batt_mode=idle,  batt_discharge_w=3.0,  batt_charge_w=0,  load_w=3009.0, zone=unknown,  grid_charge=off, ev_charging_active=off, ev_charge_end=2026-02-20 06:00:02, ev_webhook_count=92, max_discharge_a=60, max_charge_a=0, max_grid_charge_a=64, soc_limit_a=60, volt_penalty_a=0, voltage_protected_limit_a=60, soc_power_w=3174, is_critical_soc=False
2026-02-20T14:42:00.214992+01:00,  soc=90.0,  volt=52.9,  volt_delta=0.1, volt_rate_per_min=0.1, volt_status=NORMAL, batt_w=3.0,  batt_mode=idle,  batt_discharge_w=3.0,  batt_charge_w=0,  load_w=3009.0, zone=unknown,  grid_charge=off, ev_charging_active=off, ev_charge_end=2026-02-20 06:00:02, ev_webhook_count=92, max_discharge_a=60, max_charge_a=0, max_grid_charge_a=64, soc_limit_a=60, volt_penalty_a=0, voltage_protected_limit_a=60, soc_power_w=3174, is_critical_soc=False
2026-02-20T14:43:00.215334+01:00,  soc=90.0,  volt=52.9,  volt_delta=0.1, volt_rate_per_min=0.1, volt_status=NORMAL, batt_w=3.0,  batt_mode=idle,  batt_discharge_w=3.0,  batt_charge_w=0,  load_w=2511.0, zone=unknown,  grid_charge=off, ev_charging_active=off, ev_charge_end=2026-02-20 06:00:02, ev_webhook_count=92, max_discharge_a=60, max_charge_a=0, max_grid_charge_a=64, soc_limit_a=60, volt_penalty_a=0, voltage_protected_limit_a=60, soc_power_w=3174, is_critical_soc=False
2026-02-20T14:44:00.214650+01:00,  soc=90.0,  volt=52.9,  volt_delta=0.1, volt_rate_per_min=0.1, volt_status=NORMAL, batt_w=3.0,  batt_mode=idle,  batt_discharge_w=3.0,  batt_charge_w=0,  load_w=2511.0, zone=unknown,  grid_charge=off, ev_charging_active=off, ev_charge_end=2026-02-20 06:00:02, ev_webhook_count=92, max_discharge_a=60, max_charge_a=0, max_grid_charge_a=64, soc_limit_a=60, volt_penalty_a=0, voltage_protected_limit_a=60, soc_power_w=3174, is_critical_soc=False
2026-02-20T14:45:00.214733+01:00,  soc=90.0,  volt=52.9,  volt_delta=0.1, volt_rate_per_min=0.1, volt_status=NORMAL, batt_w=3.0,  batt_mode=idle,  batt_discharge_w=3.0,  batt_charge_w=0,  load_w=3001.0, zone=unknown,  grid_charge=off, ev_charging_active=off, ev_charge_end=2026-02-20 06:00:02, ev_webhook_count=92, max_discharge_a=60, max_charge_a=0, max_grid_charge_a=64, soc_limit_a=60, volt_penalty_a=0, voltage_protected_limit_a=60, soc_power_w=3174, is_critical_soc=False
2026-02-20T14:46:00.214825+01:00,  soc=90.0,  volt=52.9,  volt_delta=0.1, volt_rate_per_min=0.1, volt_status=NORMAL, batt_w=3.0,  batt_mode=idle,  batt_discharge_w=3.0,  batt_charge_w=0,  load_w=2510.0, zone=unknown,  grid_charge=off, ev_charging_active=off, ev_charge_end=2026-02-20 06:00:02, ev_webhook_count=92, max_discharge_a=60, max_charge_a=0, max_grid_charge_a=64, soc_limit_a=60, volt_penalty_a=0, voltage_protected_limit_a=60, soc_power_w=3174, is_critical_soc=False
2026-02-20T14:47:00.214936+01:00,  soc=90.0,  volt=52.9,  volt_delta=0.1, volt_rate_per_min=0.1, volt_status=NORMAL, batt_w=3.0,  batt_mode=idle,  batt_discharge_w=3.0,  batt_charge_w=0,  load_w=2637.0, zone=unknown,  grid_charge=off, ev_charging_active=off, ev_charge_end=2026-02-20 06:00:02, ev_webhook_count=92, max_discharge_a=60, max_charge_a=0, max_grid_charge_a=64, soc_limit_a=60, volt_penalty_a=0, voltage_protected_limit_a=60, soc_power_w=3174, is_critical_soc=False
2026-02-20T14:48:00.214600+01:00,  soc=90.0,  volt=52.9,  volt_delta=0.1, volt_rate_per_min=0.1, volt_status=NORMAL, batt_w=3.0,  batt_mode=idle,  batt_discharge_w=3.0,  batt_charge_w=0,  load_w=2637.0, zone=unknown,  grid_charge=off, ev_charging_active=off, ev_charge_end=2026-02-20 06:00:02, ev_webhook_count=92, max_discharge_a=60, max_charge_a=0, max_grid_charge_a=64, soc_limit_a=60, volt_penalty_a=0, voltage_protected_limit_a=60, soc_power_w=3174, is_critical_soc=False
2026-02-20T14:49:00.215014+01:00,  soc=90.0,  volt=52.89,  volt_delta=0.09, volt_rate_per_min=0.09, volt_status=NORMAL, batt_w=-1.0,  batt_mode=idle,  batt_discharge_w=0,  batt_charge_w=1.0,  load_w=2637.0, zone=unknown,  grid_charge=off, ev_charging_active=off, ev_charge_end=2026-02-20 06:00:02, ev_webhook_count=92, max_discharge_a=60, max_charge_a=0, max_grid_charge_a=64, soc_limit_a=60, volt_penalty_a=0, voltage_protected_limit_a=60, soc_power_w=3173, is_critical_soc=False
2026-02-20T14:50:00.215060+01:00,  soc=90.0,  volt=52.89,  volt_delta=0.09, volt_rate_per_min=0.09, volt_status=NORMAL, batt_w=-1.0,  batt_mode=idle,  batt_discharge_w=0,  batt_charge_w=1.0,  load_w=2637.0, zone=unknown,  grid_charge=off, ev_charging_active=off, ev_charge_end=2026-02-20 06:00:02, ev_webhook_count=92, max_discharge_a=60, max_charge_a=0, max_grid_charge_a=64, soc_limit_a=60, volt_penalty_a=0, voltage_protected_limit_a=60, soc_power_w=3173, is_critical_soc=False
2026-02-20T14:51:00.216058+01:00,  soc=90.0,  volt=52.89,  volt_delta=0.09, volt_rate_per_min=0.09, volt_status=NORMAL, batt_w=-1.0,  batt_mode=idle,  batt_discharge_w=0,  batt_charge_w=1.0,  load_w=2637.0, zone=unknown,  grid_charge=off, ev_charging_active=off, ev_charge_end=2026-02-20 06:00:02, ev_webhook_count=92, max_discharge_a=60, max_charge_a=0, max_grid_charge_a=64, soc_limit_a=60, volt_penalty_a=0, voltage_protected_limit_a=60, soc_power_w=3173, is_critical_soc=False
2026-02-20T14:52:00.215423+01:00,  soc=90.0,  volt=52.89,  volt_delta=0.09, volt_rate_per_min=0.09, volt_status=NORMAL, batt_w=-1.0,  batt_mode=idle,  batt_discharge_w=0,  batt_charge_w=1.0,  load_w=2668.0, zone=unknown,  grid_charge=off, ev_charging_active=off, ev_charge_end=2026-02-20 06:00:02, ev_webhook_count=92, max_discharge_a=60, max_charge_a=0, max_grid_charge_a=64, soc_limit_a=60, volt_penalty_a=0, voltage_protected_limit_a=60, soc_power_w=3173, is_critical_soc=False
2026-02-20T14:53:00.214635+01:00,  soc=90.0,  volt=52.89,  volt_delta=0.09, volt_rate_per_min=0.09, volt_status=NORMAL, batt_w=-1.0,  batt_mode=idle,  batt_discharge_w=0,  batt_charge_w=1.0,  load_w=2668.0, zone=unknown,  grid_charge=off, ev_charging_active=off, ev_charge_end=2026-02-20 06:00:02, ev_webhook_count=92, max_discharge_a=60, max_charge_a=0, max_grid_charge_a=64, soc_limit_a=60, volt_penalty_a=0, voltage_protected_limit_a=60, soc_power_w=3173, is_critical_soc=False
2026-02-20T14:54:00.214580+01:00,  soc=90.0,  volt=52.89,  volt_delta=0.09, volt_rate_per_min=0.09, volt_status=NORMAL, batt_w=-1.0,  batt_mode=idle,  batt_discharge_w=0,  batt_charge_w=1.0,  load_w=2668.0, zone=unknown,  grid_charge=off, ev_charging_active=off, ev_charge_end=2026-02-20 06:00:02, ev_webhook_count=92, max_discharge_a=60, max_charge_a=0, max_grid_charge_a=64, soc_limit_a=60, volt_penalty_a=0, voltage_protected_limit_a=60, soc_power_w=3173, is_critical_soc=False
2026-02-20T14:55:00.215725+01:00,  soc=90.0,  volt=52.89,  volt_delta=0.09, volt_rate_per_min=0.09, volt_status=NORMAL, batt_w=-1.0,  batt_mode=idle,  batt_discharge_w=0,  batt_charge_w=1.0,  load_w=2692.0, zone=unknown,  grid_charge=off, ev_charging_active=off, ev_charge_end=2026-02-20 06:00:02, ev_webhook_count=92, max_discharge_a=60, max_charge_a=0, max_grid_charge_a=64, soc_limit_a=60, volt_penalty_a=0, voltage_protected_limit_a=60, soc_power_w=3173, is_critical_soc=False
2026-02-20T14:56:00.214700+01:00,  soc=90.0,  volt=52.89,  volt_delta=0.09, volt_rate_per_min=0.09, volt_status=NORMAL, batt_w=-1.0,  batt_mode=idle,  batt_discharge_w=0,  batt_charge_w=1.0,  load_w=2692.0, zone=unknown,  grid_charge=off, ev_charging_active=off, ev_charge_end=2026-02-20 06:00:02, ev_webhook_count=92, max_discharge_a=60, max_charge_a=0, max_grid_charge_a=64, soc_limit_a=60, volt_penalty_a=0, voltage_protected_limit_a=60, soc_power_w=3173, is_critical_soc=False
2026-02-20T14:57:00.214905+01:00,  soc=90.0,  volt=52.89,  volt_delta=0.09, volt_rate_per_min=0.09, volt_status=NORMAL, batt_w=-1.0,  batt_mode=idle,  batt_discharge_w=0,  batt_charge_w=1.0,  load_w=2678.0, zone=unknown,  grid_charge=off, ev_charging_active=off, ev_charge_end=2026-02-20 06:00:02, ev_webhook_count=92, max_discharge_a=60, max_charge_a=0, max_grid_charge_a=64, soc_limit_a=60, volt_penalty_a=0, voltage_protected_limit_a=60, soc_power_w=3173, is_critical_soc=False
2026-02-20T14:58:00.214966+01:00,  soc=90.0,  volt=52.89,  volt_delta=0.09, volt_rate_per_min=0.09, volt_status=NORMAL, batt_w=-1.0,  batt_mode=idle,  batt_discharge_w=0,  batt_charge_w=1.0,  load_w=2574.0, zone=unknown,  grid_charge=off, ev_charging_active=off, ev_charge_end=2026-02-20 06:00:02, ev_webhook_count=92, max_discharge_a=60, max_charge_a=0, max_grid_charge_a=64, soc_limit_a=60, volt_penalty_a=0, voltage_protected_limit_a=60, soc_power_w=3173, is_critical_soc=False
2026-02-20T14:59:00.216390+01:00,  soc=90.0,  volt=52.87,  volt_delta=0.07, volt_rate_per_min=0.07, volt_status=NORMAL, batt_w=-2.0,  batt_mode=idle,  batt_discharge_w=0,  batt_charge_w=2.0,  load_w=2670.0, zone=unknown,  grid_charge=off, ev_charging_active=off, ev_charge_end=2026-02-20 06:00:02, ev_webhook_count=92, max_discharge_a=60, max_charge_a=0, max_grid_charge_a=64, soc_limit_a=60, volt_penalty_a=0, voltage_protected_limit_a=60, soc_power_w=3172, is_critical_soc=False
2026-02-20T15:00:00.215126+01:00,  soc=90.0,  volt=52.87,  volt_delta=0.07, volt_rate_per_min=0.07, volt_status=NORMAL, batt_w=-2.0,  batt_mode=idle,  batt_discharge_w=0,  batt_charge_w=2.0,  load_w=2670.0, zone=unknown,  grid_charge=off, ev_charging_active=off, ev_charge_end=2026-02-20 06:00:02, ev_webhook_count=92, max_discharge_a=60, max_charge_a=0, max_grid_charge_a=64, soc_limit_a=60, volt_penalty_a=0, voltage_protected_limit_a=60, soc_power_w=3172, is_critical_soc=False
2026-02-20T15:01:00.214638+01:00,  soc=90.0,  volt=52.87,  volt_delta=0.07, volt_rate_per_min=0.07, volt_status=NORMAL, batt_w=-2.0,  batt_mode=idle,  batt_discharge_w=0,  batt_charge_w=2.0,  load_w=2581.0, zone=unknown,  grid_charge=off, ev_charging_active=off, ev_charge_end=2026-02-20 06:00:02, ev_webhook_count=92, max_discharge_a=60, max_charge_a=0, max_grid_charge_a=64, soc_limit_a=60, volt_penalty_a=0, voltage_protected_limit_a=60, soc_power_w=3172, is_critical_soc=False
2026-02-20T15:02:00.215845+01:00,  soc=90.0,  volt=52.87,  volt_delta=0.07, volt_rate_per_min=0.07, volt_status=NORMAL, batt_w=-2.0,  batt_mode=idle,  batt_discharge_w=0,  batt_charge_w=2.0,  load_w=2581.0, zone=unknown,  grid_charge=off, ev_charging_active=off, ev_charge_end=2026-02-20 06:00:02, ev_webhook_count=92, max_discharge_a=60, max_charge_a=0, max_grid_charge_a=64, soc_limit_a=60, volt_penalty_a=0, voltage_protected_limit_a=60, soc_power_w=3172, is_critical_soc=False
2026-02-20T15:03:00.215218+01:00,  soc=90.0,  volt=52.87,  volt_delta=0.07, volt_rate_per_min=0.07, volt_status=NORMAL, batt_w=-2.0,  batt_mode=idle,  batt_discharge_w=0,  batt_charge_w=2.0,  load_w=2580.0, zone=unknown,  grid_charge=off, ev_charging_active=off, ev_charge_end=2026-02-20 06:00:02, ev_webhook_count=92, max_discharge_a=60, max_charge_a=0, max_grid_charge_a=64, soc_limit_a=60, volt_penalty_a=0, voltage_protected_limit_a=60, soc_power_w=3172, is_critical_soc=False
2026-02-20T15:04:00.215387+01:00,  soc=90.0,  volt=52.87,  volt_delta=0.07, volt_rate_per_min=0.07, volt_status=NORMAL, batt_w=-2.0,  batt_mode=idle,  batt_discharge_w=0,  batt_charge_w=2.0,  load_w=2580.0, zone=unknown,  grid_charge=off, ev_charging_active=off, ev_charge_end=2026-02-20 06:00:02, ev_webhook_count=92, max_discharge_a=60, max_charge_a=0, max_grid_charge_a=64, soc_limit_a=60, volt_penalty_a=0, voltage_protected_limit_a=60, soc_power_w=3172, is_critical_soc=False
2026-02-20T15:05:00.215975+01:00,  soc=90.0,  volt=52.87,  volt_delta=0.07, volt_rate_per_min=0.07, volt_status=NORMAL, batt_w=-2.0,  batt_mode=idle,  batt_discharge_w=0,  batt_charge_w=2.0,  load_w=2580.0, zone=unknown,  grid_charge=off, ev_charging_active=off, ev_charge_end=2026-02-20 06:00:02, ev_webhook_count=92, max_discharge_a=60, max_charge_a=0, max_grid_charge_a=64, soc_limit_a=60, volt_penalty_a=0, voltage_protected_limit_a=60, soc_power_w=3172, is_critical_soc=False
2026-02-20T15:06:00.215939+01:00,  soc=90.0,  volt=52.87,  volt_delta=0.07, volt_rate_per_min=0.07, volt_status=NORMAL, batt_w=-2.0,  batt_mode=idle,  batt_discharge_w=0,  batt_charge_w=2.0,  load_w=2580.0, zone=unknown,  grid_charge=off, ev_charging_active=off, ev_charge_end=2026-02-20 06:00:02, ev_webhook_count=92, max_discharge_a=60, max_charge_a=0, max_grid_charge_a=64, soc_limit_a=60, volt_penalty_a=0, voltage_protected_limit_a=60, soc_power_w=3172, is_critical_soc=False
2026-02-20T15:07:00.215481+01:00,  soc=90.0,  volt=52.87,  volt_delta=0.07, volt_rate_per_min=0.07, volt_status=NORMAL, batt_w=-2.0,  batt_mode=idle,  batt_discharge_w=0,  batt_charge_w=2.0,  load_w=2652.0, zone=unknown,  grid_charge=off, ev_charging_active=off, ev_charge_end=2026-02-20 06:00:02, ev_webhook_count=92, max_discharge_a=60, max_charge_a=0, max_grid_charge_a=64, soc_limit_a=60, volt_penalty_a=0, voltage_protected_limit_a=60, soc_power_w=3172, is_critical_soc=False
2026-02-20T15:08:00.214877+01:00,  soc=90.0,  volt=52.87,  volt_delta=0.07, volt_rate_per_min=0.07, volt_status=NORMAL, batt_w=-2.0,  batt_mode=idle,  batt_discharge_w=0,  batt_charge_w=2.0,  load_w=2662.0, zone=unknown,  grid_charge=off, ev_charging_active=off, ev_charge_end=2026-02-20 06:00:02, ev_webhook_count=92, max_discharge_a=60, max_charge_a=0, max_grid_charge_a=64, soc_limit_a=60, volt_penalty_a=0, voltage_protected_limit_a=60, soc_power_w=3172, is_critical_soc=False
2026-02-20T15:09:00.215628+01:00,  soc=90.0,  volt=52.86,  volt_delta=0.06, volt_rate_per_min=0.06, volt_status=NORMAL, batt_w=-2.0,  batt_mode=idle,  batt_discharge_w=0,  batt_charge_w=2.0,  load_w=2662.0, zone=unknown,  grid_charge=off, ev_charging_active=off, ev_charge_end=2026-02-20 06:00:02, ev_webhook_count=92, max_discharge_a=60, max_charge_a=0, max_grid_charge_a=64, soc_limit_a=60, volt_penalty_a=0, voltage_protected_limit_a=60, soc_power_w=3172, is_critical_soc=False
2026-02-20T15:10:00.215130+01:00,  soc=90.0,  volt=52.86,  volt_delta=0.06, volt_rate_per_min=0.06, volt_status=NORMAL, batt_w=-2.0,  batt_mode=idle,  batt_discharge_w=0,  batt_charge_w=2.0,  load_w=2662.0, zone=unknown,  grid_charge=off, ev_charging_active=off, ev_charge_end=2026-02-20 06:00:02, ev_webhook_count=92, max_discharge_a=60, max_charge_a=0, max_grid_charge_a=64, soc_limit_a=60, volt_penalty_a=0, voltage_protected_limit_a=60, soc_power_w=3172, is_critical_soc=False
2026-02-20T15:11:00.215399+01:00,  soc=90.0,  volt=52.86,  volt_delta=0.06, volt_rate_per_min=0.06, volt_status=NORMAL, batt_w=-2.0,  batt_mode=idle,  batt_discharge_w=0,  batt_charge_w=2.0,  load_w=2662.0, zone=unknown,  grid_charge=off, ev_charging_active=off, ev_charge_end=2026-02-20 06:00:02, ev_webhook_count=92, max_discharge_a=60, max_charge_a=0, max_grid_charge_a=64, soc_limit_a=60, volt_penalty_a=0, voltage_protected_limit_a=60, soc_power_w=3172, is_critical_soc=False
2026-02-20T15:12:00.214752+01:00,  soc=90.0,  volt=52.86,  volt_delta=0.06, volt_rate_per_min=0.06, volt_status=NORMAL, batt_w=-2.0,  batt_mode=idle,  batt_discharge_w=0,  batt_charge_w=2.0,  load_w=2662.0, zone=unknown,  grid_charge=off, ev_charging_active=off, ev_charge_end=2026-02-20 06:00:02, ev_webhook_count=92, max_discharge_a=60, max_charge_a=0, max_grid_charge_a=64, soc_limit_a=60, volt_penalty_a=0, voltage_protected_limit_a=60, soc_power_w=3172, is_critical_soc=False
2026-02-20T15:13:00.214921+01:00,  soc=90.0,  volt=52.86,  volt_delta=0.06, volt_rate_per_min=0.06, volt_status=NORMAL, batt_w=-2.0,  batt_mode=idle,  batt_discharge_w=0,  batt_charge_w=2.0,  load_w=2598.0, zone=unknown,  grid_charge=off, ev_charging_active=off, ev_charge_end=2026-02-20 06:00:02, ev_webhook_count=92, max_discharge_a=60, max_charge_a=0, max_grid_charge_a=64, soc_limit_a=60, volt_penalty_a=0, voltage_protected_limit_a=60, soc_power_w=3172, is_critical_soc=False
2026-02-20T15:14:00.214921+01:00,  soc=90.0,  volt=52.86,  volt_delta=0.06, volt_rate_per_min=0.06, volt_status=NORMAL, batt_w=-2.0,  batt_mode=idle,  batt_discharge_w=0,  batt_charge_w=2.0,  load_w=2544.0, zone=unknown,  grid_charge=off, ev_charging_active=off, ev_charge_end=2026-02-20 06:00:02, ev_webhook_count=92, max_discharge_a=60, max_charge_a=0, max_grid_charge_a=64, soc_limit_a=60, volt_penalty_a=0, voltage_protected_limit_a=60, soc_power_w=3172, is_critical_soc=False
2026-02-20T15:15:00.215486+01:00,  soc=90.0,  volt=52.86,  volt_delta=0.06, volt_rate_per_min=0.06, volt_status=NORMAL, batt_w=-2.0,  batt_mode=idle,  batt_discharge_w=0,  batt_charge_w=2.0,  load_w=2333.0, zone=unknown,  grid_charge=off, ev_charging_active=off, ev_charge_end=2026-02-20 06:00:02, ev_webhook_count=92, max_discharge_a=60, max_charge_a=0, max_grid_charge_a=64, soc_limit_a=60, volt_penalty_a=0, voltage_protected_limit_a=60, soc_power_w=3172, is_critical_soc=False
2026-02-20T15:16:00.216301+01:00,  soc=90.0,  volt=52.86,  volt_delta=0.06, volt_rate_per_min=0.06, volt_status=NORMAL, batt_w=-2.0,  batt_mode=idle,  batt_discharge_w=0,  batt_charge_w=2.0,  load_w=2390.0, zone=unknown,  grid_charge=off, ev_charging_active=off, ev_charge_end=2026-02-20 06:00:02, ev_webhook_count=92, max_discharge_a=60, max_charge_a=0, max_grid_charge_a=64, soc_limit_a=60, volt_penalty_a=0, voltage_protected_limit_a=60, soc_power_w=3172, is_critical_soc=False
2026-02-20T15:17:00.215055+01:00,  soc=90.0,  volt=52.86,  volt_delta=0.06, volt_rate_per_min=0.06, volt_status=NORMAL, batt_w=-2.0,  batt_mode=idle,  batt_discharge_w=0,  batt_charge_w=2.0,  load_w=2390.0, zone=unknown,  grid_charge=off, ev_charging_active=off, ev_charge_end=2026-02-20 06:00:02, ev_webhook_count=92, max_discharge_a=60, max_charge_a=0, max_grid_charge_a=64, soc_limit_a=60, volt_penalty_a=0, voltage_protected_limit_a=60, soc_power_w=3172, is_critical_soc=False
2026-02-20T15:18:00.215497+01:00,  soc=90.0,  volt=52.86,  volt_delta=0.06, volt_rate_per_min=0.06, volt_status=NORMAL, batt_w=-2.0,  batt_mode=idle,  batt_discharge_w=0,  batt_charge_w=2.0,  load_w=2390.0, zone=unknown,  grid_charge=off, ev_charging_active=off, ev_charge_end=2026-02-20 06:00:02, ev_webhook_count=92, max_discharge_a=60, max_charge_a=0, max_grid_charge_a=64, soc_limit_a=60, volt_penalty_a=0, voltage_protected_limit_a=60, soc_power_w=3172, is_critical_soc=False
2026-02-20T15:19:00.215516+01:00,  soc=90.0,  volt=52.85,  volt_delta=0.05, volt_rate_per_min=0.05, volt_status=NORMAL, batt_w=-1.0,  batt_mode=idle,  batt_discharge_w=0,  batt_charge_w=1.0,  load_w=2385.0, zone=unknown,  grid_charge=off, ev_charging_active=off, ev_charge_end=2026-02-20 06:00:02, ev_webhook_count=92, max_discharge_a=60, max_charge_a=0, max_grid_charge_a=64, soc_limit_a=60, volt_penalty_a=0, voltage_protected_limit_a=60, soc_power_w=3171, is_critical_soc=False
2026-02-20T15:20:00.214741+01:00,  soc=90.0,  volt=52.85,  volt_delta=0.05, volt_rate_per_min=0.05, volt_status=NORMAL, batt_w=-1.0,  batt_mode=idle,  batt_discharge_w=0,  batt_charge_w=1.0,  load_w=2385.0, zone=unknown,  grid_charge=off, ev_charging_active=off, ev_charge_end=2026-02-20 06:00:02, ev_webhook_count=92, max_discharge_a=60, max_charge_a=0, max_grid_charge_a=64, soc_limit_a=60, volt_penalty_a=0, voltage_protected_limit_a=60, soc_power_w=3171, is_critical_soc=False
2026-02-20T15:21:00.215326+01:00,  soc=90.0,  volt=52.85,  volt_delta=0.05, volt_rate_per_min=0.05, volt_status=NORMAL, batt_w=-1.0,  batt_mode=idle,  batt_discharge_w=0,  batt_charge_w=1.0,  load_w=2385.0, zone=unknown,  grid_charge=off, ev_charging_active=off, ev_charge_end=2026-02-20 06:00:02, ev_webhook_count=92, max_discharge_a=60, max_charge_a=0, max_grid_charge_a=64, soc_limit_a=60, volt_penalty_a=0, voltage_protected_limit_a=60, soc_power_w=3171, is_critical_soc=False
2026-02-20T15:22:00.215847+01:00,  soc=90.0,  volt=52.85,  volt_delta=0.05, volt_rate_per_min=0.05, volt_status=NORMAL, batt_w=-1.0,  batt_mode=idle,  batt_discharge_w=0,  batt_charge_w=1.0,  load_w=2385.0, zone=unknown,  grid_charge=off, ev_charging_active=off, ev_charge_end=2026-02-20 06:00:02, ev_webhook_count=92, max_discharge_a=60, max_charge_a=0, max_grid_charge_a=64, soc_limit_a=60, volt_penalty_a=0, voltage_protected_limit_a=60, soc_power_w=3171, is_critical_soc=False
2026-02-20T15:23:00.215463+01:00,  soc=90.0,  volt=52.85,  volt_delta=0.05, volt_rate_per_min=0.05, volt_status=NORMAL, batt_w=-1.0,  batt_mode=idle,  batt_discharge_w=0,  batt_charge_w=1.0,  load_w=2385.0, zone=unknown,  grid_charge=off, ev_charging_active=off, ev_charge_end=2026-02-20 06:00:02, ev_webhook_count=92, max_discharge_a=60, max_charge_a=0, max_grid_charge_a=64, soc_limit_a=60, volt_penalty_a=0, voltage_protected_limit_a=60, soc_power_w=3171, is_critical_soc=False
2026-02-20T15:24:00.217240+01:00,  soc=90.0,  volt=52.85,  volt_delta=0.05, volt_rate_per_min=0.05, volt_status=NORMAL, batt_w=-1.0,  batt_mode=idle,  batt_discharge_w=0,  batt_charge_w=1.0,  load_w=2376.0, zone=unknown,  grid_charge=off, ev_charging_active=off, ev_charge_end=2026-02-20 06:00:02, ev_webhook_count=92, max_discharge_a=60, max_charge_a=0, max_grid_charge_a=64, soc_limit_a=60, volt_penalty_a=0, voltage_protected_limit_a=60, soc_power_w=3171, is_critical_soc=False
2026-02-20T15:25:00.215346+01:00,  soc=90.0,  volt=52.85,  volt_delta=0.05, volt_rate_per_min=0.05, volt_status=NORMAL, batt_w=-1.0,  batt_mode=idle,  batt_discharge_w=0,  batt_charge_w=1.0,  load_w=2337.0, zone=unknown,  grid_charge=off, ev_charging_active=off, ev_charge_end=2026-02-20 06:00:02, ev_webhook_count=92, max_discharge_a=60, max_charge_a=0, max_grid_charge_a=64, soc_limit_a=60, volt_penalty_a=0, voltage_protected_limit_a=60, soc_power_w=3171, is_critical_soc=False
2026-02-20T15:26:00.215558+01:00,  soc=90.0,  volt=52.85,  volt_delta=0.05, volt_rate_per_min=0.05, volt_status=NORMAL, batt_w=-1.0,  batt_mode=idle,  batt_discharge_w=0,  batt_charge_w=1.0,  load_w=2337.0, zone=unknown,  grid_charge=off, ev_charging_active=off, ev_charge_end=2026-02-20 06:00:02, ev_webhook_count=92, max_discharge_a=60, max_charge_a=0, max_grid_charge_a=64, soc_limit_a=60, volt_penalty_a=0, voltage_protected_limit_a=60, soc_power_w=3171, is_critical_soc=False
2026-02-20T15:27:00.215553+01:00,  soc=90.0,  volt=52.85,  volt_delta=0.05, volt_rate_per_min=0.05, volt_status=NORMAL, batt_w=-1.0,  batt_mode=idle,  batt_discharge_w=0,  batt_charge_w=1.0,  load_w=2337.0, zone=unknown,  grid_charge=off, ev_charging_active=off, ev_charge_end=2026-02-20 06:00:02, ev_webhook_count=92, max_discharge_a=60, max_charge_a=0, max_grid_charge_a=64, soc_limit_a=60, volt_penalty_a=0, voltage_protected_limit_a=60, soc_power_w=3171, is_critical_soc=False
2026-02-20T15:28:00.215010+01:00,  soc=90.0,  volt=52.85,  volt_delta=0.05, volt_rate_per_min=0.05, volt_status=NORMAL, batt_w=-1.0,  batt_mode=idle,  batt_discharge_w=0,  batt_charge_w=1.0,  load_w=2337.0, zone=unknown,  grid_charge=off, ev_charging_active=off, ev_charge_end=2026-02-20 06:00:02, ev_webhook_count=92, max_discharge_a=60, max_charge_a=0, max_grid_charge_a=64, soc_limit_a=60, volt_penalty_a=0, voltage_protected_limit_a=60, soc_power_w=3171, is_critical_soc=False
2026-02-20T15:29:00.214895+01:00,  soc=90.0,  volt=52.85,  volt_delta=0.05, volt_rate_per_min=0.05, volt_status=NORMAL, batt_w=0.0,  batt_mode=idle,  batt_discharge_w=0,  batt_charge_w=0,  load_w=2342.0, zone=unknown,  grid_charge=off, ev_charging_active=off, ev_charge_end=2026-02-20 06:00:02, ev_webhook_count=92, max_discharge_a=60, max_charge_a=0, max_grid_charge_a=64, soc_limit_a=60, volt_penalty_a=0, voltage_protected_limit_a=60, soc_power_w=3171, is_critical_soc=False
2026-02-20T15:30:00.215010+01:00,  soc=90.0,  volt=52.85,  volt_delta=0.05, volt_rate_per_min=0.05, volt_status=NORMAL, batt_w=0.0,  batt_mode=idle,  batt_discharge_w=0,  batt_charge_w=0,  load_w=2342.0, zone=unknown,  grid_charge=off, ev_charging_active=off, ev_charge_end=2026-02-20 06:00:02, ev_webhook_count=92, max_discharge_a=60, max_charge_a=0, max_grid_charge_a=64, soc_limit_a=60, volt_penalty_a=0, voltage_protected_limit_a=60, soc_power_w=3171, is_critical_soc=False
2026-02-20T15:31:00.214887+01:00,  soc=90.0,  volt=52.85,  volt_delta=0.05, volt_rate_per_min=0.05, volt_status=NORMAL, batt_w=0.0,  batt_mode=idle,  batt_discharge_w=0,  batt_charge_w=0,  load_w=2342.0, zone=unknown,  grid_charge=off, ev_charging_active=off, ev_charge_end=2026-02-20 06:00:02, ev_webhook_count=92, max_discharge_a=60, max_charge_a=0, max_grid_charge_a=64, soc_limit_a=60, volt_penalty_a=0, voltage_protected_limit_a=60, soc_power_w=3171, is_critical_soc=False
2026-02-20T15:32:00.215015+01:00,  soc=90.0,  volt=52.85,  volt_delta=0.05, volt_rate_per_min=0.05, volt_status=NORMAL, batt_w=0.0,  batt_mode=idle,  batt_discharge_w=0,  batt_charge_w=0,  load_w=2342.0, zone=unknown,  grid_charge=off, ev_charging_active=off, ev_charge_end=2026-02-20 06:00:02, ev_webhook_count=92, max_discharge_a=60, max_charge_a=0, max_grid_charge_a=64, soc_limit_a=60, volt_penalty_a=0, voltage_protected_limit_a=60, soc_power_w=3171, is_critical_soc=False
2026-02-20T15:33:00.214885+01:00,  soc=90.0,  volt=52.85,  volt_delta=0.05, volt_rate_per_min=0.05, volt_status=NORMAL, batt_w=0.0,  batt_mode=idle,  batt_discharge_w=0,  batt_charge_w=0,  load_w=2342.0, zone=unknown,  grid_charge=off, ev_charging_active=off, ev_charge_end=2026-02-20 06:00:02, ev_webhook_count=92, max_discharge_a=60, max_charge_a=0, max_grid_charge_a=64, soc_limit_a=60, volt_penalty_a=0, voltage_protected_limit_a=60, soc_power_w=3171, is_critical_soc=False
2026-02-20T15:34:00.215188+01:00,  soc=90.0,  volt=52.85,  volt_delta=0.05, volt_rate_per_min=0.05, volt_status=NORMAL, batt_w=0.0,  batt_mode=idle,  batt_discharge_w=0,  batt_charge_w=0,  load_w=2342.0, zone=unknown,  grid_charge=off, ev_charging_active=off, ev_charge_end=2026-02-20 06:00:02, ev_webhook_count=92, max_discharge_a=60, max_charge_a=0, max_grid_charge_a=64, soc_limit_a=60, volt_penalty_a=0, voltage_protected_limit_a=60, soc_power_w=3171, is_critical_soc=False
2026-02-20T15:35:00.214906+01:00,  soc=90.0,  volt=52.85,  volt_delta=0.05, volt_rate_per_min=0.05, volt_status=NORMAL, batt_w=0.0,  batt_mode=idle,  batt_discharge_w=0,  batt_charge_w=0,  load_w=2326.0, zone=unknown,  grid_charge=off, ev_charging_active=off, ev_charge_end=2026-02-20 06:00:02, ev_webhook_count=92, max_discharge_a=60, max_charge_a=0, max_grid_charge_a=64, soc_limit_a=60, volt_penalty_a=0, voltage_protected_limit_a=60, soc_power_w=3171, is_critical_soc=False
2026-02-20T15:36:00.214740+01:00,  soc=90.0,  volt=52.85,  volt_delta=0.05, volt_rate_per_min=0.05, volt_status=NORMAL, batt_w=0.0,  batt_mode=idle,  batt_discharge_w=0,  batt_charge_w=0,  load_w=2326.0, zone=unknown,  grid_charge=off, ev_charging_active=off, ev_charge_end=2026-02-20 06:00:02, ev_webhook_count=92, max_discharge_a=60, max_charge_a=0, max_grid_charge_a=64, soc_limit_a=60, volt_penalty_a=0, voltage_protected_limit_a=60, soc_power_w=3171, is_critical_soc=False
2026-02-20T15:37:00.214716+01:00,  soc=90.0,  volt=52.85,  volt_delta=0.05, volt_rate_per_min=0.05, volt_status=NORMAL, batt_w=0.0,  batt_mode=idle,  batt_discharge_w=0,  batt_charge_w=0,  load_w=2326.0, zone=unknown,  grid_charge=off, ev_charging_active=off, ev_charge_end=2026-02-20 06:00:02, ev_webhook_count=92, max_discharge_a=60, max_charge_a=0, max_grid_charge_a=64, soc_limit_a=60, volt_penalty_a=0, voltage_protected_limit_a=60, soc_power_w=3171, is_critical_soc=False
2026-02-20T15:38:00.215566+01:00,  soc=90.0,  volt=52.85,  volt_delta=0.05, volt_rate_per_min=0.05, volt_status=NORMAL, batt_w=0.0,  batt_mode=idle,  batt_discharge_w=0,  batt_charge_w=0,  load_w=2326.0, zone=unknown,  grid_charge=off, ev_charging_active=off, ev_charge_end=2026-02-20 06:00:02, ev_webhook_count=92, max_discharge_a=60, max_charge_a=0, max_grid_charge_a=64, soc_limit_a=60, volt_penalty_a=0, voltage_protected_limit_a=60, soc_power_w=3171, is_critical_soc=False
2026-02-20T15:39:00.215424+01:00,  soc=90.0,  volt=52.84,  volt_delta=0.04, volt_rate_per_min=0.04, volt_status=NORMAL, batt_w=-2.0,  batt_mode=idle,  batt_discharge_w=0,  batt_charge_w=2.0,  load_w=2326.0, zone=unknown,  grid_charge=off, ev_charging_active=off, ev_charge_end=2026-02-20 06:00:02, ev_webhook_count=92, max_discharge_a=60, max_charge_a=0, max_grid_charge_a=64, soc_limit_a=60, volt_penalty_a=0, voltage_protected_limit_a=60, soc_power_w=3170, is_critical_soc=False
2026-02-20T15:40:00.215039+01:00,  soc=90.0,  volt=52.84,  volt_delta=0.04, volt_rate_per_min=0.04, volt_status=NORMAL, batt_w=-2.0,  batt_mode=idle,  batt_discharge_w=0,  batt_charge_w=2.0,  load_w=2322.0, zone=unknown,  grid_charge=off, ev_charging_active=off, ev_charge_end=2026-02-20 06:00:02, ev_webhook_count=92, max_discharge_a=60, max_charge_a=0, max_grid_charge_a=64, soc_limit_a=60, volt_penalty_a=0, voltage_protected_limit_a=60, soc_power_w=3170, is_critical_soc=False
2026-02-20T15:41:00.215034+01:00,  soc=90.0,  volt=52.84,  volt_delta=0.04, volt_rate_per_min=0.04, volt_status=NORMAL, batt_w=-2.0,  batt_mode=idle,  batt_discharge_w=0,  batt_charge_w=2.0,  load_w=2322.0, zone=unknown,  grid_charge=off, ev_charging_active=off, ev_charge_end=2026-02-20 06:00:02, ev_webhook_count=92, max_discharge_a=60, max_charge_a=0, max_grid_charge_a=64, soc_limit_a=60, volt_penalty_a=0, voltage_protected_limit_a=60, soc_power_w=3170, is_critical_soc=False
2026-02-20T15:42:00.214581+01:00,  soc=90.0,  volt=52.84,  volt_delta=0.04, volt_rate_per_min=0.04, volt_status=NORMAL, batt_w=-2.0,  batt_mode=idle,  batt_discharge_w=0,  batt_charge_w=2.0,  load_w=2322.0, zone=unknown,  grid_charge=off, ev_charging_active=off, ev_charge_end=2026-02-20 06:00:02, ev_webhook_count=92, max_discharge_a=60, max_charge_a=0, max_grid_charge_a=64, soc_limit_a=60, volt_penalty_a=0, voltage_protected_limit_a=60, soc_power_w=3170, is_critical_soc=False
2026-02-20T15:43:00.216081+01:00,  soc=90.0,  volt=52.84,  volt_delta=0.04, volt_rate_per_min=0.04, volt_status=NORMAL, batt_w=-2.0,  batt_mode=idle,  batt_discharge_w=0,  batt_charge_w=2.0,  load_w=2322.0, zone=unknown,  grid_charge=off, ev_charging_active=off, ev_charge_end=2026-02-20 06:00:02, ev_webhook_count=92, max_discharge_a=60, max_charge_a=0, max_grid_charge_a=64, soc_limit_a=60, volt_penalty_a=0, voltage_protected_limit_a=60, soc_power_w=3170, is_critical_soc=False
2026-02-20T15:44:00.215135+01:00,  soc=90.0,  volt=52.84,  volt_delta=0.04, volt_rate_per_min=0.04, volt_status=NORMAL, batt_w=-2.0,  batt_mode=idle,  batt_discharge_w=0,  batt_charge_w=2.0,  load_w=2322.0, zone=unknown,  grid_charge=off, ev_charging_active=off, ev_charge_end=2026-02-20 06:00:02, ev_webhook_count=92, max_discharge_a=60, max_charge_a=0, max_grid_charge_a=64, soc_limit_a=60, volt_penalty_a=0, voltage_protected_limit_a=60, soc_power_w=3170, is_critical_soc=False
2026-02-20T15:45:00.214749+01:00,  soc=90.0,  volt=52.84,  volt_delta=0.04, volt_rate_per_min=0.04, volt_status=NORMAL, batt_w=-2.0,  batt_mode=idle,  batt_discharge_w=0,  batt_charge_w=2.0,  load_w=2325.0, zone=unknown,  grid_charge=off, ev_charging_active=off, ev_charge_end=2026-02-20 06:00:02, ev_webhook_count=92, max_discharge_a=60, max_charge_a=0, max_grid_charge_a=64, soc_limit_a=60, volt_penalty_a=0, voltage_protected_limit_a=60, soc_power_w=3170, is_critical_soc=False
2026-02-20T15:46:00.214667+01:00,  soc=90.0,  volt=52.84,  volt_delta=0.04, volt_rate_per_min=0.04, volt_status=NORMAL, batt_w=-2.0,  batt_mode=idle,  batt_discharge_w=0,  batt_charge_w=2.0,  load_w=2325.0, zone=unknown,  grid_charge=off, ev_charging_active=off, ev_charge_end=2026-02-20 06:00:02, ev_webhook_count=92, max_discharge_a=60, max_charge_a=0, max_grid_charge_a=64, soc_limit_a=60, volt_penalty_a=0, voltage_protected_limit_a=60, soc_power_w=3170, is_critical_soc=False
2026-02-20T15:47:00.215482+01:00,  soc=90.0,  volt=52.84,  volt_delta=0.04, volt_rate_per_min=0.04, volt_status=NORMAL, batt_w=-2.0,  batt_mode=idle,  batt_discharge_w=0,  batt_charge_w=2.0,  load_w=2325.0, zone=unknown,  grid_charge=off, ev_charging_active=off, ev_charge_end=2026-02-20 06:00:02, ev_webhook_count=92, max_discharge_a=60, max_charge_a=0, max_grid_charge_a=64, soc_limit_a=60, volt_penalty_a=0, voltage_protected_limit_a=60, soc_power_w=3170, is_critical_soc=False
2026-02-20T15:48:00.214677+01:00,  soc=90.0,  volt=52.84,  volt_delta=0.04, volt_rate_per_min=0.04, volt_status=NORMAL, batt_w=-2.0,  batt_mode=idle,  batt_discharge_w=0,  batt_charge_w=2.0,  load_w=2325.0, zone=unknown,  grid_charge=off, ev_charging_active=off, ev_charge_end=2026-02-20 06:00:02, ev_webhook_count=92, max_discharge_a=60, max_charge_a=0, max_grid_charge_a=64, soc_limit_a=60, volt_penalty_a=0, voltage_protected_limit_a=60, soc_power_w=3170, is_critical_soc=False
2026-02-20T15:49:00.215057+01:00,  soc=90.0,  volt=52.84,  volt_delta=0.04, volt_rate_per_min=0.04, volt_status=NORMAL, batt_w=0.0,  batt_mode=idle,  batt_discharge_w=0,  batt_charge_w=0,  load_w=2325.0, zone=unknown,  grid_charge=off, ev_charging_active=off, ev_charge_end=2026-02-20 06:00:02, ev_webhook_count=92, max_discharge_a=60, max_charge_a=0, max_grid_charge_a=64, soc_limit_a=60, volt_penalty_a=0, voltage_protected_limit_a=60, soc_power_w=3170, is_critical_soc=False
2026-02-20T15:50:00.215520+01:00,  soc=90.0,  volt=52.84,  volt_delta=0.04, volt_rate_per_min=0.04, volt_status=NORMAL, batt_w=0.0,  batt_mode=idle,  batt_discharge_w=0,  batt_charge_w=0,  load_w=2325.0, zone=unknown,  grid_charge=off, ev_charging_active=off, ev_charge_end=2026-02-20 06:00:02, ev_webhook_count=92, max_discharge_a=60, max_charge_a=0, max_grid_charge_a=64, soc_limit_a=60, volt_penalty_a=0, voltage_protected_limit_a=60, soc_power_w=3170, is_critical_soc=False
2026-02-20T15:51:00.214824+01:00,  soc=90.0,  volt=52.84,  volt_delta=0.04, volt_rate_per_min=0.04, volt_status=NORMAL, batt_w=0.0,  batt_mode=idle,  batt_discharge_w=0,  batt_charge_w=0,  load_w=2332.0, zone=unknown,  grid_charge=off, ev_charging_active=off, ev_charge_end=2026-02-20 06:00:02, ev_webhook_count=92, max_discharge_a=60, max_charge_a=0, max_grid_charge_a=64, soc_limit_a=60, volt_penalty_a=0, voltage_protected_limit_a=60, soc_power_w=3170, is_critical_soc=False
2026-02-20T15:52:00.215404+01:00,  soc=90.0,  volt=52.84,  volt_delta=0.04, volt_rate_per_min=0.04, volt_status=NORMAL, batt_w=0.0,  batt_mode=idle,  batt_discharge_w=0,  batt_charge_w=0,  load_w=2332.0, zone=unknown,  grid_charge=off, ev_charging_active=off, ev_charge_end=2026-02-20 06:00:02, ev_webhook_count=92, max_discharge_a=60, max_charge_a=0, max_grid_charge_a=64, soc_limit_a=60, volt_penalty_a=0, voltage_protected_limit_a=60, soc_power_w=3170, is_critical_soc=False
2026-02-20T15:53:00.214834+01:00,  soc=90.0,  volt=52.84,  volt_delta=0.04, volt_rate_per_min=0.04, volt_status=NORMAL, batt_w=0.0,  batt_mode=idle,  batt_discharge_w=0,  batt_charge_w=0,  load_w=2332.0, zone=unknown,  grid_charge=off, ev_charging_active=off, ev_charge_end=2026-02-20 06:00:02, ev_webhook_count=92, max_discharge_a=60, max_charge_a=0, max_grid_charge_a=64, soc_limit_a=60, volt_penalty_a=0, voltage_protected_limit_a=60, soc_power_w=3170, is_critical_soc=False
2026-02-20T15:54:00.214655+01:00,  soc=90.0,  volt=52.84,  volt_delta=0.04, volt_rate_per_min=0.04, volt_status=NORMAL, batt_w=0.0,  batt_mode=idle,  batt_discharge_w=0,  batt_charge_w=0,  load_w=2332.0, zone=unknown,  grid_charge=off, ev_charging_active=off, ev_charge_end=2026-02-20 06:00:02, ev_webhook_count=92, max_discharge_a=60, max_charge_a=0, max_grid_charge_a=64, soc_limit_a=60, volt_penalty_a=0, voltage_protected_limit_a=60, soc_power_w=3170, is_critical_soc=False
2026-02-20T15:55:00.215388+01:00,  soc=90.0,  volt=52.84,  volt_delta=0.04, volt_rate_per_min=0.04, volt_status=NORMAL, batt_w=0.0,  batt_mode=idle,  batt_discharge_w=0,  batt_charge_w=0,  load_w=2332.0, zone=unknown,  grid_charge=off, ev_charging_active=off, ev_charge_end=2026-02-20 06:00:02, ev_webhook_count=92, max_discharge_a=60, max_charge_a=0, max_grid_charge_a=64, soc_limit_a=60, volt_penalty_a=0, voltage_protected_limit_a=60, soc_power_w=3170, is_critical_soc=False
2026-02-20T15:56:00.215402+01:00,  soc=90.0,  volt=52.84,  volt_delta=0.04, volt_rate_per_min=0.04, volt_status=NORMAL, batt_w=0.0,  batt_mode=idle,  batt_discharge_w=0,  batt_charge_w=0,  load_w=2328.0, zone=unknown,  grid_charge=off, ev_charging_active=off, ev_charge_end=2026-02-20 06:00:02, ev_webhook_count=92, max_discharge_a=60, max_charge_a=0, max_grid_charge_a=64, soc_limit_a=60, volt_penalty_a=0, voltage_protected_limit_a=60, soc_power_w=3170, is_critical_soc=False
2026-02-20T15:57:00.215096+01:00,  soc=90.0,  volt=52.84,  volt_delta=0.04, volt_rate_per_min=0.04, volt_status=NORMAL, batt_w=0.0,  batt_mode=idle,  batt_discharge_w=0,  batt_charge_w=0,  load_w=2328.0, zone=unknown,  grid_charge=off, ev_charging_active=off, ev_charge_end=2026-02-20 06:00:02, ev_webhook_count=92, max_discharge_a=60, max_charge_a=0, max_grid_charge_a=64, soc_limit_a=60, volt_penalty_a=0, voltage_protected_limit_a=60, soc_power_w=3170, is_critical_soc=False
2026-02-20T15:58:00.214728+01:00,  soc=90.0,  volt=52.84,  volt_delta=0.04, volt_rate_per_min=0.04, volt_status=NORMAL, batt_w=0.0,  batt_mode=idle,  batt_discharge_w=0,  batt_charge_w=0,  load_w=2328.0, zone=unknown,  grid_charge=off, ev_charging_active=off, ev_charge_end=2026-02-20 06:00:02, ev_webhook_count=92, max_discharge_a=60, max_charge_a=0, max_grid_charge_a=64, soc_limit_a=60, volt_penalty_a=0, voltage_protected_limit_a=60, soc_power_w=3170, is_critical_soc=False
2026-02-20T15:59:00.214692+01:00,  soc=90.0,  volt=52.82,  volt_delta=0.02, volt_rate_per_min=0.02, volt_status=NORMAL, batt_w=9.0,  batt_mode=idle,  batt_discharge_w=9.0,  batt_charge_w=0,  load_w=2328.0, zone=unknown,  grid_charge=off, ev_charging_active=off, ev_charge_end=2026-02-20 06:00:02, ev_webhook_count=92, max_discharge_a=60, max_charge_a=0, max_grid_charge_a=64, soc_limit_a=60, volt_penalty_a=0, voltage_protected_limit_a=60, soc_power_w=3169, is_critical_soc=False
2026-02-20T16:00:00.215127+01:00,  soc=90.0,  volt=52.82,  volt_delta=0.02, volt_rate_per_min=0.02, volt_status=NORMAL, batt_w=9.0,  batt_mode=idle,  batt_discharge_w=9.0,  batt_charge_w=0,  load_w=2328.0, zone=unknown,  grid_charge=off, ev_charging_active=off, ev_charge_end=2026-02-20 06:00:02, ev_webhook_count=92, max_discharge_a=60, max_charge_a=0, max_grid_charge_a=64, soc_limit_a=60, volt_penalty_a=0, voltage_protected_limit_a=60, soc_power_w=3169, is_critical_soc=False
2026-02-20T16:01:00.215115+01:00,  soc=90.0,  volt=52.82,  volt_delta=0.02, volt_rate_per_min=0.02, volt_status=NORMAL, batt_w=9.0,  batt_mode=idle,  batt_discharge_w=9.0,  batt_charge_w=0,  load_w=2329.0, zone=unknown,  grid_charge=off, ev_charging_active=off, ev_charge_end=2026-02-20 06:00:02, ev_webhook_count=92, max_discharge_a=60, max_charge_a=0, max_grid_charge_a=64, soc_limit_a=60, volt_penalty_a=0, voltage_protected_limit_a=60, soc_power_w=3169, is_critical_soc=False
2026-02-20T16:02:00.215123+01:00,  soc=90.0,  volt=52.82,  volt_delta=0.02, volt_rate_per_min=0.02, volt_status=NORMAL, batt_w=9.0,  batt_mode=idle,  batt_discharge_w=9.0,  batt_charge_w=0,  load_w=2329.0, zone=unknown,  grid_charge=off, ev_charging_active=off, ev_charge_end=2026-02-20 06:00:02, ev_webhook_count=92, max_discharge_a=60, max_charge_a=0, max_grid_charge_a=64, soc_limit_a=60, volt_penalty_a=0, voltage_protected_limit_a=60, soc_power_w=3169, is_critical_soc=False
2026-02-20T16:03:00.215877+01:00,  soc=90.0,  volt=52.82,  volt_delta=0.02, volt_rate_per_min=0.02, volt_status=NORMAL, batt_w=9.0,  batt_mode=idle,  batt_discharge_w=9.0,  batt_charge_w=0,  load_w=2283.0, zone=unknown,  grid_charge=off, ev_charging_active=off, ev_charge_end=2026-02-20 06:00:02, ev_webhook_count=92, max_discharge_a=60, max_charge_a=0, max_grid_charge_a=64, soc_limit_a=60, volt_penalty_a=0, voltage_protected_limit_a=60, soc_power_w=3169, is_critical_soc=False
2026-02-20T16:04:00.215373+01:00,  soc=90.0,  volt=52.82,  volt_delta=0.02, volt_rate_per_min=0.02, volt_status=NORMAL, batt_w=9.0,  batt_mode=idle,  batt_discharge_w=9.0,  batt_charge_w=0,  load_w=2283.0, zone=unknown,  grid_charge=off, ev_charging_active=off, ev_charge_end=2026-02-20 06:00:02, ev_webhook_count=92, max_discharge_a=60, max_charge_a=0, max_grid_charge_a=64, soc_limit_a=60, volt_penalty_a=0, voltage_protected_limit_a=60, soc_power_w=3169, is_critical_soc=False
2026-02-20T16:05:00.215429+01:00,  soc=90.0,  volt=52.82,  volt_delta=0.02, volt_rate_per_min=0.02, volt_status=NORMAL, batt_w=9.0,  batt_mode=idle,  batt_discharge_w=9.0,  batt_charge_w=0,  load_w=2283.0, zone=unknown,  grid_charge=off, ev_charging_active=off, ev_charge_end=2026-02-20 06:00:02, ev_webhook_count=92, max_discharge_a=60, max_charge_a=0, max_grid_charge_a=64, soc_limit_a=60, volt_penalty_a=0, voltage_protected_limit_a=60, soc_power_w=3169, is_critical_soc=False
2026-02-20T16:06:00.215219+01:00,  soc=90.0,  volt=52.82,  volt_delta=0.02, volt_rate_per_min=0.02, volt_status=NORMAL, batt_w=9.0,  batt_mode=idle,  batt_discharge_w=9.0,  batt_charge_w=0,  load_w=2283.0, zone=unknown,  grid_charge=off, ev_charging_active=off, ev_charge_end=2026-02-20 06:00:02, ev_webhook_count=92, max_discharge_a=60, max_charge_a=0, max_grid_charge_a=64, soc_limit_a=60, volt_penalty_a=0, voltage_protected_limit_a=60, soc_power_w=3169, is_critical_soc=False
2026-02-20T16:07:00.215270+01:00,  soc=90.0,  volt=52.82,  volt_delta=0.02, volt_rate_per_min=0.02, volt_status=NORMAL, batt_w=9.0,  batt_mode=idle,  batt_discharge_w=9.0,  batt_charge_w=0,  load_w=2272.0, zone=unknown,  grid_charge=off, ev_charging_active=off, ev_charge_end=2026-02-20 06:00:02, ev_webhook_count=92, max_discharge_a=60, max_charge_a=0, max_grid_charge_a=64, soc_limit_a=60, volt_penalty_a=0, voltage_protected_limit_a=60, soc_power_w=3169, is_critical_soc=False
2026-02-20T16:08:00.215412+01:00,  soc=90.0,  volt=52.82,  volt_delta=0.02, volt_rate_per_min=0.02, volt_status=NORMAL, batt_w=9.0,  batt_mode=idle,  batt_discharge_w=9.0,  batt_charge_w=0,  load_w=2272.0, zone=unknown,  grid_charge=off, ev_charging_active=off, ev_charge_end=2026-02-20 06:00:02, ev_webhook_count=92, max_discharge_a=60, max_charge_a=0, max_grid_charge_a=64, soc_limit_a=60, volt_penalty_a=0, voltage_protected_limit_a=60, soc_power_w=3169, is_critical_soc=False
2026-02-20T16:09:00.215210+01:00,  soc=90.0,  volt=52.82,  volt_delta=0.02, volt_rate_per_min=0.02, volt_status=NORMAL, batt_w=8.0,  batt_mode=idle,  batt_discharge_w=8.0,  batt_charge_w=0,  load_w=2272.0, zone=unknown,  grid_charge=off, ev_charging_active=off, ev_charge_end=2026-02-20 06:00:02, ev_webhook_count=92, max_discharge_a=60, max_charge_a=0, max_grid_charge_a=64, soc_limit_a=60, volt_penalty_a=0, voltage_protected_limit_a=60, soc_power_w=3169, is_critical_soc=False
2026-02-20T16:10:00.214878+01:00,  soc=90.0,  volt=52.82,  volt_delta=0.02, volt_rate_per_min=0.02, volt_status=NORMAL, batt_w=8.0,  batt_mode=idle,  batt_discharge_w=8.0,  batt_charge_w=0,  load_w=2272.0, zone=unknown,  grid_charge=off, ev_charging_active=off, ev_charge_end=2026-02-20 06:00:02, ev_webhook_count=92, max_discharge_a=60, max_charge_a=0, max_grid_charge_a=64, soc_limit_a=60, volt_penalty_a=0, voltage_protected_limit_a=60, soc_power_w=3169, is_critical_soc=False
2026-02-20T16:11:00.215603+01:00,  soc=90.0,  volt=52.82,  volt_delta=0.02, volt_rate_per_min=0.02, volt_status=NORMAL, batt_w=8.0,  batt_mode=idle,  batt_discharge_w=8.0,  batt_charge_w=0,  load_w=2272.0, zone=unknown,  grid_charge=off, ev_charging_active=off, ev_charge_end=2026-02-20 06:00:02, ev_webhook_count=92, max_discharge_a=60, max_charge_a=0, max_grid_charge_a=64, soc_limit_a=60, volt_penalty_a=0, voltage_protected_limit_a=60, soc_power_w=3169, is_critical_soc=False
2026-02-20T16:12:00.215206+01:00,  soc=90.0,  volt=52.81,  volt_delta=0.01, volt_rate_per_min=0.01, volt_status=NORMAL, batt_w=8.0,  batt_mode=idle,  batt_discharge_w=8.0,  batt_charge_w=0,  load_w=2274.0, zone=unknown,  grid_charge=off, ev_charging_active=off, ev_charge_end=2026-02-20 06:00:02, ev_webhook_count=92, max_discharge_a=60, max_charge_a=0, max_grid_charge_a=64, soc_limit_a=60, volt_penalty_a=0, voltage_protected_limit_a=60, soc_power_w=3169, is_critical_soc=False
2026-02-20T16:13:00.215512+01:00,  soc=90.0,  volt=52.81,  volt_delta=0.01, volt_rate_per_min=0.01, volt_status=NORMAL, batt_w=8.0,  batt_mode=idle,  batt_discharge_w=8.0,  batt_charge_w=0,  load_w=2274.0, zone=unknown,  grid_charge=off, ev_charging_active=off, ev_charge_end=2026-02-20 06:00:02, ev_webhook_count=92, max_discharge_a=60, max_charge_a=0, max_grid_charge_a=64, soc_limit_a=60, volt_penalty_a=0, voltage_protected_limit_a=60, soc_power_w=3169, is_critical_soc=False
2026-02-20T16:14:00.215348+01:00,  soc=90.0,  volt=52.81,  volt_delta=0.01, volt_rate_per_min=0.01, volt_status=NORMAL, batt_w=8.0,  batt_mode=idle,  batt_discharge_w=8.0,  batt_charge_w=0,  load_w=2274.0, zone=unknown,  grid_charge=off, ev_charging_active=off, ev_charge_end=2026-02-20 06:00:02, ev_webhook_count=92, max_discharge_a=60, max_charge_a=0, max_grid_charge_a=64, soc_limit_a=60, volt_penalty_a=0, voltage_protected_limit_a=60, soc_power_w=3169, is_critical_soc=False
2026-02-20T16:15:00.214764+01:00,  soc=90.0,  volt=52.81,  volt_delta=0.01, volt_rate_per_min=0.01, volt_status=NORMAL, batt_w=8.0,  batt_mode=idle,  batt_discharge_w=8.0,  batt_charge_w=0,  load_w=2274.0, zone=unknown,  grid_charge=off, ev_charging_active=off, ev_charge_end=2026-02-20 06:00:02, ev_webhook_count=92, max_discharge_a=60, max_charge_a=0, max_grid_charge_a=64, soc_limit_a=60, volt_penalty_a=0, voltage_protected_limit_a=60, soc_power_w=3169, is_critical_soc=False
2026-02-20T16:16:00.214866+01:00,  soc=90.0,  volt=52.81,  volt_delta=0.01, volt_rate_per_min=0.01, volt_status=NORMAL, batt_w=8.0,  batt_mode=idle,  batt_discharge_w=8.0,  batt_charge_w=0,  load_w=2274.0, zone=unknown,  grid_charge=off, ev_charging_active=off, ev_charge_end=2026-02-20 06:00:02, ev_webhook_count=92, max_discharge_a=60, max_charge_a=0, max_grid_charge_a=64, soc_limit_a=60, volt_penalty_a=0, voltage_protected_limit_a=60, soc_power_w=3169, is_critical_soc=False
2026-02-20T16:17:00.214952+01:00,  soc=90.0,  volt=52.81,  volt_delta=0.01, volt_rate_per_min=0.01, volt_status=NORMAL, batt_w=8.0,  batt_mode=idle,  batt_discharge_w=8.0,  batt_charge_w=0,  load_w=2274.0, zone=unknown,  grid_charge=off, ev_charging_active=off, ev_charge_end=2026-02-20 06:00:02, ev_webhook_count=92, max_discharge_a=60, max_charge_a=0, max_grid_charge_a=64, soc_limit_a=60, volt_penalty_a=0, voltage_protected_limit_a=60, soc_power_w=3169, is_critical_soc=False
2026-02-20T16:18:00.216422+01:00,  soc=90.0,  volt=52.81,  volt_delta=0.01, volt_rate_per_min=0.01, volt_status=NORMAL, batt_w=8.0,  batt_mode=idle,  batt_discharge_w=8.0,  batt_charge_w=0,  load_w=2274.0, zone=unknown,  grid_charge=off, ev_charging_active=off, ev_charge_end=2026-02-20 06:00:02, ev_webhook_count=92, max_discharge_a=60, max_charge_a=0, max_grid_charge_a=64, soc_limit_a=60, volt_penalty_a=0, voltage_protected_limit_a=60, soc_power_w=3169, is_critical_soc=False
2026-02-20T16:19:00.215578+01:00,  soc=90.0,  volt=52.81,  volt_delta=0.01, volt_rate_per_min=0.01, volt_status=NORMAL, batt_w=14.0,  batt_mode=idle,  batt_discharge_w=14.0,  batt_charge_w=0,  load_w=2274.0, zone=unknown,  grid_charge=off, ev_charging_active=off, ev_charge_end=2026-02-20 06:00:02, ev_webhook_count=92, max_discharge_a=60, max_charge_a=0, max_grid_charge_a=64, soc_limit_a=60, volt_penalty_a=0, voltage_protected_limit_a=60, soc_power_w=3169, is_critical_soc=False
2026-02-20T16:20:00.215432+01:00,  soc=90.0,  volt=52.81,  volt_delta=0.01, volt_rate_per_min=0.01, volt_status=NORMAL, batt_w=14.0,  batt_mode=idle,  batt_discharge_w=14.0,  batt_charge_w=0,  load_w=2274.0, zone=unknown,  grid_charge=off, ev_charging_active=off, ev_charge_end=2026-02-20 06:00:02, ev_webhook_count=92, max_discharge_a=60, max_charge_a=0, max_grid_charge_a=64, soc_limit_a=60, volt_penalty_a=0, voltage_protected_limit_a=60, soc_power_w=3169, is_critical_soc=False
2026-02-20T16:21:00.214980+01:00,  soc=90.0,  volt=52.81,  volt_delta=0.01, volt_rate_per_min=0.01, volt_status=NORMAL, batt_w=14.0,  batt_mode=idle,  batt_discharge_w=14.0,  batt_charge_w=0,  load_w=2274.0, zone=unknown,  grid_charge=off, ev_charging_active=off, ev_charge_end=2026-02-20 06:00:02, ev_webhook_count=92, max_discharge_a=60, max_charge_a=0, max_grid_charge_a=64, soc_limit_a=60, volt_penalty_a=0, voltage_protected_limit_a=60, soc_power_w=3169, is_critical_soc=False
2026-02-20T16:22:00.214943+01:00,  soc=90.0,  volt=52.81,  volt_delta=0.01, volt_rate_per_min=0.01, volt_status=NORMAL, batt_w=14.0,  batt_mode=idle,  batt_discharge_w=14.0,  batt_charge_w=0,  load_w=2274.0, zone=unknown,  grid_charge=off, ev_charging_active=off, ev_charge_end=2026-02-20 06:00:02, ev_webhook_count=92, max_discharge_a=60, max_charge_a=0, max_grid_charge_a=64, soc_limit_a=60, volt_penalty_a=0, voltage_protected_limit_a=60, soc_power_w=3169, is_critical_soc=False
2026-02-20T16:23:00.214863+01:00,  soc=90.0,  volt=52.81,  volt_delta=0.01, volt_rate_per_min=0.01, volt_status=NORMAL, batt_w=14.0,  batt_mode=idle,  batt_discharge_w=14.0,  batt_charge_w=0,  load_w=2273.0, zone=unknown,  grid_charge=off, ev_charging_active=off, ev_charge_end=2026-02-20 06:00:02, ev_webhook_count=92, max_discharge_a=60, max_charge_a=0, max_grid_charge_a=64, soc_limit_a=60, volt_penalty_a=0, voltage_protected_limit_a=60, soc_power_w=3169, is_critical_soc=False
2026-02-20T16:24:00.216118+01:00,  soc=90.0,  volt=52.81,  volt_delta=0.01, volt_rate_per_min=0.01, volt_status=NORMAL, batt_w=14.0,  batt_mode=idle,  batt_discharge_w=14.0,  batt_charge_w=0,  load_w=2273.0, zone=unknown,  grid_charge=off, ev_charging_active=off, ev_charge_end=2026-02-20 06:00:02, ev_webhook_count=92, max_discharge_a=60, max_charge_a=0, max_grid_charge_a=64, soc_limit_a=60, volt_penalty_a=0, voltage_protected_limit_a=60, soc_power_w=3169, is_critical_soc=False
2026-02-20T16:25:00.214870+01:00,  soc=90.0,  volt=52.81,  volt_delta=0.01, volt_rate_per_min=0.01, volt_status=NORMAL, batt_w=14.0,  batt_mode=idle,  batt_discharge_w=14.0,  batt_charge_w=0,  load_w=2346.0, zone=unknown,  grid_charge=off, ev_charging_active=off, ev_charge_end=2026-02-20 06:00:02, ev_webhook_count=92, max_discharge_a=60, max_charge_a=0, max_grid_charge_a=64, soc_limit_a=60, volt_penalty_a=0, voltage_protected_limit_a=60, soc_power_w=3169, is_critical_soc=False
2026-02-20T16:26:00.215186+01:00,  soc=90.0,  volt=52.81,  volt_delta=0.01, volt_rate_per_min=0.01, volt_status=NORMAL, batt_w=14.0,  batt_mode=idle,  batt_discharge_w=14.0,  batt_charge_w=0,  load_w=2346.0, zone=unknown,  grid_charge=off, ev_charging_active=off, ev_charge_end=2026-02-20 06:00:02, ev_webhook_count=92, max_discharge_a=60, max_charge_a=0, max_grid_charge_a=64, soc_limit_a=60, volt_penalty_a=0, voltage_protected_limit_a=60, soc_power_w=3169, is_critical_soc=False
2026-02-20T16:27:00.215886+01:00,  soc=90.0,  volt=52.81,  volt_delta=0.01, volt_rate_per_min=0.01, volt_status=NORMAL, batt_w=14.0,  batt_mode=idle,  batt_discharge_w=14.0,  batt_charge_w=0,  load_w=2346.0, zone=unknown,  grid_charge=off, ev_charging_active=off, ev_charge_end=2026-02-20 06:00:02, ev_webhook_count=92, max_discharge_a=60, max_charge_a=0, max_grid_charge_a=64, soc_limit_a=60, volt_penalty_a=0, voltage_protected_limit_a=60, soc_power_w=3169, is_critical_soc=False
2026-02-20T16:28:00.215358+01:00,  soc=90.0,  volt=52.81,  volt_delta=0.01, volt_rate_per_min=0.01, volt_status=NORMAL, batt_w=14.0,  batt_mode=idle,  batt_discharge_w=14.0,  batt_charge_w=0,  load_w=2347.0, zone=unknown,  grid_charge=off, ev_charging_active=off, ev_charge_end=2026-02-20 06:00:02, ev_webhook_count=92, max_discharge_a=60, max_charge_a=0, max_grid_charge_a=64, soc_limit_a=60, volt_penalty_a=0, voltage_protected_limit_a=60, soc_power_w=3169, is_critical_soc=False
2026-02-20T16:29:00.215314+01:00,  soc=90.0,  volt=52.79,  volt_delta=-0.01, volt_rate_per_min=-0.01, volt_status=NORMAL, batt_w=23.0,  batt_mode=idle,  batt_discharge_w=23.0,  batt_charge_w=0,  load_w=2347.0, zone=unknown,  grid_charge=off, ev_charging_active=off, ev_charge_end=2026-02-20 06:00:02, ev_webhook_count=92, max_discharge_a=60, max_charge_a=0, max_grid_charge_a=64, soc_limit_a=60, volt_penalty_a=0, voltage_protected_limit_a=60, soc_power_w=3167, is_critical_soc=False
2026-02-20T16:30:00.216311+01:00,  soc=90.0,  volt=52.79,  volt_delta=-0.01, volt_rate_per_min=-0.01, volt_status=NORMAL, batt_w=23.0,  batt_mode=idle,  batt_discharge_w=23.0,  batt_charge_w=0,  load_w=2347.0, zone=unknown,  grid_charge=off, ev_charging_active=off, ev_charge_end=2026-02-20 06:00:02, ev_webhook_count=92, max_discharge_a=60, max_charge_a=0, max_grid_charge_a=64, soc_limit_a=60, volt_penalty_a=0, voltage_protected_limit_a=60, soc_power_w=3167, is_critical_soc=False
2026-02-20T16:31:00.215034+01:00,  soc=90.0,  volt=52.79,  volt_delta=-0.01, volt_rate_per_min=-0.01, volt_status=NORMAL, batt_w=23.0,  batt_mode=idle,  batt_discharge_w=23.0,  batt_charge_w=0,  load_w=2347.0, zone=unknown,  grid_charge=off, ev_charging_active=off, ev_charge_end=2026-02-20 06:00:02, ev_webhook_count=92, max_discharge_a=60, max_charge_a=0, max_grid_charge_a=64, soc_limit_a=60, volt_penalty_a=0, voltage_protected_limit_a=60, soc_power_w=3167, is_critical_soc=False
2026-02-20T16:32:00.215399+01:00,  soc=90.0,  volt=52.79,  volt_delta=-0.01, volt_rate_per_min=-0.01, volt_status=NORMAL, batt_w=23.0,  batt_mode=idle,  batt_discharge_w=23.0,  batt_charge_w=0,  load_w=2347.0, zone=unknown,  grid_charge=off, ev_charging_active=off, ev_charge_end=2026-02-20 06:00:02, ev_webhook_count=92, max_discharge_a=60, max_charge_a=0, max_grid_charge_a=64, soc_limit_a=60, volt_penalty_a=0, voltage_protected_limit_a=60, soc_power_w=3167, is_critical_soc=False
2026-02-20T16:33:00.214887+01:00,  soc=90.0,  volt=52.79,  volt_delta=-0.01, volt_rate_per_min=-0.01, volt_status=NORMAL, batt_w=23.0,  batt_mode=idle,  batt_discharge_w=23.0,  batt_charge_w=0,  load_w=2380.0, zone=unknown,  grid_charge=off, ev_charging_active=off, ev_charge_end=2026-02-20 06:00:02, ev_webhook_count=92, max_discharge_a=60, max_charge_a=0, max_grid_charge_a=64, soc_limit_a=60, volt_penalty_a=0, voltage_protected_limit_a=60, soc_power_w=3167, is_critical_soc=False
2026-02-20T16:34:00.215423+01:00,  soc=90.0,  volt=52.79,  volt_delta=-0.01, volt_rate_per_min=-0.01, volt_status=NORMAL, batt_w=23.0,  batt_mode=idle,  batt_discharge_w=23.0,  batt_charge_w=0,  load_w=2380.0, zone=unknown,  grid_charge=off, ev_charging_active=off, ev_charge_end=2026-02-20 06:00:02, ev_webhook_count=92, max_discharge_a=60, max_charge_a=0, max_grid_charge_a=64, soc_limit_a=60, volt_penalty_a=0, voltage_protected_limit_a=60, soc_power_w=3167, is_critical_soc=False
2026-02-20T16:35:00.214713+01:00,  soc=90.0,  volt=52.79,  volt_delta=-0.01, volt_rate_per_min=-0.01, volt_status=NORMAL, batt_w=23.0,  batt_mode=idle,  batt_discharge_w=23.0,  batt_charge_w=0,  load_w=2380.0, zone=unknown,  grid_charge=off, ev_charging_active=off, ev_charge_end=2026-02-20 06:00:02, ev_webhook_count=92, max_discharge_a=60, max_charge_a=0, max_grid_charge_a=64, soc_limit_a=60, volt_penalty_a=0, voltage_protected_limit_a=60, soc_power_w=3167, is_critical_soc=False
2026-02-20T16:36:00.215523+01:00,  soc=90.0,  volt=52.79,  volt_delta=-0.01, volt_rate_per_min=-0.01, volt_status=NORMAL, batt_w=23.0,  batt_mode=idle,  batt_discharge_w=23.0,  batt_charge_w=0,  load_w=2380.0, zone=unknown,  grid_charge=off, ev_charging_active=off, ev_charge_end=2026-02-20 06:00:02, ev_webhook_count=92, max_discharge_a=60, max_charge_a=0, max_grid_charge_a=64, soc_limit_a=60, volt_penalty_a=0, voltage_protected_limit_a=60, soc_power_w=3167, is_critical_soc=False
2026-02-20T16:37:00.214865+01:00,  soc=90.0,  volt=52.79,  volt_delta=-0.01, volt_rate_per_min=-0.01, volt_status=NORMAL, batt_w=23.0,  batt_mode=idle,  batt_discharge_w=23.0,  batt_charge_w=0,  load_w=2406.0, zone=unknown,  grid_charge=off, ev_charging_active=off, ev_charge_end=2026-02-20 06:00:02, ev_webhook_count=92, max_discharge_a=60, max_charge_a=0, max_grid_charge_a=64, soc_limit_a=60, volt_penalty_a=0, voltage_protected_limit_a=60, soc_power_w=3167, is_critical_soc=False
2026-02-20T16:38:00.214535+01:00,  soc=90.0,  volt=52.79,  volt_delta=-0.01, volt_rate_per_min=-0.01, volt_status=NORMAL, batt_w=23.0,  batt_mode=idle,  batt_discharge_w=23.0,  batt_charge_w=0,  load_w=2406.0, zone=unknown,  grid_charge=off, ev_charging_active=off, ev_charge_end=2026-02-20 06:00:02, ev_webhook_count=92, max_discharge_a=60, max_charge_a=0, max_grid_charge_a=64, soc_limit_a=60, volt_penalty_a=0, voltage_protected_limit_a=60, soc_power_w=3167, is_critical_soc=False
2026-02-20T16:39:00.215486+01:00,  soc=90.0,  volt=52.77,  volt_delta=-0.03, volt_rate_per_min=-0.03, volt_status=NORMAL, batt_w=38.0,  batt_mode=idle,  batt_discharge_w=38.0,  batt_charge_w=0,  load_w=2424.0, zone=unknown,  grid_charge=off, ev_charging_active=off, ev_charge_end=2026-02-20 06:00:02, ev_webhook_count=92, max_discharge_a=60, max_charge_a=0, max_grid_charge_a=64, soc_limit_a=60, volt_penalty_a=0, voltage_protected_limit_a=60, soc_power_w=3166, is_critical_soc=False
2026-02-20T16:40:00.214962+01:00,  soc=90.0,  volt=52.77,  volt_delta=-0.03, volt_rate_per_min=-0.03, volt_status=NORMAL, batt_w=38.0,  batt_mode=idle,  batt_discharge_w=38.0,  batt_charge_w=0,  load_w=2424.0, zone=unknown,  grid_charge=off, ev_charging_active=off, ev_charge_end=2026-02-20 06:00:02, ev_webhook_count=92, max_discharge_a=60, max_charge_a=0, max_grid_charge_a=64, soc_limit_a=60, volt_penalty_a=0, voltage_protected_limit_a=60, soc_power_w=3166, is_critical_soc=False
2026-02-20T16:41:00.214884+01:00,  soc=90.0,  volt=52.77,  volt_delta=-0.03, volt_rate_per_min=-0.03, volt_status=NORMAL, batt_w=38.0,  batt_mode=idle,  batt_discharge_w=38.0,  batt_charge_w=0,  load_w=2424.0, zone=unknown,  grid_charge=off, ev_charging_active=off, ev_charge_end=2026-02-20 06:00:02, ev_webhook_count=92, max_discharge_a=60, max_charge_a=0, max_grid_charge_a=64, soc_limit_a=60, volt_penalty_a=0, voltage_protected_limit_a=60, soc_power_w=3166, is_critical_soc=False
2026-02-20T16:42:00.215291+01:00,  soc=90.0,  volt=52.77,  volt_delta=-0.03, volt_rate_per_min=-0.03, volt_status=NORMAL, batt_w=38.0,  batt_mode=idle,  batt_discharge_w=38.0,  batt_charge_w=0,  load_w=2424.0, zone=unknown,  grid_charge=off, ev_charging_active=off, ev_charge_end=2026-02-20 06:00:02, ev_webhook_count=92, max_discharge_a=60, max_charge_a=0, max_grid_charge_a=64, soc_limit_a=60, volt_penalty_a=0, voltage_protected_limit_a=60, soc_power_w=3166, is_critical_soc=False
2026-02-20T16:43:00.214469+01:00,  soc=90.0,  volt=52.77,  volt_delta=-0.03, volt_rate_per_min=-0.03, volt_status=NORMAL, batt_w=38.0,  batt_mode=idle,  batt_discharge_w=38.0,  batt_charge_w=0,  load_w=2424.0, zone=unknown,  grid_charge=off, ev_charging_active=off, ev_charge_end=2026-02-20 06:00:02, ev_webhook_count=92, max_discharge_a=60, max_charge_a=0, max_grid_charge_a=64, soc_limit_a=60, volt_penalty_a=0, voltage_protected_limit_a=60, soc_power_w=3166, is_critical_soc=False
2026-02-20T16:44:00.214672+01:00,  soc=90.0,  volt=52.77,  volt_delta=-0.03, volt_rate_per_min=-0.03, volt_status=NORMAL, batt_w=38.0,  batt_mode=idle,  batt_discharge_w=38.0,  batt_charge_w=0,  load_w=2379.0, zone=unknown,  grid_charge=off, ev_charging_active=off, ev_charge_end=2026-02-20 06:00:02, ev_webhook_count=92, max_discharge_a=60, max_charge_a=0, max_grid_charge_a=64, soc_limit_a=60, volt_penalty_a=0, voltage_protected_limit_a=60, soc_power_w=3166, is_critical_soc=False
2026-02-20T16:45:00.214742+01:00,  soc=90.0,  volt=52.77,  volt_delta=-0.03, volt_rate_per_min=-0.03, volt_status=NORMAL, batt_w=38.0,  batt_mode=idle,  batt_discharge_w=38.0,  batt_charge_w=0,  load_w=2475.0, zone=unknown,  grid_charge=off, ev_charging_active=off, ev_charge_end=2026-02-20 06:00:02, ev_webhook_count=92, max_discharge_a=60, max_charge_a=0, max_grid_charge_a=64, soc_limit_a=60, volt_penalty_a=0, voltage_protected_limit_a=60, soc_power_w=3166, is_critical_soc=False
2026-02-20T16:46:00.215847+01:00,  soc=90.0,  volt=52.77,  volt_delta=-0.03, volt_rate_per_min=-0.03, volt_status=NORMAL, batt_w=38.0,  batt_mode=idle,  batt_discharge_w=38.0,  batt_charge_w=0,  load_w=2390.0, zone=unknown,  grid_charge=off, ev_charging_active=off, ev_charge_end=2026-02-20 06:00:02, ev_webhook_count=92, max_discharge_a=60, max_charge_a=0, max_grid_charge_a=64, soc_limit_a=60, volt_penalty_a=0, voltage_protected_limit_a=60, soc_power_w=3166, is_critical_soc=False
2026-02-20T16:47:00.214882+01:00,  soc=90.0,  volt=52.77,  volt_delta=-0.03, volt_rate_per_min=-0.03, volt_status=NORMAL, batt_w=38.0,  batt_mode=idle,  batt_discharge_w=38.0,  batt_charge_w=0,  load_w=2796.0, zone=unknown,  grid_charge=off, ev_charging_active=off, ev_charge_end=2026-02-20 06:00:02, ev_webhook_count=92, max_discharge_a=60, max_charge_a=0, max_grid_charge_a=64, soc_limit_a=60, volt_penalty_a=0, voltage_protected_limit_a=60, soc_power_w=3166, is_critical_soc=False
2026-02-20T16:48:00.216143+01:00,  soc=90.0,  volt=52.77,  volt_delta=-0.03, volt_rate_per_min=-0.03, volt_status=NORMAL, batt_w=38.0,  batt_mode=idle,  batt_discharge_w=38.0,  batt_charge_w=0,  load_w=2796.0, zone=unknown,  grid_charge=off, ev_charging_active=off, ev_charge_end=2026-02-20 06:00:02, ev_webhook_count=92, max_discharge_a=60, max_charge_a=0, max_grid_charge_a=64, soc_limit_a=60, volt_penalty_a=0, voltage_protected_limit_a=60, soc_power_w=3166, is_critical_soc=False
2026-02-20T16:49:00.215017+01:00,  soc=90.0,  volt=52.76,  volt_delta=-0.04, volt_rate_per_min=-0.04, volt_status=NORMAL, batt_w=41.0,  batt_mode=idle,  batt_discharge_w=41.0,  batt_charge_w=0,  load_w=2800.0, zone=unknown,  grid_charge=off, ev_charging_active=off, ev_charge_end=2026-02-20 06:00:02, ev_webhook_count=92, max_discharge_a=60, max_charge_a=0, max_grid_charge_a=64, soc_limit_a=60, volt_penalty_a=0, voltage_protected_limit_a=60, soc_power_w=3166, is_critical_soc=False
2026-02-20T16:50:00.214814+01:00,  soc=90.0,  volt=52.76,  volt_delta=-0.04, volt_rate_per_min=-0.04, volt_status=NORMAL, batt_w=41.0,  batt_mode=idle,  batt_discharge_w=41.0,  batt_charge_w=0,  load_w=4857.0, zone=unknown,  grid_charge=off, ev_charging_active=off, ev_charge_end=2026-02-20 06:00:02, ev_webhook_count=92, max_discharge_a=60, max_charge_a=0, max_grid_charge_a=64, soc_limit_a=60, volt_penalty_a=0, voltage_protected_limit_a=60, soc_power_w=3166, is_critical_soc=False
2026-02-20T16:51:00.214654+01:00,  soc=90.0,  volt=52.76,  volt_delta=-0.04, volt_rate_per_min=-0.04, volt_status=NORMAL, batt_w=41.0,  batt_mode=idle,  batt_discharge_w=41.0,  batt_charge_w=0,  load_w=2383.0, zone=unknown,  grid_charge=off, ev_charging_active=off, ev_charge_end=2026-02-20 06:00:02, ev_webhook_count=92, max_discharge_a=60, max_charge_a=0, max_grid_charge_a=64, soc_limit_a=60, volt_penalty_a=0, voltage_protected_limit_a=60, soc_power_w=3166, is_critical_soc=False
2026-02-20T16:52:00.215091+01:00,  soc=90.0,  volt=52.76,  volt_delta=-0.04, volt_rate_per_min=-0.04, volt_status=NORMAL, batt_w=41.0,  batt_mode=idle,  batt_discharge_w=41.0,  batt_charge_w=0,  load_w=2383.0, zone=unknown,  grid_charge=off, ev_charging_active=off, ev_charge_end=2026-02-20 06:00:02, ev_webhook_count=92, max_discharge_a=60, max_charge_a=0, max_grid_charge_a=64, soc_limit_a=60, volt_penalty_a=0, voltage_protected_limit_a=60, soc_power_w=3166, is_critical_soc=False
2026-02-20T16:53:00.215338+01:00,  soc=89.0,  volt=52.76,  volt_delta=-0.04, volt_rate_per_min=-0.04, volt_status=NORMAL, batt_w=41.0,  batt_mode=idle,  batt_discharge_w=41.0,  batt_charge_w=0,  load_w=2798.0, zone=unknown,  grid_charge=off, ev_charging_active=off, ev_charge_end=2026-02-20 06:00:02, ev_webhook_count=92, max_discharge_a=60, max_charge_a=0, max_grid_charge_a=64, soc_limit_a=60, volt_penalty_a=0, voltage_protected_limit_a=60, soc_power_w=3166, is_critical_soc=False
2026-02-20T16:54:00.214874+01:00,  soc=89.0,  volt=52.76,  volt_delta=-0.04, volt_rate_per_min=-0.04, volt_status=NORMAL, batt_w=41.0,  batt_mode=idle,  batt_discharge_w=41.0,  batt_charge_w=0,  load_w=2798.0, zone=unknown,  grid_charge=off, ev_charging_active=off, ev_charge_end=2026-02-20 06:00:02, ev_webhook_count=92, max_discharge_a=60, max_charge_a=0, max_grid_charge_a=64, soc_limit_a=60, volt_penalty_a=0, voltage_protected_limit_a=60, soc_power_w=3166, is_critical_soc=False
2026-02-20T16:55:00.215521+01:00,  soc=89.0,  volt=52.76,  volt_delta=-0.04, volt_rate_per_min=-0.04, volt_status=NORMAL, batt_w=41.0,  batt_mode=idle,  batt_discharge_w=41.0,  batt_charge_w=0,  load_w=2798.0, zone=unknown,  grid_charge=off, ev_charging_active=off, ev_charge_end=2026-02-20 06:00:02, ev_webhook_count=92, max_discharge_a=60, max_charge_a=0, max_grid_charge_a=64, soc_limit_a=60, volt_penalty_a=0, voltage_protected_limit_a=60, soc_power_w=3166, is_critical_soc=False
2026-02-20T16:56:00.214799+01:00,  soc=89.0,  volt=52.76,  volt_delta=-0.04, volt_rate_per_min=-0.04, volt_status=NORMAL, batt_w=41.0,  batt_mode=idle,  batt_discharge_w=41.0,  batt_charge_w=0,  load_w=2798.0, zone=unknown,  grid_charge=off, ev_charging_active=off, ev_charge_end=2026-02-20 06:00:02, ev_webhook_count=92, max_discharge_a=60, max_charge_a=0, max_grid_charge_a=64, soc_limit_a=60, volt_penalty_a=0, voltage_protected_limit_a=60, soc_power_w=3166, is_critical_soc=False
2026-02-20T16:57:00.214767+01:00,  soc=89.0,  volt=52.76,  volt_delta=-0.04, volt_rate_per_min=-0.04, volt_status=NORMAL, batt_w=41.0,  batt_mode=idle,  batt_discharge_w=41.0,  batt_charge_w=0,  load_w=2798.0, zone=unknown,  grid_charge=off, ev_charging_active=off, ev_charge_end=2026-02-20 06:00:02, ev_webhook_count=92, max_discharge_a=60, max_charge_a=0, max_grid_charge_a=64, soc_limit_a=60, volt_penalty_a=0, voltage_protected_limit_a=60, soc_power_w=3166, is_critical_soc=False
2026-02-20T16:58:00.214867+01:00,  soc=89.0,  volt=52.76,  volt_delta=-0.04, volt_rate_per_min=-0.04, volt_status=NORMAL, batt_w=41.0,  batt_mode=idle,  batt_discharge_w=41.0,  batt_charge_w=0,  load_w=2798.0, zone=unknown,  grid_charge=off, ev_charging_active=off, ev_charge_end=2026-02-20 06:00:02, ev_webhook_count=92, max_discharge_a=60, max_charge_a=0, max_grid_charge_a=64, soc_limit_a=60, volt_penalty_a=0, voltage_protected_limit_a=60, soc_power_w=3166, is_critical_soc=False
2026-02-20T16:59:00.215164+01:00,  soc=89.0,  volt=52.74,  volt_delta=-0.06, volt_rate_per_min=-0.06, volt_status=NORMAL, batt_w=48.0,  batt_mode=idle,  batt_discharge_w=48.0,  batt_charge_w=0,  load_w=2798.0, zone=unknown,  grid_charge=off, ev_charging_active=off, ev_charge_end=2026-02-20 06:00:02, ev_webhook_count=92, max_discharge_a=60, max_charge_a=0, max_grid_charge_a=64, soc_limit_a=60, volt_penalty_a=0, voltage_protected_limit_a=60, soc_power_w=3164, is_critical_soc=False
2026-02-20T17:00:00.214953+01:00,  soc=89.0,  volt=52.74,  volt_delta=-0.06, volt_rate_per_min=-0.06, volt_status=NORMAL, batt_w=48.0,  batt_mode=idle,  batt_discharge_w=48.0,  batt_charge_w=0,  load_w=2846.0, zone=unknown,  grid_charge=off, ev_charging_active=off, ev_charge_end=2026-02-20 06:00:02, ev_webhook_count=92, max_discharge_a=60, max_charge_a=0, max_grid_charge_a=64, soc_limit_a=60, volt_penalty_a=0, voltage_protected_limit_a=60, soc_power_w=3164, is_critical_soc=False
2026-02-20T17:01:00.214936+01:00,  soc=89.0,  volt=51.92,  volt_delta=-0.88, volt_rate_per_min=-0.88, volt_status=NORMAL, batt_w=2796.0,  batt_mode=discharge,  batt_discharge_w=2796.0,  batt_charge_w=0,  load_w=2731.0, zone=unknown,  grid_charge=off, ev_charging_active=off, ev_charge_end=2026-02-20 06:00:02, ev_webhook_count=92, max_discharge_a=60, max_charge_a=0, max_grid_charge_a=64, soc_limit_a=60, volt_penalty_a=10, voltage_protected_limit_a=50, soc_power_w=3115, is_critical_soc=False
2026-02-20T17:02:00.215035+01:00,  soc=89.0,  volt=51.73,  volt_delta=-1.07, volt_rate_per_min=-1.07, volt_status=NORMAL, batt_w=2796.0,  batt_mode=discharge,  batt_discharge_w=2796.0,  batt_charge_w=0,  load_w=2731.0, zone=unknown,  grid_charge=off, ev_charging_active=off, ev_charge_end=2026-02-20 06:00:02, ev_webhook_count=92, max_discharge_a=60, max_charge_a=0, max_grid_charge_a=64, soc_limit_a=60, volt_penalty_a=10, voltage_protected_limit_a=50, soc_power_w=3104, is_critical_soc=False
2026-02-20T17:03:00.214621+01:00,  soc=88.0,  volt=51.62,  volt_delta=-1.18, volt_rate_per_min=-1.18, volt_status=NORMAL, batt_w=2796.0,  batt_mode=discharge,  batt_discharge_w=2796.0,  batt_charge_w=0,  load_w=2344.0, zone=unknown,  grid_charge=off, ev_charging_active=off, ev_charge_end=2026-02-20 06:00:02, ev_webhook_count=92, max_discharge_a=60, max_charge_a=0, max_grid_charge_a=64, soc_limit_a=60, volt_penalty_a=10, voltage_protected_limit_a=50, soc_power_w=3097, is_critical_soc=False
2026-02-20T17:04:00.215392+01:00,  soc=88.0,  volt=51.73,  volt_delta=-1.07, volt_rate_per_min=-1.07, volt_status=NORMAL, batt_w=2382.0,  batt_mode=discharge,  batt_discharge_w=2382.0,  batt_charge_w=0,  load_w=2344.0, zone=unknown,  grid_charge=off, ev_charging_active=off, ev_charge_end=2026-02-20 06:00:02, ev_webhook_count=92, max_discharge_a=60, max_charge_a=0, max_grid_charge_a=64, soc_limit_a=60, volt_penalty_a=10, voltage_protected_limit_a=50, soc_power_w=3104, is_critical_soc=False
2026-02-20T17:05:00.214860+01:00,  soc=87.0,  volt=51.73,  volt_delta=-1.07, volt_rate_per_min=-1.07, volt_status=NORMAL, batt_w=2382.0,  batt_mode=discharge,  batt_discharge_w=2382.0,  batt_charge_w=0,  load_w=2358.0, zone=unknown,  grid_charge=off, ev_charging_active=off, ev_charge_end=2026-02-20 06:00:02, ev_webhook_count=92, max_discharge_a=60, max_charge_a=0, max_grid_charge_a=64, soc_limit_a=60, volt_penalty_a=10, voltage_protected_limit_a=50, soc_power_w=3104, is_critical_soc=False
2026-02-20T17:06:00.214956+01:00,  soc=87.0,  volt=51.71,  volt_delta=-1.09, volt_rate_per_min=-1.09, volt_status=NORMAL, batt_w=2416.0,  batt_mode=discharge,  batt_discharge_w=2416.0,  batt_charge_w=0,  load_w=2358.0, zone=unknown,  grid_charge=off, ev_charging_active=off, ev_charge_end=2026-02-20 06:00:02, ev_webhook_count=92, max_discharge_a=60, max_charge_a=0, max_grid_charge_a=64, soc_limit_a=60, volt_penalty_a=10, voltage_protected_limit_a=50, soc_power_w=3103, is_critical_soc=False
2026-02-20T17:07:00.216560+01:00,  soc=86.0,  volt=51.57,  volt_delta=-1.23, volt_rate_per_min=-1.23, volt_status=NORMAL, batt_w=2833.0,  batt_mode=discharge,  batt_discharge_w=2833.0,  batt_charge_w=0,  load_w=4813.0, zone=unknown,  grid_charge=off, ev_charging_active=off, ev_charge_end=2026-02-20 06:00:02, ev_webhook_count=92, max_discharge_a=60, max_charge_a=0, max_grid_charge_a=64, soc_limit_a=60, volt_penalty_a=10, voltage_protected_limit_a=50, soc_power_w=3094, is_critical_soc=False
2026-02-20T17:08:00.214744+01:00,  soc=86.0,  volt=51.57,  volt_delta=-1.23, volt_rate_per_min=-1.23, volt_status=NORMAL, batt_w=2833.0,  batt_mode=discharge,  batt_discharge_w=2833.0,  batt_charge_w=0,  load_w=2739.0, zone=unknown,  grid_charge=off, ev_charging_active=off, ev_charge_end=2026-02-20 06:00:02, ev_webhook_count=92, max_discharge_a=60, max_charge_a=0, max_grid_charge_a=64, soc_limit_a=60, volt_penalty_a=10, voltage_protected_limit_a=50, soc_power_w=3094, is_critical_soc=False
2026-02-20T17:09:00.215219+01:00,  soc=85.0,  volt=51.55,  volt_delta=-1.25, volt_rate_per_min=-1.25, volt_status=NORMAL, batt_w=2821.0,  batt_mode=discharge,  batt_discharge_w=2821.0,  batt_charge_w=0,  load_w=4900.0, zone=unknown,  grid_charge=off, ev_charging_active=off, ev_charge_end=2026-02-20 06:00:02, ev_webhook_count=92, max_discharge_a=60, max_charge_a=0, max_grid_charge_a=64, soc_limit_a=60, volt_penalty_a=10, voltage_protected_limit_a=50, soc_power_w=3093, is_critical_soc=False
2026-02-20T17:10:00.215456+01:00,  soc=85.0,  volt=51.55,  volt_delta=-1.25, volt_rate_per_min=-1.25, volt_status=NORMAL, batt_w=2821.0,  batt_mode=discharge,  batt_discharge_w=2821.0,  batt_charge_w=0,  load_w=2767.0, zone=unknown,  grid_charge=off, ev_charging_active=off, ev_charge_end=2026-02-20 06:00:02, ev_webhook_count=92, max_discharge_a=60, max_charge_a=0, max_grid_charge_a=64, soc_limit_a=60, volt_penalty_a=10, voltage_protected_limit_a=50, soc_power_w=3093, is_critical_soc=False
2026-02-20T17:11:00.215102+01:00,  soc=84.0,  volt=51.55,  volt_delta=-1.25, volt_rate_per_min=-1.25, volt_status=NORMAL, batt_w=2821.0,  batt_mode=discharge,  batt_discharge_w=2821.0,  batt_charge_w=0,  load_w=2985.0, zone=unknown,  grid_charge=off, ev_charging_active=off, ev_charge_end=2026-02-20 06:00:02, ev_webhook_count=92, max_discharge_a=60, max_charge_a=0, max_grid_charge_a=64, soc_limit_a=60, volt_penalty_a=10, voltage_protected_limit_a=50, soc_power_w=3093, is_critical_soc=False
2026-02-20T17:12:00.215378+01:00,  soc=84.0,  volt=51.55,  volt_delta=-1.25, volt_rate_per_min=-1.25, volt_status=NORMAL, batt_w=2821.0,  batt_mode=discharge,  batt_discharge_w=2821.0,  batt_charge_w=0,  load_w=2759.0, zone=unknown,  grid_charge=off, ev_charging_active=off, ev_charge_end=2026-02-20 06:00:02, ev_webhook_count=92, max_discharge_a=60, max_charge_a=0, max_grid_charge_a=64, soc_limit_a=60, volt_penalty_a=10, voltage_protected_limit_a=50, soc_power_w=3093, is_critical_soc=False
2026-02-20T17:13:00.215989+01:00,  soc=83.0,  volt=51.55,  volt_delta=-1.25, volt_rate_per_min=-1.25, volt_status=NORMAL, batt_w=2821.0,  batt_mode=discharge,  batt_discharge_w=2821.0,  batt_charge_w=0,  load_w=2759.0, zone=unknown,  grid_charge=off, ev_charging_active=off, ev_charge_end=2026-02-20 06:00:02, ev_webhook_count=92, max_discharge_a=60, max_charge_a=0, max_grid_charge_a=64, soc_limit_a=60, volt_penalty_a=10, voltage_protected_limit_a=50, soc_power_w=3093, is_critical_soc=False
2026-02-20T17:14:00.215846+01:00,  soc=83.0,  volt=51.55,  volt_delta=-1.25, volt_rate_per_min=-1.25, volt_status=NORMAL, batt_w=2821.0,  batt_mode=discharge,  batt_discharge_w=2821.0,  batt_charge_w=0,  load_w=2759.0, zone=unknown,  grid_charge=off, ev_charging_active=off, ev_charge_end=2026-02-20 06:00:02, ev_webhook_count=92, max_discharge_a=60, max_charge_a=0, max_grid_charge_a=64, soc_limit_a=60, volt_penalty_a=10, voltage_protected_limit_a=50, soc_power_w=3093, is_critical_soc=False
2026-02-20T17:15:00.214730+01:00,  soc=83.0,  volt=51.55,  volt_delta=-1.25, volt_rate_per_min=-1.25, volt_status=NORMAL, batt_w=2821.0,  batt_mode=discharge,  batt_discharge_w=2821.0,  batt_charge_w=0,  load_w=2759.0, zone=unknown,  grid_charge=off, ev_charging_active=off, ev_charge_end=2026-02-20 06:00:02, ev_webhook_count=92, max_discharge_a=60, max_charge_a=0, max_grid_charge_a=64, soc_limit_a=60, volt_penalty_a=10, voltage_protected_limit_a=50, soc_power_w=3093, is_critical_soc=False
2026-02-20T17:16:00.214897+01:00,  soc=82.0,  volt=51.55,  volt_delta=-1.25, volt_rate_per_min=-1.25, volt_status=NORMAL, batt_w=2821.0,  batt_mode=discharge,  batt_discharge_w=2821.0,  batt_charge_w=0,  load_w=2797.0, zone=unknown,  grid_charge=off, ev_charging_active=off, ev_charge_end=2026-02-20 06:00:02, ev_webhook_count=92, max_discharge_a=60, max_charge_a=90, max_grid_charge_a=64, soc_limit_a=60, volt_penalty_a=10, voltage_protected_limit_a=50, soc_power_w=3093, is_critical_soc=False
2026-02-20T17:17:00.214838+01:00,  soc=82.0,  volt=51.55,  volt_delta=-1.25, volt_rate_per_min=-1.25, volt_status=NORMAL, batt_w=2821.0,  batt_mode=discharge,  batt_discharge_w=2821.0,  batt_charge_w=0,  load_w=2797.0, zone=unknown,  grid_charge=off, ev_charging_active=off, ev_charge_end=2026-02-20 06:00:02, ev_webhook_count=92, max_discharge_a=60, max_charge_a=90, max_grid_charge_a=64, soc_limit_a=60, volt_penalty_a=10, voltage_protected_limit_a=50, soc_power_w=3093, is_critical_soc=False
2026-02-20T17:18:00.215340+01:00,  soc=81.0,  volt=51.55,  volt_delta=-1.25, volt_rate_per_min=-1.25, volt_status=NORMAL, batt_w=2821.0,  batt_mode=discharge,  batt_discharge_w=2821.0,  batt_charge_w=0,  load_w=2797.0, zone=unknown,  grid_charge=off, ev_charging_active=off, ev_charge_end=2026-02-20 06:00:02, ev_webhook_count=92, max_discharge_a=60, max_charge_a=90, max_grid_charge_a=64, soc_limit_a=60, volt_penalty_a=10, voltage_protected_limit_a=50, soc_power_w=3093, is_critical_soc=False
2026-02-20T17:19:00.214885+01:00,  soc=80.0,  volt=51.53,  volt_delta=-1.27, volt_rate_per_min=-1.27, volt_status=NORMAL, batt_w=2943.0,  batt_mode=discharge,  batt_discharge_w=2943.0,  batt_charge_w=0,  load_w=2820.0, zone=unknown,  grid_charge=off, ev_charging_active=off, ev_charge_end=2026-02-20 06:00:02, ev_webhook_count=92, max_discharge_a=60, max_charge_a=90, max_grid_charge_a=64, soc_limit_a=60, volt_penalty_a=10, voltage_protected_limit_a=50, soc_power_w=3092, is_critical_soc=False
2026-02-20T17:20:00.215186+01:00,  soc=80.0,  volt=51.53,  volt_delta=-1.27, volt_rate_per_min=-1.27, volt_status=NORMAL, batt_w=2880.0,  batt_mode=discharge,  batt_discharge_w=2880.0,  batt_charge_w=0,  load_w=2820.0, zone=unknown,  grid_charge=off, ev_charging_active=off, ev_charge_end=2026-02-20 06:00:02, ev_webhook_count=92, max_discharge_a=60, max_charge_a=90, max_grid_charge_a=64, soc_limit_a=60, volt_penalty_a=10, voltage_protected_limit_a=50, soc_power_w=3092, is_critical_soc=False
2026-02-20T17:21:00.215326+01:00,  soc=79.0,  volt=51.53,  volt_delta=-1.27, volt_rate_per_min=-1.27, volt_status=NORMAL, batt_w=2880.0,  batt_mode=discharge,  batt_discharge_w=2880.0,  batt_charge_w=0,  load_w=2818.0, zone=unknown,  grid_charge=off, ev_charging_active=off, ev_charge_end=2026-02-20 06:00:02, ev_webhook_count=92, max_discharge_a=60, max_charge_a=90, max_grid_charge_a=64, soc_limit_a=60, volt_penalty_a=10, voltage_protected_limit_a=50, soc_power_w=3092, is_critical_soc=False
2026-02-20T17:22:00.215471+01:00,  soc=79.0,  volt=51.53,  volt_delta=-1.27, volt_rate_per_min=-1.27, volt_status=NORMAL, batt_w=2880.0,  batt_mode=discharge,  batt_discharge_w=2880.0,  batt_charge_w=0,  load_w=2818.0, zone=unknown,  grid_charge=off, ev_charging_active=off, ev_charge_end=2026-02-20 06:00:02, ev_webhook_count=92, max_discharge_a=60, max_charge_a=90, max_grid_charge_a=64, soc_limit_a=60, volt_penalty_a=10, voltage_protected_limit_a=50, soc_power_w=3092, is_critical_soc=False
2026-02-20T17:23:00.215785+01:00,  soc=78.0,  volt=51.53,  volt_delta=-1.27, volt_rate_per_min=-1.27, volt_status=NORMAL, batt_w=2880.0,  batt_mode=discharge,  batt_discharge_w=2880.0,  batt_charge_w=0,  load_w=2818.0, zone=unknown,  grid_charge=off, ev_charging_active=off, ev_charge_end=2026-02-20 06:00:02, ev_webhook_count=92, max_discharge_a=59, max_charge_a=90, max_grid_charge_a=64, soc_limit_a=60, volt_penalty_a=10, voltage_protected_limit_a=50, soc_power_w=3092, is_critical_soc=False
2026-02-20T17:24:00.215768+01:00,  soc=78.0,  volt=51.53,  volt_delta=-1.27, volt_rate_per_min=-1.27, volt_status=NORMAL, batt_w=2880.0,  batt_mode=discharge,  batt_discharge_w=2880.0,  batt_charge_w=0,  load_w=2818.0, zone=unknown,  grid_charge=off, ev_charging_active=off, ev_charge_end=2026-02-20 06:00:02, ev_webhook_count=92, max_discharge_a=59, max_charge_a=90, max_grid_charge_a=64, soc_limit_a=60, volt_penalty_a=10, voltage_protected_limit_a=50, soc_power_w=3092, is_critical_soc=False
2026-02-20T17:25:00.216634+01:00,  soc=77.0,  volt=51.53,  volt_delta=-1.27, volt_rate_per_min=-1.27, volt_status=NORMAL, batt_w=2460.0,  batt_mode=discharge,  batt_discharge_w=2460.0,  batt_charge_w=0,  load_w=2399.0, zone=unknown,  grid_charge=off, ev_charging_active=off, ev_charge_end=2026-02-20 06:00:02, ev_webhook_count=92, max_discharge_a=58, max_charge_a=90, max_grid_charge_a=64, soc_limit_a=60, volt_penalty_a=10, voltage_protected_limit_a=50, soc_power_w=3092, is_critical_soc=False
2026-02-20T17:26:00.215621+01:00,  soc=77.0,  volt=51.53,  volt_delta=-1.27, volt_rate_per_min=-1.27, volt_status=NORMAL, batt_w=2460.0,  batt_mode=discharge,  batt_discharge_w=2460.0,  batt_charge_w=0,  load_w=2399.0, zone=unknown,  grid_charge=off, ev_charging_active=off, ev_charge_end=2026-02-20 06:00:02, ev_webhook_count=92, max_discharge_a=58, max_charge_a=90, max_grid_charge_a=64, soc_limit_a=60, volt_penalty_a=10, voltage_protected_limit_a=50, soc_power_w=3092, is_critical_soc=False
2026-02-20T17:27:00.215655+01:00,  soc=77.0,  volt=51.67,  volt_delta=-1.13, volt_rate_per_min=-1.13, volt_status=NORMAL, batt_w=2460.0,  batt_mode=discharge,  batt_discharge_w=2460.0,  batt_charge_w=0,  load_w=2345.0, zone=unknown,  grid_charge=off, ev_charging_active=off, ev_charge_end=2026-02-20 06:00:02, ev_webhook_count=92, max_discharge_a=58, max_charge_a=90, max_grid_charge_a=64, soc_limit_a=60, volt_penalty_a=10, voltage_protected_limit_a=50, soc_power_w=3100, is_critical_soc=False
2026-02-20T17:28:00.216428+01:00,  soc=76.0,  volt=51.67,  volt_delta=-1.13, volt_rate_per_min=-1.13, volt_status=NORMAL, batt_w=2406.0,  batt_mode=discharge,  batt_discharge_w=2406.0,  batt_charge_w=0,  load_w=2345.0, zone=unknown,  grid_charge=off, ev_charging_active=off, ev_charge_end=2026-02-20 06:00:02, ev_webhook_count=92, max_discharge_a=58, max_charge_a=90, max_grid_charge_a=64, soc_limit_a=60, volt_penalty_a=10, voltage_protected_limit_a=50, soc_power_w=3100, is_critical_soc=False
2026-02-20T17:29:00.214970+01:00,  soc=76.0,  volt=51.68,  volt_delta=-1.12, volt_rate_per_min=-1.12, volt_status=NORMAL, batt_w=2412.0,  batt_mode=discharge,  batt_discharge_w=2412.0,  batt_charge_w=0,  load_w=2345.0, zone=unknown,  grid_charge=off, ev_charging_active=off, ev_charge_end=2026-02-20 06:00:02, ev_webhook_count=92, max_discharge_a=58, max_charge_a=90, max_grid_charge_a=64, soc_limit_a=60, volt_penalty_a=10, voltage_protected_limit_a=50, soc_power_w=3101, is_critical_soc=False
2026-02-20T17:30:00.214994+01:00,  soc=75.0,  volt=51.68,  volt_delta=-1.12, volt_rate_per_min=-1.12, volt_status=NORMAL, batt_w=2412.0,  batt_mode=discharge,  batt_discharge_w=2412.0,  batt_charge_w=0,  load_w=2345.0, zone=unknown,  grid_charge=off, ev_charging_active=off, ev_charge_end=2026-02-20 06:00:02, ev_webhook_count=92, max_discharge_a=58, max_charge_a=90, max_grid_charge_a=64, soc_limit_a=60, volt_penalty_a=10, voltage_protected_limit_a=50, soc_power_w=3101, is_critical_soc=False
2026-02-20T17:31:00.214695+01:00,  soc=75.0,  volt=51.68,  volt_delta=-1.12, volt_rate_per_min=-1.12, volt_status=NORMAL, batt_w=2412.0,  batt_mode=discharge,  batt_discharge_w=2412.0,  batt_charge_w=0,  load_w=2397.0, zone=unknown,  grid_charge=off, ev_charging_active=off, ev_charge_end=2026-02-20 06:00:02, ev_webhook_count=92, max_discharge_a=58, max_charge_a=90, max_grid_charge_a=64, soc_limit_a=60, volt_penalty_a=10, voltage_protected_limit_a=50, soc_power_w=3101, is_critical_soc=False
2026-02-20T17:32:00.215830+01:00,  soc=75.0,  volt=51.68,  volt_delta=-1.12, volt_rate_per_min=-1.12, volt_status=NORMAL, batt_w=2337.0,  batt_mode=discharge,  batt_discharge_w=2337.0,  batt_charge_w=0,  load_w=2258.0, zone=unknown,  grid_charge=off, ev_charging_active=off, ev_charge_end=2026-02-20 06:00:02, ev_webhook_count=92, max_discharge_a=58, max_charge_a=90, max_grid_charge_a=64, soc_limit_a=60, volt_penalty_a=10, voltage_protected_limit_a=50, soc_power_w=3101, is_critical_soc=False
2026-02-20T17:33:00.215499+01:00,  soc=74.0,  volt=51.68,  volt_delta=-1.12, volt_rate_per_min=-1.12, volt_status=NORMAL, batt_w=2337.0,  batt_mode=discharge,  batt_discharge_w=2337.0,  batt_charge_w=0,  load_w=2258.0, zone=unknown,  grid_charge=off, ev_charging_active=off, ev_charge_end=2026-02-20 06:00:02, ev_webhook_count=92, max_discharge_a=57, max_charge_a=90, max_grid_charge_a=64, soc_limit_a=60, volt_penalty_a=10, voltage_protected_limit_a=50, soc_power_w=3101, is_critical_soc=False
2026-02-20T17:34:00.215522+01:00,  soc=74.0,  volt=51.68,  volt_delta=-1.12, volt_rate_per_min=-1.12, volt_status=NORMAL, batt_w=2337.0,  batt_mode=discharge,  batt_discharge_w=2337.0,  batt_charge_w=0,  load_w=2258.0, zone=unknown,  grid_charge=off, ev_charging_active=off, ev_charge_end=2026-02-20 06:00:02, ev_webhook_count=92, max_discharge_a=57, max_charge_a=90, max_grid_charge_a=64, soc_limit_a=60, volt_penalty_a=10, voltage_protected_limit_a=50, soc_power_w=3101, is_critical_soc=False
2026-02-20T17:35:00.216552+01:00,  soc=73.0,  volt=51.68,  volt_delta=-1.12, volt_rate_per_min=-1.12, volt_status=NORMAL, batt_w=2337.0,  batt_mode=discharge,  batt_discharge_w=2337.0,  batt_charge_w=0,  load_w=2258.0, zone=unknown,  grid_charge=off, ev_charging_active=off, ev_charge_end=2026-02-20 06:00:02, ev_webhook_count=92, max_discharge_a=56, max_charge_a=90, max_grid_charge_a=64, soc_limit_a=60, volt_penalty_a=10, voltage_protected_limit_a=50, soc_power_w=3101, is_critical_soc=False
2026-02-20T17:36:00.215553+01:00,  soc=73.0,  volt=51.68,  volt_delta=-1.12, volt_rate_per_min=-1.12, volt_status=NORMAL, batt_w=2337.0,  batt_mode=discharge,  batt_discharge_w=2337.0,  batt_charge_w=0,  load_w=2258.0, zone=unknown,  grid_charge=off, ev_charging_active=off, ev_charge_end=2026-02-20 06:00:02, ev_webhook_count=92, max_discharge_a=56, max_charge_a=90, max_grid_charge_a=64, soc_limit_a=60, volt_penalty_a=10, voltage_protected_limit_a=50, soc_power_w=3101, is_critical_soc=False
2026-02-20T17:37:00.214698+01:00,  soc=72.0,  volt=51.68,  volt_delta=-1.12, volt_rate_per_min=-1.12, volt_status=NORMAL, batt_w=2337.0,  batt_mode=discharge,  batt_discharge_w=2337.0,  batt_charge_w=0,  load_w=2219.0, zone=unknown,  grid_charge=off, ev_charging_active=off, ev_charge_end=2026-02-20 06:00:02, ev_webhook_count=92, max_discharge_a=56, max_charge_a=90, max_grid_charge_a=64, soc_limit_a=60, volt_penalty_a=10, voltage_protected_limit_a=50, soc_power_w=3101, is_critical_soc=False
2026-02-20T17:38:00.214976+01:00,  soc=72.0,  volt=51.68,  volt_delta=-1.12, volt_rate_per_min=-1.12, volt_status=NORMAL, batt_w=2337.0,  batt_mode=discharge,  batt_discharge_w=2337.0,  batt_charge_w=0,  load_w=2219.0, zone=unknown,  grid_charge=off, ev_charging_active=off, ev_charge_end=2026-02-20 06:00:02, ev_webhook_count=92, max_discharge_a=56, max_charge_a=90, max_grid_charge_a=64, soc_limit_a=60, volt_penalty_a=10, voltage_protected_limit_a=50, soc_power_w=3101, is_critical_soc=False
2026-02-20T17:39:00.215061+01:00,  soc=72.0,  volt=51.68,  volt_delta=-1.12, volt_rate_per_min=-1.12, volt_status=NORMAL, batt_w=2296.0,  batt_mode=discharge,  batt_discharge_w=2296.0,  batt_charge_w=0,  load_w=2219.0, zone=unknown,  grid_charge=off, ev_charging_active=off, ev_charge_end=2026-02-20 06:00:02, ev_webhook_count=92, max_discharge_a=56, max_charge_a=90, max_grid_charge_a=64, soc_limit_a=60, volt_penalty_a=10, voltage_protected_limit_a=50, soc_power_w=3101, is_critical_soc=False
2026-02-20T17:40:00.215918+01:00,  soc=71.0,  volt=51.68,  volt_delta=-1.12, volt_rate_per_min=-1.12, volt_status=NORMAL, batt_w=2296.0,  batt_mode=discharge,  batt_discharge_w=2296.0,  batt_charge_w=0,  load_w=2219.0, zone=unknown,  grid_charge=off, ev_charging_active=off, ev_charge_end=2026-02-20 06:00:02, ev_webhook_count=92, max_discharge_a=56, max_charge_a=90, max_grid_charge_a=64, soc_limit_a=60, volt_penalty_a=10, voltage_protected_limit_a=50, soc_power_w=3101, is_critical_soc=False
2026-02-20T17:41:00.215199+01:00,  soc=71.0,  volt=51.68,  volt_delta=-1.12, volt_rate_per_min=-1.12, volt_status=NORMAL, batt_w=2296.0,  batt_mode=discharge,  batt_discharge_w=2296.0,  batt_charge_w=0,  load_w=2219.0, zone=unknown,  grid_charge=off, ev_charging_active=off, ev_charge_end=2026-02-20 06:00:02, ev_webhook_count=92, max_discharge_a=56, max_charge_a=90, max_grid_charge_a=64, soc_limit_a=60, volt_penalty_a=10, voltage_protected_limit_a=50, soc_power_w=3101, is_critical_soc=False
2026-02-20T17:42:00.215509+01:00,  soc=70.0,  volt=51.68,  volt_delta=-1.12, volt_rate_per_min=-1.12, volt_status=NORMAL, batt_w=2296.0,  batt_mode=discharge,  batt_discharge_w=2296.0,  batt_charge_w=0,  load_w=2219.0, zone=unknown,  grid_charge=off, ev_charging_active=off, ev_charge_end=2026-02-20 06:00:02, ev_webhook_count=92, max_discharge_a=55, max_charge_a=90, max_grid_charge_a=64, soc_limit_a=60, volt_penalty_a=10, voltage_protected_limit_a=50, soc_power_w=3101, is_critical_soc=False
2026-02-20T17:43:00.214773+01:00,  soc=70.0,  volt=51.54,  volt_delta=-1.26, volt_rate_per_min=-1.26, volt_status=NORMAL, batt_w=2742.0,  batt_mode=discharge,  batt_discharge_w=2742.0,  batt_charge_w=0,  load_w=2231.0, zone=unknown,  grid_charge=off, ev_charging_active=off, ev_charge_end=2026-02-20 06:00:02, ev_webhook_count=92, max_discharge_a=55, max_charge_a=90, max_grid_charge_a=64, soc_limit_a=60, volt_penalty_a=10, voltage_protected_limit_a=50, soc_power_w=3092, is_critical_soc=False
2026-02-20T17:44:00.214769+01:00,  soc=70.0,  volt=51.65,  volt_delta=-1.15, volt_rate_per_min=-1.15, volt_status=NORMAL, batt_w=2296.0,  batt_mode=discharge,  batt_discharge_w=2296.0,  batt_charge_w=0,  load_w=2231.0, zone=unknown,  grid_charge=off, ev_charging_active=off, ev_charge_end=2026-02-20 06:00:02, ev_webhook_count=92, max_discharge_a=55, max_charge_a=90, max_grid_charge_a=64, soc_limit_a=60, volt_penalty_a=10, voltage_protected_limit_a=50, soc_power_w=3099, is_critical_soc=False
2026-02-20T17:45:00.214595+01:00,  soc=69.0,  volt=51.65,  volt_delta=-1.15, volt_rate_per_min=-1.15, volt_status=NORMAL, batt_w=2296.0,  batt_mode=discharge,  batt_discharge_w=2296.0,  batt_charge_w=0,  load_w=2231.0, zone=unknown,  grid_charge=off, ev_charging_active=off, ev_charge_end=2026-02-20 06:00:02, ev_webhook_count=92, max_discharge_a=54, max_charge_a=90, max_grid_charge_a=64, soc_limit_a=60, volt_penalty_a=10, voltage_protected_limit_a=50, soc_power_w=3099, is_critical_soc=False
2026-02-20T17:46:00.215156+01:00,  soc=69.0,  volt=51.65,  volt_delta=-1.15, volt_rate_per_min=-1.15, volt_status=NORMAL, batt_w=2296.0,  batt_mode=discharge,  batt_discharge_w=2296.0,  batt_charge_w=0,  load_w=2231.0, zone=unknown,  grid_charge=off, ev_charging_active=off, ev_charge_end=2026-02-20 06:00:02, ev_webhook_count=92, max_discharge_a=54, max_charge_a=90, max_grid_charge_a=64, soc_limit_a=60, volt_penalty_a=10, voltage_protected_limit_a=50, soc_power_w=3099, is_critical_soc=False
2026-02-20T17:47:00.214729+01:00,  soc=68.0,  volt=51.65,  volt_delta=-1.15, volt_rate_per_min=-1.15, volt_status=NORMAL, batt_w=2296.0,  batt_mode=discharge,  batt_discharge_w=2296.0,  batt_charge_w=0,  load_w=2231.0, zone=unknown,  grid_charge=off, ev_charging_active=off, ev_charge_end=2026-02-20 06:00:02, ev_webhook_count=92, max_discharge_a=54, max_charge_a=90, max_grid_charge_a=64, soc_limit_a=60, volt_penalty_a=10, voltage_protected_limit_a=50, soc_power_w=3099, is_critical_soc=False
2026-02-20T17:48:00.214761+01:00,  soc=68.0,  volt=51.65,  volt_delta=-1.15, volt_rate_per_min=-1.15, volt_status=NORMAL, batt_w=2296.0,  batt_mode=discharge,  batt_discharge_w=2296.0,  batt_charge_w=0,  load_w=2224.0, zone=unknown,  grid_charge=off, ev_charging_active=off, ev_charge_end=2026-02-20 06:00:02, ev_webhook_count=92, max_discharge_a=54, max_charge_a=90, max_grid_charge_a=64, soc_limit_a=60, volt_penalty_a=10, voltage_protected_limit_a=50, soc_power_w=3099, is_critical_soc=False
2026-02-20T17:49:00.215059+01:00,  soc=68.0,  volt=51.61,  volt_delta=-1.19, volt_rate_per_min=-1.19, volt_status=NORMAL, batt_w=2295.0,  batt_mode=discharge,  batt_discharge_w=2295.0,  batt_charge_w=0,  load_w=2224.0, zone=unknown,  grid_charge=off, ev_charging_active=off, ev_charge_end=2026-02-20 06:00:02, ev_webhook_count=92, max_discharge_a=54, max_charge_a=90, max_grid_charge_a=64, soc_limit_a=60, volt_penalty_a=10, voltage_protected_limit_a=50, soc_power_w=3097, is_critical_soc=False
2026-02-20T17:50:00.214828+01:00,  soc=67.0,  volt=51.61,  volt_delta=-1.19, volt_rate_per_min=-1.19, volt_status=NORMAL, batt_w=2295.0,  batt_mode=discharge,  batt_discharge_w=2295.0,  batt_charge_w=0,  load_w=2224.0, zone=unknown,  grid_charge=off, ev_charging_active=off, ev_charge_end=2026-02-20 06:00:02, ev_webhook_count=92, max_discharge_a=54, max_charge_a=90, max_grid_charge_a=64, soc_limit_a=60, volt_penalty_a=10, voltage_protected_limit_a=50, soc_power_w=3097, is_critical_soc=False
2026-02-20T17:51:00.214534+01:00,  soc=67.0,  volt=51.61,  volt_delta=-1.19, volt_rate_per_min=-1.19, volt_status=NORMAL, batt_w=2295.0,  batt_mode=discharge,  batt_discharge_w=2295.0,  batt_charge_w=0,  load_w=2224.0, zone=unknown,  grid_charge=off, ev_charging_active=off, ev_charge_end=2026-02-20 06:00:02, ev_webhook_count=92, max_discharge_a=54, max_charge_a=90, max_grid_charge_a=64, soc_limit_a=60, volt_penalty_a=10, voltage_protected_limit_a=50, soc_power_w=3097, is_critical_soc=False
2026-02-20T17:52:00.215510+01:00,  soc=66.0,  volt=51.49,  volt_delta=-1.31, volt_rate_per_min=-1.31, volt_status=NORMAL, batt_w=2652.0,  batt_mode=discharge,  batt_discharge_w=2652.0,  batt_charge_w=0,  load_w=4363.0, zone=unknown,  grid_charge=off, ev_charging_active=off, ev_charge_end=2026-02-20 06:00:02, ev_webhook_count=92, max_discharge_a=53, max_charge_a=90, max_grid_charge_a=64, soc_limit_a=60, volt_penalty_a=10, voltage_protected_limit_a=50, soc_power_w=3089, is_critical_soc=False
2026-02-20T17:53:00.215094+01:00,  soc=66.0,  volt=51.49,  volt_delta=-1.31, volt_rate_per_min=-1.31, volt_status=NORMAL, batt_w=2295.0,  batt_mode=discharge,  batt_discharge_w=2295.0,  batt_charge_w=0,  load_w=2230.0, zone=unknown,  grid_charge=off, ev_charging_active=off, ev_charge_end=2026-02-20 06:00:02, ev_webhook_count=92, max_discharge_a=53, max_charge_a=90, max_grid_charge_a=64, soc_limit_a=60, volt_penalty_a=10, voltage_protected_limit_a=50, soc_power_w=3089, is_critical_soc=False
2026-02-20T17:54:00.215425+01:00,  soc=66.0,  volt=51.49,  volt_delta=-1.31, volt_rate_per_min=-1.31, volt_status=NORMAL, batt_w=2295.0,  batt_mode=discharge,  batt_discharge_w=2295.0,  batt_charge_w=0,  load_w=2230.0, zone=unknown,  grid_charge=off, ev_charging_active=off, ev_charge_end=2026-02-20 06:00:02, ev_webhook_count=92, max_discharge_a=53, max_charge_a=90, max_grid_charge_a=64, soc_limit_a=60, volt_penalty_a=10, voltage_protected_limit_a=50, soc_power_w=3089, is_critical_soc=False
2026-02-20T17:55:00.214867+01:00,  soc=65.0,  volt=51.49,  volt_delta=-1.31, volt_rate_per_min=-1.31, volt_status=NORMAL, batt_w=2295.0,  batt_mode=discharge,  batt_discharge_w=2295.0,  batt_charge_w=0,  load_w=2230.0, zone=unknown,  grid_charge=off, ev_charging_active=off, ev_charge_end=2026-02-20 06:00:02, ev_webhook_count=92, max_discharge_a=52, max_charge_a=90, max_grid_charge_a=64, soc_limit_a=60, volt_penalty_a=10, voltage_protected_limit_a=50, soc_power_w=3089, is_critical_soc=False
2026-02-20T17:56:00.214778+01:00,  soc=65.0,  volt=51.49,  volt_delta=-1.31, volt_rate_per_min=-1.31, volt_status=NORMAL, batt_w=2295.0,  batt_mode=discharge,  batt_discharge_w=2295.0,  batt_charge_w=0,  load_w=2230.0, zone=unknown,  grid_charge=off, ev_charging_active=off, ev_charge_end=2026-02-20 06:00:02, ev_webhook_count=92, max_discharge_a=52, max_charge_a=90, max_grid_charge_a=64, soc_limit_a=60, volt_penalty_a=10, voltage_protected_limit_a=50, soc_power_w=3089, is_critical_soc=False
2026-02-20T17:57:00.215195+01:00,  soc=64.0,  volt=51.49,  volt_delta=-1.31, volt_rate_per_min=-1.31, volt_status=NORMAL, batt_w=2295.0,  batt_mode=discharge,  batt_discharge_w=2295.0,  batt_charge_w=0,  load_w=2230.0, zone=unknown,  grid_charge=off, ev_charging_active=off, ev_charge_end=2026-02-20 06:00:02, ev_webhook_count=92, max_discharge_a=52, max_charge_a=90, max_grid_charge_a=64, soc_limit_a=60, volt_penalty_a=10, voltage_protected_limit_a=50, soc_power_w=3089, is_critical_soc=False
2026-02-20T17:58:00.214597+01:00,  soc=64.0,  volt=51.49,  volt_delta=-1.31, volt_rate_per_min=-1.31, volt_status=NORMAL, batt_w=2295.0,  batt_mode=discharge,  batt_discharge_w=2295.0,  batt_charge_w=0,  load_w=2230.0, zone=unknown,  grid_charge=off, ev_charging_active=off, ev_charge_end=2026-02-20 06:00:02, ev_webhook_count=92, max_discharge_a=52, max_charge_a=90, max_grid_charge_a=64, soc_limit_a=60, volt_penalty_a=10, voltage_protected_limit_a=50, soc_power_w=3089, is_critical_soc=False
2026-02-20T17:59:00.214955+01:00,  soc=64.0,  volt=51.5,  volt_delta=-1.3, volt_rate_per_min=-1.3, volt_status=NORMAL, batt_w=2298.0,  batt_mode=discharge,  batt_discharge_w=2298.0,  batt_charge_w=0,  load_w=2224.0, zone=unknown,  grid_charge=off, ev_charging_active=off, ev_charge_end=2026-02-20 06:00:02, ev_webhook_count=92, max_discharge_a=52, max_charge_a=90, max_grid_charge_a=64, soc_limit_a=60, volt_penalty_a=10, voltage_protected_limit_a=50, soc_power_w=3090, is_critical_soc=False
2026-02-20T18:00:00.215178+01:00,  soc=63.0,  volt=51.5,  volt_delta=-1.3, volt_rate_per_min=-1.3, volt_status=NORMAL, batt_w=2345.0,  batt_mode=discharge,  batt_discharge_w=2345.0,  batt_charge_w=0,  load_w=2224.0, zone=unknown,  grid_charge=off, ev_charging_active=off, ev_charge_end=2026-02-20 06:00:02, ev_webhook_count=92, max_discharge_a=52, max_charge_a=90, max_grid_charge_a=64, soc_limit_a=60, volt_penalty_a=10, voltage_protected_limit_a=50, soc_power_w=3090, is_critical_soc=False
2026-02-20T18:01:00.214761+01:00,  soc=63.0,  volt=51.5,  volt_delta=-1.3, volt_rate_per_min=-1.3, volt_status=NORMAL, batt_w=2345.0,  batt_mode=discharge,  batt_discharge_w=2345.0,  batt_charge_w=0,  load_w=2277.0, zone=unknown,  grid_charge=off, ev_charging_active=off, ev_charge_end=2026-02-20 06:00:02, ev_webhook_count=92, max_discharge_a=52, max_charge_a=90, max_grid_charge_a=64, soc_limit_a=60, volt_penalty_a=10, voltage_protected_limit_a=50, soc_power_w=3090, is_critical_soc=False
2026-02-20T18:02:00.216053+01:00,  soc=62.0,  volt=51.5,  volt_delta=-1.3, volt_rate_per_min=-1.3, volt_status=NORMAL, batt_w=2345.0,  batt_mode=discharge,  batt_discharge_w=2345.0,  batt_charge_w=0,  load_w=2277.0, zone=unknown,  grid_charge=off, ev_charging_active=off, ev_charge_end=2026-02-20 06:00:02, ev_webhook_count=92, max_discharge_a=51, max_charge_a=90, max_grid_charge_a=64, soc_limit_a=60, volt_penalty_a=10, voltage_protected_limit_a=50, soc_power_w=3090, is_critical_soc=False
2026-02-20T18:03:00.215648+01:00,  soc=62.0,  volt=51.38,  volt_delta=-1.42, volt_rate_per_min=-1.42, volt_status=NORMAL, batt_w=2545.0,  batt_mode=discharge,  batt_discharge_w=2545.0,  batt_charge_w=0,  load_w=2277.0, zone=unknown,  grid_charge=off, ev_charging_active=off, ev_charge_end=2026-02-20 06:00:02, ev_webhook_count=92, max_discharge_a=51, max_charge_a=90, max_grid_charge_a=64, soc_limit_a=60, volt_penalty_a=10, voltage_protected_limit_a=50, soc_power_w=3083, is_critical_soc=False
2026-02-20T18:04:00.215944+01:00,  soc=62.0,  volt=51.38,  volt_delta=-1.42, volt_rate_per_min=-1.42, volt_status=NORMAL, batt_w=2353.0,  batt_mode=discharge,  batt_discharge_w=2353.0,  batt_charge_w=0,  load_w=2266.0, zone=unknown,  grid_charge=off, ev_charging_active=off, ev_charge_end=2026-02-20 06:00:02, ev_webhook_count=92, max_discharge_a=51, max_charge_a=90, max_grid_charge_a=64, soc_limit_a=60, volt_penalty_a=10, voltage_protected_limit_a=50, soc_power_w=3083, is_critical_soc=False
2026-02-20T18:05:00.214717+01:00,  soc=61.0,  volt=51.38,  volt_delta=-1.42, volt_rate_per_min=-1.42, volt_status=NORMAL, batt_w=2353.0,  batt_mode=discharge,  batt_discharge_w=2353.0,  batt_charge_w=0,  load_w=2266.0, zone=unknown,  grid_charge=off, ev_charging_active=off, ev_charge_end=2026-02-20 06:00:02, ev_webhook_count=92, max_discharge_a=50, max_charge_a=90, max_grid_charge_a=64, soc_limit_a=60, volt_penalty_a=10, voltage_protected_limit_a=50, soc_power_w=3083, is_critical_soc=False
2026-02-20T18:06:00.215392+01:00,  soc=61.0,  volt=51.38,  volt_delta=-1.42, volt_rate_per_min=-1.42, volt_status=NORMAL, batt_w=2353.0,  batt_mode=discharge,  batt_discharge_w=2353.0,  batt_charge_w=0,  load_w=2266.0, zone=unknown,  grid_charge=off, ev_charging_active=off, ev_charge_end=2026-02-20 06:00:02, ev_webhook_count=92, max_discharge_a=50, max_charge_a=90, max_grid_charge_a=64, soc_limit_a=60, volt_penalty_a=10, voltage_protected_limit_a=50, soc_power_w=3083, is_critical_soc=False
2026-02-20T18:07:00.214719+01:00,  soc=60.0,  volt=51.38,  volt_delta=-1.42, volt_rate_per_min=-1.42, volt_status=NORMAL, batt_w=2353.0,  batt_mode=discharge,  batt_discharge_w=2353.0,  batt_charge_w=0,  load_w=2266.0, zone=unknown,  grid_charge=off, ev_charging_active=off, ev_charge_end=2026-02-20 06:00:02, ev_webhook_count=92, max_discharge_a=50, max_charge_a=90, max_grid_charge_a=64, soc_limit_a=60, volt_penalty_a=10, voltage_protected_limit_a=50, soc_power_w=3083, is_critical_soc=False
2026-02-20T18:08:00.214953+01:00,  soc=60.0,  volt=51.38,  volt_delta=-1.42, volt_rate_per_min=-1.42, volt_status=NORMAL, batt_w=2301.0,  batt_mode=discharge,  batt_discharge_w=2301.0,  batt_charge_w=0,  load_w=2223.0, zone=unknown,  grid_charge=off, ev_charging_active=off, ev_charge_end=2026-02-20 06:00:02, ev_webhook_count=92, max_discharge_a=50, max_charge_a=90, max_grid_charge_a=64, soc_limit_a=60, volt_penalty_a=10, voltage_protected_limit_a=50, soc_power_w=3083, is_critical_soc=False
2026-02-20T18:09:00.215309+01:00,  soc=59.0,  volt=51.34,  volt_delta=-1.46, volt_rate_per_min=-1.46, volt_status=NORMAL, batt_w=2301.0,  batt_mode=discharge,  batt_discharge_w=2301.0,  batt_charge_w=0,  load_w=2226.0, zone=unknown,  grid_charge=off, ev_charging_active=off, ev_charge_end=2026-02-20 06:00:02, ev_webhook_count=92, max_discharge_a=49, max_charge_a=90, max_grid_charge_a=64, soc_limit_a=60, volt_penalty_a=10, voltage_protected_limit_a=50, soc_power_w=3080, is_critical_soc=False
2026-02-20T18:10:00.216248+01:00,  soc=59.0,  volt=51.34,  volt_delta=-1.46, volt_rate_per_min=-1.46, volt_status=NORMAL, batt_w=2301.0,  batt_mode=discharge,  batt_discharge_w=2301.0,  batt_charge_w=0,  load_w=2226.0, zone=unknown,  grid_charge=off, ev_charging_active=off, ev_charge_end=2026-02-20 06:00:02, ev_webhook_count=92, max_discharge_a=49, max_charge_a=90, max_grid_charge_a=64, soc_limit_a=60, volt_penalty_a=10, voltage_protected_limit_a=50, soc_power_w=3080, is_critical_soc=False
2026-02-20T18:11:00.215343+01:00,  soc=59.0,  volt=51.34,  volt_delta=-1.46, volt_rate_per_min=-1.46, volt_status=NORMAL, batt_w=2301.0,  batt_mode=discharge,  batt_discharge_w=2301.0,  batt_charge_w=0,  load_w=2226.0, zone=unknown,  grid_charge=off, ev_charging_active=off, ev_charge_end=2026-02-20 06:00:02, ev_webhook_count=92, max_discharge_a=49, max_charge_a=90, max_grid_charge_a=64, soc_limit_a=60, volt_penalty_a=10, voltage_protected_limit_a=50, soc_power_w=3080, is_critical_soc=False
2026-02-20T18:12:00.215619+01:00,  soc=58.0,  volt=51.28,  volt_delta=-1.52, volt_rate_per_min=-1.52, volt_status=NORMAL, batt_w=2301.0,  batt_mode=discharge,  batt_discharge_w=2301.0,  batt_charge_w=0,  load_w=2226.0, zone=unknown,  grid_charge=off, ev_charging_active=off, ev_charge_end=2026-02-20 06:00:02, ev_webhook_count=92, max_discharge_a=48, max_charge_a=90, max_grid_charge_a=64, soc_limit_a=60, volt_penalty_a=10, voltage_protected_limit_a=50, soc_power_w=3077, is_critical_soc=False
2026-02-20T18:13:00.214889+01:00,  soc=58.0,  volt=51.28,  volt_delta=-1.52, volt_rate_per_min=-1.52, volt_status=NORMAL, batt_w=2301.0,  batt_mode=discharge,  batt_discharge_w=2301.0,  batt_charge_w=0,  load_w=2226.0, zone=unknown,  grid_charge=off, ev_charging_active=off, ev_charge_end=2026-02-20 06:00:02, ev_webhook_count=92, max_discharge_a=48, max_charge_a=90, max_grid_charge_a=64, soc_limit_a=60, volt_penalty_a=10, voltage_protected_limit_a=50, soc_power_w=3077, is_critical_soc=False
2026-02-20T18:14:00.215370+01:00,  soc=57.0,  volt=51.28,  volt_delta=-1.52, volt_rate_per_min=-1.52, volt_status=NORMAL, batt_w=2301.0,  batt_mode=discharge,  batt_discharge_w=2301.0,  batt_charge_w=0,  load_w=2226.0, zone=unknown,  grid_charge=off, ev_charging_active=off, ev_charge_end=2026-02-20 06:00:02, ev_webhook_count=92, max_discharge_a=48, max_charge_a=90, max_grid_charge_a=64, soc_limit_a=60, volt_penalty_a=10, voltage_protected_limit_a=50, soc_power_w=3077, is_critical_soc=False
2026-02-20T18:15:00.216158+01:00,  soc=57.0,  volt=51.28,  volt_delta=-1.52, volt_rate_per_min=-1.52, volt_status=NORMAL, batt_w=2301.0,  batt_mode=discharge,  batt_discharge_w=2301.0,  batt_charge_w=0,  load_w=2229.0, zone=unknown,  grid_charge=off, ev_charging_active=off, ev_charge_end=2026-02-20 06:00:02, ev_webhook_count=92, max_discharge_a=48, max_charge_a=90, max_grid_charge_a=64, soc_limit_a=60, volt_penalty_a=10, voltage_protected_limit_a=50, soc_power_w=3077, is_critical_soc=False
2026-02-20T18:16:00.215207+01:00,  soc=57.0,  volt=51.28,  volt_delta=-1.52, volt_rate_per_min=-1.52, volt_status=NORMAL, batt_w=2301.0,  batt_mode=discharge,  batt_discharge_w=2301.0,  batt_charge_w=0,  load_w=2229.0, zone=unknown,  grid_charge=off, ev_charging_active=off, ev_charge_end=2026-02-20 06:00:02, ev_webhook_count=92, max_discharge_a=48, max_charge_a=90, max_grid_charge_a=64, soc_limit_a=60, volt_penalty_a=10, voltage_protected_limit_a=50, soc_power_w=3077, is_critical_soc=False
2026-02-20T18:17:00.215443+01:00,  soc=56.0,  volt=51.18,  volt_delta=-1.62, volt_rate_per_min=-1.62, volt_status=NORMAL, batt_w=2301.0,  batt_mode=discharge,  batt_discharge_w=2301.0,  batt_charge_w=0,  load_w=2229.0, zone=unknown,  grid_charge=off, ev_charging_active=off, ev_charge_end=2026-02-20 06:00:02, ev_webhook_count=92, max_discharge_a=47, max_charge_a=90, max_grid_charge_a=64, soc_limit_a=60, volt_penalty_a=10, voltage_protected_limit_a=50, soc_power_w=3071, is_critical_soc=False
2026-02-20T18:18:00.215484+01:00,  soc=56.0,  volt=51.18,  volt_delta=-1.62, volt_rate_per_min=-1.62, volt_status=NORMAL, batt_w=2301.0,  batt_mode=discharge,  batt_discharge_w=2301.0,  batt_charge_w=0,  load_w=2229.0, zone=unknown,  grid_charge=off, ev_charging_active=off, ev_charge_end=2026-02-20 06:00:02, ev_webhook_count=92, max_discharge_a=47, max_charge_a=90, max_grid_charge_a=64, soc_limit_a=60, volt_penalty_a=10, voltage_protected_limit_a=50, soc_power_w=3071, is_critical_soc=False
2026-02-20T18:19:00.214799+01:00,  soc=55.0,  volt=51.11,  volt_delta=-1.69, volt_rate_per_min=-1.69, volt_status=NORMAL, batt_w=2301.0,  batt_mode=discharge,  batt_discharge_w=2301.0,  batt_charge_w=0,  load_w=2229.0, zone=unknown,  grid_charge=off, ev_charging_active=off, ev_charge_end=2026-02-20 06:00:02, ev_webhook_count=92, max_discharge_a=46, max_charge_a=90, max_grid_charge_a=64, soc_limit_a=60, volt_penalty_a=10, voltage_protected_limit_a=50, soc_power_w=3067, is_critical_soc=False
2026-02-20T18:20:00.214762+01:00,  soc=55.0,  volt=51.11,  volt_delta=-1.69, volt_rate_per_min=-1.69, volt_status=NORMAL, batt_w=2301.0,  batt_mode=discharge,  batt_discharge_w=2301.0,  batt_charge_w=0,  load_w=2235.0, zone=unknown,  grid_charge=off, ev_charging_active=off, ev_charge_end=2026-02-20 06:00:02, ev_webhook_count=92, max_discharge_a=46, max_charge_a=90, max_grid_charge_a=64, soc_limit_a=60, volt_penalty_a=10, voltage_protected_limit_a=50, soc_power_w=3067, is_critical_soc=False
2026-02-20T18:21:00.215352+01:00,  soc=55.0,  volt=51.08,  volt_delta=-1.72, volt_rate_per_min=-1.72, volt_status=NORMAL, batt_w=2251.0,  batt_mode=discharge,  batt_discharge_w=2251.0,  batt_charge_w=0,  load_w=2235.0, zone=unknown,  grid_charge=off, ev_charging_active=off, ev_charge_end=2026-02-20 06:00:02, ev_webhook_count=92, max_discharge_a=46, max_charge_a=90, max_grid_charge_a=64, soc_limit_a=60, volt_penalty_a=10, voltage_protected_limit_a=50, soc_power_w=3065, is_critical_soc=False
2026-02-20T18:22:00.215191+01:00,  soc=54.0,  volt=51.08,  volt_delta=-1.72, volt_rate_per_min=-1.72, volt_status=NORMAL, batt_w=2251.0,  batt_mode=discharge,  batt_discharge_w=2251.0,  batt_charge_w=0,  load_w=2235.0, zone=unknown,  grid_charge=off, ev_charging_active=off, ev_charge_end=2026-02-20 06:00:02, ev_webhook_count=92, max_discharge_a=46, max_charge_a=90, max_grid_charge_a=64, soc_limit_a=60, volt_penalty_a=10, voltage_protected_limit_a=50, soc_power_w=3065, is_critical_soc=False
2026-02-20T18:23:00.215497+01:00,  soc=54.0,  volt=51.08,  volt_delta=-1.72, volt_rate_per_min=-1.72, volt_status=NORMAL, batt_w=2251.0,  batt_mode=discharge,  batt_discharge_w=2251.0,  batt_charge_w=0,  load_w=2235.0, zone=unknown,  grid_charge=off, ev_charging_active=off, ev_charge_end=2026-02-20 06:00:02, ev_webhook_count=92, max_discharge_a=46, max_charge_a=90, max_grid_charge_a=64, soc_limit_a=60, volt_penalty_a=10, voltage_protected_limit_a=50, soc_power_w=3065, is_critical_soc=False
2026-02-20T18:24:00.214632+01:00,  soc=53.0,  volt=51.08,  volt_delta=-1.72, volt_rate_per_min=-1.72, volt_status=NORMAL, batt_w=2251.0,  batt_mode=discharge,  batt_discharge_w=2251.0,  batt_charge_w=0,  load_w=2235.0, zone=unknown,  grid_charge=off, ev_charging_active=off, ev_charge_end=2026-02-20 06:00:02, ev_webhook_count=92, max_discharge_a=45, max_charge_a=90, max_grid_charge_a=64, soc_limit_a=60, volt_penalty_a=10, voltage_protected_limit_a=50, soc_power_w=3065, is_critical_soc=False
2026-02-20T18:25:00.214545+01:00,  soc=53.0,  volt=51.08,  volt_delta=-1.72, volt_rate_per_min=-1.72, volt_status=NORMAL, batt_w=2251.0,  batt_mode=discharge,  batt_discharge_w=2251.0,  batt_charge_w=0,  load_w=2239.0, zone=unknown,  grid_charge=off, ev_charging_active=off, ev_charge_end=2026-02-20 06:00:02, ev_webhook_count=92, max_discharge_a=45, max_charge_a=90, max_grid_charge_a=64, soc_limit_a=60, volt_penalty_a=10, voltage_protected_limit_a=50, soc_power_w=3065, is_critical_soc=False
2026-02-20T18:26:00.215079+01:00,  soc=53.0,  volt=51.08,  volt_delta=-1.72, volt_rate_per_min=-1.72, volt_status=NORMAL, batt_w=2251.0,  batt_mode=discharge,  batt_discharge_w=2251.0,  batt_charge_w=0,  load_w=2239.0, zone=unknown,  grid_charge=off, ev_charging_active=off, ev_charge_end=2026-02-20 06:00:02, ev_webhook_count=92, max_discharge_a=45, max_charge_a=90, max_grid_charge_a=64, soc_limit_a=60, volt_penalty_a=10, voltage_protected_limit_a=50, soc_power_w=3065, is_critical_soc=False
2026-02-20T18:27:00.214899+01:00,  soc=52.0,  volt=51.08,  volt_delta=-1.72, volt_rate_per_min=-1.72, volt_status=NORMAL, batt_w=2156.0,  batt_mode=discharge,  batt_discharge_w=2156.0,  batt_charge_w=0,  load_w=2239.0, zone=unknown,  grid_charge=off, ev_charging_active=off, ev_charge_end=2026-02-20 06:00:02, ev_webhook_count=92, max_discharge_a=44, max_charge_a=90, max_grid_charge_a=64, soc_limit_a=60, volt_penalty_a=10, voltage_protected_limit_a=50, soc_power_w=3065, is_critical_soc=False
2026-02-20T18:28:00.215368+01:00,  soc=52.0,  volt=51.08,  volt_delta=-1.72, volt_rate_per_min=-1.72, volt_status=NORMAL, batt_w=2156.0,  batt_mode=discharge,  batt_discharge_w=2156.0,  batt_charge_w=0,  load_w=2239.0, zone=unknown,  grid_charge=off, ev_charging_active=off, ev_charge_end=2026-02-20 06:00:02, ev_webhook_count=92, max_discharge_a=44, max_charge_a=90, max_grid_charge_a=64, soc_limit_a=60, volt_penalty_a=10, voltage_protected_limit_a=50, soc_power_w=3065, is_critical_soc=False
2026-02-20T18:29:00.215181+01:00,  soc=52.0,  volt=50.98,  volt_delta=-1.82, volt_rate_per_min=-1.82, volt_status=NORMAL, batt_w=2156.0,  batt_mode=discharge,  batt_discharge_w=2156.0,  batt_charge_w=0,  load_w=2239.0, zone=unknown,  grid_charge=off, ev_charging_active=off, ev_charge_end=2026-02-20 06:00:02, ev_webhook_count=92, max_discharge_a=44, max_charge_a=90, max_grid_charge_a=64, soc_limit_a=60, volt_penalty_a=10, voltage_protected_limit_a=50, soc_power_w=3059, is_critical_soc=False
2026-02-20T18:30:00.216194+01:00,  soc=51.0,  volt=50.98,  volt_delta=-1.82, volt_rate_per_min=-1.82, volt_status=NORMAL, batt_w=2156.0,  batt_mode=discharge,  batt_discharge_w=2156.0,  batt_charge_w=0,  load_w=2239.0, zone=unknown,  grid_charge=off, ev_charging_active=off, ev_charge_end=2026-02-20 06:00:02, ev_webhook_count=92, max_discharge_a=43, max_charge_a=90, max_grid_charge_a=64, soc_limit_a=60, volt_penalty_a=10, voltage_protected_limit_a=50, soc_power_w=3059, is_critical_soc=False
2026-02-20T18:31:00.214688+01:00,  soc=51.0,  volt=50.98,  volt_delta=-1.82, volt_rate_per_min=-1.82, volt_status=NORMAL, batt_w=2156.0,  batt_mode=discharge,  batt_discharge_w=2156.0,  batt_charge_w=0,  load_w=2291.0, zone=unknown,  grid_charge=off, ev_charging_active=off, ev_charge_end=2026-02-20 06:00:02, ev_webhook_count=92, max_discharge_a=43, max_charge_a=90, max_grid_charge_a=64, soc_limit_a=60, volt_penalty_a=10, voltage_protected_limit_a=50, soc_power_w=3059, is_critical_soc=False
2026-02-20T18:32:00.215264+01:00,  soc=50.0,  volt=50.98,  volt_delta=-1.82, volt_rate_per_min=-1.82, volt_status=NORMAL, batt_w=2106.0,  batt_mode=discharge,  batt_discharge_w=2106.0,  batt_charge_w=0,  load_w=2291.0, zone=unknown,  grid_charge=off, ev_charging_active=off, ev_charge_end=2026-02-20 06:00:02, ev_webhook_count=92, max_discharge_a=42, max_charge_a=90, max_grid_charge_a=64, soc_limit_a=60, volt_penalty_a=10, voltage_protected_limit_a=50, soc_power_w=3059, is_critical_soc=False
2026-02-20T18:33:00.215027+01:00,  soc=50.0,  volt=50.98,  volt_delta=-1.82, volt_rate_per_min=-1.82, volt_status=NORMAL, batt_w=2106.0,  batt_mode=discharge,  batt_discharge_w=2106.0,  batt_charge_w=0,  load_w=2291.0, zone=unknown,  grid_charge=off, ev_charging_active=off, ev_charge_end=2026-02-20 06:00:02, ev_webhook_count=92, max_discharge_a=42, max_charge_a=90, max_grid_charge_a=64, soc_limit_a=60, volt_penalty_a=10, voltage_protected_limit_a=50, soc_power_w=3059, is_critical_soc=False
2026-02-20T18:34:00.215633+01:00,  soc=50.0,  volt=50.88,  volt_delta=-1.92, volt_rate_per_min=-1.92, volt_status=NORMAL, batt_w=2106.0,  batt_mode=discharge,  batt_discharge_w=2106.0,  batt_charge_w=0,  load_w=2240.0, zone=unknown,  grid_charge=off, ev_charging_active=off, ev_charge_end=2026-02-20 06:00:02, ev_webhook_count=92, max_discharge_a=42, max_charge_a=90, max_grid_charge_a=64, soc_limit_a=60, volt_penalty_a=10, voltage_protected_limit_a=50, soc_power_w=3053, is_critical_soc=False
2026-02-20T18:35:00.215841+01:00,  soc=49.0,  volt=50.88,  volt_delta=-1.92, volt_rate_per_min=-1.92, volt_status=NORMAL, batt_w=2053.0,  batt_mode=discharge,  batt_discharge_w=2053.0,  batt_charge_w=0,  load_w=2240.0, zone=unknown,  grid_charge=off, ev_charging_active=off, ev_charge_end=2026-02-20 06:00:02, ev_webhook_count=92, max_discharge_a=42, max_charge_a=90, max_grid_charge_a=64, soc_limit_a=60, volt_penalty_a=10, voltage_protected_limit_a=50, soc_power_w=3053, is_critical_soc=False
2026-02-20T18:36:00.215028+01:00,  soc=49.0,  volt=50.88,  volt_delta=-1.92, volt_rate_per_min=-1.92, volt_status=NORMAL, batt_w=2053.0,  batt_mode=discharge,  batt_discharge_w=2053.0,  batt_charge_w=0,  load_w=2231.0, zone=unknown,  grid_charge=off, ev_charging_active=off, ev_charge_end=2026-02-20 06:00:02, ev_webhook_count=92, max_discharge_a=42, max_charge_a=90, max_grid_charge_a=64, soc_limit_a=60, volt_penalty_a=10, voltage_protected_limit_a=50, soc_power_w=3053, is_critical_soc=False
2026-02-20T18:37:00.215050+01:00,  soc=49.0,  volt=50.78,  volt_delta=-2.02, volt_rate_per_min=-2.02, volt_status=NORMAL, batt_w=2053.0,  batt_mode=discharge,  batt_discharge_w=2053.0,  batt_charge_w=0,  load_w=2743.0, zone=unknown,  grid_charge=off, ev_charging_active=off, ev_charge_end=2026-02-20 06:00:02, ev_webhook_count=92, max_discharge_a=42, max_charge_a=90, max_grid_charge_a=64, soc_limit_a=60, volt_penalty_a=10, voltage_protected_limit_a=50, soc_power_w=3047, is_critical_soc=False
2026-02-20T18:38:00.215201+01:00,  soc=48.0,  volt=50.78,  volt_delta=-2.02, volt_rate_per_min=-2.02, volt_status=NORMAL, batt_w=2053.0,  batt_mode=discharge,  batt_discharge_w=2053.0,  batt_charge_w=0,  load_w=3036.0, zone=unknown,  grid_charge=off, ev_charging_active=off, ev_charge_end=2026-02-20 06:00:02, ev_webhook_count=92, max_discharge_a=41, max_charge_a=90, max_grid_charge_a=64, soc_limit_a=60, volt_penalty_a=10, voltage_protected_limit_a=50, soc_power_w=3047, is_critical_soc=False
2026-02-20T18:39:00.215519+01:00,  soc=48.0,  volt=50.74,  volt_delta=-2.06, volt_rate_per_min=-2.06, volt_status=NORMAL, batt_w=2006.0,  batt_mode=discharge,  batt_discharge_w=2006.0,  batt_charge_w=0,  load_w=3159.0, zone=unknown,  grid_charge=off, ev_charging_active=off, ev_charge_end=2026-02-20 06:00:02, ev_webhook_count=92, max_discharge_a=41, max_charge_a=90, max_grid_charge_a=64, soc_limit_a=60, volt_penalty_a=10, voltage_protected_limit_a=50, soc_power_w=3044, is_critical_soc=False
2026-02-20T18:40:00.214762+01:00,  soc=47.0,  volt=50.65,  volt_delta=-2.15, volt_rate_per_min=-2.15, volt_status=NORMAL, batt_w=2002.0,  batt_mode=discharge,  batt_discharge_w=2002.0,  batt_charge_w=0,  load_w=3516.0, zone=unknown,  grid_charge=off, ev_charging_active=off, ev_charge_end=2026-02-20 06:00:02, ev_webhook_count=92, max_discharge_a=40, max_charge_a=90, max_grid_charge_a=64, soc_limit_a=60, volt_penalty_a=10, voltage_protected_limit_a=50, soc_power_w=3039, is_critical_soc=False
2026-02-20T18:41:00.214744+01:00,  soc=47.0,  volt=50.65,  volt_delta=-2.15, volt_rate_per_min=-2.15, volt_status=NORMAL, batt_w=1952.0,  batt_mode=discharge,  batt_discharge_w=1952.0,  batt_charge_w=0,  load_w=3486.0, zone=unknown,  grid_charge=off, ev_charging_active=off, ev_charge_end=2026-02-20 06:00:02, ev_webhook_count=92, max_discharge_a=40, max_charge_a=90, max_grid_charge_a=64, soc_limit_a=60, volt_penalty_a=10, voltage_protected_limit_a=50, soc_power_w=3039, is_critical_soc=False
2026-02-20T18:42:00.214771+01:00,  soc=47.0,  volt=50.65,  volt_delta=-2.15, volt_rate_per_min=-2.15, volt_status=NORMAL, batt_w=1952.0,  batt_mode=discharge,  batt_discharge_w=1952.0,  batt_charge_w=0,  load_w=3486.0, zone=unknown,  grid_charge=off, ev_charging_active=off, ev_charge_end=2026-02-20 06:00:02, ev_webhook_count=92, max_discharge_a=40, max_charge_a=90, max_grid_charge_a=64, soc_limit_a=60, volt_penalty_a=10, voltage_protected_limit_a=50, soc_power_w=3039, is_critical_soc=False
2026-02-20T18:43:00.216551+01:00,  soc=46.0,  volt=50.55,  volt_delta=-2.25, volt_rate_per_min=-2.25, volt_status=NORMAL, batt_w=1952.0,  batt_mode=discharge,  batt_discharge_w=1952.0,  batt_charge_w=0,  load_w=3130.0, zone=unknown,  grid_charge=off, ev_charging_active=off, ev_charge_end=2026-02-20 06:00:02, ev_webhook_count=92, max_discharge_a=40, max_charge_a=90, max_grid_charge_a=64, soc_limit_a=60, volt_penalty_a=10, voltage_protected_limit_a=50, soc_power_w=3033, is_critical_soc=False
2026-02-20T18:44:00.216248+01:00,  soc=46.0,  volt=50.55,  volt_delta=-2.25, volt_rate_per_min=-2.25, volt_status=NORMAL, batt_w=1952.0,  batt_mode=discharge,  batt_discharge_w=1952.0,  batt_charge_w=0,  load_w=2901.0, zone=unknown,  grid_charge=off, ev_charging_active=off, ev_charge_end=2026-02-20 06:00:02, ev_webhook_count=92, max_discharge_a=40, max_charge_a=90, max_grid_charge_a=64, soc_limit_a=60, volt_penalty_a=10, voltage_protected_limit_a=50, soc_power_w=3033, is_critical_soc=False
2026-02-20T18:45:00.215185+01:00,  soc=46.0,  volt=50.55,  volt_delta=-2.25, volt_rate_per_min=-2.25, volt_status=NORMAL, batt_w=1952.0,  batt_mode=discharge,  batt_discharge_w=1952.0,  batt_charge_w=0,  load_w=2901.0, zone=unknown,  grid_charge=off, ev_charging_active=off, ev_charge_end=2026-02-20 06:00:02, ev_webhook_count=92, max_discharge_a=40, max_charge_a=90, max_grid_charge_a=64, soc_limit_a=60, volt_penalty_a=10, voltage_protected_limit_a=50, soc_power_w=3033, is_critical_soc=False
2026-02-20T18:46:00.215030+01:00,  soc=45.0,  volt=50.45,  volt_delta=-2.35, volt_rate_per_min=-2.35, volt_status=NORMAL, batt_w=1952.0,  batt_mode=discharge,  batt_discharge_w=1952.0,  batt_charge_w=0,  load_w=2901.0, zone=unknown,  grid_charge=off, ev_charging_active=off, ev_charge_end=2026-02-20 06:00:02, ev_webhook_count=92, max_discharge_a=39, max_charge_a=90, max_grid_charge_a=64, soc_limit_a=60, volt_penalty_a=10, voltage_protected_limit_a=50, soc_power_w=3027, is_critical_soc=False
2026-02-20T18:47:00.215468+01:00,  soc=45.0,  volt=50.45,  volt_delta=-2.35, volt_rate_per_min=-2.35, volt_status=NORMAL, batt_w=1870.0,  batt_mode=discharge,  batt_discharge_w=1870.0,  batt_charge_w=0,  load_w=2887.0, zone=unknown,  grid_charge=off, ev_charging_active=off, ev_charge_end=2026-02-20 06:00:02, ev_webhook_count=92, max_discharge_a=39, max_charge_a=90, max_grid_charge_a=64, soc_limit_a=60, volt_penalty_a=10, voltage_protected_limit_a=50, soc_power_w=3027, is_critical_soc=False
2026-02-20T18:48:00.215226+01:00,  soc=45.0,  volt=50.45,  volt_delta=-2.35, volt_rate_per_min=-2.35, volt_status=NORMAL, batt_w=1870.0,  batt_mode=discharge,  batt_discharge_w=1870.0,  batt_charge_w=0,  load_w=2887.0, zone=unknown,  grid_charge=off, ev_charging_active=off, ev_charge_end=2026-02-20 06:00:02, ev_webhook_count=92, max_discharge_a=39, max_charge_a=90, max_grid_charge_a=64, soc_limit_a=60, volt_penalty_a=10, voltage_protected_limit_a=50, soc_power_w=3027, is_critical_soc=False
2026-02-20T18:49:00.215797+01:00,  soc=44.0,  volt=50.39,  volt_delta=-2.41, volt_rate_per_min=-2.41, volt_status=NORMAL, batt_w=1897.0,  batt_mode=discharge,  batt_discharge_w=1897.0,  batt_charge_w=0,  load_w=2964.0, zone=unknown,  grid_charge=off, ev_charging_active=off, ev_charge_end=2026-02-20 06:00:02, ev_webhook_count=92, max_discharge_a=38, max_charge_a=90, max_grid_charge_a=64, soc_limit_a=60, volt_penalty_a=10, voltage_protected_limit_a=50, soc_power_w=3023, is_critical_soc=False
2026-02-20T18:50:00.214560+01:00,  soc=44.0,  volt=50.39,  volt_delta=-2.41, volt_rate_per_min=-2.41, volt_status=NORMAL, batt_w=1897.0,  batt_mode=discharge,  batt_discharge_w=1897.0,  batt_charge_w=0,  load_w=2964.0, zone=unknown,  grid_charge=off, ev_charging_active=off, ev_charge_end=2026-02-20 06:00:02, ev_webhook_count=92, max_discharge_a=38, max_charge_a=90, max_grid_charge_a=64, soc_limit_a=60, volt_penalty_a=10, voltage_protected_limit_a=50, soc_power_w=3023, is_critical_soc=False
2026-02-20T18:51:00.215160+01:00,  soc=44.0,  volt=50.39,  volt_delta=-2.41, volt_rate_per_min=-2.41, volt_status=NORMAL, batt_w=1897.0,  batt_mode=discharge,  batt_discharge_w=1897.0,  batt_charge_w=0,  load_w=2964.0, zone=unknown,  grid_charge=off, ev_charging_active=off, ev_charge_end=2026-02-20 06:00:02, ev_webhook_count=92, max_discharge_a=38, max_charge_a=90, max_grid_charge_a=64, soc_limit_a=60, volt_penalty_a=10, voltage_protected_limit_a=50, soc_power_w=3023, is_critical_soc=False
2026-02-20T18:52:00.214698+01:00,  soc=43.0,  volt=50.35,  volt_delta=-2.45, volt_rate_per_min=-2.45, volt_status=NORMAL, batt_w=1897.0,  batt_mode=discharge,  batt_discharge_w=1897.0,  batt_charge_w=0,  load_w=2959.0, zone=unknown,  grid_charge=off, ev_charging_active=off, ev_charge_end=2026-02-20 06:00:02, ev_webhook_count=92, max_discharge_a=37, max_charge_a=90, max_grid_charge_a=64, soc_limit_a=60, volt_penalty_a=10, voltage_protected_limit_a=50, soc_power_w=3021, is_critical_soc=False
2026-02-20T18:53:00.214654+01:00,  soc=43.0,  volt=50.35,  volt_delta=-2.45, volt_rate_per_min=-2.45, volt_status=NORMAL, batt_w=1803.0,  batt_mode=discharge,  batt_discharge_w=1803.0,  batt_charge_w=0,  load_w=3099.0, zone=unknown,  grid_charge=off, ev_charging_active=off, ev_charge_end=2026-02-20 06:00:02, ev_webhook_count=92, max_discharge_a=37, max_charge_a=90, max_grid_charge_a=64, soc_limit_a=60, volt_penalty_a=10, voltage_protected_limit_a=50, soc_power_w=3021, is_critical_soc=False
2026-02-20T18:54:00.215167+01:00,  soc=43.0,  volt=50.35,  volt_delta=-2.45, volt_rate_per_min=-2.45, volt_status=NORMAL, batt_w=1663.0,  batt_mode=discharge,  batt_discharge_w=1663.0,  batt_charge_w=0,  load_w=1619.0, zone=unknown,  grid_charge=off, ev_charging_active=off, ev_charge_end=2026-02-20 06:00:02, ev_webhook_count=92, max_discharge_a=37, max_charge_a=90, max_grid_charge_a=64, soc_limit_a=60, volt_penalty_a=10, voltage_protected_limit_a=50, soc_power_w=3021, is_critical_soc=False
2026-02-20T18:55:00.214995+01:00,  soc=42.0,  volt=50.35,  volt_delta=-2.45, volt_rate_per_min=-2.45, volt_status=NORMAL, batt_w=1663.0,  batt_mode=discharge,  batt_discharge_w=1663.0,  batt_charge_w=0,  load_w=1619.0, zone=unknown,  grid_charge=off, ev_charging_active=off, ev_charge_end=2026-02-20 06:00:02, ev_webhook_count=92, max_discharge_a=36, max_charge_a=90, max_grid_charge_a=64, soc_limit_a=60, volt_penalty_a=10, voltage_protected_limit_a=50, soc_power_w=3021, is_critical_soc=False
2026-02-20T18:56:00.214841+01:00,  soc=42.0,  volt=50.35,  volt_delta=-2.45, volt_rate_per_min=-2.45, volt_status=NORMAL, batt_w=1666.0,  batt_mode=discharge,  batt_discharge_w=1666.0,  batt_charge_w=0,  load_w=1360.0, zone=unknown,  grid_charge=off, ev_charging_active=off, ev_charge_end=2026-02-20 06:00:02, ev_webhook_count=92, max_discharge_a=36, max_charge_a=90, max_grid_charge_a=64, soc_limit_a=60, volt_penalty_a=10, voltage_protected_limit_a=50, soc_power_w=3021, is_critical_soc=False
2026-02-20T18:57:00.216376+01:00,  soc=42.0,  volt=50.35,  volt_delta=-2.45, volt_rate_per_min=-2.45, volt_status=NORMAL, batt_w=1647.0,  batt_mode=discharge,  batt_discharge_w=1647.0,  batt_charge_w=0,  load_w=1570.0, zone=unknown,  grid_charge=off, ev_charging_active=off, ev_charge_end=2026-02-20 06:00:02, ev_webhook_count=92, max_discharge_a=36, max_charge_a=90, max_grid_charge_a=64, soc_limit_a=60, volt_penalty_a=10, voltage_protected_limit_a=50, soc_power_w=3021, is_critical_soc=False
2026-02-20T18:58:00.214879+01:00,  soc=42.0,  volt=50.35,  volt_delta=-2.45, volt_rate_per_min=-2.45, volt_status=NORMAL, batt_w=1756.0,  batt_mode=discharge,  batt_discharge_w=1756.0,  batt_charge_w=0,  load_w=3592.0, zone=unknown,  grid_charge=off, ev_charging_active=off, ev_charge_end=2026-02-20 06:00:02, ev_webhook_count=92, max_discharge_a=36, max_charge_a=90, max_grid_charge_a=64, soc_limit_a=60, volt_penalty_a=10, voltage_protected_limit_a=50, soc_power_w=3021, is_critical_soc=False
2026-02-20T18:59:00.215511+01:00,  soc=41.0,  volt=50.43,  volt_delta=-2.37, volt_rate_per_min=-2.37, volt_status=NORMAL, batt_w=1780.0,  batt_mode=discharge,  batt_discharge_w=1780.0,  batt_charge_w=0,  load_w=1285.0, zone=unknown,  grid_charge=off, ev_charging_active=off, ev_charge_end=2026-02-20 06:00:02, ev_webhook_count=92, max_discharge_a=36, max_charge_a=90, max_grid_charge_a=64, soc_limit_a=60, volt_penalty_a=10, voltage_protected_limit_a=50, soc_power_w=3026, is_critical_soc=False
2026-02-20T19:00:00.215111+01:00,  soc=41.0,  volt=50.43,  volt_delta=-2.37, volt_rate_per_min=-2.37, volt_status=NORMAL, batt_w=1780.0,  batt_mode=discharge,  batt_discharge_w=1780.0,  batt_charge_w=0,  load_w=3850.0, zone=unknown,  grid_charge=off, ev_charging_active=off, ev_charge_end=2026-02-20 06:00:02, ev_webhook_count=92, max_discharge_a=36, max_charge_a=90, max_grid_charge_a=64, soc_limit_a=60, volt_penalty_a=10, voltage_protected_limit_a=50, soc_power_w=3026, is_critical_soc=False
2026-02-20T19:01:00.214858+01:00,  soc=41.0,  volt=50.25,  volt_delta=-2.55, volt_rate_per_min=-2.55, volt_status=NORMAL, batt_w=1780.0,  batt_mode=discharge,  batt_discharge_w=1780.0,  batt_charge_w=0,  load_w=5628.0, zone=unknown,  grid_charge=off, ev_charging_active=off, ev_charge_end=2026-02-20 06:00:02, ev_webhook_count=92, max_discharge_a=36, max_charge_a=90, max_grid_charge_a=64, soc_limit_a=60, volt_penalty_a=10, voltage_protected_limit_a=50, soc_power_w=3015, is_critical_soc=False
2026-02-20T19:02:00.214809+01:00,  soc=40.0,  volt=50.85,  volt_delta=-1.95, volt_rate_per_min=-1.95, volt_status=NORMAL, batt_w=8.0,  batt_mode=idle,  batt_discharge_w=8.0,  batt_charge_w=0,  load_w=5890.0, zone=unknown,  grid_charge=off, ev_charging_active=off, ev_charge_end=2026-02-20 06:00:02, ev_webhook_count=92, max_discharge_a=35, max_charge_a=90, max_grid_charge_a=64, soc_limit_a=60, volt_penalty_a=10, voltage_protected_limit_a=50, soc_power_w=3051, is_critical_soc=False
2026-02-20T19:03:00.214936+01:00,  soc=40.0,  volt=50.96,  volt_delta=-1.84, volt_rate_per_min=-1.84, volt_status=NORMAL, batt_w=8.0,  batt_mode=idle,  batt_discharge_w=8.0,  batt_charge_w=0,  load_w=5864.0, zone=unknown,  grid_charge=off, ev_charging_active=off, ev_charge_end=2026-02-20 06:00:02, ev_webhook_count=92, max_discharge_a=35, max_charge_a=90, max_grid_charge_a=64, soc_limit_a=60, volt_penalty_a=10, voltage_protected_limit_a=50, soc_power_w=3058, is_critical_soc=False
2026-02-20T19:04:00.214787+01:00,  soc=40.0,  volt=50.96,  volt_delta=-1.84, volt_rate_per_min=-1.84, volt_status=NORMAL, batt_w=8.0,  batt_mode=idle,  batt_discharge_w=8.0,  batt_charge_w=0,  load_w=6037.0, zone=unknown,  grid_charge=off, ev_charging_active=off, ev_charge_end=2026-02-20 06:00:02, ev_webhook_count=92, max_discharge_a=35, max_charge_a=90, max_grid_charge_a=64, soc_limit_a=60, volt_penalty_a=10, voltage_protected_limit_a=50, soc_power_w=3058, is_critical_soc=False
2026-02-20T19:05:00.215754+01:00,  soc=40.0,  volt=50.96,  volt_delta=-1.84, volt_rate_per_min=-1.84, volt_status=NORMAL, batt_w=8.0,  batt_mode=idle,  batt_discharge_w=8.0,  batt_charge_w=0,  load_w=6157.0, zone=unknown,  grid_charge=off, ev_charging_active=off, ev_charge_end=2026-02-20 06:00:02, ev_webhook_count=92, max_discharge_a=35, max_charge_a=90, max_grid_charge_a=64, soc_limit_a=60, volt_penalty_a=10, voltage_protected_limit_a=50, soc_power_w=3058, is_critical_soc=False
2026-02-20T19:06:00.214991+01:00,  soc=40.0,  volt=50.96,  volt_delta=-1.84, volt_rate_per_min=-1.84, volt_status=NORMAL, batt_w=8.0,  batt_mode=idle,  batt_discharge_w=8.0,  batt_charge_w=0,  load_w=6228.0, zone=unknown,  grid_charge=off, ev_charging_active=off, ev_charge_end=2026-02-20 06:00:02, ev_webhook_count=92, max_discharge_a=35, max_charge_a=90, max_grid_charge_a=64, soc_limit_a=60, volt_penalty_a=10, voltage_protected_limit_a=50, soc_power_w=3058, is_critical_soc=False
2026-02-20T19:07:00.214836+01:00,  soc=40.0,  volt=50.96,  volt_delta=-1.84, volt_rate_per_min=-1.84, volt_status=NORMAL, batt_w=8.0,  batt_mode=idle,  batt_discharge_w=8.0,  batt_charge_w=0,  load_w=4494.0, zone=unknown,  grid_charge=off, ev_charging_active=off, ev_charge_end=2026-02-20 06:00:02, ev_webhook_count=92, max_discharge_a=35, max_charge_a=90, max_grid_charge_a=64, soc_limit_a=60, volt_penalty_a=10, voltage_protected_limit_a=50, soc_power_w=3058, is_critical_soc=False
2026-02-20T19:08:00.215421+01:00,  soc=40.0,  volt=50.96,  volt_delta=-1.84, volt_rate_per_min=-1.84, volt_status=NORMAL, batt_w=8.0,  batt_mode=idle,  batt_discharge_w=8.0,  batt_charge_w=0,  load_w=3277.0, zone=unknown,  grid_charge=off, ev_charging_active=off, ev_charge_end=2026-02-20 06:00:02, ev_webhook_count=92, max_discharge_a=35, max_charge_a=90, max_grid_charge_a=64, soc_limit_a=60, volt_penalty_a=10, voltage_protected_limit_a=50, soc_power_w=3058, is_critical_soc=False
2026-02-20T19:09:00.215513+01:00,  soc=40.0,  volt=51.04,  volt_delta=-1.76, volt_rate_per_min=-1.76, volt_status=NORMAL, batt_w=11.0,  batt_mode=idle,  batt_discharge_w=11.0,  batt_charge_w=0,  load_w=3277.0, zone=unknown,  grid_charge=off, ev_charging_active=off, ev_charge_end=2026-02-20 06:00:02, ev_webhook_count=92, max_discharge_a=35, max_charge_a=90, max_grid_charge_a=64, soc_limit_a=60, volt_penalty_a=10, voltage_protected_limit_a=50, soc_power_w=3062, is_critical_soc=False
2026-02-20T19:10:00.215303+01:00,  soc=40.0,  volt=51.04,  volt_delta=-1.76, volt_rate_per_min=-1.76, volt_status=NORMAL, batt_w=11.0,  batt_mode=idle,  batt_discharge_w=11.0,  batt_charge_w=0,  load_w=3895.0, zone=unknown,  grid_charge=off, ev_charging_active=off, ev_charge_end=2026-02-20 06:00:02, ev_webhook_count=92, max_discharge_a=35, max_charge_a=90, max_grid_charge_a=64, soc_limit_a=60, volt_penalty_a=10, voltage_protected_limit_a=50, soc_power_w=3062, is_critical_soc=False
2026-02-20T19:11:00.215433+01:00,  soc=40.0,  volt=51.04,  volt_delta=-1.76, volt_rate_per_min=-1.76, volt_status=NORMAL, batt_w=11.0,  batt_mode=idle,  batt_discharge_w=11.0,  batt_charge_w=0,  load_w=3682.0, zone=unknown,  grid_charge=off, ev_charging_active=off, ev_charge_end=2026-02-20 06:00:02, ev_webhook_count=92, max_discharge_a=35, max_charge_a=90, max_grid_charge_a=64, soc_limit_a=60, volt_penalty_a=10, voltage_protected_limit_a=50, soc_power_w=3062, is_critical_soc=False
2026-02-20T19:12:00.215265+01:00,  soc=40.0,  volt=51.06,  volt_delta=-1.74, volt_rate_per_min=-1.74, volt_status=NORMAL, batt_w=11.0,  batt_mode=idle,  batt_discharge_w=11.0,  batt_charge_w=0,  load_w=3682.0, zone=unknown,  grid_charge=off, ev_charging_active=off, ev_charge_end=2026-02-20 06:00:02, ev_webhook_count=92, max_discharge_a=35, max_charge_a=90, max_grid_charge_a=64, soc_limit_a=60, volt_penalty_a=10, voltage_protected_limit_a=50, soc_power_w=3064, is_critical_soc=False
2026-02-20T19:13:00.215931+01:00,  soc=40.0,  volt=51.06,  volt_delta=-1.74, volt_rate_per_min=-1.74, volt_status=NORMAL, batt_w=11.0,  batt_mode=idle,  batt_discharge_w=11.0,  batt_charge_w=0,  load_w=3682.0, zone=unknown,  grid_charge=off, ev_charging_active=off, ev_charge_end=2026-02-20 06:00:02, ev_webhook_count=92, max_discharge_a=35, max_charge_a=90, max_grid_charge_a=64, soc_limit_a=60, volt_penalty_a=10, voltage_protected_limit_a=50, soc_power_w=3064, is_critical_soc=False
2026-02-20T19:14:00.216717+01:00,  soc=40.0,  volt=50.55,  volt_delta=-2.25, volt_rate_per_min=-2.25, volt_status=NORMAL, batt_w=1717.0,  batt_mode=discharge,  batt_discharge_w=1717.0,  batt_charge_w=0,  load_w=3733.0, zone=unknown,  grid_charge=off, ev_charging_active=off, ev_charge_end=2026-02-20 06:00:02, ev_webhook_count=92, max_discharge_a=35, max_charge_a=90, max_grid_charge_a=64, soc_limit_a=60, volt_penalty_a=10, voltage_protected_limit_a=50, soc_power_w=3033, is_critical_soc=False
2026-02-20T19:15:00.215186+01:00,  soc=40.0,  volt=50.44,  volt_delta=-2.36, volt_rate_per_min=-2.36, volt_status=NORMAL, batt_w=1717.0,  batt_mode=discharge,  batt_discharge_w=1717.0,  batt_charge_w=0,  load_w=3683.0, zone=unknown,  grid_charge=off, ev_charging_active=off, ev_charge_end=2026-02-20 06:00:02, ev_webhook_count=92, max_discharge_a=35, max_charge_a=90, max_grid_charge_a=64, soc_limit_a=60, volt_penalty_a=10, voltage_protected_limit_a=50, soc_power_w=3026, is_critical_soc=False
2026-02-20T19:16:00.215950+01:00,  soc=40.0,  volt=50.33,  volt_delta=-2.47, volt_rate_per_min=-2.47, volt_status=NORMAL, batt_w=1717.0,  batt_mode=discharge,  batt_discharge_w=1717.0,  batt_charge_w=0,  load_w=3058.0, zone=unknown,  grid_charge=off, ev_charging_active=off, ev_charge_end=2026-02-20 06:00:02, ev_webhook_count=92, max_discharge_a=35, max_charge_a=90, max_grid_charge_a=64, soc_limit_a=60, volt_penalty_a=10, voltage_protected_limit_a=50, soc_power_w=3020, is_critical_soc=False
2026-02-20T19:17:00.215419+01:00,  soc=39.0,  volt=50.23,  volt_delta=-2.57, volt_rate_per_min=-2.57, volt_status=NORMAL, batt_w=1717.0,  batt_mode=discharge,  batt_discharge_w=1717.0,  batt_charge_w=0,  load_w=3292.0, zone=unknown,  grid_charge=off, ev_charging_active=off, ev_charge_end=2026-02-20 06:00:02, ev_webhook_count=92, max_discharge_a=34, max_charge_a=90, max_grid_charge_a=64, soc_limit_a=60, volt_penalty_a=10, voltage_protected_limit_a=50, soc_power_w=2999, is_critical_soc=False
2026-02-20T19:18:00.215438+01:00,  soc=39.0,  volt=50.23,  volt_delta=-2.57, volt_rate_per_min=-2.57, volt_status=NORMAL, batt_w=1658.0,  batt_mode=discharge,  batt_discharge_w=1658.0,  batt_charge_w=0,  load_w=3515.0, zone=unknown,  grid_charge=off, ev_charging_active=off, ev_charge_end=2026-02-20 06:00:02, ev_webhook_count=92, max_discharge_a=34, max_charge_a=90, max_grid_charge_a=64, soc_limit_a=60, volt_penalty_a=10, voltage_protected_limit_a=50, soc_power_w=2999, is_critical_soc=False
2026-02-20T19:19:00.214873+01:00,  soc=39.0,  volt=50.18,  volt_delta=-2.62, volt_rate_per_min=-2.62, volt_status=NORMAL, batt_w=1659.0,  batt_mode=discharge,  batt_discharge_w=1659.0,  batt_charge_w=0,  load_w=3664.0, zone=unknown,  grid_charge=off, ev_charging_active=off, ev_charge_end=2026-02-20 06:00:02, ev_webhook_count=92, max_discharge_a=34, max_charge_a=90, max_grid_charge_a=64, soc_limit_a=60, volt_penalty_a=10, voltage_protected_limit_a=50, soc_power_w=2999, is_critical_soc=False
2026-02-20T19:20:00.215214+01:00,  soc=39.0,  volt=50.13,  volt_delta=-2.67, volt_rate_per_min=-2.67, volt_status=NORMAL, batt_w=1659.0,  batt_mode=discharge,  batt_discharge_w=1659.0,  batt_charge_w=0,  load_w=3643.0, zone=unknown,  grid_charge=off, ev_charging_active=off, ev_charge_end=2026-02-20 06:00:02, ev_webhook_count=92, max_discharge_a=34, max_charge_a=90, max_grid_charge_a=64, soc_limit_a=60, volt_penalty_a=10, voltage_protected_limit_a=50, soc_power_w=2999, is_critical_soc=False
2026-02-20T19:21:00.215571+01:00,  soc=38.0,  volt=50.13,  volt_delta=-2.67, volt_rate_per_min=-2.67, volt_status=NORMAL, batt_w=1608.0,  batt_mode=discharge,  batt_discharge_w=1608.0,  batt_charge_w=0,  load_w=3643.0, zone=unknown,  grid_charge=off, ev_charging_active=off, ev_charge_end=2026-02-20 06:00:02, ev_webhook_count=92, max_discharge_a=33, max_charge_a=90, max_grid_charge_a=64, soc_limit_a=57, volt_penalty_a=10, voltage_protected_limit_a=47, soc_power_w=2852, is_critical_soc=False
2026-02-20T19:22:00.215456+01:00,  soc=38.0,  volt=50.13,  volt_delta=-2.67, volt_rate_per_min=-2.67, volt_status=NORMAL, batt_w=1608.0,  batt_mode=discharge,  batt_discharge_w=1608.0,  batt_charge_w=0,  load_w=3716.0, zone=unknown,  grid_charge=off, ev_charging_active=off, ev_charge_end=2026-02-20 06:00:02, ev_webhook_count=92, max_discharge_a=33, max_charge_a=90, max_grid_charge_a=64, soc_limit_a=57, volt_penalty_a=10, voltage_protected_limit_a=47, soc_power_w=2852, is_critical_soc=False
2026-02-20T19:23:00.215914+01:00,  soc=38.0,  volt=50.13,  volt_delta=-2.67, volt_rate_per_min=-2.67, volt_status=NORMAL, batt_w=1608.0,  batt_mode=discharge,  batt_discharge_w=1608.0,  batt_charge_w=0,  load_w=3663.0, zone=unknown,  grid_charge=off, ev_charging_active=off, ev_charge_end=2026-02-20 06:00:02, ev_webhook_count=92, max_discharge_a=33, max_charge_a=90, max_grid_charge_a=64, soc_limit_a=57, volt_penalty_a=10, voltage_protected_limit_a=47, soc_power_w=2852, is_critical_soc=False
2026-02-20T19:24:00.214970+01:00,  soc=37.0,  volt=50.03,  volt_delta=-2.77, volt_rate_per_min=-2.77, volt_status=NORMAL, batt_w=1608.0,  batt_mode=discharge,  batt_discharge_w=1608.0,  batt_charge_w=0,  load_w=2482.0, zone=unknown,  grid_charge=off, ev_charging_active=off, ev_charge_end=2026-02-20 06:00:02, ev_webhook_count=92, max_discharge_a=32, max_charge_a=90, max_grid_charge_a=64, soc_limit_a=54, volt_penalty_a=10, voltage_protected_limit_a=44, soc_power_w=2711, is_critical_soc=False
2026-02-20T19:25:00.214942+01:00,  soc=37.0,  volt=50.03,  volt_delta=-2.77, volt_rate_per_min=-2.77, volt_status=NORMAL, batt_w=1608.0,  batt_mode=discharge,  batt_discharge_w=1608.0,  batt_charge_w=0,  load_w=2482.0, zone=unknown,  grid_charge=off, ev_charging_active=off, ev_charge_end=2026-02-20 06:00:02, ev_webhook_count=92, max_discharge_a=32, max_charge_a=90, max_grid_charge_a=64, soc_limit_a=54, volt_penalty_a=10, voltage_protected_limit_a=44, soc_power_w=2711, is_critical_soc=False
2026-02-20T19:26:00.214855+01:00,  soc=37.0,  volt=49.92,  volt_delta=-2.88, volt_rate_per_min=-2.88, volt_status=CAUTION, batt_w=1558.0,  batt_mode=discharge,  batt_discharge_w=1558.0,  batt_charge_w=0,  load_w=2491.0, zone=unknown,  grid_charge=off, ev_charging_active=off, ev_charge_end=2026-02-20 06:00:02, ev_webhook_count=92, max_discharge_a=32, max_charge_a=90, max_grid_charge_a=64, soc_limit_a=54, volt_penalty_a=10, voltage_protected_limit_a=44, soc_power_w=2711, is_critical_soc=False
2026-02-20T19:27:00.215493+01:00,  soc=37.0,  volt=49.92,  volt_delta=-2.88, volt_rate_per_min=-2.88, volt_status=CAUTION, batt_w=1558.0,  batt_mode=discharge,  batt_discharge_w=1558.0,  batt_charge_w=0,  load_w=2491.0, zone=unknown,  grid_charge=off, ev_charging_active=off, ev_charge_end=2026-02-20 06:00:02, ev_webhook_count=92, max_discharge_a=32, max_charge_a=90, max_grid_charge_a=64, soc_limit_a=54, volt_penalty_a=10, voltage_protected_limit_a=44, soc_power_w=2711, is_critical_soc=False
2026-02-20T19:28:00.216476+01:00,  soc=36.0,  volt=49.77,  volt_delta=-3.03, volt_rate_per_min=-3.03, volt_status=CAUTION, batt_w=1505.0,  batt_mode=discharge,  batt_discharge_w=1505.0,  batt_charge_w=0,  load_w=2491.0, zone=unknown,  grid_charge=off, ev_charging_active=off, ev_charge_end=2026-02-20 06:00:02, ev_webhook_count=92, max_discharge_a=31, max_charge_a=90, max_grid_charge_a=64, soc_limit_a=52, volt_penalty_a=10, voltage_protected_limit_a=42, soc_power_w=2575, is_critical_soc=False
2026-02-20T19:29:00.214621+01:00,  soc=36.0,  volt=49.62,  volt_delta=-3.18, volt_rate_per_min=-3.18, volt_status=CAUTION, batt_w=1501.0,  batt_mode=discharge,  batt_discharge_w=1501.0,  batt_charge_w=0,  load_w=2491.0, zone=unknown,  grid_charge=off, ev_charging_active=off, ev_charge_end=2026-02-20 06:00:02, ev_webhook_count=92, max_discharge_a=31, max_charge_a=90, max_grid_charge_a=64, soc_limit_a=52, volt_penalty_a=10, voltage_protected_limit_a=42, soc_power_w=2575, is_critical_soc=False
2026-02-20T19:30:00.215447+01:00,  soc=36.0,  volt=49.45,  volt_delta=-3.35, volt_rate_per_min=-3.35, volt_status=CAUTION, batt_w=1501.0,  batt_mode=discharge,  batt_discharge_w=1501.0,  batt_charge_w=0,  load_w=2499.0, zone=unknown,  grid_charge=off, ev_charging_active=off, ev_charge_end=2026-02-20 06:00:02, ev_webhook_count=92, max_discharge_a=31, max_charge_a=90, max_grid_charge_a=64, soc_limit_a=52, volt_penalty_a=10, voltage_protected_limit_a=42, soc_power_w=2575, is_critical_soc=False
2026-02-20T19:31:00.215497+01:00,  soc=35.0,  volt=49.26,  volt_delta=-3.54, volt_rate_per_min=-3.54, volt_status=CAUTION, batt_w=1501.0,  batt_mode=discharge,  batt_discharge_w=1501.0,  batt_charge_w=0,  load_w=2499.0, zone=unknown,  grid_charge=off, ev_charging_active=off, ev_charge_end=2026-02-20 06:00:02, ev_webhook_count=92, max_discharge_a=30, max_charge_a=90, max_grid_charge_a=64, soc_limit_a=50, volt_penalty_a=10, voltage_protected_limit_a=40, soc_power_w=2444, is_critical_soc=False
2026-02-20T19:32:00.214836+01:00,  soc=35.0,  volt=49.16,  volt_delta=-3.64, volt_rate_per_min=-3.64, volt_status=CAUTION, batt_w=1441.0,  batt_mode=discharge,  batt_discharge_w=1441.0,  batt_charge_w=0,  load_w=2499.0, zone=unknown,  grid_charge=off, ev_charging_active=off, ev_charge_end=2026-02-20 06:00:02, ev_webhook_count=92, max_discharge_a=30, max_charge_a=90, max_grid_charge_a=64, soc_limit_a=50, volt_penalty_a=10, voltage_protected_limit_a=40, soc_power_w=2444, is_critical_soc=False
2026-02-20T19:33:00.215502+01:00,  soc=35.0,  volt=48.92,  volt_delta=-3.88, volt_rate_per_min=-3.88, volt_status=CAUTION, batt_w=1441.0,  batt_mode=discharge,  batt_discharge_w=1441.0,  batt_charge_w=0,  load_w=2499.0, zone=unknown,  grid_charge=off, ev_charging_active=off, ev_charge_end=2026-02-20 06:00:02, ev_webhook_count=92, max_discharge_a=30, max_charge_a=90, max_grid_charge_a=64, soc_limit_a=50, volt_penalty_a=10, voltage_protected_limit_a=40, soc_power_w=2444, is_critical_soc=False
2026-02-20T19:34:00.215129+01:00,  soc=35.0,  volt=48.68,  volt_delta=-4.12, volt_rate_per_min=-4.12, volt_status=CAUTION, batt_w=1441.0,  batt_mode=discharge,  batt_discharge_w=1441.0,  batt_charge_w=0,  load_w=2499.0, zone=unknown,  grid_charge=off, ev_charging_active=off, ev_charge_end=2026-02-20 06:00:02, ev_webhook_count=92, max_discharge_a=30, max_charge_a=90, max_grid_charge_a=64, soc_limit_a=50, volt_penalty_a=10, voltage_protected_limit_a=40, soc_power_w=2444, is_critical_soc=False
2026-02-20T19:35:00.216966+01:00,  soc=34.0,  volt=48.48,  volt_delta=-4.32, volt_rate_per_min=-4.32, volt_status=WARNING, batt_w=1441.0,  batt_mode=discharge,  batt_discharge_w=1441.0,  batt_charge_w=0,  load_w=4604.0, zone=unknown,  grid_charge=off, ev_charging_active=off, ev_charge_end=2026-02-20 06:00:02, ev_webhook_count=92, max_discharge_a=29, max_charge_a=90, max_grid_charge_a=64, soc_limit_a=48, volt_penalty_a=10, voltage_protected_limit_a=38, soc_power_w=2318, is_critical_soc=False
2026-02-20T19:36:00.215528+01:00,  soc=34.0,  volt=48.22,  volt_delta=-4.58, volt_rate_per_min=-4.58, volt_status=WARNING, batt_w=1376.0,  batt_mode=discharge,  batt_discharge_w=1376.0,  batt_charge_w=0,  load_w=2516.0, zone=unknown,  grid_charge=off, ev_charging_active=off, ev_charge_end=2026-02-20 06:00:02, ev_webhook_count=92, max_discharge_a=29, max_charge_a=90, max_grid_charge_a=64, soc_limit_a=48, volt_penalty_a=10, voltage_protected_limit_a=38, soc_power_w=2318, is_critical_soc=False
2026-02-20T19:37:00.216696+01:00,  soc=34.0,  volt=48.03,  volt_delta=-4.77, volt_rate_per_min=-4.77, volt_status=WARNING, batt_w=1376.0,  batt_mode=discharge,  batt_discharge_w=1376.0,  batt_charge_w=0,  load_w=2516.0, zone=unknown,  grid_charge=off, ev_charging_active=off, ev_charge_end=2026-02-20 06:00:02, ev_webhook_count=92, max_discharge_a=29, max_charge_a=90, max_grid_charge_a=64, soc_limit_a=48, volt_penalty_a=10, voltage_protected_limit_a=38, soc_power_w=2318, is_critical_soc=False
2026-02-20T19:38:00.214719+01:00,  soc=34.0,  volt=48.03,  volt_delta=-4.77, volt_rate_per_min=-4.77, volt_status=WARNING, batt_w=726.0,  batt_mode=discharge,  batt_discharge_w=726.0,  batt_charge_w=0,  load_w=2516.0, zone=unknown,  grid_charge=off, ev_charging_active=off, ev_charge_end=2026-02-20 06:00:02, ev_webhook_count=92, max_discharge_a=15, max_charge_a=90, max_grid_charge_a=64, soc_limit_a=48, volt_penalty_a=10, voltage_protected_limit_a=38, soc_power_w=2318, is_critical_soc=False
2026-02-20T19:39:00.215284+01:00,  soc=33.0,  volt=47.73,  volt_delta=-5.07, volt_rate_per_min=-5.07, volt_status=CRITICAL_LOW, batt_w=723.0,  batt_mode=discharge,  batt_discharge_w=723.0,  batt_charge_w=0,  load_w=1984.0, zone=unknown,  grid_charge=off, ev_charging_active=off, ev_charge_end=2026-02-20 06:00:02, ev_webhook_count=92, max_discharge_a=15, max_charge_a=90, max_grid_charge_a=64, soc_limit_a=46, volt_penalty_a=15, voltage_protected_limit_a=31, soc_power_w=2198, is_critical_soc=False
2026-02-20T19:40:00.215728+01:00,  soc=33.0,  volt=47.73,  volt_delta=-5.07, volt_rate_per_min=-5.07, volt_status=CRITICAL_LOW, batt_w=723.0,  batt_mode=discharge,  batt_discharge_w=723.0,  batt_charge_w=0,  load_w=2160.0, zone=unknown,  grid_charge=off, ev_charging_active=off, ev_charge_end=2026-02-20 06:00:02, ev_webhook_count=92, max_discharge_a=15, max_charge_a=90, max_grid_charge_a=64, soc_limit_a=46, volt_penalty_a=15, voltage_protected_limit_a=31, soc_power_w=2198, is_critical_soc=False
2026-02-20T19:41:00.215330+01:00,  soc=33.0,  volt=47.59,  volt_delta=-5.21, volt_rate_per_min=-5.21, volt_status=CRITICAL_LOW, batt_w=723.0,  batt_mode=discharge,  batt_discharge_w=723.0,  batt_charge_w=0,  load_w=2160.0, zone=unknown,  grid_charge=off, ev_charging_active=off, ev_charge_end=2026-02-20 06:00:02, ev_webhook_count=92, max_discharge_a=15, max_charge_a=90, max_grid_charge_a=64, soc_limit_a=46, volt_penalty_a=15, voltage_protected_limit_a=31, soc_power_w=2198, is_critical_soc=False
2026-02-20T19:42:00.215736+01:00,  soc=33.0,  volt=47.45,  volt_delta=-5.35, volt_rate_per_min=-5.35, volt_status=CRITICAL_LOW, batt_w=723.0,  batt_mode=discharge,  batt_discharge_w=723.0,  batt_charge_w=0,  load_w=4256.0, zone=unknown,  grid_charge=off, ev_charging_active=off, ev_charge_end=2026-02-20 06:00:02, ev_webhook_count=92, max_discharge_a=15, max_charge_a=90, max_grid_charge_a=64, soc_limit_a=46, volt_penalty_a=15, voltage_protected_limit_a=31, soc_power_w=2198, is_critical_soc=False
2026-02-20T19:43:00.214658+01:00,  soc=33.0,  volt=47.45,  volt_delta=-5.35, volt_rate_per_min=-5.35, volt_status=CRITICAL_LOW, batt_w=388.0,  batt_mode=discharge,  batt_discharge_w=388.0,  batt_charge_w=0,  load_w=2164.0, zone=unknown,  grid_charge=off, ev_charging_active=off, ev_charge_end=2026-02-20 06:00:02, ev_webhook_count=92, max_discharge_a=8, max_charge_a=90, max_grid_charge_a=64, soc_limit_a=46, volt_penalty_a=15, voltage_protected_limit_a=31, soc_power_w=2198, is_critical_soc=False
2026-02-20T19:44:00.215331+01:00,  soc=33.0,  volt=47.45,  volt_delta=-5.35, volt_rate_per_min=-5.35, volt_status=CRITICAL_LOW, batt_w=388.0,  batt_mode=discharge,  batt_discharge_w=388.0,  batt_charge_w=0,  load_w=2167.0, zone=unknown,  grid_charge=off, ev_charging_active=off, ev_charge_end=2026-02-20 06:00:02, ev_webhook_count=92, max_discharge_a=8, max_charge_a=90, max_grid_charge_a=64, soc_limit_a=46, volt_penalty_a=15, voltage_protected_limit_a=31, soc_power_w=2198, is_critical_soc=False
2026-02-20T19:45:00.215181+01:00,  soc=33.0,  volt=47.29,  volt_delta=-5.51, volt_rate_per_min=-5.51, volt_status=CRITICAL_LOW, batt_w=388.0,  batt_mode=discharge,  batt_discharge_w=388.0,  batt_charge_w=0,  load_w=2167.0, zone=unknown,  grid_charge=off, ev_charging_active=off, ev_charge_end=2026-02-20 06:00:02, ev_webhook_count=92, max_discharge_a=8, max_charge_a=90, max_grid_charge_a=64, soc_limit_a=46, volt_penalty_a=15, voltage_protected_limit_a=31, soc_power_w=2198, is_critical_soc=False
2026-02-20T19:46:00.215575+01:00,  soc=33.0,  volt=47.29,  volt_delta=-5.51, volt_rate_per_min=-5.51, volt_status=CRITICAL_LOW, batt_w=388.0,  batt_mode=discharge,  batt_discharge_w=388.0,  batt_charge_w=0,  load_w=2183.0, zone=unknown,  grid_charge=off, ev_charging_active=off, ev_charge_end=2026-02-20 06:00:02, ev_webhook_count=92, max_discharge_a=8, max_charge_a=90, max_grid_charge_a=64, soc_limit_a=46, volt_penalty_a=15, voltage_protected_limit_a=31, soc_power_w=2198, is_critical_soc=False
2026-02-20T19:47:00.215702+01:00,  soc=33.0,  volt=47.39,  volt_delta=-5.41, volt_rate_per_min=-5.41, volt_status=CRITICAL_LOW, batt_w=41.0,  batt_mode=idle,  batt_discharge_w=41.0,  batt_charge_w=0,  load_w=4173.0, zone=unknown,  grid_charge=off, ev_charging_active=off, ev_charge_end=2026-02-20 06:00:02, ev_webhook_count=92, max_discharge_a=8, max_charge_a=90, max_grid_charge_a=64, soc_limit_a=46, volt_penalty_a=15, voltage_protected_limit_a=31, soc_power_w=2198, is_critical_soc=False
2026-02-20T19:48:00.214632+01:00,  soc=33.0,  volt=47.39,  volt_delta=-5.41, volt_rate_per_min=-5.41, volt_status=CRITICAL_LOW, batt_w=41.0,  batt_mode=idle,  batt_discharge_w=41.0,  batt_charge_w=0,  load_w=4214.0, zone=unknown,  grid_charge=off, ev_charging_active=off, ev_charge_end=2026-02-20 06:00:02, ev_webhook_count=92, max_discharge_a=8, max_charge_a=90, max_grid_charge_a=64, soc_limit_a=46, volt_penalty_a=15, voltage_protected_limit_a=31, soc_power_w=2198, is_critical_soc=False
2026-02-20T19:49:00.215440+01:00,  soc=33.0,  volt=47.49,  volt_delta=-5.31, volt_rate_per_min=-5.31, volt_status=CRITICAL_LOW, batt_w=8.0,  batt_mode=idle,  batt_discharge_w=8.0,  batt_charge_w=0,  load_w=2137.0, zone=unknown,  grid_charge=off, ev_charging_active=off, ev_charge_end=2026-02-20 06:00:02, ev_webhook_count=92, max_discharge_a=8, max_charge_a=90, max_grid_charge_a=64, soc_limit_a=46, volt_penalty_a=15, voltage_protected_limit_a=31, soc_power_w=2198, is_critical_soc=False
2026-02-20T19:50:00.214565+01:00,  soc=33.0,  volt=47.49,  volt_delta=-5.31, volt_rate_per_min=-5.31, volt_status=CRITICAL_LOW, batt_w=8.0,  batt_mode=idle,  batt_discharge_w=8.0,  batt_charge_w=0,  load_w=2132.0, zone=unknown,  grid_charge=off, ev_charging_active=off, ev_charge_end=2026-02-20 06:00:02, ev_webhook_count=92, max_discharge_a=8, max_charge_a=90, max_grid_charge_a=64, soc_limit_a=46, volt_penalty_a=15, voltage_protected_limit_a=31, soc_power_w=2198, is_critical_soc=False
2026-02-20T19:51:00.215981+01:00,  soc=33.0,  volt=47.49,  volt_delta=-5.31, volt_rate_per_min=-5.31, volt_status=CRITICAL_LOW, batt_w=8.0,  batt_mode=idle,  batt_discharge_w=8.0,  batt_charge_w=0,  load_w=2134.0, zone=unknown,  grid_charge=off, ev_charging_active=off, ev_charge_end=2026-02-20 06:00:02, ev_webhook_count=92, max_discharge_a=8, max_charge_a=90, max_grid_charge_a=64, soc_limit_a=46, volt_penalty_a=15, voltage_protected_limit_a=31, soc_power_w=2198, is_critical_soc=False
2026-02-20T19:52:00.214652+01:00,  soc=33.0,  volt=47.49,  volt_delta=-5.31, volt_rate_per_min=-5.31, volt_status=CRITICAL_LOW, batt_w=8.0,  batt_mode=idle,  batt_discharge_w=8.0,  batt_charge_w=0,  load_w=2134.0, zone=unknown,  grid_charge=off, ev_charging_active=off, ev_charge_end=2026-02-20 06:00:02, ev_webhook_count=92, max_discharge_a=8, max_charge_a=90, max_grid_charge_a=64, soc_limit_a=46, volt_penalty_a=15, voltage_protected_limit_a=31, soc_power_w=2198, is_critical_soc=False
2026-02-20T19:53:00.214787+01:00,  soc=33.0,  volt=47.49,  volt_delta=-5.31, volt_rate_per_min=-5.31, volt_status=CRITICAL_LOW, batt_w=8.0,  batt_mode=idle,  batt_discharge_w=8.0,  batt_charge_w=0,  load_w=2134.0, zone=unknown,  grid_charge=off, ev_charging_active=off, ev_charge_end=2026-02-20 06:00:02, ev_webhook_count=92, max_discharge_a=8, max_charge_a=90, max_grid_charge_a=64, soc_limit_a=46, volt_penalty_a=15, voltage_protected_limit_a=31, soc_power_w=2198, is_critical_soc=False
2026-02-20T19:54:00.215431+01:00,  soc=33.0,  volt=47.49,  volt_delta=-5.31, volt_rate_per_min=-5.31, volt_status=CRITICAL_LOW, batt_w=8.0,  batt_mode=idle,  batt_discharge_w=8.0,  batt_charge_w=0,  load_w=2204.0, zone=unknown,  grid_charge=off, ev_charging_active=off, ev_charge_end=2026-02-20 06:00:02, ev_webhook_count=92, max_discharge_a=8, max_charge_a=90, max_grid_charge_a=64, soc_limit_a=46, volt_penalty_a=15, voltage_protected_limit_a=31, soc_power_w=2198, is_critical_soc=False
2026-02-20T19:55:00.215415+01:00,  soc=33.0,  volt=47.59,  volt_delta=-5.21, volt_rate_per_min=-5.21, volt_status=CRITICAL_LOW, batt_w=8.0,  batt_mode=idle,  batt_discharge_w=8.0,  batt_charge_w=0,  load_w=2340.0, zone=unknown,  grid_charge=off, ev_charging_active=off, ev_charge_end=2026-02-20 06:00:02, ev_webhook_count=92, max_discharge_a=15, max_charge_a=90, max_grid_charge_a=64, soc_limit_a=46, volt_penalty_a=15, voltage_protected_limit_a=31, soc_power_w=2198, is_critical_soc=False
2026-02-20T19:56:00.215282+01:00,  soc=33.0,  volt=47.59,  volt_delta=-5.21, volt_rate_per_min=-5.21, volt_status=CRITICAL_LOW, batt_w=8.0,  batt_mode=idle,  batt_discharge_w=8.0,  batt_charge_w=0,  load_w=2304.0, zone=unknown,  grid_charge=off, ev_charging_active=off, ev_charge_end=2026-02-20 06:00:02, ev_webhook_count=92, max_discharge_a=15, max_charge_a=90, max_grid_charge_a=64, soc_limit_a=46, volt_penalty_a=15, voltage_protected_limit_a=31, soc_power_w=2198, is_critical_soc=False
2026-02-20T19:57:00.215577+01:00,  soc=33.0,  volt=46.25,  volt_delta=-6.55, volt_rate_per_min=-6.55, volt_status=CRITICAL_EMERGENCY, batt_w=8.0,  batt_mode=idle,  batt_discharge_w=8.0,  batt_charge_w=0,  load_w=2304.0, zone=unknown,  grid_charge=off, ev_charging_active=off, ev_charge_end=2026-02-20 06:00:02, ev_webhook_count=92, max_discharge_a=15, max_charge_a=90, max_grid_charge_a=64, soc_limit_a=48, volt_penalty_a=15, voltage_protected_limit_a=33, soc_power_w=2198, is_critical_soc=False
2026-02-20T19:58:00.215527+01:00,  soc=33.0,  volt=47.63,  volt_delta=-5.17, volt_rate_per_min=-5.17, volt_status=CRITICAL_LOW, batt_w=8.0,  batt_mode=idle,  batt_discharge_w=8.0,  batt_charge_w=0,  load_w=2301.0, zone=unknown,  grid_charge=off, ev_charging_active=off, ev_charge_end=2026-02-20 06:00:02, ev_webhook_count=92, max_discharge_a=0, max_charge_a=90, max_grid_charge_a=64, soc_limit_a=46, volt_penalty_a=15, voltage_protected_limit_a=31, soc_power_w=2198, is_critical_soc=False
2026-02-20T19:59:00.214925+01:00,  soc=33.0,  volt=47.65,  volt_delta=-5.15, volt_rate_per_min=-5.15, volt_status=CRITICAL_LOW, batt_w=10.0,  batt_mode=idle,  batt_discharge_w=10.0,  batt_charge_w=0,  load_w=2301.0, zone=unknown,  grid_charge=off, ev_charging_active=off, ev_charge_end=2026-02-20 06:00:02, ev_webhook_count=92, max_discharge_a=0, max_charge_a=90, max_grid_charge_a=64, soc_limit_a=46, volt_penalty_a=15, voltage_protected_limit_a=31, soc_power_w=2198, is_critical_soc=False
2026-02-20T20:00:00.215919+01:00,  soc=33.0,  volt=47.65,  volt_delta=-5.15, volt_rate_per_min=-5.15, volt_status=CRITICAL_LOW, batt_w=10.0,  batt_mode=idle,  batt_discharge_w=10.0,  batt_charge_w=0,  load_w=2301.0, zone=unknown,  grid_charge=off, ev_charging_active=off, ev_charge_end=2026-02-20 06:00:02, ev_webhook_count=92, max_discharge_a=0, max_charge_a=90, max_grid_charge_a=64, soc_limit_a=46, volt_penalty_a=15, voltage_protected_limit_a=31, soc_power_w=2198, is_critical_soc=False
2026-02-20T20:01:00.215255+01:00,  soc=33.0,  volt=47.65,  volt_delta=-5.15, volt_rate_per_min=-5.15, volt_status=CRITICAL_LOW, batt_w=10.0,  batt_mode=idle,  batt_discharge_w=10.0,  batt_charge_w=0,  load_w=2301.0, zone=unknown,  grid_charge=off, ev_charging_active=off, ev_charge_end=2026-02-20 06:00:02, ev_webhook_count=92, max_discharge_a=0, max_charge_a=90, max_grid_charge_a=64, soc_limit_a=46, volt_penalty_a=15, voltage_protected_limit_a=31, soc_power_w=2198, is_critical_soc=False
2026-02-20T20:02:00.214521+01:00,  soc=33.0,  volt=47.65,  volt_delta=-5.15, volt_rate_per_min=-5.15, volt_status=CRITICAL_LOW, batt_w=10.0,  batt_mode=idle,  batt_discharge_w=10.0,  batt_charge_w=0,  load_w=4346.0, zone=unknown,  grid_charge=off, ev_charging_active=off, ev_charge_end=2026-02-20 06:00:02, ev_webhook_count=92, max_discharge_a=0, max_charge_a=90, max_grid_charge_a=64, soc_limit_a=46, volt_penalty_a=15, voltage_protected_limit_a=31, soc_power_w=2198, is_critical_soc=False
2026-02-20T20:03:00.214665+01:00,  soc=33.0,  volt=47.65,  volt_delta=-5.15, volt_rate_per_min=-5.15, volt_status=CRITICAL_LOW, batt_w=10.0,  batt_mode=idle,  batt_discharge_w=10.0,  batt_charge_w=0,  load_w=2285.0, zone=unknown,  grid_charge=off, ev_charging_active=off, ev_charge_end=2026-02-20 06:00:02, ev_webhook_count=92, max_discharge_a=0, max_charge_a=90, max_grid_charge_a=64, soc_limit_a=46, volt_penalty_a=15, voltage_protected_limit_a=31, soc_power_w=2198, is_critical_soc=False
2026-02-20T20:04:00.214848+01:00,  soc=33.0,  volt=47.65,  volt_delta=-5.15, volt_rate_per_min=-5.15, volt_status=CRITICAL_LOW, batt_w=10.0,  batt_mode=idle,  batt_discharge_w=10.0,  batt_charge_w=0,  load_w=2285.0, zone=unknown,  grid_charge=off, ev_charging_active=off, ev_charge_end=2026-02-20 06:00:02, ev_webhook_count=92, max_discharge_a=0, max_charge_a=90, max_grid_charge_a=64, soc_limit_a=46, volt_penalty_a=15, voltage_protected_limit_a=31, soc_power_w=2198, is_critical_soc=False
2026-02-20T20:05:00.215253+01:00,  soc=33.0,  volt=47.73,  volt_delta=-5.07, volt_rate_per_min=-5.07, volt_status=CRITICAL_LOW, batt_w=10.0,  batt_mode=idle,  batt_discharge_w=10.0,  batt_charge_w=0,  load_w=2285.0, zone=unknown,  grid_charge=off, ev_charging_active=off, ev_charge_end=2026-02-20 06:00:02, ev_webhook_count=92, max_discharge_a=0, max_charge_a=90, max_grid_charge_a=64, soc_limit_a=46, volt_penalty_a=15, voltage_protected_limit_a=31, soc_power_w=2198, is_critical_soc=False
2026-02-20T20:06:00.215506+01:00,  soc=33.0,  volt=47.73,  volt_delta=-5.07, volt_rate_per_min=-5.07, volt_status=CRITICAL_LOW, batt_w=10.0,  batt_mode=idle,  batt_discharge_w=10.0,  batt_charge_w=0,  load_w=2285.0, zone=unknown,  grid_charge=off, ev_charging_active=off, ev_charge_end=2026-02-20 06:00:02, ev_webhook_count=92, max_discharge_a=0, max_charge_a=90, max_grid_charge_a=64, soc_limit_a=46, volt_penalty_a=15, voltage_protected_limit_a=31, soc_power_w=2198, is_critical_soc=False
2026-02-20T20:07:00.214781+01:00,  soc=33.0,  volt=47.73,  volt_delta=-5.07, volt_rate_per_min=-5.07, volt_status=CRITICAL_LOW, batt_w=10.0,  batt_mode=idle,  batt_discharge_w=10.0,  batt_charge_w=0,  load_w=4333.0, zone=unknown,  grid_charge=off, ev_charging_active=off, ev_charge_end=2026-02-20 06:00:02, ev_webhook_count=92, max_discharge_a=0, max_charge_a=90, max_grid_charge_a=64, soc_limit_a=46, volt_penalty_a=15, voltage_protected_limit_a=31, soc_power_w=2198, is_critical_soc=False
2026-02-20T20:08:00.215047+01:00,  soc=33.0,  volt=47.75,  volt_delta=-5.05, volt_rate_per_min=-5.05, volt_status=CRITICAL_LOW, batt_w=10.0,  batt_mode=idle,  batt_discharge_w=10.0,  batt_charge_w=0,  load_w=2292.0, zone=unknown,  grid_charge=off, ev_charging_active=off, ev_charge_end=2026-02-20 06:00:02, ev_webhook_count=92, max_discharge_a=0, max_charge_a=90, max_grid_charge_a=64, soc_limit_a=46, volt_penalty_a=15, voltage_protected_limit_a=31, soc_power_w=2198, is_critical_soc=False
2026-02-20T20:09:00.215438+01:00,  soc=33.0,  volt=47.75,  volt_delta=-5.05, volt_rate_per_min=-5.05, volt_status=CRITICAL_LOW, batt_w=40.0,  batt_mode=idle,  batt_discharge_w=40.0,  batt_charge_w=0,  load_w=2292.0, zone=unknown,  grid_charge=off, ev_charging_active=off, ev_charge_end=2026-02-20 06:00:02, ev_webhook_count=92, max_discharge_a=0, max_charge_a=90, max_grid_charge_a=64, soc_limit_a=46, volt_penalty_a=15, voltage_protected_limit_a=31, soc_power_w=2198, is_critical_soc=False
2026-02-20T20:10:00.216123+01:00,  soc=33.0,  volt=47.75,  volt_delta=-5.05, volt_rate_per_min=-5.05, volt_status=CRITICAL_LOW, batt_w=10.0,  batt_mode=idle,  batt_discharge_w=10.0,  batt_charge_w=0,  load_w=2292.0, zone=unknown,  grid_charge=off, ev_charging_active=off, ev_charge_end=2026-02-20 06:00:02, ev_webhook_count=92, max_discharge_a=0, max_charge_a=90, max_grid_charge_a=64, soc_limit_a=46, volt_penalty_a=15, voltage_protected_limit_a=31, soc_power_w=2198, is_critical_soc=False
2026-02-20T20:11:00.215072+01:00,  soc=33.0,  volt=47.75,  volt_delta=-5.05, volt_rate_per_min=-5.05, volt_status=CRITICAL_LOW, batt_w=10.0,  batt_mode=idle,  batt_discharge_w=10.0,  batt_charge_w=0,  load_w=2292.0, zone=unknown,  grid_charge=off, ev_charging_active=off, ev_charge_end=2026-02-20 06:00:02, ev_webhook_count=92, max_discharge_a=0, max_charge_a=90, max_grid_charge_a=64, soc_limit_a=46, volt_penalty_a=15, voltage_protected_limit_a=31, soc_power_w=2198, is_critical_soc=False
2026-02-20T20:12:00.214667+01:00,  soc=33.0,  volt=47.75,  volt_delta=-5.05, volt_rate_per_min=-5.05, volt_status=CRITICAL_LOW, batt_w=10.0,  batt_mode=idle,  batt_discharge_w=10.0,  batt_charge_w=0,  load_w=2292.0, zone=unknown,  grid_charge=off, ev_charging_active=off, ev_charge_end=2026-02-20 06:00:02, ev_webhook_count=92, max_discharge_a=0, max_charge_a=90, max_grid_charge_a=64, soc_limit_a=46, volt_penalty_a=15, voltage_protected_limit_a=31, soc_power_w=2198, is_critical_soc=False
2026-02-20T20:13:00.215061+01:00,  soc=33.0,  volt=47.75,  volt_delta=-5.05, volt_rate_per_min=-5.05, volt_status=CRITICAL_LOW, batt_w=10.0,  batt_mode=idle,  batt_discharge_w=10.0,  batt_charge_w=0,  load_w=2292.0, zone=unknown,  grid_charge=off, ev_charging_active=off, ev_charge_end=2026-02-20 06:00:02, ev_webhook_count=92, max_discharge_a=0, max_charge_a=90, max_grid_charge_a=64, soc_limit_a=46, volt_penalty_a=15, voltage_protected_limit_a=31, soc_power_w=2198, is_critical_soc=False
2026-02-20T20:14:00.215436+01:00,  soc=33.0,  volt=47.75,  volt_delta=-5.05, volt_rate_per_min=-5.05, volt_status=CRITICAL_LOW, batt_w=10.0,  batt_mode=idle,  batt_discharge_w=10.0,  batt_charge_w=0,  load_w=2343.0, zone=unknown,  grid_charge=off, ev_charging_active=off, ev_charge_end=2026-02-20 06:00:02, ev_webhook_count=92, max_discharge_a=0, max_charge_a=90, max_grid_charge_a=64, soc_limit_a=46, volt_penalty_a=15, voltage_protected_limit_a=31, soc_power_w=2198, is_critical_soc=False
2026-02-20T20:15:00.214799+01:00,  soc=33.0,  volt=47.75,  volt_delta=-5.05, volt_rate_per_min=-5.05, volt_status=CRITICAL_LOW, batt_w=10.0,  batt_mode=idle,  batt_discharge_w=10.0,  batt_charge_w=0,  load_w=2343.0, zone=unknown,  grid_charge=off, ev_charging_active=off, ev_charge_end=2026-02-20 06:00:02, ev_webhook_count=92, max_discharge_a=0, max_charge_a=90, max_grid_charge_a=64, soc_limit_a=46, volt_penalty_a=15, voltage_protected_limit_a=31, soc_power_w=2198, is_critical_soc=False
2026-02-20T20:16:00.215322+01:00,  soc=33.0,  volt=47.75,  volt_delta=-5.05, volt_rate_per_min=-5.05, volt_status=CRITICAL_LOW, batt_w=10.0,  batt_mode=idle,  batt_discharge_w=10.0,  batt_charge_w=0,  load_w=2343.0, zone=unknown,  grid_charge=off, ev_charging_active=off, ev_charge_end=2026-02-20 06:00:02, ev_webhook_count=92, max_discharge_a=0, max_charge_a=90, max_grid_charge_a=64, soc_limit_a=46, volt_penalty_a=15, voltage_protected_limit_a=31, soc_power_w=2198, is_critical_soc=False
2026-02-20T20:17:00.214797+01:00,  soc=33.0,  volt=47.75,  volt_delta=-5.05, volt_rate_per_min=-5.05, volt_status=CRITICAL_LOW, batt_w=6.0,  batt_mode=idle,  batt_discharge_w=6.0,  batt_charge_w=0,  load_w=2343.0, zone=unknown,  grid_charge=off, ev_charging_active=off, ev_charge_end=2026-02-20 06:00:02, ev_webhook_count=92, max_discharge_a=0, max_charge_a=90, max_grid_charge_a=64, soc_limit_a=46, volt_penalty_a=15, voltage_protected_limit_a=31, soc_power_w=2198, is_critical_soc=False
2026-02-20T20:18:00.215570+01:00,  soc=33.0,  volt=47.75,  volt_delta=-5.05, volt_rate_per_min=-5.05, volt_status=CRITICAL_LOW, batt_w=6.0,  batt_mode=idle,  batt_discharge_w=6.0,  batt_charge_w=0,  load_w=2350.0, zone=unknown,  grid_charge=off, ev_charging_active=off, ev_charge_end=2026-02-20 06:00:02, ev_webhook_count=92, max_discharge_a=0, max_charge_a=90, max_grid_charge_a=64, soc_limit_a=46, volt_penalty_a=15, voltage_protected_limit_a=31, soc_power_w=2198, is_critical_soc=False
2026-02-20T20:19:00.214592+01:00,  soc=33.0,  volt=47.75,  volt_delta=-5.05, volt_rate_per_min=-5.05, volt_status=CRITICAL_LOW, batt_w=5.0,  batt_mode=idle,  batt_discharge_w=5.0,  batt_charge_w=0,  load_w=2350.0, zone=unknown,  grid_charge=off, ev_charging_active=off, ev_charge_end=2026-02-20 06:00:02, ev_webhook_count=92, max_discharge_a=0, max_charge_a=90, max_grid_charge_a=64, soc_limit_a=46, volt_penalty_a=15, voltage_protected_limit_a=31, soc_power_w=2198, is_critical_soc=False
2026-02-20T20:20:00.215530+01:00,  soc=33.0,  volt=47.75,  volt_delta=-5.05, volt_rate_per_min=-5.05, volt_status=CRITICAL_LOW, batt_w=5.0,  batt_mode=idle,  batt_discharge_w=5.0,  batt_charge_w=0,  load_w=2288.0, zone=unknown,  grid_charge=off, ev_charging_active=off, ev_charge_end=2026-02-20 06:00:02, ev_webhook_count=92, max_discharge_a=0, max_charge_a=90, max_grid_charge_a=64, soc_limit_a=46, volt_penalty_a=15, voltage_protected_limit_a=31, soc_power_w=2198, is_critical_soc=False
2026-02-20T20:21:00.214860+01:00,  soc=33.0,  volt=47.75,  volt_delta=-5.05, volt_rate_per_min=-5.05, volt_status=CRITICAL_LOW, batt_w=5.0,  batt_mode=idle,  batt_discharge_w=5.0,  batt_charge_w=0,  load_w=2288.0, zone=unknown,  grid_charge=off, ev_charging_active=off, ev_charge_end=2026-02-20 06:00:02, ev_webhook_count=92, max_discharge_a=0, max_charge_a=90, max_grid_charge_a=64, soc_limit_a=46, volt_penalty_a=15, voltage_protected_limit_a=31, soc_power_w=2198, is_critical_soc=False
2026-02-20T20:22:00.216387+01:00,  soc=33.0,  volt=47.91,  volt_delta=-4.89, volt_rate_per_min=-4.89, volt_status=WARNING, batt_w=5.0,  batt_mode=idle,  batt_discharge_w=5.0,  batt_charge_w=0,  load_w=2288.0, zone=unknown,  grid_charge=off, ev_charging_active=off, ev_charge_end=2026-02-20 06:00:02, ev_webhook_count=92, max_discharge_a=0, max_charge_a=90, max_grid_charge_a=64, soc_limit_a=46, volt_penalty_a=15, voltage_protected_limit_a=31, soc_power_w=2198, is_critical_soc=False
2026-02-20T20:23:00.214813+01:00,  soc=33.0,  volt=47.78,  volt_delta=-5.02, volt_rate_per_min=-5.02, volt_status=CRITICAL_LOW, batt_w=5.0,  batt_mode=idle,  batt_discharge_w=5.0,  batt_charge_w=0,  load_w=2261.0, zone=unknown,  grid_charge=off, ev_charging_active=off, ev_charge_end=2026-02-20 06:00:02, ev_webhook_count=92, max_discharge_a=0, max_charge_a=90, max_grid_charge_a=64, soc_limit_a=46, volt_penalty_a=15, voltage_protected_limit_a=31, soc_power_w=2198, is_critical_soc=False
2026-02-20T20:24:00.214892+01:00,  soc=33.0,  volt=47.78,  volt_delta=-5.02, volt_rate_per_min=-5.02, volt_status=CRITICAL_LOW, batt_w=71.0,  batt_mode=discharge,  batt_discharge_w=71.0,  batt_charge_w=0,  load_w=2237.0, zone=unknown,  grid_charge=off, ev_charging_active=off, ev_charge_end=2026-02-20 06:00:02, ev_webhook_count=92, max_discharge_a=0, max_charge_a=90, max_grid_charge_a=64, soc_limit_a=46, volt_penalty_a=15, voltage_protected_limit_a=31, soc_power_w=2198, is_critical_soc=False
2026-02-20T20:25:00.215625+01:00,  soc=33.0,  volt=47.78,  volt_delta=-5.02, volt_rate_per_min=-5.02, volt_status=CRITICAL_LOW, batt_w=5.0,  batt_mode=idle,  batt_discharge_w=5.0,  batt_charge_w=0,  load_w=2237.0, zone=unknown,  grid_charge=off, ev_charging_active=off, ev_charge_end=2026-02-20 06:00:02, ev_webhook_count=92, max_discharge_a=0, max_charge_a=90, max_grid_charge_a=64, soc_limit_a=46, volt_penalty_a=15, voltage_protected_limit_a=31, soc_power_w=2198, is_critical_soc=False
2026-02-20T20:26:00.214635+01:00,  soc=33.0,  volt=47.78,  volt_delta=-5.02, volt_rate_per_min=-5.02, volt_status=CRITICAL_LOW, batt_w=5.0,  batt_mode=idle,  batt_discharge_w=5.0,  batt_charge_w=0,  load_w=2237.0, zone=unknown,  grid_charge=off, ev_charging_active=off, ev_charge_end=2026-02-20 06:00:02, ev_webhook_count=92, max_discharge_a=0, max_charge_a=90, max_grid_charge_a=64, soc_limit_a=46, volt_penalty_a=15, voltage_protected_limit_a=31, soc_power_w=2198, is_critical_soc=False
2026-02-20T20:27:00.215669+01:00,  soc=33.0,  volt=47.78,  volt_delta=-5.02, volt_rate_per_min=-5.02, volt_status=CRITICAL_LOW, batt_w=5.0,  batt_mode=idle,  batt_discharge_w=5.0,  batt_charge_w=0,  load_w=2237.0, zone=unknown,  grid_charge=off, ev_charging_active=off, ev_charge_end=2026-02-20 06:00:02, ev_webhook_count=92, max_discharge_a=0, max_charge_a=90, max_grid_charge_a=64, soc_limit_a=46, volt_penalty_a=15, voltage_protected_limit_a=31, soc_power_w=2198, is_critical_soc=False
2026-02-20T20:28:00.215229+01:00,  soc=33.0,  volt=47.78,  volt_delta=-5.02, volt_rate_per_min=-5.02, volt_status=CRITICAL_LOW, batt_w=5.0,  batt_mode=idle,  batt_discharge_w=5.0,  batt_charge_w=0,  load_w=2249.0, zone=unknown,  grid_charge=off, ev_charging_active=off, ev_charge_end=2026-02-20 06:00:02, ev_webhook_count=92, max_discharge_a=0, max_charge_a=90, max_grid_charge_a=64, soc_limit_a=46, volt_penalty_a=15, voltage_protected_limit_a=31, soc_power_w=2198, is_critical_soc=False
2026-02-20T20:29:00.215020+01:00,  soc=33.0,  volt=47.76,  volt_delta=-5.04, volt_rate_per_min=-5.04, volt_status=CRITICAL_LOW, batt_w=7.0,  batt_mode=idle,  batt_discharge_w=7.0,  batt_charge_w=0,  load_w=2249.0, zone=unknown,  grid_charge=off, ev_charging_active=off, ev_charge_end=2026-02-20 06:00:02, ev_webhook_count=92, max_discharge_a=0, max_charge_a=90, max_grid_charge_a=64, soc_limit_a=46, volt_penalty_a=15, voltage_protected_limit_a=31, soc_power_w=2198, is_critical_soc=False
2026-02-20T20:30:00.215327+01:00,  soc=33.0,  volt=47.76,  volt_delta=-5.04, volt_rate_per_min=-5.04, volt_status=CRITICAL_LOW, batt_w=7.0,  batt_mode=idle,  batt_discharge_w=7.0,  batt_charge_w=0,  load_w=2249.0, zone=unknown,  grid_charge=off, ev_charging_active=off, ev_charge_end=2026-02-20 06:00:02, ev_webhook_count=92, max_discharge_a=0, max_charge_a=90, max_grid_charge_a=64, soc_limit_a=46, volt_penalty_a=15, voltage_protected_limit_a=31, soc_power_w=2198, is_critical_soc=False
2026-02-20T20:31:00.215445+01:00,  soc=33.0,  volt=47.76,  volt_delta=-5.04, volt_rate_per_min=-5.04, volt_status=CRITICAL_LOW, batt_w=58.0,  batt_mode=discharge,  batt_discharge_w=58.0,  batt_charge_w=0,  load_w=2249.0, zone=unknown,  grid_charge=off, ev_charging_active=off, ev_charge_end=2026-02-20 06:00:02, ev_webhook_count=92, max_discharge_a=0, max_charge_a=90, max_grid_charge_a=64, soc_limit_a=46, volt_penalty_a=15, voltage_protected_limit_a=31, soc_power_w=2198, is_critical_soc=False
2026-02-20T20:32:00.214583+01:00,  soc=33.0,  volt=47.76,  volt_delta=-5.04, volt_rate_per_min=-5.04, volt_status=CRITICAL_LOW, batt_w=8.0,  batt_mode=idle,  batt_discharge_w=8.0,  batt_charge_w=0,  load_w=2249.0, zone=unknown,  grid_charge=off, ev_charging_active=off, ev_charge_end=2026-02-20 06:00:02, ev_webhook_count=92, max_discharge_a=0, max_charge_a=90, max_grid_charge_a=64, soc_limit_a=46, volt_penalty_a=15, voltage_protected_limit_a=31, soc_power_w=2198, is_critical_soc=False
2026-02-20T20:33:00.214981+01:00,  soc=33.0,  volt=47.76,  volt_delta=-5.04, volt_rate_per_min=-5.04, volt_status=CRITICAL_LOW, batt_w=8.0,  batt_mode=idle,  batt_discharge_w=8.0,  batt_charge_w=0,  load_w=2249.0, zone=unknown,  grid_charge=off, ev_charging_active=off, ev_charge_end=2026-02-20 06:00:02, ev_webhook_count=92, max_discharge_a=0, max_charge_a=90, max_grid_charge_a=64, soc_limit_a=46, volt_penalty_a=15, voltage_protected_limit_a=31, soc_power_w=2198, is_critical_soc=False
2026-02-20T20:34:00.214922+01:00,  soc=33.0,  volt=47.76,  volt_delta=-5.04, volt_rate_per_min=-5.04, volt_status=CRITICAL_LOW, batt_w=8.0,  batt_mode=idle,  batt_discharge_w=8.0,  batt_charge_w=0,  load_w=2256.0, zone=unknown,  grid_charge=off, ev_charging_active=off, ev_charge_end=2026-02-20 06:00:02, ev_webhook_count=92, max_discharge_a=0, max_charge_a=90, max_grid_charge_a=64, soc_limit_a=46, volt_penalty_a=15, voltage_protected_limit_a=31, soc_power_w=2198, is_critical_soc=False
2026-02-20T20:35:00.214698+01:00,  soc=33.0,  volt=47.76,  volt_delta=-5.04, volt_rate_per_min=-5.04, volt_status=CRITICAL_LOW, batt_w=8.0,  batt_mode=idle,  batt_discharge_w=8.0,  batt_charge_w=0,  load_w=2256.0, zone=unknown,  grid_charge=off, ev_charging_active=off, ev_charge_end=2026-02-20 06:00:02, ev_webhook_count=92, max_discharge_a=0, max_charge_a=90, max_grid_charge_a=64, soc_limit_a=46, volt_penalty_a=15, voltage_protected_limit_a=31, soc_power_w=2198, is_critical_soc=False
2026-02-20T20:36:00.214617+01:00,  soc=33.0,  volt=47.76,  volt_delta=-5.04, volt_rate_per_min=-5.04, volt_status=CRITICAL_LOW, batt_w=8.0,  batt_mode=idle,  batt_discharge_w=8.0,  batt_charge_w=0,  load_w=2256.0, zone=unknown,  grid_charge=off, ev_charging_active=off, ev_charge_end=2026-02-20 06:00:02, ev_webhook_count=92, max_discharge_a=0, max_charge_a=90, max_grid_charge_a=64, soc_limit_a=46, volt_penalty_a=15, voltage_protected_limit_a=31, soc_power_w=2198, is_critical_soc=False
