2026-02-28T08:56:00.340278+01:00,  soc=77.0,  volt=52.91,  volt_delta=0.11, volt_rate_per_min=0.11, volt_status=NORMAL, batt_w=16.0,  batt_mode=idle,  batt_discharge_w=16.0,  batt_charge_w=0,  load_w=1223.0, zone=unknown,  grid_charge=off, ev_charging_active=off, ev_charge_end=2026-02-23 05:00:02, ev_webhook_count=104, max_discharge_a=65, max_charge_a=90, max_grid_charge_a=64, soc_limit_a=60, volt_penalty_a=0, voltage_protected_limit_a=60, soc_power_w=3175, is_critical_soc=False
2026-02-28T08:57:00.340503+01:00,  soc=77.0,  volt=52.91,  volt_delta=0.11, volt_rate_per_min=0.11, volt_status=NORMAL, batt_w=16.0,  batt_mode=idle,  batt_discharge_w=16.0,  batt_charge_w=0,  load_w=1223.0, zone=unknown,  grid_charge=off, ev_charging_active=off, ev_charge_end=2026-02-23 05:00:02, ev_webhook_count=104, max_discharge_a=65, max_charge_a=90, max_grid_charge_a=64, soc_limit_a=60, volt_penalty_a=0, voltage_protected_limit_a=60, soc_power_w=3175, is_critical_soc=False
2026-02-28T08:58:00.340052+01:00,  soc=77.0,  volt=52.91,  volt_delta=0.11, volt_rate_per_min=0.11, volt_status=NORMAL, batt_w=16.0,  batt_mode=idle,  batt_discharge_w=16.0,  batt_charge_w=0,  load_w=1225.0, zone=unknown,  grid_charge=off, ev_charging_active=off, ev_charge_end=2026-02-23 05:00:02, ev_webhook_count=104, max_discharge_a=65, max_charge_a=90, max_grid_charge_a=64, soc_limit_a=60, volt_penalty_a=0, voltage_protected_limit_a=60, soc_power_w=3175, is_critical_soc=False
2026-02-28T08:59:00.339754+01:00,  soc=77.0,  volt=52.91,  volt_delta=0.11, volt_rate_per_min=0.11, volt_status=NORMAL, batt_w=16.0,  batt_mode=idle,  batt_discharge_w=16.0,  batt_charge_w=0,  load_w=1225.0, zone=unknown,  grid_charge=off, ev_charging_active=off, ev_charge_end=2026-02-23 05:00:02, ev_webhook_count=104, max_discharge_a=65, max_charge_a=90, max_grid_charge_a=64, soc_limit_a=60, volt_penalty_a=0, voltage_protected_limit_a=60, soc_power_w=3175, is_critical_soc=False
2026-02-28T09:00:00.339965+01:00,  soc=77.0,  volt=52.91,  volt_delta=0.11, volt_rate_per_min=0.11, volt_status=NORMAL, batt_w=16.0,  batt_mode=idle,  batt_discharge_w=16.0,  batt_charge_w=0,  load_w=1225.0, zone=unknown,  grid_charge=off, ev_charging_active=off, ev_charge_end=2026-02-23 05:00:02, ev_webhook_count=104, max_discharge_a=65, max_charge_a=90, max_grid_charge_a=64, soc_limit_a=60, volt_penalty_a=0, voltage_protected_limit_a=60, soc_power_w=3175, is_critical_soc=False
2026-02-28T09:01:00.340239+01:00,  soc=77.0,  volt=52.6,  volt_delta=-0.2, volt_rate_per_min=-0.2, volt_status=NORMAL, batt_w=923.0,  batt_mode=discharge,  batt_discharge_w=923.0,  batt_charge_w=0,  load_w=1225.0, zone=unknown,  grid_charge=off, ev_charging_active=off, ev_charge_end=2026-02-23 05:00:02, ev_webhook_count=104, max_discharge_a=65, max_charge_a=90, max_grid_charge_a=64, soc_limit_a=60, volt_penalty_a=5, voltage_protected_limit_a=55, soc_power_w=3156, is_critical_soc=False
2026-02-28T09:02:00.340645+01:00,  soc=77.0,  volt=52.45,  volt_delta=-0.35, volt_rate_per_min=-0.35, volt_status=NORMAL, batt_w=928.0,  batt_mode=discharge,  batt_discharge_w=928.0,  batt_charge_w=0,  load_w=1225.0, zone=unknown,  grid_charge=off, ev_charging_active=off, ev_charge_end=2026-02-23 05:00:02, ev_webhook_count=104, max_discharge_a=65, max_charge_a=90, max_grid_charge_a=64, soc_limit_a=60, volt_penalty_a=5, voltage_protected_limit_a=55, soc_power_w=3147, is_critical_soc=False
2026-02-28T09:03:00.339874+01:00,  soc=76.0,  volt=52.45,  volt_delta=-0.35, volt_rate_per_min=-0.35, volt_status=NORMAL, batt_w=928.0,  batt_mode=discharge,  batt_discharge_w=928.0,  batt_charge_w=0,  load_w=1213.0, zone=unknown,  grid_charge=off, ev_charging_active=off, ev_charge_end=2026-02-23 05:00:02, ev_webhook_count=104, max_discharge_a=65, max_charge_a=90, max_grid_charge_a=64, soc_limit_a=60, volt_penalty_a=5, voltage_protected_limit_a=55, soc_power_w=3147, is_critical_soc=False
2026-02-28T09:04:00.340905+01:00,  soc=76.0,  volt=52.45,  volt_delta=-0.35, volt_rate_per_min=-0.35, volt_status=NORMAL, batt_w=987.0,  batt_mode=discharge,  batt_discharge_w=987.0,  batt_charge_w=0,  load_w=1255.0, zone=unknown,  grid_charge=off, ev_charging_active=off, ev_charge_end=2026-02-23 05:00:02, ev_webhook_count=104, max_discharge_a=65, max_charge_a=90, max_grid_charge_a=64, soc_limit_a=60, volt_penalty_a=5, voltage_protected_limit_a=55, soc_power_w=3147, is_critical_soc=False
2026-02-28T09:05:00.340594+01:00,  soc=76.0,  volt=52.32,  volt_delta=-0.48, volt_rate_per_min=-0.48, volt_status=NORMAL, batt_w=1172.0,  batt_mode=discharge,  batt_discharge_w=1172.0,  batt_charge_w=0,  load_w=1478.0, zone=unknown,  grid_charge=off, ev_charging_active=off, ev_charge_end=2026-02-23 05:00:02, ev_webhook_count=104, max_discharge_a=65, max_charge_a=90, max_grid_charge_a=64, soc_limit_a=60, volt_penalty_a=10, voltage_protected_limit_a=50, soc_power_w=3139, is_critical_soc=False
2026-02-28T09:06:00.340019+01:00,  soc=76.0,  volt=52.32,  volt_delta=-0.48, volt_rate_per_min=-0.48, volt_status=NORMAL, batt_w=1172.0,  batt_mode=discharge,  batt_discharge_w=1172.0,  batt_charge_w=0,  load_w=1478.0, zone=unknown,  grid_charge=off, ev_charging_active=off, ev_charge_end=2026-02-23 05:00:02, ev_webhook_count=104, max_discharge_a=65, max_charge_a=90, max_grid_charge_a=64, soc_limit_a=60, volt_penalty_a=10, voltage_protected_limit_a=50, soc_power_w=3139, is_critical_soc=False
2026-02-28T09:07:00.341472+01:00,  soc=76.0,  volt=52.21,  volt_delta=-0.59, volt_rate_per_min=-0.59, volt_status=NORMAL, batt_w=1172.0,  batt_mode=discharge,  batt_discharge_w=1172.0,  batt_charge_w=0,  load_w=1478.0, zone=unknown,  grid_charge=off, ev_charging_active=off, ev_charge_end=2026-02-23 05:00:02, ev_webhook_count=104, max_discharge_a=65, max_charge_a=90, max_grid_charge_a=64, soc_limit_a=60, volt_penalty_a=10, voltage_protected_limit_a=50, soc_power_w=3133, is_critical_soc=False
2026-02-28T09:08:00.340616+01:00,  soc=75.0,  volt=52.21,  volt_delta=-0.59, volt_rate_per_min=-0.59, volt_status=NORMAL, batt_w=1172.0,  batt_mode=discharge,  batt_discharge_w=1172.0,  batt_charge_w=0,  load_w=1446.0, zone=unknown,  grid_charge=off, ev_charging_active=off, ev_charge_end=2026-02-23 05:00:02, ev_webhook_count=104, max_discharge_a=65, max_charge_a=90, max_grid_charge_a=64, soc_limit_a=60, volt_penalty_a=10, voltage_protected_limit_a=50, soc_power_w=3133, is_critical_soc=False
2026-02-28T09:09:00.340698+01:00,  soc=75.0,  volt=52.21,  volt_delta=-0.59, volt_rate_per_min=-0.59, volt_status=NORMAL, batt_w=1172.0,  batt_mode=discharge,  batt_discharge_w=1172.0,  batt_charge_w=0,  load_w=1446.0, zone=unknown,  grid_charge=off, ev_charging_active=off, ev_charge_end=2026-02-23 05:00:02, ev_webhook_count=104, max_discharge_a=65, max_charge_a=90, max_grid_charge_a=64, soc_limit_a=60, volt_penalty_a=10, voltage_protected_limit_a=50, soc_power_w=3133, is_critical_soc=False
2026-02-28T09:10:00.340476+01:00,  soc=75.0,  volt=52.21,  volt_delta=-0.59, volt_rate_per_min=-0.59, volt_status=NORMAL, batt_w=1222.0,  batt_mode=discharge,  batt_discharge_w=1222.0,  batt_charge_w=0,  load_w=1446.0, zone=unknown,  grid_charge=off, ev_charging_active=off, ev_charge_end=2026-02-23 05:00:02, ev_webhook_count=104, max_discharge_a=65, max_charge_a=90, max_grid_charge_a=64, soc_limit_a=60, volt_penalty_a=10, voltage_protected_limit_a=50, soc_power_w=3133, is_critical_soc=False
2026-02-28T09:11:00.340165+01:00,  soc=75.0,  volt=51.45,  volt_delta=-1.35, volt_rate_per_min=-1.35, volt_status=NORMAL, batt_w=3116.0,  batt_mode=discharge,  batt_discharge_w=3116.0,  batt_charge_w=0,  load_w=1446.0, zone=unknown,  grid_charge=off, ev_charging_active=off, ev_charge_end=2026-02-23 05:00:02, ev_webhook_count=104, max_discharge_a=65, max_charge_a=90, max_grid_charge_a=64, soc_limit_a=60, volt_penalty_a=10, voltage_protected_limit_a=50, soc_power_w=3087, is_critical_soc=False
2026-02-28T09:12:00.340658+01:00,  soc=75.0,  volt=52.03,  volt_delta=-0.77, volt_rate_per_min=-0.77, volt_status=NORMAL, batt_w=1215.0,  batt_mode=discharge,  batt_discharge_w=1215.0,  batt_charge_w=0,  load_w=1446.0, zone=unknown,  grid_charge=off, ev_charging_active=off, ev_charge_end=2026-02-23 05:00:02, ev_webhook_count=104, max_discharge_a=65, max_charge_a=90, max_grid_charge_a=64, soc_limit_a=60, volt_penalty_a=10, voltage_protected_limit_a=50, soc_power_w=3122, is_critical_soc=False
2026-02-28T09:13:00.340552+01:00,  soc=74.0,  volt=52.03,  volt_delta=-0.77, volt_rate_per_min=-0.77, volt_status=NORMAL, batt_w=1215.0,  batt_mode=discharge,  batt_discharge_w=1215.0,  batt_charge_w=0,  load_w=1446.0, zone=unknown,  grid_charge=off, ev_charging_active=off, ev_charge_end=2026-02-23 05:00:02, ev_webhook_count=104, max_discharge_a=65, max_charge_a=90, max_grid_charge_a=64, soc_limit_a=60, volt_penalty_a=10, voltage_protected_limit_a=50, soc_power_w=3122, is_critical_soc=False
2026-02-28T09:14:00.340156+01:00,  soc=74.0,  volt=52.03,  volt_delta=-0.77, volt_rate_per_min=-0.77, volt_status=NORMAL, batt_w=1215.0,  batt_mode=discharge,  batt_discharge_w=1215.0,  batt_charge_w=0,  load_w=1427.0, zone=unknown,  grid_charge=off, ev_charging_active=off, ev_charge_end=2026-02-23 05:00:02, ev_webhook_count=104, max_discharge_a=65, max_charge_a=90, max_grid_charge_a=64, soc_limit_a=60, volt_penalty_a=10, voltage_protected_limit_a=50, soc_power_w=3122, is_critical_soc=False
2026-02-28T09:15:00.340730+01:00,  soc=74.0,  volt=52.03,  volt_delta=-0.77, volt_rate_per_min=-0.77, volt_status=NORMAL, batt_w=1215.0,  batt_mode=discharge,  batt_discharge_w=1215.0,  batt_charge_w=0,  load_w=1427.0, zone=unknown,  grid_charge=off, ev_charging_active=off, ev_charge_end=2026-02-23 05:00:02, ev_webhook_count=104, max_discharge_a=65, max_charge_a=90, max_grid_charge_a=64, soc_limit_a=60, volt_penalty_a=10, voltage_protected_limit_a=50, soc_power_w=3122, is_critical_soc=False
2026-02-28T09:16:00.340525+01:00,  soc=74.0,  volt=52.03,  volt_delta=-0.77, volt_rate_per_min=-0.77, volt_status=NORMAL, batt_w=1215.0,  batt_mode=discharge,  batt_discharge_w=1215.0,  batt_charge_w=0,  load_w=1427.0, zone=unknown,  grid_charge=off, ev_charging_active=off, ev_charge_end=2026-02-23 05:00:02, ev_webhook_count=104, max_discharge_a=65, max_charge_a=90, max_grid_charge_a=64, soc_limit_a=60, volt_penalty_a=10, voltage_protected_limit_a=50, soc_power_w=3122, is_critical_soc=False
2026-02-28T09:17:00.339921+01:00,  soc=73.0,  volt=52.03,  volt_delta=-0.77, volt_rate_per_min=-0.77, volt_status=NORMAL, batt_w=1161.0,  batt_mode=discharge,  batt_discharge_w=1161.0,  batt_charge_w=0,  load_w=1427.0, zone=unknown,  grid_charge=off, ev_charging_active=off, ev_charge_end=2026-02-23 05:00:02, ev_webhook_count=104, max_discharge_a=65, max_charge_a=90, max_grid_charge_a=64, soc_limit_a=60, volt_penalty_a=10, voltage_protected_limit_a=50, soc_power_w=3122, is_critical_soc=False
2026-02-28T09:18:00.339812+01:00,  soc=73.0,  volt=52.03,  volt_delta=-0.77, volt_rate_per_min=-0.77, volt_status=NORMAL, batt_w=1161.0,  batt_mode=discharge,  batt_discharge_w=1161.0,  batt_charge_w=0,  load_w=1427.0, zone=unknown,  grid_charge=off, ev_charging_active=off, ev_charge_end=2026-02-23 05:00:02, ev_webhook_count=104, max_discharge_a=65, max_charge_a=90, max_grid_charge_a=64, soc_limit_a=60, volt_penalty_a=10, voltage_protected_limit_a=50, soc_power_w=3122, is_critical_soc=False
2026-02-28T09:19:00.340758+01:00,  soc=73.0,  volt=52.03,  volt_delta=-0.77, volt_rate_per_min=-0.77, volt_status=NORMAL, batt_w=1102.0,  batt_mode=discharge,  batt_discharge_w=1102.0,  batt_charge_w=0,  load_w=1434.0, zone=unknown,  grid_charge=off, ev_charging_active=off, ev_charge_end=2026-02-23 05:00:02, ev_webhook_count=104, max_discharge_a=65, max_charge_a=90, max_grid_charge_a=64, soc_limit_a=60, volt_penalty_a=10, voltage_protected_limit_a=50, soc_power_w=3122, is_critical_soc=False
2026-02-28T09:20:00.340202+01:00,  soc=73.0,  volt=52.03,  volt_delta=-0.77, volt_rate_per_min=-0.77, volt_status=NORMAL, batt_w=1102.0,  batt_mode=discharge,  batt_discharge_w=1102.0,  batt_charge_w=0,  load_w=1434.0, zone=unknown,  grid_charge=off, ev_charging_active=off, ev_charge_end=2026-02-23 05:00:02, ev_webhook_count=104, max_discharge_a=65, max_charge_a=90, max_grid_charge_a=64, soc_limit_a=60, volt_penalty_a=10, voltage_protected_limit_a=50, soc_power_w=3122, is_critical_soc=False
2026-02-28T09:21:00.340427+01:00,  soc=73.0,  volt=52.03,  volt_delta=-0.77, volt_rate_per_min=-0.77, volt_status=NORMAL, batt_w=1102.0,  batt_mode=discharge,  batt_discharge_w=1102.0,  batt_charge_w=0,  load_w=1434.0, zone=unknown,  grid_charge=off, ev_charging_active=off, ev_charge_end=2026-02-23 05:00:02, ev_webhook_count=104, max_discharge_a=65, max_charge_a=90, max_grid_charge_a=64, soc_limit_a=60, volt_penalty_a=10, voltage_protected_limit_a=50, soc_power_w=3122, is_critical_soc=False
2026-02-28T09:22:00.339998+01:00,  soc=73.0,  volt=52.09,  volt_delta=-0.71, volt_rate_per_min=-0.71, volt_status=NORMAL, batt_w=1031.0,  batt_mode=discharge,  batt_discharge_w=1031.0,  batt_charge_w=0,  load_w=1434.0, zone=unknown,  grid_charge=off, ev_charging_active=off, ev_charge_end=2026-02-23 05:00:02, ev_webhook_count=104, max_discharge_a=65, max_charge_a=90, max_grid_charge_a=64, soc_limit_a=60, volt_penalty_a=10, voltage_protected_limit_a=50, soc_power_w=3125, is_critical_soc=False
2026-02-28T09:23:00.340451+01:00,  soc=72.0,  volt=52.09,  volt_delta=-0.71, volt_rate_per_min=-0.71, volt_status=NORMAL, batt_w=1031.0,  batt_mode=discharge,  batt_discharge_w=1031.0,  batt_charge_w=0,  load_w=1434.0, zone=unknown,  grid_charge=off, ev_charging_active=off, ev_charge_end=2026-02-23 05:00:02, ev_webhook_count=104, max_discharge_a=65, max_charge_a=90, max_grid_charge_a=64, soc_limit_a=60, volt_penalty_a=10, voltage_protected_limit_a=50, soc_power_w=3125, is_critical_soc=False
2026-02-28T09:24:00.341343+01:00,  soc=72.0,  volt=52.09,  volt_delta=-0.71, volt_rate_per_min=-0.71, volt_status=NORMAL, batt_w=984.0,  batt_mode=discharge,  batt_discharge_w=984.0,  batt_charge_w=0,  load_w=1413.0, zone=unknown,  grid_charge=off, ev_charging_active=off, ev_charge_end=2026-02-23 05:00:02, ev_webhook_count=104, max_discharge_a=65, max_charge_a=90, max_grid_charge_a=64, soc_limit_a=60, volt_penalty_a=10, voltage_protected_limit_a=50, soc_power_w=3125, is_critical_soc=False
2026-02-28T09:25:00.339811+01:00,  soc=72.0,  volt=52.09,  volt_delta=-0.71, volt_rate_per_min=-0.71, volt_status=NORMAL, batt_w=984.0,  batt_mode=discharge,  batt_discharge_w=984.0,  batt_charge_w=0,  load_w=1413.0, zone=unknown,  grid_charge=off, ev_charging_active=off, ev_charge_end=2026-02-23 05:00:02, ev_webhook_count=104, max_discharge_a=65, max_charge_a=90, max_grid_charge_a=64, soc_limit_a=60, volt_penalty_a=10, voltage_protected_limit_a=50, soc_power_w=3125, is_critical_soc=False
2026-02-28T09:26:00.340155+01:00,  soc=72.0,  volt=52.09,  volt_delta=-0.71, volt_rate_per_min=-0.71, volt_status=NORMAL, batt_w=984.0,  batt_mode=discharge,  batt_discharge_w=984.0,  batt_charge_w=0,  load_w=1413.0, zone=unknown,  grid_charge=off, ev_charging_active=off, ev_charge_end=2026-02-23 05:00:02, ev_webhook_count=104, max_discharge_a=65, max_charge_a=90, max_grid_charge_a=64, soc_limit_a=60, volt_penalty_a=10, voltage_protected_limit_a=50, soc_power_w=3125, is_critical_soc=False
2026-02-28T09:27:00.340167+01:00,  soc=72.0,  volt=52.09,  volt_delta=-0.71, volt_rate_per_min=-0.71, volt_status=NORMAL, batt_w=984.0,  batt_mode=discharge,  batt_discharge_w=984.0,  batt_charge_w=0,  load_w=1413.0, zone=unknown,  grid_charge=off, ev_charging_active=off, ev_charge_end=2026-02-23 05:00:02, ev_webhook_count=104, max_discharge_a=65, max_charge_a=90, max_grid_charge_a=64, soc_limit_a=60, volt_penalty_a=10, voltage_protected_limit_a=50, soc_power_w=3125, is_critical_soc=False
2026-02-28T09:28:00.340052+01:00,  soc=71.0,  volt=52.12,  volt_delta=-0.68, volt_rate_per_min=-0.68, volt_status=NORMAL, batt_w=984.0,  batt_mode=discharge,  batt_discharge_w=984.0,  batt_charge_w=0,  load_w=1413.0, zone=unknown,  grid_charge=off, ev_charging_active=off, ev_charge_end=2026-02-23 05:00:02, ev_webhook_count=104, max_discharge_a=65, max_charge_a=90, max_grid_charge_a=64, soc_limit_a=60, volt_penalty_a=10, voltage_protected_limit_a=50, soc_power_w=3127, is_critical_soc=False
2026-02-28T09:29:00.340231+01:00,  soc=71.0,  volt=52.12,  volt_delta=-0.68, volt_rate_per_min=-0.68, volt_status=NORMAL, batt_w=934.0,  batt_mode=discharge,  batt_discharge_w=934.0,  batt_charge_w=0,  load_w=1413.0, zone=unknown,  grid_charge=off, ev_charging_active=off, ev_charge_end=2026-02-23 05:00:02, ev_webhook_count=104, max_discharge_a=65, max_charge_a=90, max_grid_charge_a=64, soc_limit_a=60, volt_penalty_a=10, voltage_protected_limit_a=50, soc_power_w=3127, is_critical_soc=False
2026-02-28T09:30:00.340441+01:00,  soc=71.0,  volt=52.12,  volt_delta=-0.68, volt_rate_per_min=-0.68, volt_status=NORMAL, batt_w=934.0,  batt_mode=discharge,  batt_discharge_w=934.0,  batt_charge_w=0,  load_w=1383.0, zone=unknown,  grid_charge=off, ev_charging_active=off, ev_charge_end=2026-02-23 05:00:02, ev_webhook_count=104, max_discharge_a=65, max_charge_a=90, max_grid_charge_a=64, soc_limit_a=60, volt_penalty_a=10, voltage_protected_limit_a=50, soc_power_w=3127, is_critical_soc=False
2026-02-28T09:31:00.340160+01:00,  soc=71.0,  volt=52.12,  volt_delta=-0.68, volt_rate_per_min=-0.68, volt_status=NORMAL, batt_w=934.0,  batt_mode=discharge,  batt_discharge_w=934.0,  batt_charge_w=0,  load_w=1383.0, zone=unknown,  grid_charge=off, ev_charging_active=off, ev_charge_end=2026-02-23 05:00:02, ev_webhook_count=104, max_discharge_a=65, max_charge_a=90, max_grid_charge_a=64, soc_limit_a=60, volt_penalty_a=10, voltage_protected_limit_a=50, soc_power_w=3127, is_critical_soc=False
2026-02-28T09:32:00.339983+01:00,  soc=71.0,  volt=52.13,  volt_delta=-0.67, volt_rate_per_min=-0.67, volt_status=NORMAL, batt_w=932.0,  batt_mode=discharge,  batt_discharge_w=932.0,  batt_charge_w=0,  load_w=1383.0, zone=unknown,  grid_charge=off, ev_charging_active=off, ev_charge_end=2026-02-23 05:00:02, ev_webhook_count=104, max_discharge_a=65, max_charge_a=90, max_grid_charge_a=64, soc_limit_a=60, volt_penalty_a=10, voltage_protected_limit_a=50, soc_power_w=3128, is_critical_soc=False
2026-02-28T09:33:00.340127+01:00,  soc=71.0,  volt=52.13,  volt_delta=-0.67, volt_rate_per_min=-0.67, volt_status=NORMAL, batt_w=932.0,  batt_mode=discharge,  batt_discharge_w=932.0,  batt_charge_w=0,  load_w=1383.0, zone=unknown,  grid_charge=off, ev_charging_active=off, ev_charge_end=2026-02-23 05:00:02, ev_webhook_count=104, max_discharge_a=65, max_charge_a=90, max_grid_charge_a=64, soc_limit_a=60, volt_penalty_a=10, voltage_protected_limit_a=50, soc_power_w=3128, is_critical_soc=False
2026-02-28T09:34:00.340601+01:00,  soc=70.0,  volt=52.13,  volt_delta=-0.67, volt_rate_per_min=-0.67, volt_status=NORMAL, batt_w=932.0,  batt_mode=discharge,  batt_discharge_w=932.0,  batt_charge_w=0,  load_w=1383.0, zone=unknown,  grid_charge=off, ev_charging_active=off, ev_charge_end=2026-02-23 05:00:02, ev_webhook_count=104, max_discharge_a=65, max_charge_a=90, max_grid_charge_a=64, soc_limit_a=60, volt_penalty_a=10, voltage_protected_limit_a=50, soc_power_w=3128, is_critical_soc=False
2026-02-28T09:35:00.341700+01:00,  soc=70.0,  volt=52.13,  volt_delta=-0.67, volt_rate_per_min=-0.67, volt_status=NORMAL, batt_w=1019.0,  batt_mode=discharge,  batt_discharge_w=1019.0,  batt_charge_w=0,  load_w=1377.0, zone=unknown,  grid_charge=off, ev_charging_active=off, ev_charge_end=2026-02-23 05:00:02, ev_webhook_count=104, max_discharge_a=65, max_charge_a=90, max_grid_charge_a=64, soc_limit_a=60, volt_penalty_a=10, voltage_protected_limit_a=50, soc_power_w=3128, is_critical_soc=False
2026-02-28T09:36:00.340131+01:00,  soc=70.0,  volt=52.13,  volt_delta=-0.67, volt_rate_per_min=-0.67, volt_status=NORMAL, batt_w=1019.0,  batt_mode=discharge,  batt_discharge_w=1019.0,  batt_charge_w=0,  load_w=1427.0, zone=unknown,  grid_charge=off, ev_charging_active=off, ev_charge_end=2026-02-23 05:00:02, ev_webhook_count=104, max_discharge_a=65, max_charge_a=90, max_grid_charge_a=64, soc_limit_a=60, volt_penalty_a=10, voltage_protected_limit_a=50, soc_power_w=3128, is_critical_soc=False
2026-02-28T09:37:00.340689+01:00,  soc=70.0,  volt=52.02,  volt_delta=-0.78, volt_rate_per_min=-0.78, volt_status=NORMAL, batt_w=1157.0,  batt_mode=discharge,  batt_discharge_w=1157.0,  batt_charge_w=0,  load_w=1477.0, zone=unknown,  grid_charge=off, ev_charging_active=off, ev_charge_end=2026-02-23 05:00:02, ev_webhook_count=104, max_discharge_a=65, max_charge_a=90, max_grid_charge_a=64, soc_limit_a=60, volt_penalty_a=10, voltage_protected_limit_a=50, soc_power_w=3121, is_critical_soc=False
2026-02-28T09:38:00.340608+01:00,  soc=70.0,  volt=52.02,  volt_delta=-0.78, volt_rate_per_min=-0.78, volt_status=NORMAL, batt_w=1157.0,  batt_mode=discharge,  batt_discharge_w=1157.0,  batt_charge_w=0,  load_w=1477.0, zone=unknown,  grid_charge=off, ev_charging_active=off, ev_charge_end=2026-02-23 05:00:02, ev_webhook_count=104, max_discharge_a=65, max_charge_a=90, max_grid_charge_a=64, soc_limit_a=60, volt_penalty_a=10, voltage_protected_limit_a=50, soc_power_w=3121, is_critical_soc=False
2026-02-28T09:39:00.340348+01:00,  soc=70.0,  volt=52.02,  volt_delta=-0.78, volt_rate_per_min=-0.78, volt_status=NORMAL, batt_w=1157.0,  batt_mode=discharge,  batt_discharge_w=1157.0,  batt_charge_w=0,  load_w=1477.0, zone=unknown,  grid_charge=off, ev_charging_active=off, ev_charge_end=2026-02-23 05:00:02, ev_webhook_count=104, max_discharge_a=65, max_charge_a=90, max_grid_charge_a=64, soc_limit_a=60, volt_penalty_a=10, voltage_protected_limit_a=50, soc_power_w=3121, is_critical_soc=False
2026-02-28T09:40:00.341139+01:00,  soc=69.0,  volt=52.02,  volt_delta=-0.78, volt_rate_per_min=-0.78, volt_status=NORMAL, batt_w=1157.0,  batt_mode=discharge,  batt_discharge_w=1157.0,  batt_charge_w=0,  load_w=1473.0, zone=unknown,  grid_charge=off, ev_charging_active=off, ev_charge_end=2026-02-23 05:00:02, ev_webhook_count=104, max_discharge_a=65, max_charge_a=90, max_grid_charge_a=64, soc_limit_a=60, volt_penalty_a=10, voltage_protected_limit_a=50, soc_power_w=3121, is_critical_soc=False
2026-02-28T09:41:00.340273+01:00,  soc=69.0,  volt=52.02,  volt_delta=-0.78, volt_rate_per_min=-0.78, volt_status=NORMAL, batt_w=1157.0,  batt_mode=discharge,  batt_discharge_w=1157.0,  batt_charge_w=0,  load_w=1473.0, zone=unknown,  grid_charge=off, ev_charging_active=off, ev_charge_end=2026-02-23 05:00:02, ev_webhook_count=104, max_discharge_a=65, max_charge_a=90, max_grid_charge_a=64, soc_limit_a=60, volt_penalty_a=10, voltage_protected_limit_a=50, soc_power_w=3121, is_critical_soc=False
2026-02-28T09:42:00.340192+01:00,  soc=69.0,  volt=51.98,  volt_delta=-0.82, volt_rate_per_min=-0.82, volt_status=NORMAL, batt_w=1145.0,  batt_mode=discharge,  batt_discharge_w=1145.0,  batt_charge_w=0,  load_w=1473.0, zone=unknown,  grid_charge=off, ev_charging_active=off, ev_charge_end=2026-02-23 05:00:02, ev_webhook_count=104, max_discharge_a=65, max_charge_a=90, max_grid_charge_a=64, soc_limit_a=60, volt_penalty_a=10, voltage_protected_limit_a=50, soc_power_w=3119, is_critical_soc=False
2026-02-28T09:43:00.340234+01:00,  soc=69.0,  volt=51.98,  volt_delta=-0.82, volt_rate_per_min=-0.82, volt_status=NORMAL, batt_w=1145.0,  batt_mode=discharge,  batt_discharge_w=1145.0,  batt_charge_w=0,  load_w=1473.0, zone=unknown,  grid_charge=off, ev_charging_active=off, ev_charge_end=2026-02-23 05:00:02, ev_webhook_count=104, max_discharge_a=65, max_charge_a=90, max_grid_charge_a=64, soc_limit_a=60, volt_penalty_a=10, voltage_protected_limit_a=50, soc_power_w=3119, is_critical_soc=False
2026-02-28T09:44:00.340720+01:00,  soc=69.0,  volt=51.98,  volt_delta=-0.82, volt_rate_per_min=-0.82, volt_status=NORMAL, batt_w=1212.0,  batt_mode=discharge,  batt_discharge_w=1212.0,  batt_charge_w=0,  load_w=1412.0, zone=unknown,  grid_charge=off, ev_charging_active=off, ev_charge_end=2026-02-23 05:00:02, ev_webhook_count=104, max_discharge_a=65, max_charge_a=90, max_grid_charge_a=64, soc_limit_a=60, volt_penalty_a=10, voltage_protected_limit_a=50, soc_power_w=3119, is_critical_soc=False
2026-02-28T09:45:00.340150+01:00,  soc=68.0,  volt=51.34,  volt_delta=-1.46, volt_rate_per_min=-1.46, volt_status=NORMAL, batt_w=3119.0,  batt_mode=discharge,  batt_discharge_w=3119.0,  batt_charge_w=0,  load_w=1412.0, zone=unknown,  grid_charge=off, ev_charging_active=off, ev_charge_end=2026-02-23 05:00:02, ev_webhook_count=104, max_discharge_a=65, max_charge_a=90, max_grid_charge_a=64, soc_limit_a=60, volt_penalty_a=10, voltage_protected_limit_a=50, soc_power_w=3080, is_critical_soc=False
2026-02-28T09:46:00.341441+01:00,  soc=68.0,  volt=51.96,  volt_delta=-0.84, volt_rate_per_min=-0.84, volt_status=NORMAL, batt_w=1244.0,  batt_mode=discharge,  batt_discharge_w=1244.0,  batt_charge_w=0,  load_w=1411.0, zone=unknown,  grid_charge=off, ev_charging_active=off, ev_charge_end=2026-02-23 05:00:02, ev_webhook_count=104, max_discharge_a=65, max_charge_a=90, max_grid_charge_a=64, soc_limit_a=60, volt_penalty_a=10, voltage_protected_limit_a=50, soc_power_w=3118, is_critical_soc=False
2026-02-28T09:47:00.340472+01:00,  soc=68.0,  volt=51.96,  volt_delta=-0.84, volt_rate_per_min=-0.84, volt_status=NORMAL, batt_w=1244.0,  batt_mode=discharge,  batt_discharge_w=1244.0,  batt_charge_w=0,  load_w=1411.0, zone=unknown,  grid_charge=off, ev_charging_active=off, ev_charge_end=2026-02-23 05:00:02, ev_webhook_count=104, max_discharge_a=65, max_charge_a=90, max_grid_charge_a=64, soc_limit_a=60, volt_penalty_a=10, voltage_protected_limit_a=50, soc_power_w=3118, is_critical_soc=False
2026-02-28T09:48:00.339851+01:00,  soc=68.0,  volt=51.96,  volt_delta=-0.84, volt_rate_per_min=-0.84, volt_status=NORMAL, batt_w=1244.0,  batt_mode=discharge,  batt_discharge_w=1244.0,  batt_charge_w=0,  load_w=1411.0, zone=unknown,  grid_charge=off, ev_charging_active=off, ev_charge_end=2026-02-23 05:00:02, ev_webhook_count=104, max_discharge_a=65, max_charge_a=90, max_grid_charge_a=64, soc_limit_a=60, volt_penalty_a=10, voltage_protected_limit_a=50, soc_power_w=3118, is_critical_soc=False
2026-02-28T09:49:00.340808+01:00,  soc=67.0,  volt=51.96,  volt_delta=-0.84, volt_rate_per_min=-0.84, volt_status=NORMAL, batt_w=1244.0,  batt_mode=discharge,  batt_discharge_w=1244.0,  batt_charge_w=0,  load_w=1411.0, zone=unknown,  grid_charge=off, ev_charging_active=off, ev_charge_end=2026-02-23 05:00:02, ev_webhook_count=104, max_discharge_a=65, max_charge_a=90, max_grid_charge_a=64, soc_limit_a=60, volt_penalty_a=10, voltage_protected_limit_a=50, soc_power_w=3118, is_critical_soc=False
2026-02-28T09:50:00.340344+01:00,  soc=67.0,  volt=51.96,  volt_delta=-0.84, volt_rate_per_min=-0.84, volt_status=NORMAL, batt_w=1244.0,  batt_mode=discharge,  batt_discharge_w=1244.0,  batt_charge_w=0,  load_w=1411.0, zone=unknown,  grid_charge=off, ev_charging_active=off, ev_charge_end=2026-02-23 05:00:02, ev_webhook_count=104, max_discharge_a=65, max_charge_a=90, max_grid_charge_a=64, soc_limit_a=60, volt_penalty_a=10, voltage_protected_limit_a=50, soc_power_w=3118, is_critical_soc=False
2026-02-28T09:51:00.340185+01:00,  soc=67.0,  volt=51.96,  volt_delta=-0.84, volt_rate_per_min=-0.84, volt_status=NORMAL, batt_w=1244.0,  batt_mode=discharge,  batt_discharge_w=1244.0,  batt_charge_w=0,  load_w=1409.0, zone=unknown,  grid_charge=off, ev_charging_active=off, ev_charge_end=2026-02-23 05:00:02, ev_webhook_count=104, max_discharge_a=65, max_charge_a=90, max_grid_charge_a=64, soc_limit_a=60, volt_penalty_a=10, voltage_protected_limit_a=50, soc_power_w=3118, is_critical_soc=False
2026-02-28T09:52:00.340177+01:00,  soc=67.0,  volt=51.96,  volt_delta=-0.84, volt_rate_per_min=-0.84, volt_status=NORMAL, batt_w=1245.0,  batt_mode=discharge,  batt_discharge_w=1245.0,  batt_charge_w=0,  load_w=1409.0, zone=unknown,  grid_charge=off, ev_charging_active=off, ev_charge_end=2026-02-23 05:00:02, ev_webhook_count=104, max_discharge_a=65, max_charge_a=90, max_grid_charge_a=64, soc_limit_a=60, volt_penalty_a=10, voltage_protected_limit_a=50, soc_power_w=3118, is_critical_soc=False
2026-02-28T09:53:00.340697+01:00,  soc=67.0,  volt=51.96,  volt_delta=-0.84, volt_rate_per_min=-0.84, volt_status=NORMAL, batt_w=1245.0,  batt_mode=discharge,  batt_discharge_w=1245.0,  batt_charge_w=0,  load_w=1409.0, zone=unknown,  grid_charge=off, ev_charging_active=off, ev_charge_end=2026-02-23 05:00:02, ev_webhook_count=104, max_discharge_a=65, max_charge_a=90, max_grid_charge_a=64, soc_limit_a=60, volt_penalty_a=10, voltage_protected_limit_a=50, soc_power_w=3118, is_critical_soc=False
2026-02-28T09:54:00.340688+01:00,  soc=66.0,  volt=51.96,  volt_delta=-0.84, volt_rate_per_min=-0.84, volt_status=NORMAL, batt_w=1245.0,  batt_mode=discharge,  batt_discharge_w=1245.0,  batt_charge_w=0,  load_w=1409.0, zone=unknown,  grid_charge=off, ev_charging_active=off, ev_charge_end=2026-02-23 05:00:02, ev_webhook_count=104, max_discharge_a=65, max_charge_a=90, max_grid_charge_a=64, soc_limit_a=60, volt_penalty_a=10, voltage_protected_limit_a=50, soc_power_w=3118, is_critical_soc=False
2026-02-28T09:55:00.340408+01:00,  soc=66.0,  volt=51.96,  volt_delta=-0.84, volt_rate_per_min=-0.84, volt_status=NORMAL, batt_w=1245.0,  batt_mode=discharge,  batt_discharge_w=1245.0,  batt_charge_w=0,  load_w=1409.0, zone=unknown,  grid_charge=off, ev_charging_active=off, ev_charge_end=2026-02-23 05:00:02, ev_webhook_count=104, max_discharge_a=65, max_charge_a=90, max_grid_charge_a=64, soc_limit_a=60, volt_penalty_a=10, voltage_protected_limit_a=50, soc_power_w=3118, is_critical_soc=False
2026-02-28T09:56:00.341132+01:00,  soc=66.0,  volt=51.96,  volt_delta=-0.84, volt_rate_per_min=-0.84, volt_status=NORMAL, batt_w=1245.0,  batt_mode=discharge,  batt_discharge_w=1245.0,  batt_charge_w=0,  load_w=1390.0, zone=unknown,  grid_charge=off, ev_charging_active=off, ev_charge_end=2026-02-23 05:00:02, ev_webhook_count=104, max_discharge_a=65, max_charge_a=90, max_grid_charge_a=64, soc_limit_a=60, volt_penalty_a=10, voltage_protected_limit_a=50, soc_power_w=3118, is_critical_soc=False
2026-02-28T09:57:00.340475+01:00,  soc=66.0,  volt=51.96,  volt_delta=-0.84, volt_rate_per_min=-0.84, volt_status=NORMAL, batt_w=1245.0,  batt_mode=discharge,  batt_discharge_w=1245.0,  batt_charge_w=0,  load_w=1390.0, zone=unknown,  grid_charge=off, ev_charging_active=off, ev_charge_end=2026-02-23 05:00:02, ev_webhook_count=104, max_discharge_a=65, max_charge_a=90, max_grid_charge_a=64, soc_limit_a=60, volt_penalty_a=10, voltage_protected_limit_a=50, soc_power_w=3118, is_critical_soc=False
2026-02-28T09:58:00.340742+01:00,  soc=66.0,  volt=51.96,  volt_delta=-0.84, volt_rate_per_min=-0.84, volt_status=NORMAL, batt_w=1186.0,  batt_mode=discharge,  batt_discharge_w=1186.0,  batt_charge_w=0,  load_w=1390.0, zone=unknown,  grid_charge=off, ev_charging_active=off, ev_charge_end=2026-02-23 05:00:02, ev_webhook_count=104, max_discharge_a=65, max_charge_a=90, max_grid_charge_a=64, soc_limit_a=60, volt_penalty_a=10, voltage_protected_limit_a=50, soc_power_w=3118, is_critical_soc=False
2026-02-28T09:59:00.339844+01:00,  soc=65.0,  volt=51.96,  volt_delta=-0.84, volt_rate_per_min=-0.84, volt_status=NORMAL, batt_w=1186.0,  batt_mode=discharge,  batt_discharge_w=1186.0,  batt_charge_w=0,  load_w=1390.0, zone=unknown,  grid_charge=off, ev_charging_active=off, ev_charge_end=2026-02-23 05:00:02, ev_webhook_count=104, max_discharge_a=65, max_charge_a=90, max_grid_charge_a=64, soc_limit_a=60, volt_penalty_a=10, voltage_protected_limit_a=50, soc_power_w=3118, is_critical_soc=False
2026-02-28T10:00:00.339997+01:00,  soc=65.0,  volt=51.96,  volt_delta=-0.84, volt_rate_per_min=-0.84, volt_status=NORMAL, batt_w=1186.0,  batt_mode=discharge,  batt_discharge_w=1186.0,  batt_charge_w=0,  load_w=1390.0, zone=unknown,  grid_charge=off, ev_charging_active=off, ev_charge_end=2026-02-23 05:00:02, ev_webhook_count=104, max_discharge_a=65, max_charge_a=90, max_grid_charge_a=64, soc_limit_a=60, volt_penalty_a=10, voltage_protected_limit_a=50, soc_power_w=3118, is_critical_soc=False
2026-02-28T10:01:00.340073+01:00,  soc=65.0,  volt=52.37,  volt_delta=-0.43, volt_rate_per_min=-0.43, volt_status=NORMAL, batt_w=30.0,  batt_mode=idle,  batt_discharge_w=30.0,  batt_charge_w=0,  load_w=1390.0, zone=unknown,  grid_charge=off, ev_charging_active=off, ev_charge_end=2026-02-23 05:00:02, ev_webhook_count=104, max_discharge_a=65, max_charge_a=90, max_grid_charge_a=64, soc_limit_a=60, volt_penalty_a=10, voltage_protected_limit_a=50, soc_power_w=3142, is_critical_soc=False
2026-02-28T10:02:00.340840+01:00,  soc=65.0,  volt=51.99,  volt_delta=-0.81, volt_rate_per_min=-0.81, volt_status=NORMAL, batt_w=1190.0,  batt_mode=discharge,  batt_discharge_w=1190.0,  batt_charge_w=0,  load_w=1395.0, zone=unknown,  grid_charge=off, ev_charging_active=off, ev_charge_end=2026-02-23 05:00:02, ev_webhook_count=104, max_discharge_a=65, max_charge_a=90, max_grid_charge_a=64, soc_limit_a=60, volt_penalty_a=10, voltage_protected_limit_a=50, soc_power_w=3119, is_critical_soc=False
2026-02-28T10:03:00.340856+01:00,  soc=65.0,  volt=51.99,  volt_delta=-0.81, volt_rate_per_min=-0.81, volt_status=NORMAL, batt_w=1190.0,  batt_mode=discharge,  batt_discharge_w=1190.0,  batt_charge_w=0,  load_w=1395.0, zone=unknown,  grid_charge=off, ev_charging_active=off, ev_charge_end=2026-02-23 05:00:02, ev_webhook_count=104, max_discharge_a=65, max_charge_a=90, max_grid_charge_a=64, soc_limit_a=60, volt_penalty_a=10, voltage_protected_limit_a=50, soc_power_w=3119, is_critical_soc=False
2026-02-28T10:04:00.339871+01:00,  soc=65.0,  volt=51.99,  volt_delta=-0.81, volt_rate_per_min=-0.81, volt_status=NORMAL, batt_w=1190.0,  batt_mode=discharge,  batt_discharge_w=1190.0,  batt_charge_w=0,  load_w=1395.0, zone=unknown,  grid_charge=off, ev_charging_active=off, ev_charge_end=2026-02-23 05:00:02, ev_webhook_count=104, max_discharge_a=65, max_charge_a=90, max_grid_charge_a=64, soc_limit_a=60, volt_penalty_a=10, voltage_protected_limit_a=50, soc_power_w=3119, is_critical_soc=False
2026-02-28T10:05:00.340376+01:00,  soc=64.0,  volt=51.99,  volt_delta=-0.81, volt_rate_per_min=-0.81, volt_status=NORMAL, batt_w=1136.0,  batt_mode=discharge,  batt_discharge_w=1136.0,  batt_charge_w=0,  load_w=1395.0, zone=unknown,  grid_charge=off, ev_charging_active=off, ev_charge_end=2026-02-23 05:00:02, ev_webhook_count=104, max_discharge_a=65, max_charge_a=90, max_grid_charge_a=64, soc_limit_a=60, volt_penalty_a=10, voltage_protected_limit_a=50, soc_power_w=3119, is_critical_soc=False
2026-02-28T10:06:00.341386+01:00,  soc=64.0,  volt=51.99,  volt_delta=-0.81, volt_rate_per_min=-0.81, volt_status=NORMAL, batt_w=1136.0,  batt_mode=discharge,  batt_discharge_w=1136.0,  batt_charge_w=0,  load_w=1395.0, zone=unknown,  grid_charge=off, ev_charging_active=off, ev_charge_end=2026-02-23 05:00:02, ev_webhook_count=104, max_discharge_a=65, max_charge_a=90, max_grid_charge_a=64, soc_limit_a=60, volt_penalty_a=10, voltage_protected_limit_a=50, soc_power_w=3119, is_critical_soc=False
2026-02-28T10:07:00.340259+01:00,  soc=64.0,  volt=51.99,  volt_delta=-0.81, volt_rate_per_min=-0.81, volt_status=NORMAL, batt_w=1079.0,  batt_mode=discharge,  batt_discharge_w=1079.0,  batt_charge_w=0,  load_w=1416.0, zone=unknown,  grid_charge=off, ev_charging_active=off, ev_charge_end=2026-02-23 05:00:02, ev_webhook_count=104, max_discharge_a=65, max_charge_a=90, max_grid_charge_a=64, soc_limit_a=60, volt_penalty_a=10, voltage_protected_limit_a=50, soc_power_w=3119, is_critical_soc=False
2026-02-28T10:08:00.341488+01:00,  soc=64.0,  volt=51.99,  volt_delta=-0.81, volt_rate_per_min=-0.81, volt_status=NORMAL, batt_w=1079.0,  batt_mode=discharge,  batt_discharge_w=1079.0,  batt_charge_w=0,  load_w=1416.0, zone=unknown,  grid_charge=off, ev_charging_active=off, ev_charge_end=2026-02-23 05:00:02, ev_webhook_count=104, max_discharge_a=65, max_charge_a=90, max_grid_charge_a=64, soc_limit_a=60, volt_penalty_a=10, voltage_protected_limit_a=50, soc_power_w=3119, is_critical_soc=False
2026-02-28T10:09:00.340692+01:00,  soc=64.0,  volt=51.99,  volt_delta=-0.81, volt_rate_per_min=-0.81, volt_status=NORMAL, batt_w=1079.0,  batt_mode=discharge,  batt_discharge_w=1079.0,  batt_charge_w=0,  load_w=1416.0, zone=unknown,  grid_charge=off, ev_charging_active=off, ev_charge_end=2026-02-23 05:00:02, ev_webhook_count=104, max_discharge_a=65, max_charge_a=90, max_grid_charge_a=64, soc_limit_a=60, volt_penalty_a=10, voltage_protected_limit_a=50, soc_power_w=3119, is_critical_soc=False
2026-02-28T10:10:00.340792+01:00,  soc=63.0,  volt=51.99,  volt_delta=-0.81, volt_rate_per_min=-0.81, volt_status=NORMAL, batt_w=997.0,  batt_mode=discharge,  batt_discharge_w=997.0,  batt_charge_w=0,  load_w=1416.0, zone=unknown,  grid_charge=off, ev_charging_active=off, ev_charge_end=2026-02-23 05:00:02, ev_webhook_count=104, max_discharge_a=65, max_charge_a=90, max_grid_charge_a=64, soc_limit_a=60, volt_penalty_a=10, voltage_protected_limit_a=50, soc_power_w=3119, is_critical_soc=False
2026-02-28T10:11:00.340486+01:00,  soc=63.0,  volt=51.99,  volt_delta=-0.81, volt_rate_per_min=-0.81, volt_status=NORMAL, batt_w=997.0,  batt_mode=discharge,  batt_discharge_w=997.0,  batt_charge_w=0,  load_w=1416.0, zone=unknown,  grid_charge=off, ev_charging_active=off, ev_charge_end=2026-02-23 05:00:02, ev_webhook_count=104, max_discharge_a=65, max_charge_a=90, max_grid_charge_a=64, soc_limit_a=60, volt_penalty_a=10, voltage_protected_limit_a=50, soc_power_w=3119, is_critical_soc=False
2026-02-28T10:12:00.340482+01:00,  soc=63.0,  volt=51.99,  volt_delta=-0.81, volt_rate_per_min=-0.81, volt_status=NORMAL, batt_w=997.0,  batt_mode=discharge,  batt_discharge_w=997.0,  batt_charge_w=0,  load_w=1416.0, zone=unknown,  grid_charge=off, ev_charging_active=off, ev_charge_end=2026-02-23 05:00:02, ev_webhook_count=104, max_discharge_a=65, max_charge_a=90, max_grid_charge_a=64, soc_limit_a=60, volt_penalty_a=10, voltage_protected_limit_a=50, soc_power_w=3119, is_critical_soc=False
2026-02-28T10:13:00.340111+01:00,  soc=63.0,  volt=52.08,  volt_delta=-0.72, volt_rate_per_min=-0.72, volt_status=NORMAL, batt_w=947.0,  batt_mode=discharge,  batt_discharge_w=947.0,  batt_charge_w=0,  load_w=1409.0, zone=unknown,  grid_charge=off, ev_charging_active=off, ev_charge_end=2026-02-23 05:00:02, ev_webhook_count=104, max_discharge_a=65, max_charge_a=90, max_grid_charge_a=64, soc_limit_a=60, volt_penalty_a=10, voltage_protected_limit_a=50, soc_power_w=3125, is_critical_soc=False
2026-02-28T10:14:00.340484+01:00,  soc=63.0,  volt=52.09,  volt_delta=-0.71, volt_rate_per_min=-0.71, volt_status=NORMAL, batt_w=947.0,  batt_mode=discharge,  batt_discharge_w=947.0,  batt_charge_w=0,  load_w=1409.0, zone=unknown,  grid_charge=off, ev_charging_active=off, ev_charge_end=2026-02-23 05:00:02, ev_webhook_count=104, max_discharge_a=65, max_charge_a=90, max_grid_charge_a=64, soc_limit_a=60, volt_penalty_a=10, voltage_protected_limit_a=50, soc_power_w=3125, is_critical_soc=False
2026-02-28T10:15:00.340549+01:00,  soc=63.0,  volt=52.09,  volt_delta=-0.71, volt_rate_per_min=-0.71, volt_status=NORMAL, batt_w=879.0,  batt_mode=discharge,  batt_discharge_w=879.0,  batt_charge_w=0,  load_w=1409.0, zone=unknown,  grid_charge=off, ev_charging_active=off, ev_charge_end=2026-02-23 05:00:02, ev_webhook_count=104, max_discharge_a=65, max_charge_a=90, max_grid_charge_a=64, soc_limit_a=60, volt_penalty_a=10, voltage_protected_limit_a=50, soc_power_w=3125, is_critical_soc=False
2026-02-28T10:16:00.340819+01:00,  soc=63.0,  volt=52.09,  volt_delta=-0.71, volt_rate_per_min=-0.71, volt_status=NORMAL, batt_w=879.0,  batt_mode=discharge,  batt_discharge_w=879.0,  batt_charge_w=0,  load_w=1409.0, zone=unknown,  grid_charge=off, ev_charging_active=off, ev_charge_end=2026-02-23 05:00:02, ev_webhook_count=104, max_discharge_a=65, max_charge_a=90, max_grid_charge_a=64, soc_limit_a=60, volt_penalty_a=10, voltage_protected_limit_a=50, soc_power_w=3125, is_critical_soc=False
2026-02-28T10:17:00.339904+01:00,  soc=62.0,  volt=52.09,  volt_delta=-0.71, volt_rate_per_min=-0.71, volt_status=NORMAL, batt_w=879.0,  batt_mode=discharge,  batt_discharge_w=879.0,  batt_charge_w=0,  load_w=1356.0, zone=unknown,  grid_charge=off, ev_charging_active=off, ev_charge_end=2026-02-23 05:00:02, ev_webhook_count=104, max_discharge_a=65, max_charge_a=90, max_grid_charge_a=64, soc_limit_a=60, volt_penalty_a=10, voltage_protected_limit_a=50, soc_power_w=3125, is_critical_soc=False
2026-02-28T10:18:00.340524+01:00,  soc=62.0,  volt=52.09,  volt_delta=-0.71, volt_rate_per_min=-0.71, volt_status=NORMAL, batt_w=879.0,  batt_mode=discharge,  batt_discharge_w=879.0,  batt_charge_w=0,  load_w=1354.0, zone=unknown,  grid_charge=off, ev_charging_active=off, ev_charge_end=2026-02-23 05:00:02, ev_webhook_count=104, max_discharge_a=65, max_charge_a=90, max_grid_charge_a=64, soc_limit_a=60, volt_penalty_a=10, voltage_protected_limit_a=50, soc_power_w=3125, is_critical_soc=False
2026-02-28T10:19:00.340590+01:00,  soc=62.0,  volt=52.09,  volt_delta=-0.71, volt_rate_per_min=-0.71, volt_status=NORMAL, batt_w=826.0,  batt_mode=discharge,  batt_discharge_w=826.0,  batt_charge_w=0,  load_w=1354.0, zone=unknown,  grid_charge=off, ev_charging_active=off, ev_charge_end=2026-02-23 05:00:02, ev_webhook_count=104, max_discharge_a=65, max_charge_a=90, max_grid_charge_a=64, soc_limit_a=60, volt_penalty_a=10, voltage_protected_limit_a=50, soc_power_w=3125, is_critical_soc=False
2026-02-28T10:20:00.340270+01:00,  soc=62.0,  volt=52.13,  volt_delta=-0.67, volt_rate_per_min=-0.67, volt_status=NORMAL, batt_w=745.0,  batt_mode=discharge,  batt_discharge_w=745.0,  batt_charge_w=0,  load_w=1354.0, zone=unknown,  grid_charge=off, ev_charging_active=off, ev_charge_end=2026-02-23 05:00:02, ev_webhook_count=104, max_discharge_a=65, max_charge_a=90, max_grid_charge_a=64, soc_limit_a=60, volt_penalty_a=10, voltage_protected_limit_a=50, soc_power_w=3128, is_critical_soc=False
2026-02-28T10:21:00.340357+01:00,  soc=62.0,  volt=52.13,  volt_delta=-0.67, volt_rate_per_min=-0.67, volt_status=NORMAL, batt_w=745.0,  batt_mode=discharge,  batt_discharge_w=745.0,  batt_charge_w=0,  load_w=1302.0, zone=unknown,  grid_charge=off, ev_charging_active=off, ev_charge_end=2026-02-23 05:00:02, ev_webhook_count=104, max_discharge_a=65, max_charge_a=90, max_grid_charge_a=64, soc_limit_a=60, volt_penalty_a=10, voltage_protected_limit_a=50, soc_power_w=3128, is_critical_soc=False
2026-02-28T10:22:00.340298+01:00,  soc=62.0,  volt=52.13,  volt_delta=-0.67, volt_rate_per_min=-0.67, volt_status=NORMAL, batt_w=745.0,  batt_mode=discharge,  batt_discharge_w=745.0,  batt_charge_w=0,  load_w=1302.0, zone=unknown,  grid_charge=off, ev_charging_active=off, ev_charge_end=2026-02-23 05:00:02, ev_webhook_count=104, max_discharge_a=65, max_charge_a=90, max_grid_charge_a=64, soc_limit_a=60, volt_penalty_a=10, voltage_protected_limit_a=50, soc_power_w=3128, is_critical_soc=False
2026-02-28T10:23:00.341015+01:00,  soc=61.0,  volt=52.18,  volt_delta=-0.62, volt_rate_per_min=-0.62, volt_status=NORMAL, batt_w=691.0,  batt_mode=discharge,  batt_discharge_w=691.0,  batt_charge_w=0,  load_w=1302.0, zone=unknown,  grid_charge=off, ev_charging_active=off, ev_charge_end=2026-02-23 05:00:02, ev_webhook_count=104, max_discharge_a=65, max_charge_a=90, max_grid_charge_a=64, soc_limit_a=60, volt_penalty_a=10, voltage_protected_limit_a=50, soc_power_w=3131, is_critical_soc=False
2026-02-28T10:24:00.340645+01:00,  soc=61.0,  volt=52.18,  volt_delta=-0.62, volt_rate_per_min=-0.62, volt_status=NORMAL, batt_w=691.0,  batt_mode=discharge,  batt_discharge_w=691.0,  batt_charge_w=0,  load_w=1302.0, zone=unknown,  grid_charge=off, ev_charging_active=off, ev_charge_end=2026-02-23 05:00:02, ev_webhook_count=104, max_discharge_a=65, max_charge_a=90, max_grid_charge_a=64, soc_limit_a=60, volt_penalty_a=10, voltage_protected_limit_a=50, soc_power_w=3131, is_critical_soc=False
2026-02-28T10:25:00.340011+01:00,  soc=61.0,  volt=52.18,  volt_delta=-0.62, volt_rate_per_min=-0.62, volt_status=NORMAL, batt_w=691.0,  batt_mode=discharge,  batt_discharge_w=691.0,  batt_charge_w=0,  load_w=1379.0, zone=unknown,  grid_charge=off, ev_charging_active=off, ev_charge_end=2026-02-23 05:00:02, ev_webhook_count=104, max_discharge_a=65, max_charge_a=90, max_grid_charge_a=64, soc_limit_a=60, volt_penalty_a=10, voltage_protected_limit_a=50, soc_power_w=3131, is_critical_soc=False
2026-02-28T10:26:00.340112+01:00,  soc=61.0,  volt=52.18,  volt_delta=-0.62, volt_rate_per_min=-0.62, volt_status=NORMAL, batt_w=796.0,  batt_mode=discharge,  batt_discharge_w=796.0,  batt_charge_w=0,  load_w=1379.0, zone=unknown,  grid_charge=off, ev_charging_active=off, ev_charge_end=2026-02-23 05:00:02, ev_webhook_count=104, max_discharge_a=65, max_charge_a=90, max_grid_charge_a=64, soc_limit_a=60, volt_penalty_a=10, voltage_protected_limit_a=50, soc_power_w=3131, is_critical_soc=False
2026-02-28T10:27:00.340136+01:00,  soc=61.0,  volt=51.99,  volt_delta=-0.81, volt_rate_per_min=-0.81, volt_status=NORMAL, batt_w=1198.0,  batt_mode=discharge,  batt_discharge_w=1198.0,  batt_charge_w=0,  load_w=1778.0, zone=unknown,  grid_charge=off, ev_charging_active=off, ev_charge_end=2026-02-23 05:00:02, ev_webhook_count=104, max_discharge_a=65, max_charge_a=90, max_grid_charge_a=64, soc_limit_a=60, volt_penalty_a=10, voltage_protected_limit_a=50, soc_power_w=3119, is_critical_soc=False
2026-02-28T10:28:00.340748+01:00,  soc=61.0,  volt=51.99,  volt_delta=-0.81, volt_rate_per_min=-0.81, volt_status=NORMAL, batt_w=948.0,  batt_mode=discharge,  batt_discharge_w=948.0,  batt_charge_w=0,  load_w=1778.0, zone=unknown,  grid_charge=off, ev_charging_active=off, ev_charge_end=2026-02-23 05:00:02, ev_webhook_count=104, max_discharge_a=65, max_charge_a=90, max_grid_charge_a=64, soc_limit_a=60, volt_penalty_a=10, voltage_protected_limit_a=50, soc_power_w=3119, is_critical_soc=False
2026-02-28T10:29:00.340064+01:00,  soc=61.0,  volt=52.13,  volt_delta=-0.67, volt_rate_per_min=-0.67, volt_status=NORMAL, batt_w=772.0,  batt_mode=discharge,  batt_discharge_w=772.0,  batt_charge_w=0,  load_w=1350.0, zone=unknown,  grid_charge=off, ev_charging_active=off, ev_charge_end=2026-02-23 05:00:02, ev_webhook_count=104, max_discharge_a=65, max_charge_a=90, max_grid_charge_a=64, soc_limit_a=60, volt_penalty_a=10, voltage_protected_limit_a=50, soc_power_w=3128, is_critical_soc=False
2026-02-28T10:30:00.339969+01:00,  soc=60.0,  volt=52.13,  volt_delta=-0.67, volt_rate_per_min=-0.67, volt_status=NORMAL, batt_w=772.0,  batt_mode=discharge,  batt_discharge_w=772.0,  batt_charge_w=0,  load_w=1350.0, zone=unknown,  grid_charge=off, ev_charging_active=off, ev_charge_end=2026-02-23 05:00:02, ev_webhook_count=104, max_discharge_a=65, max_charge_a=90, max_grid_charge_a=64, soc_limit_a=60, volt_penalty_a=10, voltage_protected_limit_a=50, soc_power_w=3128, is_critical_soc=False
2026-02-28T10:31:00.340338+01:00,  soc=60.0,  volt=52.13,  volt_delta=-0.67, volt_rate_per_min=-0.67, volt_status=NORMAL, batt_w=772.0,  batt_mode=discharge,  batt_discharge_w=772.0,  batt_charge_w=0,  load_w=1350.0, zone=unknown,  grid_charge=off, ev_charging_active=off, ev_charge_end=2026-02-23 05:00:02, ev_webhook_count=104, max_discharge_a=65, max_charge_a=90, max_grid_charge_a=64, soc_limit_a=60, volt_penalty_a=10, voltage_protected_limit_a=50, soc_power_w=3128, is_critical_soc=False
2026-02-28T10:32:00.340090+01:00,  soc=60.0,  volt=52.13,  volt_delta=-0.67, volt_rate_per_min=-0.67, volt_status=NORMAL, batt_w=831.0,  batt_mode=discharge,  batt_discharge_w=831.0,  batt_charge_w=0,  load_w=1350.0, zone=unknown,  grid_charge=off, ev_charging_active=off, ev_charge_end=2026-02-23 05:00:02, ev_webhook_count=104, max_discharge_a=65, max_charge_a=90, max_grid_charge_a=64, soc_limit_a=60, volt_penalty_a=10, voltage_protected_limit_a=50, soc_power_w=3128, is_critical_soc=False
2026-02-28T10:33:00.340631+01:00,  soc=60.0,  volt=52.13,  volt_delta=-0.67, volt_rate_per_min=-0.67, volt_status=NORMAL, batt_w=857.0,  batt_mode=discharge,  batt_discharge_w=857.0,  batt_charge_w=0,  load_w=1350.0, zone=unknown,  grid_charge=off, ev_charging_active=off, ev_charge_end=2026-02-23 05:00:02, ev_webhook_count=104, max_discharge_a=65, max_charge_a=90, max_grid_charge_a=64, soc_limit_a=60, volt_penalty_a=10, voltage_protected_limit_a=50, soc_power_w=3128, is_critical_soc=False
2026-02-28T10:34:00.340659+01:00,  soc=60.0,  volt=52.13,  volt_delta=-0.67, volt_rate_per_min=-0.67, volt_status=NORMAL, batt_w=882.0,  batt_mode=discharge,  batt_discharge_w=882.0,  batt_charge_w=0,  load_w=1400.0, zone=unknown,  grid_charge=off, ev_charging_active=off, ev_charge_end=2026-02-23 05:00:02, ev_webhook_count=104, max_discharge_a=65, max_charge_a=90, max_grid_charge_a=64, soc_limit_a=60, volt_penalty_a=10, voltage_protected_limit_a=50, soc_power_w=3128, is_critical_soc=False
2026-02-28T10:35:00.339873+01:00,  soc=60.0,  volt=52.13,  volt_delta=-0.67, volt_rate_per_min=-0.67, volt_status=NORMAL, batt_w=882.0,  batt_mode=discharge,  batt_discharge_w=882.0,  batt_charge_w=0,  load_w=1400.0, zone=unknown,  grid_charge=off, ev_charging_active=off, ev_charge_end=2026-02-23 05:00:02, ev_webhook_count=104, max_discharge_a=65, max_charge_a=90, max_grid_charge_a=64, soc_limit_a=60, volt_penalty_a=10, voltage_protected_limit_a=50, soc_power_w=3128, is_critical_soc=False
2026-02-28T10:36:00.341071+01:00,  soc=60.0,  volt=52.13,  volt_delta=-0.67, volt_rate_per_min=-0.67, volt_status=NORMAL, batt_w=882.0,  batt_mode=discharge,  batt_discharge_w=882.0,  batt_charge_w=0,  load_w=1400.0, zone=unknown,  grid_charge=off, ev_charging_active=off, ev_charge_end=2026-02-23 05:00:02, ev_webhook_count=104, max_discharge_a=65, max_charge_a=90, max_grid_charge_a=64, soc_limit_a=60, volt_penalty_a=10, voltage_protected_limit_a=50, soc_power_w=3128, is_critical_soc=False
2026-02-28T10:37:00.340754+01:00,  soc=59.0,  volt=52.13,  volt_delta=-0.67, volt_rate_per_min=-0.67, volt_status=NORMAL, batt_w=882.0,  batt_mode=discharge,  batt_discharge_w=882.0,  batt_charge_w=0,  load_w=1400.0, zone=unknown,  grid_charge=off, ev_charging_active=off, ev_charge_end=2026-02-23 05:00:02, ev_webhook_count=104, max_discharge_a=65, max_charge_a=90, max_grid_charge_a=64, soc_limit_a=60, volt_penalty_a=10, voltage_protected_limit_a=50, soc_power_w=3128, is_critical_soc=False
2026-02-28T10:38:00.340705+01:00,  soc=59.0,  volt=52.13,  volt_delta=-0.67, volt_rate_per_min=-0.67, volt_status=NORMAL, batt_w=882.0,  batt_mode=discharge,  batt_discharge_w=882.0,  batt_charge_w=0,  load_w=1400.0, zone=unknown,  grid_charge=off, ev_charging_active=off, ev_charge_end=2026-02-23 05:00:02, ev_webhook_count=104, max_discharge_a=65, max_charge_a=90, max_grid_charge_a=64, soc_limit_a=60, volt_penalty_a=10, voltage_protected_limit_a=50, soc_power_w=3128, is_critical_soc=False
2026-02-28T10:39:00.340789+01:00,  soc=59.0,  volt=52.13,  volt_delta=-0.67, volt_rate_per_min=-0.67, volt_status=NORMAL, batt_w=882.0,  batt_mode=discharge,  batt_discharge_w=882.0,  batt_charge_w=0,  load_w=1404.0, zone=unknown,  grid_charge=off, ev_charging_active=off, ev_charge_end=2026-02-23 05:00:02, ev_webhook_count=104, max_discharge_a=65, max_charge_a=90, max_grid_charge_a=64, soc_limit_a=60, volt_penalty_a=10, voltage_protected_limit_a=50, soc_power_w=3128, is_critical_soc=False
2026-02-28T10:40:00.340266+01:00,  soc=59.0,  volt=52.13,  volt_delta=-0.67, volt_rate_per_min=-0.67, volt_status=NORMAL, batt_w=882.0,  batt_mode=discharge,  batt_discharge_w=882.0,  batt_charge_w=0,  load_w=1404.0, zone=unknown,  grid_charge=off, ev_charging_active=off, ev_charge_end=2026-02-23 05:00:02, ev_webhook_count=104, max_discharge_a=65, max_charge_a=90, max_grid_charge_a=64, soc_limit_a=60, volt_penalty_a=10, voltage_protected_limit_a=50, soc_power_w=3128, is_critical_soc=False
2026-02-28T10:41:00.340290+01:00,  soc=59.0,  volt=52.13,  volt_delta=-0.67, volt_rate_per_min=-0.67, volt_status=NORMAL, batt_w=832.0,  batt_mode=discharge,  batt_discharge_w=832.0,  batt_charge_w=0,  load_w=1404.0, zone=unknown,  grid_charge=off, ev_charging_active=off, ev_charge_end=2026-02-23 05:00:02, ev_webhook_count=104, max_discharge_a=65, max_charge_a=90, max_grid_charge_a=64, soc_limit_a=60, volt_penalty_a=10, voltage_protected_limit_a=50, soc_power_w=3128, is_critical_soc=False
2026-02-28T10:42:00.339908+01:00,  soc=59.0,  volt=52.13,  volt_delta=-0.67, volt_rate_per_min=-0.67, volt_status=NORMAL, batt_w=832.0,  batt_mode=discharge,  batt_discharge_w=832.0,  batt_charge_w=0,  load_w=1404.0, zone=unknown,  grid_charge=off, ev_charging_active=off, ev_charge_end=2026-02-23 05:00:02, ev_webhook_count=104, max_discharge_a=65, max_charge_a=90, max_grid_charge_a=64, soc_limit_a=60, volt_penalty_a=10, voltage_protected_limit_a=50, soc_power_w=3128, is_critical_soc=False
2026-02-28T10:43:00.339890+01:00,  soc=59.0,  volt=52.13,  volt_delta=-0.67, volt_rate_per_min=-0.67, volt_status=NORMAL, batt_w=787.0,  batt_mode=discharge,  batt_discharge_w=787.0,  batt_charge_w=0,  load_w=1404.0, zone=unknown,  grid_charge=off, ev_charging_active=off, ev_charge_end=2026-02-23 05:00:02, ev_webhook_count=104, max_discharge_a=65, max_charge_a=90, max_grid_charge_a=64, soc_limit_a=60, volt_penalty_a=10, voltage_protected_limit_a=50, soc_power_w=3128, is_critical_soc=False
2026-02-28T10:44:00.339960+01:00,  soc=58.0,  volt=52.13,  volt_delta=-0.67, volt_rate_per_min=-0.67, volt_status=NORMAL, batt_w=778.0,  batt_mode=discharge,  batt_discharge_w=778.0,  batt_charge_w=0,  load_w=1404.0, zone=unknown,  grid_charge=off, ev_charging_active=off, ev_charge_end=2026-02-23 05:00:02, ev_webhook_count=104, max_discharge_a=65, max_charge_a=90, max_grid_charge_a=64, soc_limit_a=60, volt_penalty_a=10, voltage_protected_limit_a=50, soc_power_w=3128, is_critical_soc=False
2026-02-28T10:45:00.339849+01:00,  soc=58.0,  volt=52.13,  volt_delta=-0.67, volt_rate_per_min=-0.67, volt_status=NORMAL, batt_w=778.0,  batt_mode=discharge,  batt_discharge_w=778.0,  batt_charge_w=0,  load_w=1390.0, zone=unknown,  grid_charge=off, ev_charging_active=off, ev_charge_end=2026-02-23 05:00:02, ev_webhook_count=104, max_discharge_a=65, max_charge_a=90, max_grid_charge_a=64, soc_limit_a=60, volt_penalty_a=10, voltage_protected_limit_a=50, soc_power_w=3128, is_critical_soc=False
2026-02-28T10:46:00.340837+01:00,  soc=58.0,  volt=52.13,  volt_delta=-0.67, volt_rate_per_min=-0.67, volt_status=NORMAL, batt_w=778.0,  batt_mode=discharge,  batt_discharge_w=778.0,  batt_charge_w=0,  load_w=1390.0, zone=unknown,  grid_charge=off, ev_charging_active=off, ev_charge_end=2026-02-23 05:00:02, ev_webhook_count=104, max_discharge_a=65, max_charge_a=90, max_grid_charge_a=64, soc_limit_a=60, volt_penalty_a=10, voltage_protected_limit_a=50, soc_power_w=3128, is_critical_soc=False
2026-02-28T10:47:00.340638+01:00,  soc=58.0,  volt=52.13,  volt_delta=-0.67, volt_rate_per_min=-0.67, volt_status=NORMAL, batt_w=778.0,  batt_mode=discharge,  batt_discharge_w=778.0,  batt_charge_w=0,  load_w=1390.0, zone=unknown,  grid_charge=off, ev_charging_active=off, ev_charge_end=2026-02-23 05:00:02, ev_webhook_count=104, max_discharge_a=65, max_charge_a=90, max_grid_charge_a=64, soc_limit_a=60, volt_penalty_a=10, voltage_protected_limit_a=50, soc_power_w=3128, is_critical_soc=False
2026-02-28T10:48:00.340261+01:00,  soc=58.0,  volt=52.13,  volt_delta=-0.67, volt_rate_per_min=-0.67, volt_status=NORMAL, batt_w=778.0,  batt_mode=discharge,  batt_discharge_w=778.0,  batt_charge_w=0,  load_w=1390.0, zone=unknown,  grid_charge=off, ev_charging_active=off, ev_charge_end=2026-02-23 05:00:02, ev_webhook_count=104, max_discharge_a=65, max_charge_a=90, max_grid_charge_a=64, soc_limit_a=60, volt_penalty_a=10, voltage_protected_limit_a=50, soc_power_w=3128, is_critical_soc=False
2026-02-28T10:49:00.340842+01:00,  soc=58.0,  volt=52.13,  volt_delta=-0.67, volt_rate_per_min=-0.67, volt_status=NORMAL, batt_w=835.0,  batt_mode=discharge,  batt_discharge_w=835.0,  batt_charge_w=0,  load_w=1466.0, zone=unknown,  grid_charge=off, ev_charging_active=off, ev_charge_end=2026-02-23 05:00:02, ev_webhook_count=104, max_discharge_a=65, max_charge_a=90, max_grid_charge_a=64, soc_limit_a=60, volt_penalty_a=10, voltage_protected_limit_a=50, soc_power_w=3128, is_critical_soc=False
2026-02-28T10:50:00.340232+01:00,  soc=58.0,  volt=52.13,  volt_delta=-0.67, volt_rate_per_min=-0.67, volt_status=NORMAL, batt_w=835.0,  batt_mode=discharge,  batt_discharge_w=835.0,  batt_charge_w=0,  load_w=1464.0, zone=unknown,  grid_charge=off, ev_charging_active=off, ev_charge_end=2026-02-23 05:00:02, ev_webhook_count=104, max_discharge_a=65, max_charge_a=90, max_grid_charge_a=64, soc_limit_a=60, volt_penalty_a=10, voltage_protected_limit_a=50, soc_power_w=3128, is_critical_soc=False
2026-02-28T10:51:00.341145+01:00,  soc=57.0,  volt=52.13,  volt_delta=-0.67, volt_rate_per_min=-0.67, volt_status=NORMAL, batt_w=784.0,  batt_mode=discharge,  batt_discharge_w=784.0,  batt_charge_w=0,  load_w=1464.0, zone=unknown,  grid_charge=off, ev_charging_active=off, ev_charge_end=2026-02-23 05:00:02, ev_webhook_count=104, max_discharge_a=65, max_charge_a=90, max_grid_charge_a=64, soc_limit_a=60, volt_penalty_a=10, voltage_protected_limit_a=50, soc_power_w=3128, is_critical_soc=False
2026-02-28T10:52:00.340435+01:00,  soc=57.0,  volt=52.13,  volt_delta=-0.67, volt_rate_per_min=-0.67, volt_status=NORMAL, batt_w=784.0,  batt_mode=discharge,  batt_discharge_w=784.0,  batt_charge_w=0,  load_w=1464.0, zone=unknown,  grid_charge=off, ev_charging_active=off, ev_charge_end=2026-02-23 05:00:02, ev_webhook_count=104, max_discharge_a=65, max_charge_a=90, max_grid_charge_a=64, soc_limit_a=60, volt_penalty_a=10, voltage_protected_limit_a=50, soc_power_w=3128, is_critical_soc=False
2026-02-28T10:53:00.340439+01:00,  soc=57.0,  volt=52.14,  volt_delta=-0.66, volt_rate_per_min=-0.66, volt_status=NORMAL, batt_w=753.0,  batt_mode=discharge,  batt_discharge_w=753.0,  batt_charge_w=0,  load_w=1464.0, zone=unknown,  grid_charge=off, ev_charging_active=off, ev_charge_end=2026-02-23 05:00:02, ev_webhook_count=104, max_discharge_a=65, max_charge_a=90, max_grid_charge_a=64, soc_limit_a=60, volt_penalty_a=10, voltage_protected_limit_a=50, soc_power_w=3128, is_critical_soc=False
2026-02-28T10:54:00.340368+01:00,  soc=57.0,  volt=52.14,  volt_delta=-0.66, volt_rate_per_min=-0.66, volt_status=NORMAL, batt_w=733.0,  batt_mode=discharge,  batt_discharge_w=733.0,  batt_charge_w=0,  load_w=1464.0, zone=unknown,  grid_charge=off, ev_charging_active=off, ev_charge_end=2026-02-23 05:00:02, ev_webhook_count=104, max_discharge_a=65, max_charge_a=90, max_grid_charge_a=64, soc_limit_a=60, volt_penalty_a=10, voltage_protected_limit_a=50, soc_power_w=3128, is_critical_soc=False
2026-02-28T10:55:00.340643+01:00,  soc=57.0,  volt=52.14,  volt_delta=-0.66, volt_rate_per_min=-0.66, volt_status=NORMAL, batt_w=733.0,  batt_mode=discharge,  batt_discharge_w=733.0,  batt_charge_w=0,  load_w=1462.0, zone=unknown,  grid_charge=off, ev_charging_active=off, ev_charge_end=2026-02-23 05:00:02, ev_webhook_count=104, max_discharge_a=65, max_charge_a=90, max_grid_charge_a=64, soc_limit_a=60, volt_penalty_a=10, voltage_protected_limit_a=50, soc_power_w=3128, is_critical_soc=False
2026-02-28T10:56:00.339910+01:00,  soc=57.0,  volt=52.14,  volt_delta=-0.66, volt_rate_per_min=-0.66, volt_status=NORMAL, batt_w=649.0,  batt_mode=discharge,  batt_discharge_w=649.0,  batt_charge_w=0,  load_w=1462.0, zone=unknown,  grid_charge=off, ev_charging_active=off, ev_charge_end=2026-02-23 05:00:02, ev_webhook_count=104, max_discharge_a=65, max_charge_a=90, max_grid_charge_a=64, soc_limit_a=60, volt_penalty_a=10, voltage_protected_limit_a=50, soc_power_w=3128, is_critical_soc=False
2026-02-28T10:57:00.339851+01:00,  soc=57.0,  volt=52.14,  volt_delta=-0.66, volt_rate_per_min=-0.66, volt_status=NORMAL, batt_w=649.0,  batt_mode=discharge,  batt_discharge_w=649.0,  batt_charge_w=0,  load_w=1522.0, zone=unknown,  grid_charge=off, ev_charging_active=off, ev_charge_end=2026-02-23 05:00:02, ev_webhook_count=104, max_discharge_a=65, max_charge_a=90, max_grid_charge_a=64, soc_limit_a=60, volt_penalty_a=10, voltage_protected_limit_a=50, soc_power_w=3128, is_critical_soc=False
2026-02-28T10:58:00.340461+01:00,  soc=57.0,  volt=52.23,  volt_delta=-0.57, volt_rate_per_min=-0.57, volt_status=NORMAL, batt_w=556.0,  batt_mode=discharge,  batt_discharge_w=556.0,  batt_charge_w=0,  load_w=1388.0, zone=unknown,  grid_charge=off, ev_charging_active=off, ev_charge_end=2026-02-23 05:00:02, ev_webhook_count=104, max_discharge_a=65, max_charge_a=90, max_grid_charge_a=64, soc_limit_a=60, volt_penalty_a=10, voltage_protected_limit_a=50, soc_power_w=3134, is_critical_soc=False
2026-02-28T10:59:00.340251+01:00,  soc=56.0,  volt=52.23,  volt_delta=-0.57, volt_rate_per_min=-0.57, volt_status=NORMAL, batt_w=398.0,  batt_mode=discharge,  batt_discharge_w=398.0,  batt_charge_w=0,  load_w=1220.0, zone=unknown,  grid_charge=off, ev_charging_active=off, ev_charge_end=2026-02-23 05:00:02, ev_webhook_count=104, max_discharge_a=65, max_charge_a=90, max_grid_charge_a=64, soc_limit_a=60, volt_penalty_a=10, voltage_protected_limit_a=50, soc_power_w=3134, is_critical_soc=False
2026-02-28T11:00:00.340753+01:00,  soc=56.0,  volt=52.33,  volt_delta=-0.47, volt_rate_per_min=-0.47, volt_status=NORMAL, batt_w=332.0,  batt_mode=discharge,  batt_discharge_w=332.0,  batt_charge_w=0,  load_w=1156.0, zone=unknown,  grid_charge=off, ev_charging_active=off, ev_charge_end=2026-02-23 05:00:02, ev_webhook_count=104, max_discharge_a=65, max_charge_a=90, max_grid_charge_a=64, soc_limit_a=60, volt_penalty_a=10, voltage_protected_limit_a=50, soc_power_w=3140, is_critical_soc=False
2026-02-28T11:01:00.340016+01:00,  soc=56.0,  volt=52.33,  volt_delta=-0.47, volt_rate_per_min=-0.47, volt_status=NORMAL, batt_w=278.0,  batt_mode=discharge,  batt_discharge_w=278.0,  batt_charge_w=0,  load_w=1122.0, zone=unknown,  grid_charge=off, ev_charging_active=off, ev_charge_end=2026-02-23 05:00:02, ev_webhook_count=104, max_discharge_a=65, max_charge_a=90, max_grid_charge_a=64, soc_limit_a=60, volt_penalty_a=10, voltage_protected_limit_a=50, soc_power_w=3140, is_critical_soc=False
2026-02-28T11:02:00.340277+01:00,  soc=56.0,  volt=52.33,  volt_delta=-0.47, volt_rate_per_min=-0.47, volt_status=NORMAL, batt_w=278.0,  batt_mode=discharge,  batt_discharge_w=278.0,  batt_charge_w=0,  load_w=1122.0, zone=unknown,  grid_charge=off, ev_charging_active=off, ev_charge_end=2026-02-23 05:00:02, ev_webhook_count=104, max_discharge_a=65, max_charge_a=90, max_grid_charge_a=64, soc_limit_a=60, volt_penalty_a=10, voltage_protected_limit_a=50, soc_power_w=3140, is_critical_soc=False
2026-02-28T11:03:00.340256+01:00,  soc=56.0,  volt=52.39,  volt_delta=-0.41, volt_rate_per_min=-0.41, volt_status=NORMAL, batt_w=407.0,  batt_mode=discharge,  batt_discharge_w=407.0,  batt_charge_w=0,  load_w=1541.0, zone=unknown,  grid_charge=off, ev_charging_active=off, ev_charge_end=2026-02-23 05:00:02, ev_webhook_count=104, max_discharge_a=65, max_charge_a=90, max_grid_charge_a=64, soc_limit_a=60, volt_penalty_a=10, voltage_protected_limit_a=50, soc_power_w=3143, is_critical_soc=False
2026-02-28T11:04:00.340350+01:00,  soc=56.0,  volt=52.11,  volt_delta=-0.69, volt_rate_per_min=-0.69, volt_status=NORMAL, batt_w=948.0,  batt_mode=discharge,  batt_discharge_w=948.0,  batt_charge_w=0,  load_w=1592.0, zone=unknown,  grid_charge=off, ev_charging_active=off, ev_charge_end=2026-02-23 05:00:02, ev_webhook_count=104, max_discharge_a=65, max_charge_a=90, max_grid_charge_a=64, soc_limit_a=60, volt_penalty_a=10, voltage_protected_limit_a=50, soc_power_w=3127, is_critical_soc=False
2026-02-28T11:05:00.340487+01:00,  soc=56.0,  volt=51.98,  volt_delta=-0.82, volt_rate_per_min=-0.82, volt_status=NORMAL, batt_w=1075.0,  batt_mode=discharge,  batt_discharge_w=1075.0,  batt_charge_w=0,  load_w=2086.0, zone=unknown,  grid_charge=off, ev_charging_active=off, ev_charge_end=2026-02-23 05:00:02, ev_webhook_count=104, max_discharge_a=65, max_charge_a=90, max_grid_charge_a=64, soc_limit_a=60, volt_penalty_a=10, voltage_protected_limit_a=50, soc_power_w=3119, is_critical_soc=False
2026-02-28T11:06:00.340452+01:00,  soc=56.0,  volt=51.98,  volt_delta=-0.82, volt_rate_per_min=-0.82, volt_status=NORMAL, batt_w=1075.0,  batt_mode=discharge,  batt_discharge_w=1075.0,  batt_charge_w=0,  load_w=2126.0, zone=unknown,  grid_charge=off, ev_charging_active=off, ev_charge_end=2026-02-23 05:00:02, ev_webhook_count=104, max_discharge_a=65, max_charge_a=90, max_grid_charge_a=64, soc_limit_a=60, volt_penalty_a=10, voltage_protected_limit_a=50, soc_power_w=3119, is_critical_soc=False
2026-02-28T11:07:00.340581+01:00,  soc=56.0,  volt=51.98,  volt_delta=-0.82, volt_rate_per_min=-0.82, volt_status=NORMAL, batt_w=1140.0,  batt_mode=discharge,  batt_discharge_w=1140.0,  batt_charge_w=0,  load_w=2143.0, zone=unknown,  grid_charge=off, ev_charging_active=off, ev_charge_end=2026-02-23 05:00:02, ev_webhook_count=104, max_discharge_a=65, max_charge_a=90, max_grid_charge_a=64, soc_limit_a=60, volt_penalty_a=10, voltage_protected_limit_a=50, soc_power_w=3119, is_critical_soc=False
2026-02-28T11:08:00.340680+01:00,  soc=55.0,  volt=51.98,  volt_delta=-0.82, volt_rate_per_min=-0.82, volt_status=NORMAL, batt_w=1201.0,  batt_mode=discharge,  batt_discharge_w=1201.0,  batt_charge_w=0,  load_w=2193.0, zone=unknown,  grid_charge=off, ev_charging_active=off, ev_charge_end=2026-02-23 05:00:02, ev_webhook_count=104, max_discharge_a=65, max_charge_a=90, max_grid_charge_a=64, soc_limit_a=60, volt_penalty_a=10, voltage_protected_limit_a=50, soc_power_w=3119, is_critical_soc=False
2026-02-28T11:09:00.340849+01:00,  soc=55.0,  volt=51.98,  volt_delta=-0.82, volt_rate_per_min=-0.82, volt_status=NORMAL, batt_w=1201.0,  batt_mode=discharge,  batt_discharge_w=1201.0,  batt_charge_w=0,  load_w=2246.0, zone=unknown,  grid_charge=off, ev_charging_active=off, ev_charge_end=2026-02-23 05:00:02, ev_webhook_count=104, max_discharge_a=65, max_charge_a=90, max_grid_charge_a=64, soc_limit_a=60, volt_penalty_a=10, voltage_protected_limit_a=50, soc_power_w=3119, is_critical_soc=False
2026-02-28T11:10:00.340089+01:00,  soc=55.0,  volt=51.98,  volt_delta=-0.82, volt_rate_per_min=-0.82, volt_status=NORMAL, batt_w=1201.0,  batt_mode=discharge,  batt_discharge_w=1201.0,  batt_charge_w=0,  load_w=2246.0, zone=unknown,  grid_charge=off, ev_charging_active=off, ev_charge_end=2026-02-23 05:00:02, ev_webhook_count=104, max_discharge_a=65, max_charge_a=90, max_grid_charge_a=64, soc_limit_a=60, volt_penalty_a=10, voltage_protected_limit_a=50, soc_power_w=3119, is_critical_soc=False
2026-02-28T11:11:00.340307+01:00,  soc=55.0,  volt=51.98,  volt_delta=-0.82, volt_rate_per_min=-0.82, volt_status=NORMAL, batt_w=1201.0,  batt_mode=discharge,  batt_discharge_w=1201.0,  batt_charge_w=0,  load_w=2326.0, zone=unknown,  grid_charge=off, ev_charging_active=off, ev_charge_end=2026-02-23 05:00:02, ev_webhook_count=104, max_discharge_a=65, max_charge_a=90, max_grid_charge_a=64, soc_limit_a=60, volt_penalty_a=10, voltage_protected_limit_a=50, soc_power_w=3119, is_critical_soc=False
2026-02-28T11:12:00.340652+01:00,  soc=54.0,  volt=51.87,  volt_delta=-0.93, volt_rate_per_min=-0.93, volt_status=NORMAL, batt_w=1280.0,  batt_mode=discharge,  batt_discharge_w=1280.0,  batt_charge_w=0,  load_w=2326.0, zone=unknown,  grid_charge=off, ev_charging_active=off, ev_charge_end=2026-02-23 05:00:02, ev_webhook_count=104, max_discharge_a=65, max_charge_a=90, max_grid_charge_a=64, soc_limit_a=60, volt_penalty_a=10, voltage_protected_limit_a=50, soc_power_w=3112, is_critical_soc=False
2026-02-28T11:13:00.340820+01:00,  soc=54.0,  volt=51.85,  volt_delta=-0.95, volt_rate_per_min=-0.95, volt_status=NORMAL, batt_w=1409.0,  batt_mode=discharge,  batt_discharge_w=1409.0,  batt_charge_w=0,  load_w=2392.0, zone=unknown,  grid_charge=off, ev_charging_active=off, ev_charge_end=2026-02-23 05:00:02, ev_webhook_count=104, max_discharge_a=65, max_charge_a=90, max_grid_charge_a=64, soc_limit_a=60, volt_penalty_a=10, voltage_protected_limit_a=50, soc_power_w=3111, is_critical_soc=False
2026-02-28T11:14:00.341579+01:00,  soc=54.0,  volt=51.85,  volt_delta=-0.95, volt_rate_per_min=-0.95, volt_status=NORMAL, batt_w=1409.0,  batt_mode=discharge,  batt_discharge_w=1409.0,  batt_charge_w=0,  load_w=2392.0, zone=unknown,  grid_charge=off, ev_charging_active=off, ev_charge_end=2026-02-23 05:00:02, ev_webhook_count=104, max_discharge_a=65, max_charge_a=90, max_grid_charge_a=64, soc_limit_a=60, volt_penalty_a=10, voltage_protected_limit_a=50, soc_power_w=3111, is_critical_soc=False
2026-02-28T11:15:00.340382+01:00,  soc=54.0,  volt=51.77,  volt_delta=-1.03, volt_rate_per_min=-1.03, volt_status=NORMAL, batt_w=1485.0,  batt_mode=discharge,  batt_discharge_w=1485.0,  batt_charge_w=0,  load_w=2442.0, zone=unknown,  grid_charge=off, ev_charging_active=off, ev_charge_end=2026-02-23 05:00:02, ev_webhook_count=104, max_discharge_a=65, max_charge_a=90, max_grid_charge_a=64, soc_limit_a=60, volt_penalty_a=10, voltage_protected_limit_a=50, soc_power_w=3106, is_critical_soc=False
2026-02-28T11:16:00.341458+01:00,  soc=53.0,  volt=51.77,  volt_delta=-1.03, volt_rate_per_min=-1.03, volt_status=NORMAL, batt_w=1556.0,  batt_mode=discharge,  batt_discharge_w=1556.0,  batt_charge_w=0,  load_w=2500.0, zone=unknown,  grid_charge=off, ev_charging_active=off, ev_charge_end=2026-02-23 05:00:02, ev_webhook_count=104, max_discharge_a=65, max_charge_a=90, max_grid_charge_a=64, soc_limit_a=60, volt_penalty_a=10, voltage_protected_limit_a=50, soc_power_w=3106, is_critical_soc=False
2026-02-28T11:17:00.340393+01:00,  soc=53.0,  volt=51.77,  volt_delta=-1.03, volt_rate_per_min=-1.03, volt_status=NORMAL, batt_w=1556.0,  batt_mode=discharge,  batt_discharge_w=1556.0,  batt_charge_w=0,  load_w=2513.0, zone=unknown,  grid_charge=off, ev_charging_active=off, ev_charge_end=2026-02-23 05:00:02, ev_webhook_count=104, max_discharge_a=65, max_charge_a=90, max_grid_charge_a=64, soc_limit_a=60, volt_penalty_a=10, voltage_protected_limit_a=50, soc_power_w=3106, is_critical_soc=False
2026-02-28T11:18:00.340326+01:00,  soc=53.0,  volt=51.77,  volt_delta=-1.03, volt_rate_per_min=-1.03, volt_status=NORMAL, batt_w=1623.0,  batt_mode=discharge,  batt_discharge_w=1623.0,  batt_charge_w=0,  load_w=2560.0, zone=unknown,  grid_charge=off, ev_charging_active=off, ev_charge_end=2026-02-23 05:00:02, ev_webhook_count=104, max_discharge_a=65, max_charge_a=90, max_grid_charge_a=64, soc_limit_a=60, volt_penalty_a=10, voltage_protected_limit_a=50, soc_power_w=3106, is_critical_soc=False
2026-02-28T11:19:00.339872+01:00,  soc=53.0,  volt=51.77,  volt_delta=-1.03, volt_rate_per_min=-1.03, volt_status=NORMAL, batt_w=1623.0,  batt_mode=discharge,  batt_discharge_w=1623.0,  batt_charge_w=0,  load_w=2626.0, zone=unknown,  grid_charge=off, ev_charging_active=off, ev_charge_end=2026-02-23 05:00:02, ev_webhook_count=104, max_discharge_a=65, max_charge_a=90, max_grid_charge_a=64, soc_limit_a=60, volt_penalty_a=10, voltage_protected_limit_a=50, soc_power_w=3106, is_critical_soc=False
2026-02-28T11:20:00.340070+01:00,  soc=52.0,  volt=51.77,  volt_delta=-1.03, volt_rate_per_min=-1.03, volt_status=NORMAL, batt_w=1374.0,  batt_mode=discharge,  batt_discharge_w=1374.0,  batt_charge_w=0,  load_w=2387.0, zone=unknown,  grid_charge=off, ev_charging_active=off, ev_charge_end=2026-02-23 05:00:02, ev_webhook_count=104, max_discharge_a=65, max_charge_a=90, max_grid_charge_a=64, soc_limit_a=60, volt_penalty_a=10, voltage_protected_limit_a=50, soc_power_w=3106, is_critical_soc=False
2026-02-28T11:21:00.340637+01:00,  soc=52.0,  volt=51.91,  volt_delta=-0.89, volt_rate_per_min=-0.89, volt_status=NORMAL, batt_w=1064.0,  batt_mode=discharge,  batt_discharge_w=1064.0,  batt_charge_w=0,  load_w=2112.0, zone=unknown,  grid_charge=off, ev_charging_active=off, ev_charge_end=2026-02-23 05:00:02, ev_webhook_count=104, max_discharge_a=65, max_charge_a=90, max_grid_charge_a=64, soc_limit_a=60, volt_penalty_a=10, voltage_protected_limit_a=50, soc_power_w=3115, is_critical_soc=False
2026-02-28T11:22:00.340317+01:00,  soc=52.0,  volt=51.91,  volt_delta=-0.89, volt_rate_per_min=-0.89, volt_status=NORMAL, batt_w=913.0,  batt_mode=discharge,  batt_discharge_w=913.0,  batt_charge_w=0,  load_w=1915.0, zone=unknown,  grid_charge=off, ev_charging_active=off, ev_charge_end=2026-02-23 05:00:02, ev_webhook_count=104, max_discharge_a=65, max_charge_a=90, max_grid_charge_a=64, soc_limit_a=60, volt_penalty_a=10, voltage_protected_limit_a=50, soc_power_w=3115, is_critical_soc=False
2026-02-28T11:23:00.340607+01:00,  soc=52.0,  volt=51.97,  volt_delta=-0.83, volt_rate_per_min=-0.83, volt_status=NORMAL, batt_w=1006.0,  batt_mode=discharge,  batt_discharge_w=1006.0,  batt_charge_w=0,  load_w=1768.0, zone=unknown,  grid_charge=off, ev_charging_active=off, ev_charge_end=2026-02-23 05:00:02, ev_webhook_count=104, max_discharge_a=65, max_charge_a=90, max_grid_charge_a=64, soc_limit_a=60, volt_penalty_a=10, voltage_protected_limit_a=50, soc_power_w=3118, is_critical_soc=False
2026-02-28T11:24:00.339999+01:00,  soc=52.0,  volt=52.01,  volt_delta=-0.79, volt_rate_per_min=-0.79, volt_status=NORMAL, batt_w=807.0,  batt_mode=discharge,  batt_discharge_w=807.0,  batt_charge_w=0,  load_w=1768.0, zone=unknown,  grid_charge=off, ev_charging_active=off, ev_charge_end=2026-02-23 05:00:02, ev_webhook_count=104, max_discharge_a=65, max_charge_a=90, max_grid_charge_a=64, soc_limit_a=60, volt_penalty_a=10, voltage_protected_limit_a=50, soc_power_w=3121, is_critical_soc=False
2026-02-28T11:25:00.339967+01:00,  soc=52.0,  volt=52.01,  volt_delta=-0.79, volt_rate_per_min=-0.79, volt_status=NORMAL, batt_w=864.0,  batt_mode=discharge,  batt_discharge_w=864.0,  batt_charge_w=0,  load_w=1768.0, zone=unknown,  grid_charge=off, ev_charging_active=off, ev_charge_end=2026-02-23 05:00:02, ev_webhook_count=104, max_discharge_a=65, max_charge_a=90, max_grid_charge_a=64, soc_limit_a=60, volt_penalty_a=10, voltage_protected_limit_a=50, soc_power_w=3121, is_critical_soc=False
2026-02-28T11:26:00.340801+01:00,  soc=51.0,  volt=52.01,  volt_delta=-0.79, volt_rate_per_min=-0.79, volt_status=NORMAL, batt_w=864.0,  batt_mode=discharge,  batt_discharge_w=864.0,  batt_charge_w=0,  load_w=1678.0, zone=unknown,  grid_charge=off, ev_charging_active=off, ev_charge_end=2026-02-23 05:00:02, ev_webhook_count=104, max_discharge_a=65, max_charge_a=90, max_grid_charge_a=64, soc_limit_a=60, volt_penalty_a=10, voltage_protected_limit_a=50, soc_power_w=3121, is_critical_soc=False
2026-02-28T11:27:00.340861+01:00,  soc=51.0,  volt=52.01,  volt_delta=-0.79, volt_rate_per_min=-0.79, volt_status=NORMAL, batt_w=864.0,  batt_mode=discharge,  batt_discharge_w=864.0,  batt_charge_w=0,  load_w=1678.0, zone=unknown,  grid_charge=off, ev_charging_active=off, ev_charge_end=2026-02-23 05:00:02, ev_webhook_count=104, max_discharge_a=65, max_charge_a=90, max_grid_charge_a=64, soc_limit_a=60, volt_penalty_a=10, voltage_protected_limit_a=50, soc_power_w=3121, is_critical_soc=False
2026-02-28T11:28:00.340680+01:00,  soc=51.0,  volt=52.01,  volt_delta=-0.79, volt_rate_per_min=-0.79, volt_status=NORMAL, batt_w=864.0,  batt_mode=discharge,  batt_discharge_w=864.0,  batt_charge_w=0,  load_w=3799.0, zone=unknown,  grid_charge=off, ev_charging_active=off, ev_charge_end=2026-02-23 05:00:02, ev_webhook_count=104, max_discharge_a=65, max_charge_a=90, max_grid_charge_a=64, soc_limit_a=60, volt_penalty_a=10, voltage_protected_limit_a=50, soc_power_w=3121, is_critical_soc=False
2026-02-28T11:29:00.339973+01:00,  soc=51.0,  volt=52.01,  volt_delta=-0.79, volt_rate_per_min=-0.79, volt_status=NORMAL, batt_w=864.0,  batt_mode=discharge,  batt_discharge_w=864.0,  batt_charge_w=0,  load_w=1711.0, zone=unknown,  grid_charge=off, ev_charging_active=off, ev_charge_end=2026-02-23 05:00:02, ev_webhook_count=104, max_discharge_a=65, max_charge_a=90, max_grid_charge_a=64, soc_limit_a=60, volt_penalty_a=10, voltage_protected_limit_a=50, soc_power_w=3121, is_critical_soc=False
2026-02-28T11:30:00.340417+01:00,  soc=51.0,  volt=52.01,  volt_delta=-0.79, volt_rate_per_min=-0.79, volt_status=NORMAL, batt_w=864.0,  batt_mode=discharge,  batt_discharge_w=864.0,  batt_charge_w=0,  load_w=1711.0, zone=unknown,  grid_charge=off, ev_charging_active=off, ev_charge_end=2026-02-23 05:00:02, ev_webhook_count=104, max_discharge_a=65, max_charge_a=90, max_grid_charge_a=64, soc_limit_a=60, volt_penalty_a=10, voltage_protected_limit_a=50, soc_power_w=3121, is_critical_soc=False
2026-02-28T11:31:00.339888+01:00,  soc=51.0,  volt=52.01,  volt_delta=-0.79, volt_rate_per_min=-0.79, volt_status=NORMAL, batt_w=792.0,  batt_mode=discharge,  batt_discharge_w=792.0,  batt_charge_w=0,  load_w=1711.0, zone=unknown,  grid_charge=off, ev_charging_active=off, ev_charge_end=2026-02-23 05:00:02, ev_webhook_count=104, max_discharge_a=65, max_charge_a=90, max_grid_charge_a=64, soc_limit_a=60, volt_penalty_a=10, voltage_protected_limit_a=50, soc_power_w=3121, is_critical_soc=False
2026-02-28T11:32:00.339923+01:00,  soc=50.0,  volt=52.01,  volt_delta=-0.79, volt_rate_per_min=-0.79, volt_status=NORMAL, batt_w=792.0,  batt_mode=discharge,  batt_discharge_w=792.0,  batt_charge_w=0,  load_w=1711.0, zone=unknown,  grid_charge=off, ev_charging_active=off, ev_charge_end=2026-02-23 05:00:02, ev_webhook_count=104, max_discharge_a=65, max_charge_a=90, max_grid_charge_a=64, soc_limit_a=60, volt_penalty_a=10, voltage_protected_limit_a=50, soc_power_w=3121, is_critical_soc=False
2026-02-28T11:33:00.340896+01:00,  soc=50.0,  volt=52.09,  volt_delta=-0.71, volt_rate_per_min=-0.71, volt_status=NORMAL, batt_w=759.0,  batt_mode=discharge,  batt_discharge_w=759.0,  batt_charge_w=0,  load_w=1702.0, zone=unknown,  grid_charge=off, ev_charging_active=off, ev_charge_end=2026-02-23 05:00:02, ev_webhook_count=104, max_discharge_a=65, max_charge_a=90, max_grid_charge_a=64, soc_limit_a=60, volt_penalty_a=10, voltage_protected_limit_a=50, soc_power_w=3125, is_critical_soc=False
2026-02-28T11:34:00.340100+01:00,  soc=50.0,  volt=52.09,  volt_delta=-0.71, volt_rate_per_min=-0.71, volt_status=NORMAL, batt_w=759.0,  batt_mode=discharge,  batt_discharge_w=759.0,  batt_charge_w=0,  load_w=1702.0, zone=unknown,  grid_charge=off, ev_charging_active=off, ev_charge_end=2026-02-23 05:00:02, ev_webhook_count=104, max_discharge_a=65, max_charge_a=90, max_grid_charge_a=64, soc_limit_a=60, volt_penalty_a=10, voltage_protected_limit_a=50, soc_power_w=3125, is_critical_soc=False
2026-02-28T11:35:00.340647+01:00,  soc=50.0,  volt=52.09,  volt_delta=-0.71, volt_rate_per_min=-0.71, volt_status=NORMAL, batt_w=759.0,  batt_mode=discharge,  batt_discharge_w=759.0,  batt_charge_w=0,  load_w=1702.0, zone=unknown,  grid_charge=off, ev_charging_active=off, ev_charge_end=2026-02-23 05:00:02, ev_webhook_count=104, max_discharge_a=65, max_charge_a=90, max_grid_charge_a=64, soc_limit_a=60, volt_penalty_a=10, voltage_protected_limit_a=50, soc_power_w=3125, is_critical_soc=False
2026-02-28T11:36:00.340539+01:00,  soc=50.0,  volt=52.09,  volt_delta=-0.71, volt_rate_per_min=-0.71, volt_status=NORMAL, batt_w=759.0,  batt_mode=discharge,  batt_discharge_w=759.0,  batt_charge_w=0,  load_w=1702.0, zone=unknown,  grid_charge=off, ev_charging_active=off, ev_charge_end=2026-02-23 05:00:02, ev_webhook_count=104, max_discharge_a=65, max_charge_a=90, max_grid_charge_a=64, soc_limit_a=60, volt_penalty_a=10, voltage_protected_limit_a=50, soc_power_w=3125, is_critical_soc=False
2026-02-28T11:37:00.340077+01:00,  soc=50.0,  volt=52.25,  volt_delta=-0.55, volt_rate_per_min=-0.55, volt_status=NORMAL, batt_w=245.0,  batt_mode=discharge,  batt_discharge_w=245.0,  batt_charge_w=0,  load_w=1019.0, zone=unknown,  grid_charge=off, ev_charging_active=off, ev_charge_end=2026-02-23 05:00:02, ev_webhook_count=104, max_discharge_a=65, max_charge_a=90, max_grid_charge_a=64, soc_limit_a=60, volt_penalty_a=10, voltage_protected_limit_a=50, soc_power_w=3135, is_critical_soc=False
2026-02-28T11:38:00.340251+01:00,  soc=50.0,  volt=52.41,  volt_delta=-0.39, volt_rate_per_min=-0.39, volt_status=NORMAL, batt_w=26.0,  batt_mode=idle,  batt_discharge_w=26.0,  batt_charge_w=0,  load_w=1008.0, zone=unknown,  grid_charge=off, ev_charging_active=off, ev_charge_end=2026-02-23 05:00:02, ev_webhook_count=104, max_discharge_a=65, max_charge_a=90, max_grid_charge_a=64, soc_limit_a=60, volt_penalty_a=5, voltage_protected_limit_a=55, soc_power_w=3145, is_critical_soc=False
2026-02-28T11:39:00.340266+01:00,  soc=50.0,  volt=52.41,  volt_delta=-0.39, volt_rate_per_min=-0.39, volt_status=NORMAL, batt_w=26.0,  batt_mode=idle,  batt_discharge_w=26.0,  batt_charge_w=0,  load_w=1072.0, zone=unknown,  grid_charge=off, ev_charging_active=off, ev_charge_end=2026-02-23 05:00:02, ev_webhook_count=104, max_discharge_a=65, max_charge_a=90, max_grid_charge_a=64, soc_limit_a=60, volt_penalty_a=5, voltage_protected_limit_a=55, soc_power_w=3145, is_critical_soc=False
2026-02-28T11:40:00.340509+01:00,  soc=50.0,  volt=52.41,  volt_delta=-0.39, volt_rate_per_min=-0.39, volt_status=NORMAL, batt_w=123.0,  batt_mode=discharge,  batt_discharge_w=123.0,  batt_charge_w=0,  load_w=1072.0, zone=unknown,  grid_charge=off, ev_charging_active=off, ev_charge_end=2026-02-23 05:00:02, ev_webhook_count=104, max_discharge_a=65, max_charge_a=90, max_grid_charge_a=64, soc_limit_a=60, volt_penalty_a=5, voltage_protected_limit_a=55, soc_power_w=3145, is_critical_soc=False
2026-02-28T11:41:00.339999+01:00,  soc=50.0,  volt=52.41,  volt_delta=-0.39, volt_rate_per_min=-0.39, volt_status=NORMAL, batt_w=353.0,  batt_mode=discharge,  batt_discharge_w=353.0,  batt_charge_w=0,  load_w=1306.0, zone=unknown,  grid_charge=off, ev_charging_active=off, ev_charge_end=2026-02-23 05:00:02, ev_webhook_count=104, max_discharge_a=65, max_charge_a=90, max_grid_charge_a=64, soc_limit_a=60, volt_penalty_a=5, voltage_protected_limit_a=55, soc_power_w=3145, is_critical_soc=False
2026-02-28T11:42:00.341306+01:00,  soc=50.0,  volt=52.31,  volt_delta=-0.49, volt_rate_per_min=-0.49, volt_status=NORMAL, batt_w=417.0,  batt_mode=discharge,  batt_discharge_w=417.0,  batt_charge_w=0,  load_w=1306.0, zone=unknown,  grid_charge=off, ev_charging_active=off, ev_charge_end=2026-02-23 05:00:02, ev_webhook_count=104, max_discharge_a=65, max_charge_a=90, max_grid_charge_a=64, soc_limit_a=60, volt_penalty_a=10, voltage_protected_limit_a=50, soc_power_w=3139, is_critical_soc=False
2026-02-28T11:43:00.340220+01:00,  soc=50.0,  volt=52.28,  volt_delta=-0.52, volt_rate_per_min=-0.52, volt_status=NORMAL, batt_w=473.0,  batt_mode=discharge,  batt_discharge_w=473.0,  batt_charge_w=0,  load_w=1297.0, zone=unknown,  grid_charge=off, ev_charging_active=off, ev_charge_end=2026-02-23 05:00:02, ev_webhook_count=104, max_discharge_a=65, max_charge_a=90, max_grid_charge_a=64, soc_limit_a=60, volt_penalty_a=10, voltage_protected_limit_a=50, soc_power_w=3137, is_critical_soc=False
2026-02-28T11:44:00.340502+01:00,  soc=50.0,  volt=52.28,  volt_delta=-0.52, volt_rate_per_min=-0.52, volt_status=NORMAL, batt_w=473.0,  batt_mode=discharge,  batt_discharge_w=473.0,  batt_charge_w=0,  load_w=1297.0, zone=unknown,  grid_charge=off, ev_charging_active=off, ev_charge_end=2026-02-23 05:00:02, ev_webhook_count=104, max_discharge_a=65, max_charge_a=90, max_grid_charge_a=64, soc_limit_a=60, volt_penalty_a=10, voltage_protected_limit_a=50, soc_power_w=3137, is_critical_soc=False
2026-02-28T11:45:00.340231+01:00,  soc=49.0,  volt=52.28,  volt_delta=-0.52, volt_rate_per_min=-0.52, volt_status=NORMAL, batt_w=473.0,  batt_mode=discharge,  batt_discharge_w=473.0,  batt_charge_w=0,  load_w=1297.0, zone=unknown,  grid_charge=off, ev_charging_active=off, ev_charge_end=2026-02-23 05:00:02, ev_webhook_count=104, max_discharge_a=60, max_charge_a=90, max_grid_charge_a=64, soc_limit_a=60, volt_penalty_a=10, voltage_protected_limit_a=50, soc_power_w=3137, is_critical_soc=False
2026-02-28T11:46:00.340797+01:00,  soc=49.0,  volt=52.28,  volt_delta=-0.52, volt_rate_per_min=-0.52, volt_status=NORMAL, batt_w=473.0,  batt_mode=discharge,  batt_discharge_w=473.0,  batt_charge_w=0,  load_w=1297.0, zone=unknown,  grid_charge=off, ev_charging_active=off, ev_charge_end=2026-02-23 05:00:02, ev_webhook_count=104, max_discharge_a=60, max_charge_a=90, max_grid_charge_a=64, soc_limit_a=60, volt_penalty_a=10, voltage_protected_limit_a=50, soc_power_w=3137, is_critical_soc=False
2026-02-28T11:47:00.340430+01:00,  soc=49.0,  volt=52.28,  volt_delta=-0.52, volt_rate_per_min=-0.52, volt_status=NORMAL, batt_w=535.0,  batt_mode=discharge,  batt_discharge_w=535.0,  batt_charge_w=0,  load_w=1297.0, zone=unknown,  grid_charge=off, ev_charging_active=off, ev_charge_end=2026-02-23 05:00:02, ev_webhook_count=104, max_discharge_a=60, max_charge_a=90, max_grid_charge_a=64, soc_limit_a=60, volt_penalty_a=10, voltage_protected_limit_a=50, soc_power_w=3137, is_critical_soc=False
2026-02-28T11:48:00.340682+01:00,  soc=49.0,  volt=52.28,  volt_delta=-0.52, volt_rate_per_min=-0.52, volt_status=NORMAL, batt_w=535.0,  batt_mode=discharge,  batt_discharge_w=535.0,  batt_charge_w=0,  load_w=1297.0, zone=unknown,  grid_charge=off, ev_charging_active=off, ev_charge_end=2026-02-23 05:00:02, ev_webhook_count=104, max_discharge_a=60, max_charge_a=90, max_grid_charge_a=64, soc_limit_a=60, volt_penalty_a=10, voltage_protected_limit_a=50, soc_power_w=3137, is_critical_soc=False
2026-02-28T11:49:00.340512+01:00,  soc=49.0,  volt=52.21,  volt_delta=-0.59, volt_rate_per_min=-0.59, volt_status=NORMAL, batt_w=535.0,  batt_mode=discharge,  batt_discharge_w=535.0,  batt_charge_w=0,  load_w=1326.0, zone=unknown,  grid_charge=off, ev_charging_active=off, ev_charge_end=2026-02-23 05:00:02, ev_webhook_count=104, max_discharge_a=60, max_charge_a=90, max_grid_charge_a=64, soc_limit_a=60, volt_penalty_a=10, voltage_protected_limit_a=50, soc_power_w=3133, is_critical_soc=False
2026-02-28T11:50:00.340010+01:00,  soc=49.0,  volt=52.21,  volt_delta=-0.59, volt_rate_per_min=-0.59, volt_status=NORMAL, batt_w=436.0,  batt_mode=discharge,  batt_discharge_w=436.0,  batt_charge_w=0,  load_w=1326.0, zone=unknown,  grid_charge=off, ev_charging_active=off, ev_charge_end=2026-02-23 05:00:02, ev_webhook_count=104, max_discharge_a=60, max_charge_a=90, max_grid_charge_a=64, soc_limit_a=60, volt_penalty_a=10, voltage_protected_limit_a=50, soc_power_w=3133, is_critical_soc=False
2026-02-28T11:51:00.340023+01:00,  soc=49.0,  volt=52.21,  volt_delta=-0.59, volt_rate_per_min=-0.59, volt_status=NORMAL, batt_w=375.0,  batt_mode=discharge,  batt_discharge_w=375.0,  batt_charge_w=0,  load_w=1326.0, zone=unknown,  grid_charge=off, ev_charging_active=off, ev_charge_end=2026-02-23 05:00:02, ev_webhook_count=104, max_discharge_a=60, max_charge_a=90, max_grid_charge_a=64, soc_limit_a=60, volt_penalty_a=10, voltage_protected_limit_a=50, soc_power_w=3133, is_critical_soc=False
2026-02-28T11:52:00.341214+01:00,  soc=49.0,  volt=52.31,  volt_delta=-0.49, volt_rate_per_min=-0.49, volt_status=NORMAL, batt_w=292.0,  batt_mode=discharge,  batt_discharge_w=292.0,  batt_charge_w=0,  load_w=1326.0, zone=unknown,  grid_charge=off, ev_charging_active=off, ev_charge_end=2026-02-23 05:00:02, ev_webhook_count=104, max_discharge_a=60, max_charge_a=90, max_grid_charge_a=64, soc_limit_a=60, volt_penalty_a=10, voltage_protected_limit_a=50, soc_power_w=3139, is_critical_soc=False
2026-02-28T11:53:00.340045+01:00,  soc=49.0,  volt=52.36,  volt_delta=-0.44, volt_rate_per_min=-0.44, volt_status=NORMAL, batt_w=238.0,  batt_mode=discharge,  batt_discharge_w=238.0,  batt_charge_w=0,  load_w=1326.0, zone=unknown,  grid_charge=off, ev_charging_active=off, ev_charge_end=2026-02-23 05:00:02, ev_webhook_count=104, max_discharge_a=60, max_charge_a=90, max_grid_charge_a=64, soc_limit_a=60, volt_penalty_a=10, voltage_protected_limit_a=50, soc_power_w=3142, is_critical_soc=False
2026-02-28T11:54:00.340428+01:00,  soc=49.0,  volt=52.36,  volt_delta=-0.44, volt_rate_per_min=-0.44, volt_status=NORMAL, batt_w=238.0,  batt_mode=discharge,  batt_discharge_w=238.0,  batt_charge_w=0,  load_w=1362.0, zone=unknown,  grid_charge=off, ev_charging_active=off, ev_charge_end=2026-02-23 05:00:02, ev_webhook_count=104, max_discharge_a=60, max_charge_a=90, max_grid_charge_a=64, soc_limit_a=60, volt_penalty_a=10, voltage_protected_limit_a=50, soc_power_w=3142, is_critical_soc=False
2026-02-28T11:55:00.340164+01:00,  soc=49.0,  volt=52.36,  volt_delta=-0.44, volt_rate_per_min=-0.44, volt_status=NORMAL, batt_w=238.0,  batt_mode=discharge,  batt_discharge_w=238.0,  batt_charge_w=0,  load_w=1362.0, zone=unknown,  grid_charge=off, ev_charging_active=off, ev_charge_end=2026-02-23 05:00:02, ev_webhook_count=104, max_discharge_a=60, max_charge_a=90, max_grid_charge_a=64, soc_limit_a=60, volt_penalty_a=10, voltage_protected_limit_a=50, soc_power_w=3142, is_critical_soc=False
2026-02-28T11:56:00.340694+01:00,  soc=49.0,  volt=52.36,  volt_delta=-0.44, volt_rate_per_min=-0.44, volt_status=NORMAL, batt_w=238.0,  batt_mode=discharge,  batt_discharge_w=238.0,  batt_charge_w=0,  load_w=1362.0, zone=unknown,  grid_charge=off, ev_charging_active=off, ev_charge_end=2026-02-23 05:00:02, ev_webhook_count=104, max_discharge_a=60, max_charge_a=90, max_grid_charge_a=64, soc_limit_a=60, volt_penalty_a=10, voltage_protected_limit_a=50, soc_power_w=3142, is_critical_soc=False
2026-02-28T11:57:00.339915+01:00,  soc=49.0,  volt=52.36,  volt_delta=-0.44, volt_rate_per_min=-0.44, volt_status=NORMAL, batt_w=304.0,  batt_mode=discharge,  batt_discharge_w=304.0,  batt_charge_w=0,  load_w=1418.0, zone=unknown,  grid_charge=off, ev_charging_active=off, ev_charge_end=2026-02-23 05:00:02, ev_webhook_count=104, max_discharge_a=60, max_charge_a=90, max_grid_charge_a=64, soc_limit_a=60, volt_penalty_a=10, voltage_protected_limit_a=50, soc_power_w=3142, is_critical_soc=False
2026-02-28T11:58:00.339869+01:00,  soc=49.0,  volt=52.36,  volt_delta=-0.44, volt_rate_per_min=-0.44, volt_status=NORMAL, batt_w=304.0,  batt_mode=discharge,  batt_discharge_w=304.0,  batt_charge_w=0,  load_w=1418.0, zone=unknown,  grid_charge=off, ev_charging_active=off, ev_charge_end=2026-02-23 05:00:02, ev_webhook_count=104, max_discharge_a=60, max_charge_a=90, max_grid_charge_a=64, soc_limit_a=60, volt_penalty_a=10, voltage_protected_limit_a=50, soc_power_w=3142, is_critical_soc=False
2026-02-28T11:59:00.339767+01:00,  soc=48.0,  volt=52.36,  volt_delta=-0.44, volt_rate_per_min=-0.44, volt_status=NORMAL, batt_w=370.0,  batt_mode=discharge,  batt_discharge_w=370.0,  batt_charge_w=0,  load_w=1402.0, zone=unknown,  grid_charge=off, ev_charging_active=off, ev_charge_end=2026-02-23 05:00:02, ev_webhook_count=104, max_discharge_a=60, max_charge_a=90, max_grid_charge_a=64, soc_limit_a=60, volt_penalty_a=10, voltage_protected_limit_a=50, soc_power_w=3142, is_critical_soc=False
2026-02-28T12:00:00.340225+01:00,  soc=48.0,  volt=52.36,  volt_delta=-0.44, volt_rate_per_min=-0.44, volt_status=NORMAL, batt_w=370.0,  batt_mode=discharge,  batt_discharge_w=370.0,  batt_charge_w=0,  load_w=1402.0, zone=unknown,  grid_charge=off, ev_charging_active=off, ev_charge_end=2026-02-23 05:00:02, ev_webhook_count=104, max_discharge_a=60, max_charge_a=90, max_grid_charge_a=64, soc_limit_a=60, volt_penalty_a=10, voltage_protected_limit_a=50, soc_power_w=3142, is_critical_soc=False
2026-02-28T12:01:00.340882+01:00,  soc=48.0,  volt=52.36,  volt_delta=-0.44, volt_rate_per_min=-0.44, volt_status=NORMAL, batt_w=430.0,  batt_mode=discharge,  batt_discharge_w=430.0,  batt_charge_w=0,  load_w=1402.0, zone=unknown,  grid_charge=off, ev_charging_active=off, ev_charge_end=2026-02-23 05:00:02, ev_webhook_count=104, max_discharge_a=60, max_charge_a=90, max_grid_charge_a=64, soc_limit_a=60, volt_penalty_a=10, voltage_protected_limit_a=50, soc_power_w=3142, is_critical_soc=False
2026-02-28T12:02:00.340253+01:00,  soc=48.0,  volt=52.36,  volt_delta=-0.44, volt_rate_per_min=-0.44, volt_status=NORMAL, batt_w=541.0,  batt_mode=discharge,  batt_discharge_w=541.0,  batt_charge_w=0,  load_w=1402.0, zone=unknown,  grid_charge=off, ev_charging_active=off, ev_charge_end=2026-02-23 05:00:02, ev_webhook_count=104, max_discharge_a=60, max_charge_a=90, max_grid_charge_a=64, soc_limit_a=60, volt_penalty_a=10, voltage_protected_limit_a=50, soc_power_w=3142, is_critical_soc=False
2026-02-28T12:03:00.340635+01:00,  soc=48.0,  volt=52.21,  volt_delta=-0.59, volt_rate_per_min=-0.59, volt_status=NORMAL, batt_w=605.0,  batt_mode=discharge,  batt_discharge_w=605.0,  batt_charge_w=0,  load_w=1402.0, zone=unknown,  grid_charge=off, ev_charging_active=off, ev_charge_end=2026-02-23 05:00:02, ev_webhook_count=104, max_discharge_a=60, max_charge_a=90, max_grid_charge_a=64, soc_limit_a=60, volt_penalty_a=10, voltage_protected_limit_a=50, soc_power_w=3133, is_critical_soc=False
2026-02-28T12:04:00.340226+01:00,  soc=48.0,  volt=52.21,  volt_delta=-0.59, volt_rate_per_min=-0.59, volt_status=NORMAL, batt_w=605.0,  batt_mode=discharge,  batt_discharge_w=605.0,  batt_charge_w=0,  load_w=1402.0, zone=unknown,  grid_charge=off, ev_charging_active=off, ev_charge_end=2026-02-23 05:00:02, ev_webhook_count=104, max_discharge_a=60, max_charge_a=90, max_grid_charge_a=64, soc_limit_a=60, volt_penalty_a=10, voltage_protected_limit_a=50, soc_power_w=3133, is_critical_soc=False
2026-02-28T12:05:00.340349+01:00,  soc=48.0,  volt=52.12,  volt_delta=-0.68, volt_rate_per_min=-0.68, volt_status=NORMAL, batt_w=626.0,  batt_mode=discharge,  batt_discharge_w=626.0,  batt_charge_w=0,  load_w=1367.0, zone=unknown,  grid_charge=off, ev_charging_active=off, ev_charge_end=2026-02-23 05:00:02, ev_webhook_count=104, max_discharge_a=60, max_charge_a=90, max_grid_charge_a=64, soc_limit_a=60, volt_penalty_a=10, voltage_protected_limit_a=50, soc_power_w=3127, is_critical_soc=False
2026-02-28T12:06:00.340055+01:00,  soc=48.0,  volt=52.12,  volt_delta=-0.68, volt_rate_per_min=-0.68, volt_status=NORMAL, batt_w=626.0,  batt_mode=discharge,  batt_discharge_w=626.0,  batt_charge_w=0,  load_w=1367.0, zone=unknown,  grid_charge=off, ev_charging_active=off, ev_charge_end=2026-02-23 05:00:02, ev_webhook_count=104, max_discharge_a=60, max_charge_a=90, max_grid_charge_a=64, soc_limit_a=60, volt_penalty_a=10, voltage_protected_limit_a=50, soc_power_w=3127, is_critical_soc=False
2026-02-28T12:07:00.340621+01:00,  soc=48.0,  volt=52.12,  volt_delta=-0.68, volt_rate_per_min=-0.68, volt_status=NORMAL, batt_w=626.0,  batt_mode=discharge,  batt_discharge_w=626.0,  batt_charge_w=0,  load_w=1367.0, zone=unknown,  grid_charge=off, ev_charging_active=off, ev_charge_end=2026-02-23 05:00:02, ev_webhook_count=104, max_discharge_a=60, max_charge_a=90, max_grid_charge_a=64, soc_limit_a=60, volt_penalty_a=10, voltage_protected_limit_a=50, soc_power_w=3127, is_critical_soc=False
2026-02-28T12:08:00.340076+01:00,  soc=48.0,  volt=52.12,  volt_delta=-0.68, volt_rate_per_min=-0.68, volt_status=NORMAL, batt_w=626.0,  batt_mode=discharge,  batt_discharge_w=626.0,  batt_charge_w=0,  load_w=1367.0, zone=unknown,  grid_charge=off, ev_charging_active=off, ev_charge_end=2026-02-23 05:00:02, ev_webhook_count=104, max_discharge_a=60, max_charge_a=90, max_grid_charge_a=64, soc_limit_a=60, volt_penalty_a=10, voltage_protected_limit_a=50, soc_power_w=3127, is_critical_soc=False
2026-02-28T12:09:00.340388+01:00,  soc=47.0,  volt=52.12,  volt_delta=-0.68, volt_rate_per_min=-0.68, volt_status=NORMAL, batt_w=626.0,  batt_mode=discharge,  batt_discharge_w=626.0,  batt_charge_w=0,  load_w=1367.0, zone=unknown,  grid_charge=off, ev_charging_active=off, ev_charge_end=2026-02-23 05:00:02, ev_webhook_count=104, max_discharge_a=60, max_charge_a=90, max_grid_charge_a=64, soc_limit_a=60, volt_penalty_a=10, voltage_protected_limit_a=50, soc_power_w=3127, is_critical_soc=False
2026-02-28T12:10:00.340552+01:00,  soc=47.0,  volt=52.12,  volt_delta=-0.68, volt_rate_per_min=-0.68, volt_status=NORMAL, batt_w=626.0,  batt_mode=discharge,  batt_discharge_w=626.0,  batt_charge_w=0,  load_w=1388.0, zone=unknown,  grid_charge=off, ev_charging_active=off, ev_charge_end=2026-02-23 05:00:02, ev_webhook_count=104, max_discharge_a=60, max_charge_a=90, max_grid_charge_a=64, soc_limit_a=60, volt_penalty_a=10, voltage_protected_limit_a=50, soc_power_w=3127, is_critical_soc=False
2026-02-28T12:11:00.339958+01:00,  soc=47.0,  volt=51.38,  volt_delta=-1.42, volt_rate_per_min=-1.42, volt_status=NORMAL, batt_w=2773.0,  batt_mode=discharge,  batt_discharge_w=2773.0,  batt_charge_w=0,  load_w=1388.0, zone=unknown,  grid_charge=off, ev_charging_active=off, ev_charge_end=2026-02-23 05:00:02, ev_webhook_count=104, max_discharge_a=60, max_charge_a=90, max_grid_charge_a=64, soc_limit_a=60, volt_penalty_a=10, voltage_protected_limit_a=50, soc_power_w=3083, is_critical_soc=False
2026-02-28T12:12:00.340678+01:00,  soc=47.0,  volt=52.06,  volt_delta=-0.74, volt_rate_per_min=-0.74, volt_status=NORMAL, batt_w=664.0,  batt_mode=discharge,  batt_discharge_w=664.0,  batt_charge_w=0,  load_w=1388.0, zone=unknown,  grid_charge=off, ev_charging_active=off, ev_charge_end=2026-02-23 05:00:02, ev_webhook_count=104, max_discharge_a=60, max_charge_a=90, max_grid_charge_a=64, soc_limit_a=60, volt_penalty_a=10, voltage_protected_limit_a=50, soc_power_w=3124, is_critical_soc=False
2026-02-28T12:13:00.340607+01:00,  soc=47.0,  volt=52.11,  volt_delta=-0.69, volt_rate_per_min=-0.69, volt_status=NORMAL, batt_w=651.0,  batt_mode=discharge,  batt_discharge_w=651.0,  batt_charge_w=0,  load_w=1388.0, zone=unknown,  grid_charge=off, ev_charging_active=off, ev_charge_end=2026-02-23 05:00:02, ev_webhook_count=104, max_discharge_a=60, max_charge_a=90, max_grid_charge_a=64, soc_limit_a=60, volt_penalty_a=10, voltage_protected_limit_a=50, soc_power_w=3127, is_critical_soc=False
2026-02-28T12:14:00.340200+01:00,  soc=47.0,  volt=52.11,  volt_delta=-0.69, volt_rate_per_min=-0.69, volt_status=NORMAL, batt_w=614.0,  batt_mode=discharge,  batt_discharge_w=614.0,  batt_charge_w=0,  load_w=1388.0, zone=unknown,  grid_charge=off, ev_charging_active=off, ev_charge_end=2026-02-23 05:00:02, ev_webhook_count=104, max_discharge_a=60, max_charge_a=90, max_grid_charge_a=64, soc_limit_a=60, volt_penalty_a=10, voltage_protected_limit_a=50, soc_power_w=3127, is_critical_soc=False
2026-02-28T12:15:00.340022+01:00,  soc=47.0,  volt=52.11,  volt_delta=-0.69, volt_rate_per_min=-0.69, volt_status=NORMAL, batt_w=614.0,  batt_mode=discharge,  batt_discharge_w=614.0,  batt_charge_w=0,  load_w=1417.0, zone=unknown,  grid_charge=off, ev_charging_active=off, ev_charge_end=2026-02-23 05:00:02, ev_webhook_count=104, max_discharge_a=60, max_charge_a=90, max_grid_charge_a=64, soc_limit_a=60, volt_penalty_a=10, voltage_protected_limit_a=50, soc_power_w=3127, is_critical_soc=False
2026-02-28T12:16:00.340015+01:00,  soc=47.0,  volt=52.11,  volt_delta=-0.69, volt_rate_per_min=-0.69, volt_status=NORMAL, batt_w=614.0,  batt_mode=discharge,  batt_discharge_w=614.0,  batt_charge_w=0,  load_w=1417.0, zone=unknown,  grid_charge=off, ev_charging_active=off, ev_charge_end=2026-02-23 05:00:02, ev_webhook_count=104, max_discharge_a=60, max_charge_a=90, max_grid_charge_a=64, soc_limit_a=60, volt_penalty_a=10, voltage_protected_limit_a=50, soc_power_w=3127, is_critical_soc=False
2026-02-28T12:17:00.339972+01:00,  soc=47.0,  volt=52.71,  volt_delta=-0.09, volt_rate_per_min=-0.09, volt_status=NORMAL, batt_w=-824.0,  batt_mode=charge,  batt_discharge_w=0,  batt_charge_w=824.0,  load_w=1417.0, zone=unknown,  grid_charge=off, ev_charging_active=off, ev_charge_end=2026-02-23 05:00:02, ev_webhook_count=104, max_discharge_a=60, max_charge_a=90, max_grid_charge_a=64, soc_limit_a=60, volt_penalty_a=0, voltage_protected_limit_a=60, soc_power_w=3163, is_critical_soc=False
2026-02-28T12:18:00.340644+01:00,  soc=47.0,  volt=52.71,  volt_delta=-0.09, volt_rate_per_min=-0.09, volt_status=NORMAL, batt_w=-824.0,  batt_mode=charge,  batt_discharge_w=0,  batt_charge_w=824.0,  load_w=1417.0, zone=unknown,  grid_charge=off, ev_charging_active=off, ev_charge_end=2026-02-23 05:00:02, ev_webhook_count=104, max_discharge_a=60, max_charge_a=90, max_grid_charge_a=64, soc_limit_a=60, volt_penalty_a=0, voltage_protected_limit_a=60, soc_power_w=3163, is_critical_soc=False
2026-02-28T12:19:00.340267+01:00,  soc=47.0,  volt=52.85,  volt_delta=0.05, volt_rate_per_min=0.05, volt_status=NORMAL, batt_w=-824.0,  batt_mode=charge,  batt_discharge_w=0,  batt_charge_w=824.0,  load_w=1417.0, zone=unknown,  grid_charge=off, ev_charging_active=off, ev_charge_end=2026-02-23 05:00:02, ev_webhook_count=104, max_discharge_a=60, max_charge_a=90, max_grid_charge_a=64, soc_limit_a=60, volt_penalty_a=0, voltage_protected_limit_a=60, soc_power_w=3171, is_critical_soc=False
2026-02-28T12:20:00.339996+01:00,  soc=47.0,  volt=52.85,  volt_delta=0.05, volt_rate_per_min=0.05, volt_status=NORMAL, batt_w=-824.0,  batt_mode=charge,  batt_discharge_w=0,  batt_charge_w=824.0,  load_w=1417.0, zone=unknown,  grid_charge=off, ev_charging_active=off, ev_charge_end=2026-02-23 05:00:02, ev_webhook_count=104, max_discharge_a=60, max_charge_a=90, max_grid_charge_a=64, soc_limit_a=60, volt_penalty_a=0, voltage_protected_limit_a=60, soc_power_w=3171, is_critical_soc=False
2026-02-28T12:21:00.341048+01:00,  soc=47.0,  volt=52.85,  volt_delta=0.05, volt_rate_per_min=0.05, volt_status=NORMAL, batt_w=-756.0,  batt_mode=charge,  batt_discharge_w=0,  batt_charge_w=756.0,  load_w=1419.0, zone=unknown,  grid_charge=off, ev_charging_active=off, ev_charge_end=2026-02-23 05:00:02, ev_webhook_count=104, max_discharge_a=60, max_charge_a=90, max_grid_charge_a=64, soc_limit_a=60, volt_penalty_a=0, voltage_protected_limit_a=60, soc_power_w=3171, is_critical_soc=False
2026-02-28T12:22:00.340696+01:00,  soc=47.0,  volt=52.85,  volt_delta=0.05, volt_rate_per_min=0.05, volt_status=NORMAL, batt_w=-756.0,  batt_mode=charge,  batt_discharge_w=0,  batt_charge_w=756.0,  load_w=1419.0, zone=unknown,  grid_charge=off, ev_charging_active=off, ev_charge_end=2026-02-23 05:00:02, ev_webhook_count=104, max_discharge_a=60, max_charge_a=90, max_grid_charge_a=64, soc_limit_a=60, volt_penalty_a=0, voltage_protected_limit_a=60, soc_power_w=3171, is_critical_soc=False
2026-02-28T12:23:00.340678+01:00,  soc=47.0,  volt=52.91,  volt_delta=0.11, volt_rate_per_min=0.11, volt_status=NORMAL, batt_w=-699.0,  batt_mode=charge,  batt_discharge_w=0,  batt_charge_w=699.0,  load_w=1419.0, zone=unknown,  grid_charge=off, ev_charging_active=off, ev_charge_end=2026-02-23 05:00:02, ev_webhook_count=104, max_discharge_a=60, max_charge_a=90, max_grid_charge_a=64, soc_limit_a=60, volt_penalty_a=0, voltage_protected_limit_a=60, soc_power_w=3175, is_critical_soc=False
2026-02-28T12:24:00.340488+01:00,  soc=48.0,  volt=52.91,  volt_delta=0.11, volt_rate_per_min=0.11, volt_status=NORMAL, batt_w=-627.0,  batt_mode=charge,  batt_discharge_w=0,  batt_charge_w=627.0,  load_w=1419.0, zone=unknown,  grid_charge=off, ev_charging_active=off, ev_charge_end=2026-02-23 05:00:02, ev_webhook_count=104, max_discharge_a=60, max_charge_a=90, max_grid_charge_a=64, soc_limit_a=60, volt_penalty_a=0, voltage_protected_limit_a=60, soc_power_w=3175, is_critical_soc=False
2026-02-28T12:25:00.340430+01:00,  soc=48.0,  volt=52.91,  volt_delta=0.11, volt_rate_per_min=0.11, volt_status=NORMAL, batt_w=-627.0,  batt_mode=charge,  batt_discharge_w=0,  batt_charge_w=627.0,  load_w=1419.0, zone=unknown,  grid_charge=off, ev_charging_active=off, ev_charge_end=2026-02-23 05:00:02, ev_webhook_count=104, max_discharge_a=60, max_charge_a=90, max_grid_charge_a=64, soc_limit_a=60, volt_penalty_a=0, voltage_protected_limit_a=60, soc_power_w=3175, is_critical_soc=False
2026-02-28T12:26:00.340119+01:00,  soc=48.0,  volt=52.91,  volt_delta=0.11, volt_rate_per_min=0.11, volt_status=NORMAL, batt_w=-627.0,  batt_mode=charge,  batt_discharge_w=0,  batt_charge_w=627.0,  load_w=1434.0, zone=unknown,  grid_charge=off, ev_charging_active=off, ev_charge_end=2026-02-23 05:00:02, ev_webhook_count=104, max_discharge_a=60, max_charge_a=90, max_grid_charge_a=64, soc_limit_a=60, volt_penalty_a=0, voltage_protected_limit_a=60, soc_power_w=3175, is_critical_soc=False
2026-02-28T12:27:00.340223+01:00,  soc=48.0,  volt=52.91,  volt_delta=0.11, volt_rate_per_min=0.11, volt_status=NORMAL, batt_w=-627.0,  batt_mode=charge,  batt_discharge_w=0,  batt_charge_w=627.0,  load_w=1434.0, zone=unknown,  grid_charge=off, ev_charging_active=off, ev_charge_end=2026-02-23 05:00:02, ev_webhook_count=104, max_discharge_a=60, max_charge_a=90, max_grid_charge_a=64, soc_limit_a=60, volt_penalty_a=0, voltage_protected_limit_a=60, soc_power_w=3175, is_critical_soc=False
2026-02-28T12:28:00.339970+01:00,  soc=48.0,  volt=52.91,  volt_delta=0.11, volt_rate_per_min=0.11, volt_status=NORMAL, batt_w=-627.0,  batt_mode=charge,  batt_discharge_w=0,  batt_charge_w=627.0,  load_w=1434.0, zone=unknown,  grid_charge=off, ev_charging_active=off, ev_charge_end=2026-02-23 05:00:02, ev_webhook_count=104, max_discharge_a=60, max_charge_a=90, max_grid_charge_a=64, soc_limit_a=60, volt_penalty_a=0, voltage_protected_limit_a=60, soc_power_w=3175, is_critical_soc=False
2026-02-28T12:29:00.339899+01:00,  soc=48.0,  volt=52.91,  volt_delta=0.11, volt_rate_per_min=0.11, volt_status=NORMAL, batt_w=-627.0,  batt_mode=charge,  batt_discharge_w=0,  batt_charge_w=627.0,  load_w=1434.0, zone=unknown,  grid_charge=off, ev_charging_active=off, ev_charge_end=2026-02-23 05:00:02, ev_webhook_count=104, max_discharge_a=60, max_charge_a=90, max_grid_charge_a=64, soc_limit_a=60, volt_penalty_a=0, voltage_protected_limit_a=60, soc_power_w=3175, is_critical_soc=False
2026-02-28T12:30:00.340416+01:00,  soc=48.0,  volt=52.91,  volt_delta=0.11, volt_rate_per_min=0.11, volt_status=NORMAL, batt_w=-627.0,  batt_mode=charge,  batt_discharge_w=0,  batt_charge_w=627.0,  load_w=1434.0, zone=unknown,  grid_charge=off, ev_charging_active=off, ev_charge_end=2026-02-23 05:00:02, ev_webhook_count=104, max_discharge_a=60, max_charge_a=90, max_grid_charge_a=64, soc_limit_a=60, volt_penalty_a=0, voltage_protected_limit_a=60, soc_power_w=3175, is_critical_soc=False
2026-02-28T12:31:00.340008+01:00,  soc=48.0,  volt=52.91,  volt_delta=0.11, volt_rate_per_min=0.11, volt_status=NORMAL, batt_w=-627.0,  batt_mode=charge,  batt_discharge_w=0,  batt_charge_w=627.0,  load_w=1466.0, zone=unknown,  grid_charge=off, ev_charging_active=off, ev_charge_end=2026-02-23 05:00:02, ev_webhook_count=104, max_discharge_a=60, max_charge_a=90, max_grid_charge_a=64, soc_limit_a=60, volt_penalty_a=0, voltage_protected_limit_a=60, soc_power_w=3175, is_critical_soc=False
2026-02-28T12:32:00.341220+01:00,  soc=48.0,  volt=52.91,  volt_delta=0.11, volt_rate_per_min=0.11, volt_status=NORMAL, batt_w=-627.0,  batt_mode=charge,  batt_discharge_w=0,  batt_charge_w=627.0,  load_w=1466.0, zone=unknown,  grid_charge=off, ev_charging_active=off, ev_charge_end=2026-02-23 05:00:02, ev_webhook_count=104, max_discharge_a=60, max_charge_a=90, max_grid_charge_a=64, soc_limit_a=60, volt_penalty_a=0, voltage_protected_limit_a=60, soc_power_w=3175, is_critical_soc=False
2026-02-28T12:33:00.340334+01:00,  soc=48.0,  volt=52.93,  volt_delta=0.13, volt_rate_per_min=0.13, volt_status=NORMAL, batt_w=-562.0,  batt_mode=charge,  batt_discharge_w=0,  batt_charge_w=562.0,  load_w=1471.0, zone=unknown,  grid_charge=off, ev_charging_active=off, ev_charge_end=2026-02-23 05:00:02, ev_webhook_count=104, max_discharge_a=60, max_charge_a=90, max_grid_charge_a=64, soc_limit_a=60, volt_penalty_a=0, voltage_protected_limit_a=60, soc_power_w=3176, is_critical_soc=False
2026-02-28T12:34:00.340417+01:00,  soc=49.0,  volt=52.93,  volt_delta=0.13, volt_rate_per_min=0.13, volt_status=NORMAL, batt_w=-562.0,  batt_mode=charge,  batt_discharge_w=0,  batt_charge_w=562.0,  load_w=1471.0, zone=unknown,  grid_charge=off, ev_charging_active=off, ev_charge_end=2026-02-23 05:00:02, ev_webhook_count=104, max_discharge_a=60, max_charge_a=90, max_grid_charge_a=64, soc_limit_a=60, volt_penalty_a=0, voltage_protected_limit_a=60, soc_power_w=3176, is_critical_soc=False
2026-02-28T12:35:00.340073+01:00,  soc=49.0,  volt=52.96,  volt_delta=0.16, volt_rate_per_min=0.16, volt_status=NORMAL, batt_w=-636.0,  batt_mode=charge,  batt_discharge_w=0,  batt_charge_w=636.0,  load_w=1471.0, zone=unknown,  grid_charge=off, ev_charging_active=off, ev_charge_end=2026-02-23 05:00:02, ev_webhook_count=104, max_discharge_a=60, max_charge_a=90, max_grid_charge_a=64, soc_limit_a=60, volt_penalty_a=0, voltage_protected_limit_a=60, soc_power_w=3178, is_critical_soc=False
2026-02-28T12:36:00.339901+01:00,  soc=49.0,  volt=52.96,  volt_delta=0.16, volt_rate_per_min=0.16, volt_status=NORMAL, batt_w=-636.0,  batt_mode=charge,  batt_discharge_w=0,  batt_charge_w=636.0,  load_w=1471.0, zone=unknown,  grid_charge=off, ev_charging_active=off, ev_charge_end=2026-02-23 05:00:02, ev_webhook_count=104, max_discharge_a=60, max_charge_a=90, max_grid_charge_a=64, soc_limit_a=60, volt_penalty_a=0, voltage_protected_limit_a=60, soc_power_w=3178, is_critical_soc=False
2026-02-28T12:37:00.340781+01:00,  soc=49.0,  volt=52.96,  volt_delta=0.16, volt_rate_per_min=0.16, volt_status=NORMAL, batt_w=-690.0,  batt_mode=charge,  batt_discharge_w=0,  batt_charge_w=690.0,  load_w=1477.0, zone=unknown,  grid_charge=off, ev_charging_active=off, ev_charge_end=2026-02-23 05:00:02, ev_webhook_count=104, max_discharge_a=60, max_charge_a=90, max_grid_charge_a=64, soc_limit_a=60, volt_penalty_a=0, voltage_protected_limit_a=60, soc_power_w=3178, is_critical_soc=False
2026-02-28T12:38:00.339945+01:00,  soc=49.0,  volt=52.96,  volt_delta=0.16, volt_rate_per_min=0.16, volt_status=NORMAL, batt_w=-690.0,  batt_mode=charge,  batt_discharge_w=0,  batt_charge_w=690.0,  load_w=1477.0, zone=unknown,  grid_charge=off, ev_charging_active=off, ev_charge_end=2026-02-23 05:00:02, ev_webhook_count=104, max_discharge_a=60, max_charge_a=90, max_grid_charge_a=64, soc_limit_a=60, volt_penalty_a=0, voltage_protected_limit_a=60, soc_power_w=3178, is_critical_soc=False
2026-02-28T12:39:00.340805+01:00,  soc=49.0,  volt=53.06,  volt_delta=0.26, volt_rate_per_min=0.26, volt_status=NORMAL, batt_w=-740.0,  batt_mode=charge,  batt_discharge_w=0,  batt_charge_w=740.0,  load_w=1477.0, zone=unknown,  grid_charge=off, ev_charging_active=off, ev_charge_end=2026-02-23 05:00:02, ev_webhook_count=104, max_discharge_a=60, max_charge_a=90, max_grid_charge_a=64, soc_limit_a=60, volt_penalty_a=0, voltage_protected_limit_a=60, soc_power_w=3184, is_critical_soc=False
2026-02-28T12:40:00.340944+01:00,  soc=49.0,  volt=53.06,  volt_delta=0.26, volt_rate_per_min=0.26, volt_status=NORMAL, batt_w=-740.0,  batt_mode=charge,  batt_discharge_w=0,  batt_charge_w=740.0,  load_w=1421.0, zone=unknown,  grid_charge=off, ev_charging_active=off, ev_charge_end=2026-02-23 05:00:02, ev_webhook_count=104, max_discharge_a=60, max_charge_a=90, max_grid_charge_a=64, soc_limit_a=60, volt_penalty_a=0, voltage_protected_limit_a=60, soc_power_w=3184, is_critical_soc=False
2026-02-28T12:41:00.340101+01:00,  soc=49.0,  volt=53.06,  volt_delta=0.26, volt_rate_per_min=0.26, volt_status=NORMAL, batt_w=-740.0,  batt_mode=charge,  batt_discharge_w=0,  batt_charge_w=740.0,  load_w=1421.0, zone=unknown,  grid_charge=off, ev_charging_active=off, ev_charge_end=2026-02-23 05:00:02, ev_webhook_count=104, max_discharge_a=60, max_charge_a=90, max_grid_charge_a=64, soc_limit_a=60, volt_penalty_a=0, voltage_protected_limit_a=60, soc_power_w=3184, is_critical_soc=False
2026-02-28T12:42:00.340321+01:00,  soc=49.0,  volt=53.06,  volt_delta=0.26, volt_rate_per_min=0.26, volt_status=NORMAL, batt_w=-684.0,  batt_mode=charge,  batt_discharge_w=0,  batt_charge_w=684.0,  load_w=1426.0, zone=unknown,  grid_charge=off, ev_charging_active=off, ev_charge_end=2026-02-23 05:00:02, ev_webhook_count=104, max_discharge_a=60, max_charge_a=90, max_grid_charge_a=64, soc_limit_a=60, volt_penalty_a=0, voltage_protected_limit_a=60, soc_power_w=3184, is_critical_soc=False
2026-02-28T12:43:00.340747+01:00,  soc=50.0,  volt=53.06,  volt_delta=0.26, volt_rate_per_min=0.26, volt_status=NORMAL, batt_w=-676.0,  batt_mode=charge,  batt_discharge_w=0,  batt_charge_w=676.0,  load_w=1426.0, zone=unknown,  grid_charge=off, ev_charging_active=off, ev_charge_end=2026-02-23 05:00:02, ev_webhook_count=104, max_discharge_a=65, max_charge_a=90, max_grid_charge_a=64, soc_limit_a=60, volt_penalty_a=0, voltage_protected_limit_a=60, soc_power_w=3184, is_critical_soc=False
2026-02-28T12:44:00.340388+01:00,  soc=50.0,  volt=53.06,  volt_delta=0.26, volt_rate_per_min=0.26, volt_status=NORMAL, batt_w=-622.0,  batt_mode=charge,  batt_discharge_w=0,  batt_charge_w=622.0,  load_w=1426.0, zone=unknown,  grid_charge=off, ev_charging_active=off, ev_charge_end=2026-02-23 05:00:02, ev_webhook_count=104, max_discharge_a=65, max_charge_a=90, max_grid_charge_a=64, soc_limit_a=60, volt_penalty_a=0, voltage_protected_limit_a=60, soc_power_w=3184, is_critical_soc=False
2026-02-28T12:45:00.340293+01:00,  soc=50.0,  volt=53.06,  volt_delta=0.26, volt_rate_per_min=0.26, volt_status=NORMAL, batt_w=-622.0,  batt_mode=charge,  batt_discharge_w=0,  batt_charge_w=622.0,  load_w=1426.0, zone=unknown,  grid_charge=off, ev_charging_active=off, ev_charge_end=2026-02-23 05:00:02, ev_webhook_count=104, max_discharge_a=65, max_charge_a=90, max_grid_charge_a=64, soc_limit_a=60, volt_penalty_a=0, voltage_protected_limit_a=60, soc_power_w=3184, is_critical_soc=False
2026-02-28T12:46:00.340392+01:00,  soc=50.0,  volt=53.06,  volt_delta=0.26, volt_rate_per_min=0.26, volt_status=NORMAL, batt_w=-622.0,  batt_mode=charge,  batt_discharge_w=0,  batt_charge_w=622.0,  load_w=1426.0, zone=unknown,  grid_charge=off, ev_charging_active=off, ev_charge_end=2026-02-23 05:00:02, ev_webhook_count=104, max_discharge_a=65, max_charge_a=90, max_grid_charge_a=64, soc_limit_a=60, volt_penalty_a=0, voltage_protected_limit_a=60, soc_power_w=3184, is_critical_soc=False
2026-02-28T12:47:00.339738+01:00,  soc=50.0,  volt=53.06,  volt_delta=0.26, volt_rate_per_min=0.26, volt_status=NORMAL, batt_w=-622.0,  batt_mode=charge,  batt_discharge_w=0,  batt_charge_w=622.0,  load_w=1434.0, zone=unknown,  grid_charge=off, ev_charging_active=off, ev_charge_end=2026-02-23 05:00:02, ev_webhook_count=104, max_discharge_a=65, max_charge_a=90, max_grid_charge_a=64, soc_limit_a=60, volt_penalty_a=0, voltage_protected_limit_a=60, soc_power_w=3184, is_critical_soc=False
2026-02-28T12:48:00.340176+01:00,  soc=50.0,  volt=53.06,  volt_delta=0.26, volt_rate_per_min=0.26, volt_status=NORMAL, batt_w=-622.0,  batt_mode=charge,  batt_discharge_w=0,  batt_charge_w=622.0,  load_w=1316.0, zone=unknown,  grid_charge=off, ev_charging_active=off, ev_charge_end=2026-02-23 05:00:02, ev_webhook_count=104, max_discharge_a=65, max_charge_a=90, max_grid_charge_a=64, soc_limit_a=60, volt_penalty_a=0, voltage_protected_limit_a=60, soc_power_w=3184, is_critical_soc=False
2026-02-28T12:49:00.340645+01:00,  soc=50.0,  volt=53.06,  volt_delta=0.26, volt_rate_per_min=0.26, volt_status=NORMAL, batt_w=-562.0,  batt_mode=charge,  batt_discharge_w=0,  batt_charge_w=562.0,  load_w=1316.0, zone=unknown,  grid_charge=off, ev_charging_active=off, ev_charge_end=2026-02-23 05:00:02, ev_webhook_count=104, max_discharge_a=65, max_charge_a=90, max_grid_charge_a=64, soc_limit_a=60, volt_penalty_a=0, voltage_protected_limit_a=60, soc_power_w=3184, is_critical_soc=False
2026-02-28T12:50:00.340074+01:00,  soc=50.0,  volt=53.06,  volt_delta=0.26, volt_rate_per_min=0.26, volt_status=NORMAL, batt_w=-562.0,  batt_mode=charge,  batt_discharge_w=0,  batt_charge_w=562.0,  load_w=1316.0, zone=unknown,  grid_charge=off, ev_charging_active=off, ev_charge_end=2026-02-23 05:00:02, ev_webhook_count=104, max_discharge_a=65, max_charge_a=90, max_grid_charge_a=64, soc_limit_a=60, volt_penalty_a=0, voltage_protected_limit_a=60, soc_power_w=3184, is_critical_soc=False
2026-02-28T12:51:00.340323+01:00,  soc=50.0,  volt=52.96,  volt_delta=0.16, volt_rate_per_min=0.16, volt_status=NORMAL, batt_w=-497.0,  batt_mode=charge,  batt_discharge_w=0,  batt_charge_w=497.0,  load_w=1316.0, zone=unknown,  grid_charge=off, ev_charging_active=off, ev_charge_end=2026-02-23 05:00:02, ev_webhook_count=104, max_discharge_a=65, max_charge_a=90, max_grid_charge_a=64, soc_limit_a=60, volt_penalty_a=0, voltage_protected_limit_a=60, soc_power_w=3178, is_critical_soc=False
2026-02-28T12:52:00.340256+01:00,  soc=50.0,  volt=52.96,  volt_delta=0.16, volt_rate_per_min=0.16, volt_status=NORMAL, batt_w=-497.0,  batt_mode=charge,  batt_discharge_w=0,  batt_charge_w=497.0,  load_w=1316.0, zone=unknown,  grid_charge=off, ev_charging_active=off, ev_charge_end=2026-02-23 05:00:02, ev_webhook_count=104, max_discharge_a=65, max_charge_a=90, max_grid_charge_a=64, soc_limit_a=60, volt_penalty_a=0, voltage_protected_limit_a=60, soc_power_w=3178, is_critical_soc=False
2026-02-28T12:53:00.340094+01:00,  soc=51.0,  volt=52.95,  volt_delta=0.15, volt_rate_per_min=0.15, volt_status=NORMAL, batt_w=-484.0,  batt_mode=charge,  batt_discharge_w=0,  batt_charge_w=484.0,  load_w=3367.0, zone=unknown,  grid_charge=off, ev_charging_active=off, ev_charge_end=2026-02-23 05:00:02, ev_webhook_count=104, max_discharge_a=65, max_charge_a=90, max_grid_charge_a=64, soc_limit_a=60, volt_penalty_a=0, voltage_protected_limit_a=60, soc_power_w=3177, is_critical_soc=False
2026-02-28T12:54:00.340895+01:00,  soc=51.0,  volt=52.95,  volt_delta=0.15, volt_rate_per_min=0.15, volt_status=NORMAL, batt_w=-443.0,  batt_mode=charge,  batt_discharge_w=0,  batt_charge_w=443.0,  load_w=1311.0, zone=unknown,  grid_charge=off, ev_charging_active=off, ev_charge_end=2026-02-23 05:00:02, ev_webhook_count=104, max_discharge_a=65, max_charge_a=90, max_grid_charge_a=64, soc_limit_a=60, volt_penalty_a=0, voltage_protected_limit_a=60, soc_power_w=3177, is_critical_soc=False
2026-02-28T12:55:00.340842+01:00,  soc=51.0,  volt=52.95,  volt_delta=0.15, volt_rate_per_min=0.15, volt_status=NORMAL, batt_w=-443.0,  batt_mode=charge,  batt_discharge_w=0,  batt_charge_w=443.0,  load_w=1311.0, zone=unknown,  grid_charge=off, ev_charging_active=off, ev_charge_end=2026-02-23 05:00:02, ev_webhook_count=104, max_discharge_a=65, max_charge_a=90, max_grid_charge_a=64, soc_limit_a=60, volt_penalty_a=0, voltage_protected_limit_a=60, soc_power_w=3177, is_critical_soc=False
2026-02-28T12:56:00.340204+01:00,  soc=51.0,  volt=52.95,  volt_delta=0.15, volt_rate_per_min=0.15, volt_status=NORMAL, batt_w=-443.0,  batt_mode=charge,  batt_discharge_w=0,  batt_charge_w=443.0,  load_w=1311.0, zone=unknown,  grid_charge=off, ev_charging_active=off, ev_charge_end=2026-02-23 05:00:02, ev_webhook_count=104, max_discharge_a=65, max_charge_a=90, max_grid_charge_a=64, soc_limit_a=60, volt_penalty_a=0, voltage_protected_limit_a=60, soc_power_w=3177, is_critical_soc=False
2026-02-28T12:57:00.340808+01:00,  soc=51.0,  volt=52.95,  volt_delta=0.15, volt_rate_per_min=0.15, volt_status=NORMAL, batt_w=-443.0,  batt_mode=charge,  batt_discharge_w=0,  batt_charge_w=443.0,  load_w=1311.0, zone=unknown,  grid_charge=off, ev_charging_active=off, ev_charge_end=2026-02-23 05:00:02, ev_webhook_count=104, max_discharge_a=65, max_charge_a=90, max_grid_charge_a=64, soc_limit_a=60, volt_penalty_a=0, voltage_protected_limit_a=60, soc_power_w=3177, is_critical_soc=False
2026-02-28T12:58:00.341699+01:00,  soc=51.0,  volt=52.95,  volt_delta=0.15, volt_rate_per_min=0.15, volt_status=NORMAL, batt_w=-443.0,  batt_mode=charge,  batt_discharge_w=0,  batt_charge_w=443.0,  load_w=1300.0, zone=unknown,  grid_charge=off, ev_charging_active=off, ev_charge_end=2026-02-23 05:00:02, ev_webhook_count=104, max_discharge_a=65, max_charge_a=90, max_grid_charge_a=64, soc_limit_a=60, volt_penalty_a=0, voltage_protected_limit_a=60, soc_power_w=3177, is_critical_soc=False
2026-02-28T12:59:00.341695+01:00,  soc=51.0,  volt=52.95,  volt_delta=0.15, volt_rate_per_min=0.15, volt_status=NORMAL, batt_w=-443.0,  batt_mode=charge,  batt_discharge_w=0,  batt_charge_w=443.0,  load_w=1300.0, zone=unknown,  grid_charge=off, ev_charging_active=off, ev_charge_end=2026-02-23 05:00:02, ev_webhook_count=104, max_discharge_a=65, max_charge_a=90, max_grid_charge_a=64, soc_limit_a=60, volt_penalty_a=0, voltage_protected_limit_a=60, soc_power_w=3177, is_critical_soc=False
2026-02-28T13:00:00.340775+01:00,  soc=51.0,  volt=52.95,  volt_delta=0.15, volt_rate_per_min=0.15, volt_status=NORMAL, batt_w=-494.0,  batt_mode=charge,  batt_discharge_w=0,  batt_charge_w=494.0,  load_w=1300.0, zone=unknown,  grid_charge=off, ev_charging_active=off, ev_charge_end=2026-02-23 05:00:02, ev_webhook_count=104, max_discharge_a=65, max_charge_a=90, max_grid_charge_a=64, soc_limit_a=60, volt_penalty_a=0, voltage_protected_limit_a=60, soc_power_w=3177, is_critical_soc=False
2026-02-28T13:01:00.340416+01:00,  soc=51.0,  volt=52.95,  volt_delta=0.15, volt_rate_per_min=0.15, volt_status=NORMAL, batt_w=-494.0,  batt_mode=charge,  batt_discharge_w=0,  batt_charge_w=494.0,  load_w=1300.0, zone=unknown,  grid_charge=off, ev_charging_active=off, ev_charge_end=2026-02-23 05:00:02, ev_webhook_count=104, max_discharge_a=65, max_charge_a=90, max_grid_charge_a=64, soc_limit_a=60, volt_penalty_a=0, voltage_protected_limit_a=60, soc_power_w=3177, is_critical_soc=False
2026-02-28T13:02:00.340152+01:00,  soc=51.0,  volt=52.95,  volt_delta=0.15, volt_rate_per_min=0.15, volt_status=NORMAL, batt_w=-545.0,  batt_mode=charge,  batt_discharge_w=0,  batt_charge_w=545.0,  load_w=1300.0, zone=unknown,  grid_charge=off, ev_charging_active=off, ev_charge_end=2026-02-23 05:00:02, ev_webhook_count=104, max_discharge_a=65, max_charge_a=90, max_grid_charge_a=64, soc_limit_a=60, volt_penalty_a=0, voltage_protected_limit_a=60, soc_power_w=3177, is_critical_soc=False
2026-02-28T13:03:00.340666+01:00,  soc=51.0,  volt=53.05,  volt_delta=0.25, volt_rate_per_min=0.25, volt_status=NORMAL, batt_w=-618.0,  batt_mode=charge,  batt_discharge_w=0,  batt_charge_w=618.0,  load_w=1317.0, zone=unknown,  grid_charge=off, ev_charging_active=off, ev_charge_end=2026-02-23 05:00:02, ev_webhook_count=104, max_discharge_a=65, max_charge_a=90, max_grid_charge_a=64, soc_limit_a=60, volt_penalty_a=0, voltage_protected_limit_a=60, soc_power_w=3183, is_critical_soc=False
2026-02-28T13:04:00.339927+01:00,  soc=51.0,  volt=53.08,  volt_delta=0.28, volt_rate_per_min=0.28, volt_status=NORMAL, batt_w=-618.0,  batt_mode=charge,  batt_discharge_w=0,  batt_charge_w=618.0,  load_w=1317.0, zone=unknown,  grid_charge=off, ev_charging_active=off, ev_charge_end=2026-02-23 05:00:02, ev_webhook_count=104, max_discharge_a=65, max_charge_a=90, max_grid_charge_a=64, soc_limit_a=60, volt_penalty_a=0, voltage_protected_limit_a=60, soc_power_w=3185, is_critical_soc=False
2026-02-28T13:05:00.340258+01:00,  soc=52.0,  volt=53.08,  volt_delta=0.28, volt_rate_per_min=0.28, volt_status=NORMAL, batt_w=-618.0,  batt_mode=charge,  batt_discharge_w=0,  batt_charge_w=618.0,  load_w=1317.0, zone=unknown,  grid_charge=off, ev_charging_active=off, ev_charge_end=2026-02-23 05:00:02, ev_webhook_count=104, max_discharge_a=65, max_charge_a=90, max_grid_charge_a=64, soc_limit_a=60, volt_penalty_a=0, voltage_protected_limit_a=60, soc_power_w=3185, is_critical_soc=False
2026-02-28T13:06:00.340278+01:00,  soc=52.0,  volt=53.08,  volt_delta=0.28, volt_rate_per_min=0.28, volt_status=NORMAL, batt_w=-618.0,  batt_mode=charge,  batt_discharge_w=0,  batt_charge_w=618.0,  load_w=1317.0, zone=unknown,  grid_charge=off, ev_charging_active=off, ev_charge_end=2026-02-23 05:00:02, ev_webhook_count=104, max_discharge_a=65, max_charge_a=90, max_grid_charge_a=64, soc_limit_a=60, volt_penalty_a=0, voltage_protected_limit_a=60, soc_power_w=3185, is_critical_soc=False
2026-02-28T13:07:00.340359+01:00,  soc=52.0,  volt=53.08,  volt_delta=0.28, volt_rate_per_min=0.28, volt_status=NORMAL, batt_w=-670.0,  batt_mode=charge,  batt_discharge_w=0,  batt_charge_w=670.0,  load_w=1317.0, zone=unknown,  grid_charge=off, ev_charging_active=off, ev_charge_end=2026-02-23 05:00:02, ev_webhook_count=104, max_discharge_a=65, max_charge_a=90, max_grid_charge_a=64, soc_limit_a=60, volt_penalty_a=0, voltage_protected_limit_a=60, soc_power_w=3185, is_critical_soc=False
2026-02-28T13:08:00.340049+01:00,  soc=52.0,  volt=53.08,  volt_delta=0.28, volt_rate_per_min=0.28, volt_status=NORMAL, batt_w=-670.0,  batt_mode=charge,  batt_discharge_w=0,  batt_charge_w=670.0,  load_w=1317.0, zone=unknown,  grid_charge=off, ev_charging_active=off, ev_charge_end=2026-02-23 05:00:02, ev_webhook_count=104, max_discharge_a=65, max_charge_a=90, max_grid_charge_a=64, soc_limit_a=60, volt_penalty_a=0, voltage_protected_limit_a=60, soc_power_w=3185, is_critical_soc=False
2026-02-28T13:09:00.340295+01:00,  soc=52.0,  volt=53.08,  volt_delta=0.28, volt_rate_per_min=0.28, volt_status=NORMAL, batt_w=-728.0,  batt_mode=charge,  batt_discharge_w=0,  batt_charge_w=728.0,  load_w=1258.0, zone=unknown,  grid_charge=off, ev_charging_active=off, ev_charge_end=2026-02-23 05:00:02, ev_webhook_count=104, max_discharge_a=65, max_charge_a=90, max_grid_charge_a=64, soc_limit_a=60, volt_penalty_a=0, voltage_protected_limit_a=60, soc_power_w=3185, is_critical_soc=False
2026-02-28T13:10:00.340294+01:00,  soc=52.0,  volt=53.08,  volt_delta=0.28, volt_rate_per_min=0.28, volt_status=NORMAL, batt_w=-728.0,  batt_mode=charge,  batt_discharge_w=0,  batt_charge_w=728.0,  load_w=1258.0, zone=unknown,  grid_charge=off, ev_charging_active=off, ev_charge_end=2026-02-23 05:00:02, ev_webhook_count=104, max_discharge_a=65, max_charge_a=90, max_grid_charge_a=64, soc_limit_a=60, volt_penalty_a=0, voltage_protected_limit_a=60, soc_power_w=3185, is_critical_soc=False
2026-02-28T13:11:00.340830+01:00,  soc=52.0,  volt=53.08,  volt_delta=0.28, volt_rate_per_min=0.28, volt_status=NORMAL, batt_w=-728.0,  batt_mode=charge,  batt_discharge_w=0,  batt_charge_w=728.0,  load_w=1258.0, zone=unknown,  grid_charge=off, ev_charging_active=off, ev_charge_end=2026-02-23 05:00:02, ev_webhook_count=104, max_discharge_a=65, max_charge_a=90, max_grid_charge_a=64, soc_limit_a=60, volt_penalty_a=0, voltage_protected_limit_a=60, soc_power_w=3185, is_critical_soc=False
2026-02-28T13:12:00.340531+01:00,  soc=52.0,  volt=53.18,  volt_delta=0.38, volt_rate_per_min=0.38, volt_status=NORMAL, batt_w=-799.0,  batt_mode=charge,  batt_discharge_w=0,  batt_charge_w=799.0,  load_w=1258.0, zone=unknown,  grid_charge=off, ev_charging_active=off, ev_charge_end=2026-02-23 05:00:02, ev_webhook_count=104, max_discharge_a=65, max_charge_a=90, max_grid_charge_a=64, soc_limit_a=60, volt_penalty_a=0, voltage_protected_limit_a=60, soc_power_w=3191, is_critical_soc=False
2026-02-28T13:13:00.340712+01:00,  soc=53.0,  volt=53.2,  volt_delta=0.4, volt_rate_per_min=0.4, volt_status=NORMAL, batt_w=-835.0,  batt_mode=charge,  batt_discharge_w=0,  batt_charge_w=835.0,  load_w=1258.0, zone=unknown,  grid_charge=off, ev_charging_active=off, ev_charge_end=2026-02-23 05:00:02, ev_webhook_count=104, max_discharge_a=65, max_charge_a=90, max_grid_charge_a=64, soc_limit_a=60, volt_penalty_a=0, voltage_protected_limit_a=60, soc_power_w=3192, is_critical_soc=False
2026-02-28T13:14:00.340513+01:00,  soc=53.0,  volt=53.2,  volt_delta=0.4, volt_rate_per_min=0.4, volt_status=NORMAL, batt_w=-835.0,  batt_mode=charge,  batt_discharge_w=0,  batt_charge_w=835.0,  load_w=1285.0, zone=unknown,  grid_charge=off, ev_charging_active=off, ev_charge_end=2026-02-23 05:00:02, ev_webhook_count=104, max_discharge_a=65, max_charge_a=90, max_grid_charge_a=64, soc_limit_a=60, volt_penalty_a=0, voltage_protected_limit_a=60, soc_power_w=3192, is_critical_soc=False
2026-02-28T13:15:00.340471+01:00,  soc=53.0,  volt=53.2,  volt_delta=0.4, volt_rate_per_min=0.4, volt_status=NORMAL, batt_w=-835.0,  batt_mode=charge,  batt_discharge_w=0,  batt_charge_w=835.0,  load_w=1285.0, zone=unknown,  grid_charge=off, ev_charging_active=off, ev_charge_end=2026-02-23 05:00:02, ev_webhook_count=104, max_discharge_a=65, max_charge_a=90, max_grid_charge_a=64, soc_limit_a=60, volt_penalty_a=0, voltage_protected_limit_a=60, soc_power_w=3192, is_critical_soc=False
2026-02-28T13:16:00.340453+01:00,  soc=53.0,  volt=53.2,  volt_delta=0.4, volt_rate_per_min=0.4, volt_status=NORMAL, batt_w=-835.0,  batt_mode=charge,  batt_discharge_w=0,  batt_charge_w=835.0,  load_w=1199.0, zone=unknown,  grid_charge=off, ev_charging_active=off, ev_charge_end=2026-02-23 05:00:02, ev_webhook_count=104, max_discharge_a=65, max_charge_a=90, max_grid_charge_a=64, soc_limit_a=60, volt_penalty_a=0, voltage_protected_limit_a=60, soc_power_w=3192, is_critical_soc=False
2026-02-28T13:17:00.340471+01:00,  soc=53.0,  volt=53.2,  volt_delta=0.4, volt_rate_per_min=0.4, volt_status=NORMAL, batt_w=-835.0,  batt_mode=charge,  batt_discharge_w=0,  batt_charge_w=835.0,  load_w=1199.0, zone=unknown,  grid_charge=off, ev_charging_active=off, ev_charge_end=2026-02-23 05:00:02, ev_webhook_count=104, max_discharge_a=65, max_charge_a=90, max_grid_charge_a=64, soc_limit_a=60, volt_penalty_a=0, voltage_protected_limit_a=60, soc_power_w=3192, is_critical_soc=False
2026-02-28T13:18:00.340455+01:00,  soc=53.0,  volt=53.2,  volt_delta=0.4, volt_rate_per_min=0.4, volt_status=NORMAL, batt_w=-835.0,  batt_mode=charge,  batt_discharge_w=0,  batt_charge_w=835.0,  load_w=1199.0, zone=unknown,  grid_charge=off, ev_charging_active=off, ev_charge_end=2026-02-23 05:00:02, ev_webhook_count=104, max_discharge_a=65, max_charge_a=90, max_grid_charge_a=64, soc_limit_a=60, volt_penalty_a=0, voltage_protected_limit_a=60, soc_power_w=3192, is_critical_soc=False
2026-02-28T13:19:00.340203+01:00,  soc=53.0,  volt=53.2,  volt_delta=0.4, volt_rate_per_min=0.4, volt_status=NORMAL, batt_w=-835.0,  batt_mode=charge,  batt_discharge_w=0,  batt_charge_w=835.0,  load_w=1197.0, zone=unknown,  grid_charge=off, ev_charging_active=off, ev_charge_end=2026-02-23 05:00:02, ev_webhook_count=104, max_discharge_a=65, max_charge_a=90, max_grid_charge_a=64, soc_limit_a=60, volt_penalty_a=0, voltage_protected_limit_a=60, soc_power_w=3192, is_critical_soc=False
2026-02-28T13:20:00.340706+01:00,  soc=54.0,  volt=53.2,  volt_delta=0.4, volt_rate_per_min=0.4, volt_status=NORMAL, batt_w=-835.0,  batt_mode=charge,  batt_discharge_w=0,  batt_charge_w=835.0,  load_w=1197.0, zone=unknown,  grid_charge=off, ev_charging_active=off, ev_charge_end=2026-02-23 05:00:02, ev_webhook_count=104, max_discharge_a=65, max_charge_a=90, max_grid_charge_a=64, soc_limit_a=60, volt_penalty_a=0, voltage_protected_limit_a=60, soc_power_w=3192, is_critical_soc=False
2026-02-28T13:21:00.340471+01:00,  soc=54.0,  volt=53.2,  volt_delta=0.4, volt_rate_per_min=0.4, volt_status=NORMAL, batt_w=-835.0,  batt_mode=charge,  batt_discharge_w=0,  batt_charge_w=835.0,  load_w=1197.0, zone=unknown,  grid_charge=off, ev_charging_active=off, ev_charge_end=2026-02-23 05:00:02, ev_webhook_count=104, max_discharge_a=65, max_charge_a=90, max_grid_charge_a=64, soc_limit_a=60, volt_penalty_a=0, voltage_protected_limit_a=60, soc_power_w=3192, is_critical_soc=False
2026-02-28T13:22:00.340104+01:00,  soc=54.0,  volt=53.2,  volt_delta=0.4, volt_rate_per_min=0.4, volt_status=NORMAL, batt_w=-746.0,  batt_mode=charge,  batt_discharge_w=0,  batt_charge_w=746.0,  load_w=1197.0, zone=unknown,  grid_charge=off, ev_charging_active=off, ev_charge_end=2026-02-23 05:00:02, ev_webhook_count=104, max_discharge_a=65, max_charge_a=90, max_grid_charge_a=64, soc_limit_a=60, volt_penalty_a=0, voltage_protected_limit_a=60, soc_power_w=3192, is_critical_soc=False
2026-02-28T13:23:00.340460+01:00,  soc=54.0,  volt=53.17,  volt_delta=0.37, volt_rate_per_min=0.37, volt_status=NORMAL, batt_w=-719.0,  batt_mode=charge,  batt_discharge_w=0,  batt_charge_w=719.0,  load_w=1197.0, zone=unknown,  grid_charge=off, ev_charging_active=off, ev_charge_end=2026-02-23 05:00:02, ev_webhook_count=104, max_discharge_a=65, max_charge_a=90, max_grid_charge_a=64, soc_limit_a=60, volt_penalty_a=0, voltage_protected_limit_a=60, soc_power_w=3190, is_critical_soc=False
2026-02-28T13:24:00.340798+01:00,  soc=54.0,  volt=53.17,  volt_delta=0.37, volt_rate_per_min=0.37, volt_status=NORMAL, batt_w=-719.0,  batt_mode=charge,  batt_discharge_w=0,  batt_charge_w=719.0,  load_w=1197.0, zone=unknown,  grid_charge=off, ev_charging_active=off, ev_charge_end=2026-02-23 05:00:02, ev_webhook_count=104, max_discharge_a=65, max_charge_a=90, max_grid_charge_a=64, soc_limit_a=60, volt_penalty_a=0, voltage_protected_limit_a=60, soc_power_w=3190, is_critical_soc=False
2026-02-28T13:25:00.340224+01:00,  soc=54.0,  volt=53.17,  volt_delta=0.37, volt_rate_per_min=0.37, volt_status=NORMAL, batt_w=-646.0,  batt_mode=charge,  batt_discharge_w=0,  batt_charge_w=646.0,  load_w=1199.0, zone=unknown,  grid_charge=off, ev_charging_active=off, ev_charge_end=2026-02-23 05:00:02, ev_webhook_count=104, max_discharge_a=65, max_charge_a=90, max_grid_charge_a=64, soc_limit_a=60, volt_penalty_a=0, voltage_protected_limit_a=60, soc_power_w=3190, is_critical_soc=False
2026-02-28T13:26:00.339976+01:00,  soc=54.0,  volt=53.17,  volt_delta=0.37, volt_rate_per_min=0.37, volt_status=NORMAL, batt_w=-646.0,  batt_mode=charge,  batt_discharge_w=0,  batt_charge_w=646.0,  load_w=1199.0, zone=unknown,  grid_charge=off, ev_charging_active=off, ev_charge_end=2026-02-23 05:00:02, ev_webhook_count=104, max_discharge_a=65, max_charge_a=90, max_grid_charge_a=64, soc_limit_a=60, volt_penalty_a=0, voltage_protected_limit_a=60, soc_power_w=3190, is_critical_soc=False
2026-02-28T13:27:00.340793+01:00,  soc=54.0,  volt=53.17,  volt_delta=0.37, volt_rate_per_min=0.37, volt_status=NORMAL, batt_w=-646.0,  batt_mode=charge,  batt_discharge_w=0,  batt_charge_w=646.0,  load_w=1199.0, zone=unknown,  grid_charge=off, ev_charging_active=off, ev_charge_end=2026-02-23 05:00:02, ev_webhook_count=104, max_discharge_a=65, max_charge_a=90, max_grid_charge_a=64, soc_limit_a=60, volt_penalty_a=0, voltage_protected_limit_a=60, soc_power_w=3190, is_critical_soc=False
2026-02-28T13:28:00.340284+01:00,  soc=54.0,  volt=53.17,  volt_delta=0.37, volt_rate_per_min=0.37, volt_status=NORMAL, batt_w=-646.0,  batt_mode=charge,  batt_discharge_w=0,  batt_charge_w=646.0,  load_w=1199.0, zone=unknown,  grid_charge=off, ev_charging_active=off, ev_charge_end=2026-02-23 05:00:02, ev_webhook_count=104, max_discharge_a=65, max_charge_a=90, max_grid_charge_a=64, soc_limit_a=60, volt_penalty_a=0, voltage_protected_limit_a=60, soc_power_w=3190, is_critical_soc=False
2026-02-28T13:29:00.340901+01:00,  soc=55.0,  volt=53.17,  volt_delta=0.37, volt_rate_per_min=0.37, volt_status=NORMAL, batt_w=-646.0,  batt_mode=charge,  batt_discharge_w=0,  batt_charge_w=646.0,  load_w=1199.0, zone=unknown,  grid_charge=off, ev_charging_active=off, ev_charge_end=2026-02-23 05:00:02, ev_webhook_count=104, max_discharge_a=65, max_charge_a=90, max_grid_charge_a=64, soc_limit_a=60, volt_penalty_a=0, voltage_protected_limit_a=60, soc_power_w=3190, is_critical_soc=False
2026-02-28T13:30:00.340082+01:00,  soc=55.0,  volt=53.17,  volt_delta=0.37, volt_rate_per_min=0.37, volt_status=NORMAL, batt_w=-591.0,  batt_mode=charge,  batt_discharge_w=0,  batt_charge_w=591.0,  load_w=1202.0, zone=unknown,  grid_charge=off, ev_charging_active=off, ev_charge_end=2026-02-23 05:00:02, ev_webhook_count=104, max_discharge_a=65, max_charge_a=90, max_grid_charge_a=64, soc_limit_a=60, volt_penalty_a=0, voltage_protected_limit_a=60, soc_power_w=3190, is_critical_soc=False
2026-02-28T13:31:00.340541+01:00,  soc=55.0,  volt=53.17,  volt_delta=0.37, volt_rate_per_min=0.37, volt_status=NORMAL, batt_w=-591.0,  batt_mode=charge,  batt_discharge_w=0,  batt_charge_w=591.0,  load_w=1202.0, zone=unknown,  grid_charge=off, ev_charging_active=off, ev_charge_end=2026-02-23 05:00:02, ev_webhook_count=104, max_discharge_a=65, max_charge_a=90, max_grid_charge_a=64, soc_limit_a=60, volt_penalty_a=0, voltage_protected_limit_a=60, soc_power_w=3190, is_critical_soc=False
2026-02-28T13:32:00.340007+01:00,  soc=55.0,  volt=53.17,  volt_delta=0.37, volt_rate_per_min=0.37, volt_status=NORMAL, batt_w=-591.0,  batt_mode=charge,  batt_discharge_w=0,  batt_charge_w=591.0,  load_w=1202.0, zone=unknown,  grid_charge=off, ev_charging_active=off, ev_charge_end=2026-02-23 05:00:02, ev_webhook_count=104, max_discharge_a=65, max_charge_a=90, max_grid_charge_a=64, soc_limit_a=60, volt_penalty_a=0, voltage_protected_limit_a=60, soc_power_w=3190, is_critical_soc=False
2026-02-28T13:33:00.340691+01:00,  soc=55.0,  volt=53.11,  volt_delta=0.31, volt_rate_per_min=0.31, volt_status=NORMAL, batt_w=-580.0,  batt_mode=charge,  batt_discharge_w=0,  batt_charge_w=580.0,  load_w=1202.0, zone=unknown,  grid_charge=off, ev_charging_active=off, ev_charge_end=2026-02-23 05:00:02, ev_webhook_count=104, max_discharge_a=65, max_charge_a=90, max_grid_charge_a=64, soc_limit_a=60, volt_penalty_a=0, voltage_protected_limit_a=60, soc_power_w=3187, is_critical_soc=False
2026-02-28T13:34:00.341503+01:00,  soc=55.0,  volt=53.11,  volt_delta=0.31, volt_rate_per_min=0.31, volt_status=NORMAL, batt_w=-580.0,  batt_mode=charge,  batt_discharge_w=0,  batt_charge_w=580.0,  load_w=1202.0, zone=unknown,  grid_charge=off, ev_charging_active=off, ev_charge_end=2026-02-23 05:00:02, ev_webhook_count=104, max_discharge_a=65, max_charge_a=90, max_grid_charge_a=64, soc_limit_a=60, volt_penalty_a=0, voltage_protected_limit_a=60, soc_power_w=3187, is_critical_soc=False
2026-02-28T13:35:00.340657+01:00,  soc=55.0,  volt=53.11,  volt_delta=0.31, volt_rate_per_min=0.31, volt_status=NORMAL, batt_w=-580.0,  batt_mode=charge,  batt_discharge_w=0,  batt_charge_w=580.0,  load_w=1202.0, zone=unknown,  grid_charge=off, ev_charging_active=off, ev_charge_end=2026-02-23 05:00:02, ev_webhook_count=104, max_discharge_a=65, max_charge_a=90, max_grid_charge_a=64, soc_limit_a=60, volt_penalty_a=0, voltage_protected_limit_a=60, soc_power_w=3187, is_critical_soc=False
2026-02-28T13:36:00.339885+01:00,  soc=55.0,  volt=53.11,  volt_delta=0.31, volt_rate_per_min=0.31, volt_status=NORMAL, batt_w=-580.0,  batt_mode=charge,  batt_discharge_w=0,  batt_charge_w=580.0,  load_w=1202.0, zone=unknown,  grid_charge=off, ev_charging_active=off, ev_charge_end=2026-02-23 05:00:02, ev_webhook_count=104, max_discharge_a=65, max_charge_a=90, max_grid_charge_a=64, soc_limit_a=60, volt_penalty_a=0, voltage_protected_limit_a=60, soc_power_w=3187, is_critical_soc=False
2026-02-28T13:37:00.340414+01:00,  soc=55.0,  volt=53.11,  volt_delta=0.31, volt_rate_per_min=0.31, volt_status=NORMAL, batt_w=-580.0,  batt_mode=charge,  batt_discharge_w=0,  batt_charge_w=580.0,  load_w=1202.0, zone=unknown,  grid_charge=off, ev_charging_active=off, ev_charge_end=2026-02-23 05:00:02, ev_webhook_count=104, max_discharge_a=65, max_charge_a=90, max_grid_charge_a=64, soc_limit_a=60, volt_penalty_a=0, voltage_protected_limit_a=60, soc_power_w=3187, is_critical_soc=False
2026-02-28T13:38:00.340808+01:00,  soc=55.0,  volt=53.11,  volt_delta=0.31, volt_rate_per_min=0.31, volt_status=NORMAL, batt_w=-541.0,  batt_mode=charge,  batt_discharge_w=0,  batt_charge_w=541.0,  load_w=1202.0, zone=unknown,  grid_charge=off, ev_charging_active=off, ev_charge_end=2026-02-23 05:00:02, ev_webhook_count=104, max_discharge_a=65, max_charge_a=90, max_grid_charge_a=64, soc_limit_a=60, volt_penalty_a=0, voltage_protected_limit_a=60, soc_power_w=3187, is_critical_soc=False
2026-02-28T13:39:00.340808+01:00,  soc=56.0,  volt=53.11,  volt_delta=0.31, volt_rate_per_min=0.31, volt_status=NORMAL, batt_w=-541.0,  batt_mode=charge,  batt_discharge_w=0,  batt_charge_w=541.0,  load_w=1202.0, zone=unknown,  grid_charge=off, ev_charging_active=off, ev_charge_end=2026-02-23 05:00:02, ev_webhook_count=104, max_discharge_a=65, max_charge_a=90, max_grid_charge_a=64, soc_limit_a=60, volt_penalty_a=0, voltage_protected_limit_a=60, soc_power_w=3187, is_critical_soc=False
2026-02-28T13:40:00.339841+01:00,  soc=56.0,  volt=53.11,  volt_delta=0.31, volt_rate_per_min=0.31, volt_status=NORMAL, batt_w=-541.0,  batt_mode=charge,  batt_discharge_w=0,  batt_charge_w=541.0,  load_w=1202.0, zone=unknown,  grid_charge=off, ev_charging_active=off, ev_charge_end=2026-02-23 05:00:02, ev_webhook_count=104, max_discharge_a=65, max_charge_a=90, max_grid_charge_a=64, soc_limit_a=60, volt_penalty_a=0, voltage_protected_limit_a=60, soc_power_w=3187, is_critical_soc=False
2026-02-28T13:41:00.340419+01:00,  soc=56.0,  volt=53.11,  volt_delta=0.31, volt_rate_per_min=0.31, volt_status=NORMAL, batt_w=-541.0,  batt_mode=charge,  batt_discharge_w=0,  batt_charge_w=541.0,  load_w=1203.0, zone=unknown,  grid_charge=off, ev_charging_active=off, ev_charge_end=2026-02-23 05:00:02, ev_webhook_count=104, max_discharge_a=65, max_charge_a=90, max_grid_charge_a=64, soc_limit_a=60, volt_penalty_a=0, voltage_protected_limit_a=60, soc_power_w=3187, is_critical_soc=False
2026-02-28T13:42:00.340720+01:00,  soc=56.0,  volt=53.11,  volt_delta=0.31, volt_rate_per_min=0.31, volt_status=NORMAL, batt_w=-541.0,  batt_mode=charge,  batt_discharge_w=0,  batt_charge_w=541.0,  load_w=1203.0, zone=unknown,  grid_charge=off, ev_charging_active=off, ev_charge_end=2026-02-23 05:00:02, ev_webhook_count=104, max_discharge_a=65, max_charge_a=90, max_grid_charge_a=64, soc_limit_a=60, volt_penalty_a=0, voltage_protected_limit_a=60, soc_power_w=3187, is_critical_soc=False
2026-02-28T13:43:00.340694+01:00,  soc=56.0,  volt=53.09,  volt_delta=0.29, volt_rate_per_min=0.29, volt_status=NORMAL, batt_w=-559.0,  batt_mode=charge,  batt_discharge_w=0,  batt_charge_w=559.0,  load_w=1203.0, zone=unknown,  grid_charge=off, ev_charging_active=off, ev_charge_end=2026-02-23 05:00:02, ev_webhook_count=104, max_discharge_a=65, max_charge_a=90, max_grid_charge_a=64, soc_limit_a=60, volt_penalty_a=0, voltage_protected_limit_a=60, soc_power_w=3185, is_critical_soc=False
2026-02-28T13:44:00.340036+01:00,  soc=56.0,  volt=53.09,  volt_delta=0.29, volt_rate_per_min=0.29, volt_status=NORMAL, batt_w=-559.0,  batt_mode=charge,  batt_discharge_w=0,  batt_charge_w=559.0,  load_w=1203.0, zone=unknown,  grid_charge=off, ev_charging_active=off, ev_charge_end=2026-02-23 05:00:02, ev_webhook_count=104, max_discharge_a=65, max_charge_a=90, max_grid_charge_a=64, soc_limit_a=60, volt_penalty_a=0, voltage_protected_limit_a=60, soc_power_w=3185, is_critical_soc=False
2026-02-28T13:45:00.340564+01:00,  soc=56.0,  volt=53.09,  volt_delta=0.29, volt_rate_per_min=0.29, volt_status=NORMAL, batt_w=-559.0,  batt_mode=charge,  batt_discharge_w=0,  batt_charge_w=559.0,  load_w=1203.0, zone=unknown,  grid_charge=off, ev_charging_active=off, ev_charge_end=2026-02-23 05:00:02, ev_webhook_count=104, max_discharge_a=65, max_charge_a=90, max_grid_charge_a=64, soc_limit_a=60, volt_penalty_a=0, voltage_protected_limit_a=60, soc_power_w=3185, is_critical_soc=False
2026-02-28T13:46:00.340767+01:00,  soc=56.0,  volt=53.09,  volt_delta=0.29, volt_rate_per_min=0.29, volt_status=NORMAL, batt_w=-559.0,  batt_mode=charge,  batt_discharge_w=0,  batt_charge_w=559.0,  load_w=1249.0, zone=unknown,  grid_charge=off, ev_charging_active=off, ev_charge_end=2026-02-23 05:00:02, ev_webhook_count=104, max_discharge_a=65, max_charge_a=90, max_grid_charge_a=64, soc_limit_a=60, volt_penalty_a=0, voltage_protected_limit_a=60, soc_power_w=3185, is_critical_soc=False
2026-02-28T13:47:00.340642+01:00,  soc=56.0,  volt=53.08,  volt_delta=0.28, volt_rate_per_min=0.28, volt_status=NORMAL, batt_w=-559.0,  batt_mode=charge,  batt_discharge_w=0,  batt_charge_w=559.0,  load_w=1249.0, zone=unknown,  grid_charge=off, ev_charging_active=off, ev_charge_end=2026-02-23 05:00:02, ev_webhook_count=104, max_discharge_a=65, max_charge_a=90, max_grid_charge_a=64, soc_limit_a=60, volt_penalty_a=0, voltage_protected_limit_a=60, soc_power_w=3185, is_critical_soc=False
2026-02-28T13:48:00.340166+01:00,  soc=56.0,  volt=53.08,  volt_delta=0.28, volt_rate_per_min=0.28, volt_status=NORMAL, batt_w=-559.0,  batt_mode=charge,  batt_discharge_w=0,  batt_charge_w=559.0,  load_w=1249.0, zone=unknown,  grid_charge=off, ev_charging_active=off, ev_charge_end=2026-02-23 05:00:02, ev_webhook_count=104, max_discharge_a=65, max_charge_a=90, max_grid_charge_a=64, soc_limit_a=60, volt_penalty_a=0, voltage_protected_limit_a=60, soc_power_w=3185, is_critical_soc=False
2026-02-28T13:49:00.340182+01:00,  soc=56.0,  volt=53.08,  volt_delta=0.28, volt_rate_per_min=0.28, volt_status=NORMAL, batt_w=-559.0,  batt_mode=charge,  batt_discharge_w=0,  batt_charge_w=559.0,  load_w=1249.0, zone=unknown,  grid_charge=off, ev_charging_active=off, ev_charge_end=2026-02-23 05:00:02, ev_webhook_count=104, max_discharge_a=65, max_charge_a=90, max_grid_charge_a=64, soc_limit_a=60, volt_penalty_a=0, voltage_protected_limit_a=60, soc_power_w=3185, is_critical_soc=False
2026-02-28T13:50:00.339772+01:00,  soc=57.0,  volt=53.08,  volt_delta=0.28, volt_rate_per_min=0.28, volt_status=NORMAL, batt_w=-559.0,  batt_mode=charge,  batt_discharge_w=0,  batt_charge_w=559.0,  load_w=1249.0, zone=unknown,  grid_charge=off, ev_charging_active=off, ev_charge_end=2026-02-23 05:00:02, ev_webhook_count=104, max_discharge_a=65, max_charge_a=90, max_grid_charge_a=64, soc_limit_a=60, volt_penalty_a=0, voltage_protected_limit_a=60, soc_power_w=3185, is_critical_soc=False
2026-02-28T13:51:00.339953+01:00,  soc=57.0,  volt=53.08,  volt_delta=0.28, volt_rate_per_min=0.28, volt_status=NORMAL, batt_w=-559.0,  batt_mode=charge,  batt_discharge_w=0,  batt_charge_w=559.0,  load_w=1250.0, zone=unknown,  grid_charge=off, ev_charging_active=off, ev_charge_end=2026-02-23 05:00:02, ev_webhook_count=104, max_discharge_a=65, max_charge_a=90, max_grid_charge_a=64, soc_limit_a=60, volt_penalty_a=0, voltage_protected_limit_a=60, soc_power_w=3185, is_critical_soc=False
2026-02-28T13:52:00.340238+01:00,  soc=57.0,  volt=53.08,  volt_delta=0.28, volt_rate_per_min=0.28, volt_status=NORMAL, batt_w=-559.0,  batt_mode=charge,  batt_discharge_w=0,  batt_charge_w=559.0,  load_w=1250.0, zone=unknown,  grid_charge=off, ev_charging_active=off, ev_charge_end=2026-02-23 05:00:02, ev_webhook_count=104, max_discharge_a=65, max_charge_a=90, max_grid_charge_a=64, soc_limit_a=60, volt_penalty_a=0, voltage_protected_limit_a=60, soc_power_w=3185, is_critical_soc=False
2026-02-28T13:53:00.340254+01:00,  soc=57.0,  volt=53.08,  volt_delta=0.28, volt_rate_per_min=0.28, volt_status=NORMAL, batt_w=-510.0,  batt_mode=charge,  batt_discharge_w=0,  batt_charge_w=510.0,  load_w=1250.0, zone=unknown,  grid_charge=off, ev_charging_active=off, ev_charge_end=2026-02-23 05:00:02, ev_webhook_count=104, max_discharge_a=65, max_charge_a=90, max_grid_charge_a=64, soc_limit_a=60, volt_penalty_a=0, voltage_protected_limit_a=60, soc_power_w=3185, is_critical_soc=False
2026-02-28T13:54:00.341015+01:00,  soc=57.0,  volt=53.08,  volt_delta=0.28, volt_rate_per_min=0.28, volt_status=NORMAL, batt_w=-510.0,  batt_mode=charge,  batt_discharge_w=0,  batt_charge_w=510.0,  load_w=1250.0, zone=unknown,  grid_charge=off, ev_charging_active=off, ev_charge_end=2026-02-23 05:00:02, ev_webhook_count=104, max_discharge_a=65, max_charge_a=90, max_grid_charge_a=64, soc_limit_a=60, volt_penalty_a=0, voltage_protected_limit_a=60, soc_power_w=3185, is_critical_soc=False
2026-02-28T13:55:00.340692+01:00,  soc=57.0,  volt=53.08,  volt_delta=0.28, volt_rate_per_min=0.28, volt_status=NORMAL, batt_w=-510.0,  batt_mode=charge,  batt_discharge_w=0,  batt_charge_w=510.0,  load_w=1250.0, zone=unknown,  grid_charge=off, ev_charging_active=off, ev_charge_end=2026-02-23 05:00:02, ev_webhook_count=104, max_discharge_a=65, max_charge_a=90, max_grid_charge_a=64, soc_limit_a=60, volt_penalty_a=0, voltage_protected_limit_a=60, soc_power_w=3185, is_critical_soc=False
2026-02-28T13:56:00.340113+01:00,  soc=57.0,  volt=53.08,  volt_delta=0.28, volt_rate_per_min=0.28, volt_status=NORMAL, batt_w=-510.0,  batt_mode=charge,  batt_discharge_w=0,  batt_charge_w=510.0,  load_w=1250.0, zone=unknown,  grid_charge=off, ev_charging_active=off, ev_charge_end=2026-02-23 05:00:02, ev_webhook_count=104, max_discharge_a=65, max_charge_a=90, max_grid_charge_a=64, soc_limit_a=60, volt_penalty_a=0, voltage_protected_limit_a=60, soc_power_w=3185, is_critical_soc=False
2026-02-28T13:57:00.339888+01:00,  soc=57.0,  volt=53.08,  volt_delta=0.28, volt_rate_per_min=0.28, volt_status=NORMAL, batt_w=-510.0,  batt_mode=charge,  batt_discharge_w=0,  batt_charge_w=510.0,  load_w=1202.0, zone=unknown,  grid_charge=off, ev_charging_active=off, ev_charge_end=2026-02-23 05:00:02, ev_webhook_count=104, max_discharge_a=65, max_charge_a=90, max_grid_charge_a=64, soc_limit_a=60, volt_penalty_a=0, voltage_protected_limit_a=60, soc_power_w=3185, is_critical_soc=False
2026-02-28T13:58:00.339856+01:00,  soc=57.0,  volt=53.08,  volt_delta=0.28, volt_rate_per_min=0.28, volt_status=NORMAL, batt_w=-510.0,  batt_mode=charge,  batt_discharge_w=0,  batt_charge_w=510.0,  load_w=1202.0, zone=unknown,  grid_charge=off, ev_charging_active=off, ev_charge_end=2026-02-23 05:00:02, ev_webhook_count=104, max_discharge_a=65, max_charge_a=90, max_grid_charge_a=64, soc_limit_a=60, volt_penalty_a=0, voltage_protected_limit_a=60, soc_power_w=3185, is_critical_soc=False
2026-02-28T13:59:00.340800+01:00,  soc=57.0,  volt=53.08,  volt_delta=0.28, volt_rate_per_min=0.28, volt_status=NORMAL, batt_w=-510.0,  batt_mode=charge,  batt_discharge_w=0,  batt_charge_w=510.0,  load_w=1202.0, zone=unknown,  grid_charge=off, ev_charging_active=off, ev_charge_end=2026-02-23 05:00:02, ev_webhook_count=104, max_discharge_a=65, max_charge_a=90, max_grid_charge_a=64, soc_limit_a=60, volt_penalty_a=0, voltage_protected_limit_a=60, soc_power_w=3185, is_critical_soc=False
2026-02-28T14:00:00.340763+01:00,  soc=57.0,  volt=53.08,  volt_delta=0.28, volt_rate_per_min=0.28, volt_status=NORMAL, batt_w=-510.0,  batt_mode=charge,  batt_discharge_w=0,  batt_charge_w=510.0,  load_w=1202.0, zone=unknown,  grid_charge=off, ev_charging_active=off, ev_charge_end=2026-02-23 05:00:02, ev_webhook_count=104, max_discharge_a=65, max_charge_a=90, max_grid_charge_a=64, soc_limit_a=60, volt_penalty_a=0, voltage_protected_limit_a=60, soc_power_w=3185, is_critical_soc=False
2026-02-28T14:01:00.339903+01:00,  soc=57.0,  volt=53.08,  volt_delta=0.28, volt_rate_per_min=0.28, volt_status=NORMAL, batt_w=-510.0,  batt_mode=charge,  batt_discharge_w=0,  batt_charge_w=510.0,  load_w=1570.0, zone=unknown,  grid_charge=off, ev_charging_active=off, ev_charge_end=2026-02-23 05:00:02, ev_webhook_count=104, max_discharge_a=65, max_charge_a=90, max_grid_charge_a=64, soc_limit_a=60, volt_penalty_a=0, voltage_protected_limit_a=60, soc_power_w=3185, is_critical_soc=False
2026-02-28T14:02:00.339991+01:00,  soc=58.0,  volt=53.08,  volt_delta=0.28, volt_rate_per_min=0.28, volt_status=NORMAL, batt_w=-510.0,  batt_mode=charge,  batt_discharge_w=0,  batt_charge_w=510.0,  load_w=3661.0, zone=unknown,  grid_charge=off, ev_charging_active=off, ev_charge_end=2026-02-23 05:00:02, ev_webhook_count=104, max_discharge_a=65, max_charge_a=90, max_grid_charge_a=64, soc_limit_a=60, volt_penalty_a=0, voltage_protected_limit_a=60, soc_power_w=3185, is_critical_soc=False
2026-02-28T14:03:00.340746+01:00,  soc=58.0,  volt=54.16,  volt_delta=1.36, volt_rate_per_min=1.36, volt_status=NORMAL, batt_w=-3308.0,  batt_mode=charge,  batt_discharge_w=0,  batt_charge_w=3308.0,  load_w=1616.0, zone=unknown,  grid_charge=on, ev_charging_active=off, ev_charge_end=2026-02-23 05:00:02, ev_webhook_count=104, max_discharge_a=65, max_charge_a=90, max_grid_charge_a=64, soc_limit_a=60, volt_penalty_a=0, voltage_protected_limit_a=60, soc_power_w=3250, is_critical_soc=False
2026-02-28T14:04:00.340404+01:00,  soc=58.0,  volt=54.16,  volt_delta=1.36, volt_rate_per_min=1.36, volt_status=NORMAL, batt_w=-3308.0,  batt_mode=charge,  batt_discharge_w=0,  batt_charge_w=3308.0,  load_w=1684.0, zone=unknown,  grid_charge=on, ev_charging_active=off, ev_charge_end=2026-02-23 05:00:02, ev_webhook_count=104, max_discharge_a=65, max_charge_a=90, max_grid_charge_a=64, soc_limit_a=60, volt_penalty_a=0, voltage_protected_limit_a=60, soc_power_w=3250, is_critical_soc=False
2026-02-28T14:05:00.339936+01:00,  soc=59.0,  volt=54.26,  volt_delta=1.46, volt_rate_per_min=1.46, volt_status=NORMAL, batt_w=-3308.0,  batt_mode=charge,  batt_discharge_w=0,  batt_charge_w=3308.0,  load_w=1684.0, zone=unknown,  grid_charge=on, ev_charging_active=off, ev_charge_end=2026-02-23 05:00:02, ev_webhook_count=104, max_discharge_a=65, max_charge_a=90, max_grid_charge_a=64, soc_limit_a=60, volt_penalty_a=0, voltage_protected_limit_a=60, soc_power_w=3256, is_critical_soc=False
2026-02-28T14:06:00.340280+01:00,  soc=59.0,  volt=54.26,  volt_delta=1.46, volt_rate_per_min=1.46, volt_status=NORMAL, batt_w=-3308.0,  batt_mode=charge,  batt_discharge_w=0,  batt_charge_w=3308.0,  load_w=1684.0, zone=unknown,  grid_charge=on, ev_charging_active=off, ev_charge_end=2026-02-23 05:00:02, ev_webhook_count=104, max_discharge_a=65, max_charge_a=90, max_grid_charge_a=64, soc_limit_a=60, volt_penalty_a=0, voltage_protected_limit_a=60, soc_power_w=3256, is_critical_soc=False
2026-02-28T14:07:00.340612+01:00,  soc=60.0,  volt=54.26,  volt_delta=1.46, volt_rate_per_min=1.46, volt_status=NORMAL, batt_w=-3308.0,  batt_mode=charge,  batt_discharge_w=0,  batt_charge_w=3308.0,  load_w=2306.0, zone=unknown,  grid_charge=on, ev_charging_active=off, ev_charge_end=2026-02-23 05:00:02, ev_webhook_count=104, max_discharge_a=65, max_charge_a=90, max_grid_charge_a=64, soc_limit_a=60, volt_penalty_a=0, voltage_protected_limit_a=60, soc_power_w=3256, is_critical_soc=False
2026-02-28T14:08:00.339966+01:00,  soc=61.0,  volt=54.26,  volt_delta=1.46, volt_rate_per_min=1.46, volt_status=NORMAL, batt_w=-3308.0,  batt_mode=charge,  batt_discharge_w=0,  batt_charge_w=3308.0,  load_w=2872.0, zone=unknown,  grid_charge=on, ev_charging_active=off, ev_charge_end=2026-02-23 05:00:02, ev_webhook_count=104, max_discharge_a=65, max_charge_a=90, max_grid_charge_a=64, soc_limit_a=60, volt_penalty_a=0, voltage_protected_limit_a=60, soc_power_w=3256, is_critical_soc=False
2026-02-28T14:09:00.340231+01:00,  soc=61.0,  volt=54.26,  volt_delta=1.46, volt_rate_per_min=1.46, volt_status=NORMAL, batt_w=-3308.0,  batt_mode=charge,  batt_discharge_w=0,  batt_charge_w=3308.0,  load_w=2948.0, zone=unknown,  grid_charge=on, ev_charging_active=off, ev_charge_end=2026-02-23 05:00:02, ev_webhook_count=104, max_discharge_a=65, max_charge_a=90, max_grid_charge_a=64, soc_limit_a=60, volt_penalty_a=0, voltage_protected_limit_a=60, soc_power_w=3256, is_critical_soc=False
2026-02-28T14:10:00.340468+01:00,  soc=62.0,  volt=54.26,  volt_delta=1.46, volt_rate_per_min=1.46, volt_status=NORMAL, batt_w=-3308.0,  batt_mode=charge,  batt_discharge_w=0,  batt_charge_w=3308.0,  load_w=2948.0, zone=unknown,  grid_charge=on, ev_charging_active=off, ev_charge_end=2026-02-23 05:00:02, ev_webhook_count=104, max_discharge_a=65, max_charge_a=90, max_grid_charge_a=64, soc_limit_a=60, volt_penalty_a=0, voltage_protected_limit_a=60, soc_power_w=3256, is_critical_soc=False
2026-02-28T14:11:00.340698+01:00,  soc=62.0,  volt=54.26,  volt_delta=1.46, volt_rate_per_min=1.46, volt_status=NORMAL, batt_w=-3308.0,  batt_mode=charge,  batt_discharge_w=0,  batt_charge_w=3308.0,  load_w=3179.0, zone=unknown,  grid_charge=on, ev_charging_active=off, ev_charge_end=2026-02-23 05:00:02, ev_webhook_count=104, max_discharge_a=65, max_charge_a=90, max_grid_charge_a=64, soc_limit_a=60, volt_penalty_a=0, voltage_protected_limit_a=60, soc_power_w=3256, is_critical_soc=False
2026-02-28T14:12:00.340587+01:00,  soc=63.0,  volt=54.26,  volt_delta=1.46, volt_rate_per_min=1.46, volt_status=NORMAL, batt_w=-3308.0,  batt_mode=charge,  batt_discharge_w=0,  batt_charge_w=3308.0,  load_w=3107.0, zone=unknown,  grid_charge=on, ev_charging_active=off, ev_charge_end=2026-02-23 05:00:02, ev_webhook_count=104, max_discharge_a=65, max_charge_a=90, max_grid_charge_a=64, soc_limit_a=60, volt_penalty_a=0, voltage_protected_limit_a=60, soc_power_w=3256, is_critical_soc=False
2026-02-28T14:13:00.341270+01:00,  soc=63.0,  volt=54.26,  volt_delta=1.46, volt_rate_per_min=1.46, volt_status=NORMAL, batt_w=-3318.0,  batt_mode=charge,  batt_discharge_w=0,  batt_charge_w=3318.0,  load_w=2807.0, zone=unknown,  grid_charge=on, ev_charging_active=off, ev_charge_end=2026-02-23 05:00:02, ev_webhook_count=104, max_discharge_a=65, max_charge_a=90, max_grid_charge_a=64, soc_limit_a=60, volt_penalty_a=0, voltage_protected_limit_a=60, soc_power_w=3256, is_critical_soc=False
2026-02-28T14:14:00.340192+01:00,  soc=64.0,  volt=54.26,  volt_delta=1.46, volt_rate_per_min=1.46, volt_status=NORMAL, batt_w=-3318.0,  batt_mode=charge,  batt_discharge_w=0,  batt_charge_w=3318.0,  load_w=2807.0, zone=unknown,  grid_charge=on, ev_charging_active=off, ev_charge_end=2026-02-23 05:00:02, ev_webhook_count=104, max_discharge_a=65, max_charge_a=90, max_grid_charge_a=64, soc_limit_a=60, volt_penalty_a=0, voltage_protected_limit_a=60, soc_power_w=3256, is_critical_soc=False
2026-02-28T14:15:00.340339+01:00,  soc=64.0,  volt=54.26,  volt_delta=1.46, volt_rate_per_min=1.46, volt_status=NORMAL, batt_w=-3318.0,  batt_mode=charge,  batt_discharge_w=0,  batt_charge_w=3318.0,  load_w=2807.0, zone=unknown,  grid_charge=on, ev_charging_active=off, ev_charge_end=2026-02-23 05:00:02, ev_webhook_count=104, max_discharge_a=65, max_charge_a=90, max_grid_charge_a=64, soc_limit_a=60, volt_penalty_a=0, voltage_protected_limit_a=60, soc_power_w=3256, is_critical_soc=False
2026-02-28T14:16:00.340115+01:00,  soc=65.0,  volt=54.26,  volt_delta=1.46, volt_rate_per_min=1.46, volt_status=NORMAL, batt_w=-3318.0,  batt_mode=charge,  batt_discharge_w=0,  batt_charge_w=3318.0,  load_w=2552.0, zone=unknown,  grid_charge=on, ev_charging_active=off, ev_charge_end=2026-02-23 05:00:02, ev_webhook_count=104, max_discharge_a=65, max_charge_a=90, max_grid_charge_a=64, soc_limit_a=60, volt_penalty_a=0, voltage_protected_limit_a=60, soc_power_w=3256, is_critical_soc=False
2026-02-28T14:17:00.339967+01:00,  soc=65.0,  volt=54.26,  volt_delta=1.46, volt_rate_per_min=1.46, volt_status=NORMAL, batt_w=-3318.0,  batt_mode=charge,  batt_discharge_w=0,  batt_charge_w=3318.0,  load_w=2552.0, zone=unknown,  grid_charge=on, ev_charging_active=off, ev_charge_end=2026-02-23 05:00:02, ev_webhook_count=104, max_discharge_a=65, max_charge_a=90, max_grid_charge_a=64, soc_limit_a=60, volt_penalty_a=0, voltage_protected_limit_a=60, soc_power_w=3256, is_critical_soc=False
2026-02-28T14:18:00.339891+01:00,  soc=66.0,  volt=54.26,  volt_delta=1.46, volt_rate_per_min=1.46, volt_status=NORMAL, batt_w=-3318.0,  batt_mode=charge,  batt_discharge_w=0,  batt_charge_w=3318.0,  load_w=2537.0, zone=unknown,  grid_charge=on, ev_charging_active=off, ev_charge_end=2026-02-23 05:00:02, ev_webhook_count=104, max_discharge_a=65, max_charge_a=90, max_grid_charge_a=64, soc_limit_a=60, volt_penalty_a=0, voltage_protected_limit_a=60, soc_power_w=3256, is_critical_soc=False
2026-02-28T14:19:00.339756+01:00,  soc=67.0,  volt=54.26,  volt_delta=1.46, volt_rate_per_min=1.46, volt_status=NORMAL, batt_w=-3318.0,  batt_mode=charge,  batt_discharge_w=0,  batt_charge_w=3318.0,  load_w=2392.0, zone=unknown,  grid_charge=on, ev_charging_active=off, ev_charge_end=2026-02-23 05:00:02, ev_webhook_count=104, max_discharge_a=60, max_charge_a=90, max_grid_charge_a=64, soc_limit_a=60, volt_penalty_a=0, voltage_protected_limit_a=60, soc_power_w=3256, is_critical_soc=False
2026-02-28T14:20:00.340148+01:00,  soc=67.0,  volt=54.26,  volt_delta=1.46, volt_rate_per_min=1.46, volt_status=NORMAL, batt_w=-3318.0,  batt_mode=charge,  batt_discharge_w=0,  batt_charge_w=3318.0,  load_w=2392.0, zone=unknown,  grid_charge=on, ev_charging_active=off, ev_charge_end=2026-02-23 05:00:02, ev_webhook_count=104, max_discharge_a=60, max_charge_a=90, max_grid_charge_a=64, soc_limit_a=60, volt_penalty_a=0, voltage_protected_limit_a=60, soc_power_w=3256, is_critical_soc=False
2026-02-28T14:21:00.340233+01:00,  soc=68.0,  volt=54.26,  volt_delta=1.46, volt_rate_per_min=1.46, volt_status=NORMAL, batt_w=-3318.0,  batt_mode=charge,  batt_discharge_w=0,  batt_charge_w=3318.0,  load_w=2392.0, zone=unknown,  grid_charge=on, ev_charging_active=off, ev_charge_end=2026-02-23 05:00:02, ev_webhook_count=104, max_discharge_a=60, max_charge_a=90, max_grid_charge_a=64, soc_limit_a=60, volt_penalty_a=0, voltage_protected_limit_a=60, soc_power_w=3256, is_critical_soc=False
2026-02-28T14:22:00.340243+01:00,  soc=68.0,  volt=54.26,  volt_delta=1.46, volt_rate_per_min=1.46, volt_status=NORMAL, batt_w=-3318.0,  batt_mode=charge,  batt_discharge_w=0,  batt_charge_w=3318.0,  load_w=2392.0, zone=unknown,  grid_charge=on, ev_charging_active=off, ev_charge_end=2026-02-23 05:00:02, ev_webhook_count=104, max_discharge_a=60, max_charge_a=90, max_grid_charge_a=64, soc_limit_a=60, volt_penalty_a=0, voltage_protected_limit_a=60, soc_power_w=3256, is_critical_soc=False
2026-02-28T14:23:00.341704+01:00,  soc=69.0,  volt=54.26,  volt_delta=1.46, volt_rate_per_min=1.46, volt_status=NORMAL, batt_w=-3318.0,  batt_mode=charge,  batt_discharge_w=0,  batt_charge_w=3318.0,  load_w=2103.0, zone=unknown,  grid_charge=on, ev_charging_active=off, ev_charge_end=2026-02-23 05:00:02, ev_webhook_count=104, max_discharge_a=60, max_charge_a=90, max_grid_charge_a=64, soc_limit_a=60, volt_penalty_a=0, voltage_protected_limit_a=60, soc_power_w=3256, is_critical_soc=False
2026-02-28T14:24:00.340793+01:00,  soc=69.0,  volt=54.29,  volt_delta=1.49, volt_rate_per_min=1.49, volt_status=NORMAL, batt_w=-3321.0,  batt_mode=charge,  batt_discharge_w=0,  batt_charge_w=3321.0,  load_w=2103.0, zone=unknown,  grid_charge=on, ev_charging_active=off, ev_charge_end=2026-02-23 05:00:02, ev_webhook_count=104, max_discharge_a=60, max_charge_a=90, max_grid_charge_a=64, soc_limit_a=60, volt_penalty_a=0, voltage_protected_limit_a=60, soc_power_w=3257, is_critical_soc=False
2026-02-28T14:25:00.339955+01:00,  soc=70.0,  volt=54.29,  volt_delta=1.49, volt_rate_per_min=1.49, volt_status=NORMAL, batt_w=-3321.0,  batt_mode=charge,  batt_discharge_w=0,  batt_charge_w=3321.0,  load_w=2103.0, zone=unknown,  grid_charge=on, ev_charging_active=off, ev_charge_end=2026-02-23 05:00:02, ev_webhook_count=104, max_discharge_a=60, max_charge_a=90, max_grid_charge_a=64, soc_limit_a=60, volt_penalty_a=0, voltage_protected_limit_a=60, soc_power_w=3257, is_critical_soc=False
2026-02-28T14:26:00.339801+01:00,  soc=70.0,  volt=54.29,  volt_delta=1.49, volt_rate_per_min=1.49, volt_status=NORMAL, batt_w=-3321.0,  batt_mode=charge,  batt_discharge_w=0,  batt_charge_w=3321.0,  load_w=2103.0, zone=unknown,  grid_charge=on, ev_charging_active=off, ev_charge_end=2026-02-23 05:00:02, ev_webhook_count=104, max_discharge_a=60, max_charge_a=90, max_grid_charge_a=64, soc_limit_a=60, volt_penalty_a=0, voltage_protected_limit_a=60, soc_power_w=3257, is_critical_soc=False
2026-02-28T14:27:00.340524+01:00,  soc=71.0,  volt=54.29,  volt_delta=1.49, volt_rate_per_min=1.49, volt_status=NORMAL, batt_w=-3321.0,  batt_mode=charge,  batt_discharge_w=0,  batt_charge_w=3321.0,  load_w=2103.0, zone=unknown,  grid_charge=on, ev_charging_active=off, ev_charge_end=2026-02-23 05:00:02, ev_webhook_count=104, max_discharge_a=60, max_charge_a=90, max_grid_charge_a=64, soc_limit_a=60, volt_penalty_a=0, voltage_protected_limit_a=60, soc_power_w=3257, is_critical_soc=False
2026-02-28T14:28:00.339804+01:00,  soc=72.0,  volt=54.29,  volt_delta=1.49, volt_rate_per_min=1.49, volt_status=NORMAL, batt_w=-3321.0,  batt_mode=charge,  batt_discharge_w=0,  batt_charge_w=3321.0,  load_w=1971.0, zone=unknown,  grid_charge=on, ev_charging_active=off, ev_charge_end=2026-02-23 05:00:02, ev_webhook_count=104, max_discharge_a=65, max_charge_a=90, max_grid_charge_a=64, soc_limit_a=60, volt_penalty_a=0, voltage_protected_limit_a=60, soc_power_w=3257, is_critical_soc=False
2026-02-28T14:29:00.340059+01:00,  soc=72.0,  volt=54.37,  volt_delta=1.57, volt_rate_per_min=1.57, volt_status=NORMAL, batt_w=-3321.0,  batt_mode=charge,  batt_discharge_w=0,  batt_charge_w=3321.0,  load_w=4068.0, zone=unknown,  grid_charge=on, ev_charging_active=off, ev_charge_end=2026-02-23 05:00:02, ev_webhook_count=104, max_discharge_a=65, max_charge_a=90, max_grid_charge_a=64, soc_limit_a=60, volt_penalty_a=0, voltage_protected_limit_a=60, soc_power_w=3262, is_critical_soc=False
2026-02-28T14:30:00.340420+01:00,  soc=73.0,  volt=54.37,  volt_delta=1.57, volt_rate_per_min=1.57, volt_status=NORMAL, batt_w=-3321.0,  batt_mode=charge,  batt_discharge_w=0,  batt_charge_w=3321.0,  load_w=1990.0, zone=unknown,  grid_charge=on, ev_charging_active=off, ev_charge_end=2026-02-23 05:00:02, ev_webhook_count=104, max_discharge_a=65, max_charge_a=90, max_grid_charge_a=64, soc_limit_a=60, volt_penalty_a=0, voltage_protected_limit_a=60, soc_power_w=3262, is_critical_soc=False
2026-02-28T14:31:00.340867+01:00,  soc=73.0,  volt=54.37,  volt_delta=1.57, volt_rate_per_min=1.57, volt_status=NORMAL, batt_w=-3321.0,  batt_mode=charge,  batt_discharge_w=0,  batt_charge_w=3321.0,  load_w=1990.0, zone=unknown,  grid_charge=on, ev_charging_active=off, ev_charge_end=2026-02-23 05:00:02, ev_webhook_count=104, max_discharge_a=65, max_charge_a=90, max_grid_charge_a=64, soc_limit_a=60, volt_penalty_a=0, voltage_protected_limit_a=60, soc_power_w=3262, is_critical_soc=False
2026-02-28T14:32:00.341038+01:00,  soc=74.0,  volt=54.47,  volt_delta=1.67, volt_rate_per_min=1.67, volt_status=NORMAL, batt_w=-3321.0,  batt_mode=charge,  batt_discharge_w=0,  batt_charge_w=3321.0,  load_w=1990.0, zone=unknown,  grid_charge=on, ev_charging_active=off, ev_charge_end=2026-02-23 05:00:02, ev_webhook_count=104, max_discharge_a=65, max_charge_a=90, max_grid_charge_a=64, soc_limit_a=60, volt_penalty_a=0, voltage_protected_limit_a=60, soc_power_w=3268, is_critical_soc=False
2026-02-28T14:33:00.339881+01:00,  soc=74.0,  volt=54.47,  volt_delta=1.67, volt_rate_per_min=1.67, volt_status=NORMAL, batt_w=-3321.0,  batt_mode=charge,  batt_discharge_w=0,  batt_charge_w=3321.0,  load_w=1990.0, zone=unknown,  grid_charge=on, ev_charging_active=off, ev_charge_end=2026-02-23 05:00:02, ev_webhook_count=104, max_discharge_a=65, max_charge_a=90, max_grid_charge_a=64, soc_limit_a=60, volt_penalty_a=0, voltage_protected_limit_a=60, soc_power_w=3268, is_critical_soc=False
2026-02-28T14:34:00.340913+01:00,  soc=75.0,  volt=54.54,  volt_delta=1.74, volt_rate_per_min=1.74, volt_status=NORMAL, batt_w=-3339.0,  batt_mode=charge,  batt_discharge_w=0,  batt_charge_w=3339.0,  load_w=2012.0, zone=unknown,  grid_charge=on, ev_charging_active=off, ev_charge_end=2026-02-23 05:00:02, ev_webhook_count=104, max_discharge_a=65, max_charge_a=90, max_grid_charge_a=64, soc_limit_a=60, volt_penalty_a=0, voltage_protected_limit_a=60, soc_power_w=3272, is_critical_soc=False
2026-02-28T14:35:00.340247+01:00,  soc=75.0,  volt=54.58,  volt_delta=1.78, volt_rate_per_min=1.78, volt_status=NORMAL, batt_w=-3339.0,  batt_mode=charge,  batt_discharge_w=0,  batt_charge_w=3339.0,  load_w=2012.0, zone=unknown,  grid_charge=on, ev_charging_active=off, ev_charge_end=2026-02-23 05:00:02, ev_webhook_count=104, max_discharge_a=65, max_charge_a=90, max_grid_charge_a=64, soc_limit_a=60, volt_penalty_a=0, voltage_protected_limit_a=60, soc_power_w=3275, is_critical_soc=False
2026-02-28T14:36:00.340607+01:00,  soc=76.0,  volt=54.58,  volt_delta=1.78, volt_rate_per_min=1.78, volt_status=NORMAL, batt_w=-3339.0,  batt_mode=charge,  batt_discharge_w=0,  batt_charge_w=3339.0,  load_w=2012.0, zone=unknown,  grid_charge=on, ev_charging_active=off, ev_charge_end=2026-02-23 05:00:02, ev_webhook_count=104, max_discharge_a=65, max_charge_a=90, max_grid_charge_a=64, soc_limit_a=60, volt_penalty_a=0, voltage_protected_limit_a=60, soc_power_w=3275, is_critical_soc=False
2026-02-28T14:37:00.340366+01:00,  soc=76.0,  volt=54.58,  volt_delta=1.78, volt_rate_per_min=1.78, volt_status=NORMAL, batt_w=-3339.0,  batt_mode=charge,  batt_discharge_w=0,  batt_charge_w=3339.0,  load_w=2012.0, zone=unknown,  grid_charge=on, ev_charging_active=off, ev_charge_end=2026-02-23 05:00:02, ev_webhook_count=104, max_discharge_a=65, max_charge_a=90, max_grid_charge_a=64, soc_limit_a=60, volt_penalty_a=0, voltage_protected_limit_a=60, soc_power_w=3275, is_critical_soc=False
2026-02-28T14:38:00.340259+01:00,  soc=77.0,  volt=54.68,  volt_delta=1.88, volt_rate_per_min=1.88, volt_status=NORMAL, batt_w=-3339.0,  batt_mode=charge,  batt_discharge_w=0,  batt_charge_w=3339.0,  load_w=2012.0, zone=unknown,  grid_charge=on, ev_charging_active=off, ev_charge_end=2026-02-23 05:00:02, ev_webhook_count=104, max_discharge_a=65, max_charge_a=90, max_grid_charge_a=64, soc_limit_a=60, volt_penalty_a=0, voltage_protected_limit_a=60, soc_power_w=3281, is_critical_soc=False
2026-02-28T14:39:00.340358+01:00,  soc=78.0,  volt=54.68,  volt_delta=1.88, volt_rate_per_min=1.88, volt_status=NORMAL, batt_w=-3339.0,  batt_mode=charge,  batt_discharge_w=0,  batt_charge_w=3339.0,  load_w=2041.0, zone=unknown,  grid_charge=on, ev_charging_active=off, ev_charge_end=2026-02-23 05:00:02, ev_webhook_count=104, max_discharge_a=65, max_charge_a=90, max_grid_charge_a=64, soc_limit_a=60, volt_penalty_a=0, voltage_protected_limit_a=60, soc_power_w=3281, is_critical_soc=False
2026-02-28T14:40:00.341602+01:00,  soc=78.0,  volt=54.68,  volt_delta=1.88, volt_rate_per_min=1.88, volt_status=NORMAL, batt_w=-3339.0,  batt_mode=charge,  batt_discharge_w=0,  batt_charge_w=3339.0,  load_w=1372.0, zone=unknown,  grid_charge=on, ev_charging_active=off, ev_charge_end=2026-02-23 05:00:02, ev_webhook_count=104, max_discharge_a=65, max_charge_a=90, max_grid_charge_a=64, soc_limit_a=60, volt_penalty_a=0, voltage_protected_limit_a=60, soc_power_w=3281, is_critical_soc=False
2026-02-28T14:41:00.340408+01:00,  soc=79.0,  volt=54.68,  volt_delta=1.88, volt_rate_per_min=1.88, volt_status=NORMAL, batt_w=-3339.0,  batt_mode=charge,  batt_discharge_w=0,  batt_charge_w=3339.0,  load_w=1196.0, zone=unknown,  grid_charge=on, ev_charging_active=off, ev_charge_end=2026-02-23 05:00:02, ev_webhook_count=104, max_discharge_a=65, max_charge_a=90, max_grid_charge_a=64, soc_limit_a=60, volt_penalty_a=0, voltage_protected_limit_a=60, soc_power_w=3281, is_critical_soc=False
2026-02-28T14:42:00.340200+01:00,  soc=79.0,  volt=54.68,  volt_delta=1.88, volt_rate_per_min=1.88, volt_status=NORMAL, batt_w=-3339.0,  batt_mode=charge,  batt_discharge_w=0,  batt_charge_w=3339.0,  load_w=789.0, zone=unknown,  grid_charge=on, ev_charging_active=off, ev_charge_end=2026-02-23 05:00:02, ev_webhook_count=104, max_discharge_a=65, max_charge_a=90, max_grid_charge_a=64, soc_limit_a=60, volt_penalty_a=0, voltage_protected_limit_a=60, soc_power_w=3281, is_critical_soc=False
2026-02-28T14:43:00.340489+01:00,  soc=80.0,  volt=53.66,  volt_delta=0.86, volt_rate_per_min=0.86, volt_status=NORMAL, batt_w=-200.0,  batt_mode=charge,  batt_discharge_w=0,  batt_charge_w=200.0,  load_w=849.0, zone=unknown,  grid_charge=on, ev_charging_active=off, ev_charge_end=2026-02-23 05:00:02, ev_webhook_count=104, max_discharge_a=65, max_charge_a=90, max_grid_charge_a=64, soc_limit_a=60, volt_penalty_a=0, voltage_protected_limit_a=60, soc_power_w=3220, is_critical_soc=False
2026-02-28T14:44:00.341008+01:00,  soc=80.0,  volt=53.55,  volt_delta=0.75, volt_rate_per_min=0.75, volt_status=NORMAL, batt_w=-218.0,  batt_mode=charge,  batt_discharge_w=0,  batt_charge_w=218.0,  load_w=1137.0, zone=unknown,  grid_charge=on, ev_charging_active=off, ev_charge_end=2026-02-23 05:00:02, ev_webhook_count=104, max_discharge_a=65, max_charge_a=90, max_grid_charge_a=64, soc_limit_a=60, volt_penalty_a=0, voltage_protected_limit_a=60, soc_power_w=3213, is_critical_soc=False
2026-02-28T14:45:00.340494+01:00,  soc=80.0,  volt=53.43,  volt_delta=0.63, volt_rate_per_min=0.63, volt_status=NORMAL, batt_w=-95.0,  batt_mode=charge,  batt_discharge_w=0,  batt_charge_w=95.0,  load_w=1250.0, zone=unknown,  grid_charge=on, ev_charging_active=off, ev_charge_end=2026-02-23 05:00:02, ev_webhook_count=104, max_discharge_a=65, max_charge_a=90, max_grid_charge_a=64, soc_limit_a=60, volt_penalty_a=0, voltage_protected_limit_a=60, soc_power_w=3206, is_critical_soc=False
2026-02-28T14:46:00.341467+01:00,  soc=80.0,  volt=53.71,  volt_delta=0.91, volt_rate_per_min=0.91, volt_status=NORMAL, batt_w=-1220.0,  batt_mode=charge,  batt_discharge_w=0,  batt_charge_w=1220.0,  load_w=1250.0, zone=unknown,  grid_charge=off, ev_charging_active=off, ev_charge_end=2026-02-23 05:00:02, ev_webhook_count=104, max_discharge_a=65, max_charge_a=90, max_grid_charge_a=64, soc_limit_a=60, volt_penalty_a=0, voltage_protected_limit_a=60, soc_power_w=3223, is_critical_soc=False
2026-02-28T14:47:00.340846+01:00,  soc=80.0,  volt=53.71,  volt_delta=0.91, volt_rate_per_min=0.91, volt_status=NORMAL, batt_w=-738.0,  batt_mode=charge,  batt_discharge_w=0,  batt_charge_w=738.0,  load_w=1250.0, zone=unknown,  grid_charge=off, ev_charging_active=off, ev_charge_end=2026-02-23 05:00:02, ev_webhook_count=104, max_discharge_a=65, max_charge_a=90, max_grid_charge_a=64, soc_limit_a=60, volt_penalty_a=0, voltage_protected_limit_a=60, soc_power_w=3223, is_critical_soc=False
2026-02-28T14:48:00.340185+01:00,  soc=80.0,  volt=53.71,  volt_delta=0.91, volt_rate_per_min=0.91, volt_status=NORMAL, batt_w=-676.0,  batt_mode=charge,  batt_discharge_w=0,  batt_charge_w=676.0,  load_w=1250.0, zone=unknown,  grid_charge=off, ev_charging_active=off, ev_charge_end=2026-02-23 05:00:02, ev_webhook_count=104, max_discharge_a=65, max_charge_a=90, max_grid_charge_a=64, soc_limit_a=60, volt_penalty_a=0, voltage_protected_limit_a=60, soc_power_w=3223, is_critical_soc=False
2026-02-28T14:49:00.339990+01:00,  soc=80.0,  volt=53.71,  volt_delta=0.91, volt_rate_per_min=0.91, volt_status=NORMAL, batt_w=-676.0,  batt_mode=charge,  batt_discharge_w=0,  batt_charge_w=676.0,  load_w=1250.0, zone=unknown,  grid_charge=off, ev_charging_active=off, ev_charge_end=2026-02-23 05:00:02, ev_webhook_count=104, max_discharge_a=65, max_charge_a=90, max_grid_charge_a=64, soc_limit_a=60, volt_penalty_a=0, voltage_protected_limit_a=60, soc_power_w=3223, is_critical_soc=False
2026-02-28T14:50:00.340244+01:00,  soc=80.0,  volt=53.71,  volt_delta=0.91, volt_rate_per_min=0.91, volt_status=NORMAL, batt_w=-566.0,  batt_mode=charge,  batt_discharge_w=0,  batt_charge_w=566.0,  load_w=1265.0, zone=unknown,  grid_charge=off, ev_charging_active=off, ev_charge_end=2026-02-23 05:00:02, ev_webhook_count=104, max_discharge_a=65, max_charge_a=90, max_grid_charge_a=64, soc_limit_a=60, volt_penalty_a=0, voltage_protected_limit_a=60, soc_power_w=3223, is_critical_soc=False
2026-02-28T14:51:00.340378+01:00,  soc=80.0,  volt=53.38,  volt_delta=0.58, volt_rate_per_min=0.58, volt_status=NORMAL, batt_w=24.0,  batt_mode=idle,  batt_discharge_w=24.0,  batt_charge_w=0,  load_w=1265.0, zone=unknown,  grid_charge=off, ev_charging_active=off, ev_charge_end=2026-02-23 05:00:02, ev_webhook_count=104, max_discharge_a=65, max_charge_a=90, max_grid_charge_a=64, soc_limit_a=60, volt_penalty_a=0, voltage_protected_limit_a=60, soc_power_w=3203, is_critical_soc=False
2026-02-28T14:52:00.339848+01:00,  soc=80.0,  volt=53.38,  volt_delta=0.58, volt_rate_per_min=0.58, volt_status=NORMAL, batt_w=24.0,  batt_mode=idle,  batt_discharge_w=24.0,  batt_charge_w=0,  load_w=1265.0, zone=unknown,  grid_charge=off, ev_charging_active=off, ev_charge_end=2026-02-23 05:00:02, ev_webhook_count=104, max_discharge_a=65, max_charge_a=90, max_grid_charge_a=64, soc_limit_a=60, volt_penalty_a=0, voltage_protected_limit_a=60, soc_power_w=3203, is_critical_soc=False
2026-02-28T14:53:00.340688+01:00,  soc=80.0,  volt=53.38,  volt_delta=0.58, volt_rate_per_min=0.58, volt_status=NORMAL, batt_w=24.0,  batt_mode=idle,  batt_discharge_w=24.0,  batt_charge_w=0,  load_w=1265.0, zone=unknown,  grid_charge=off, ev_charging_active=off, ev_charge_end=2026-02-23 05:00:02, ev_webhook_count=104, max_discharge_a=65, max_charge_a=90, max_grid_charge_a=64, soc_limit_a=60, volt_penalty_a=0, voltage_protected_limit_a=60, soc_power_w=3203, is_critical_soc=False
2026-02-28T14:54:00.340594+01:00,  soc=80.0,  volt=53.36,  volt_delta=0.56, volt_rate_per_min=0.56, volt_status=NORMAL, batt_w=15.0,  batt_mode=idle,  batt_discharge_w=15.0,  batt_charge_w=0,  load_w=1265.0, zone=unknown,  grid_charge=off, ev_charging_active=off, ev_charge_end=2026-02-23 05:00:02, ev_webhook_count=104, max_discharge_a=65, max_charge_a=90, max_grid_charge_a=64, soc_limit_a=60, volt_penalty_a=0, voltage_protected_limit_a=60, soc_power_w=3202, is_critical_soc=False
2026-02-28T14:55:00.341699+01:00,  soc=80.0,  volt=53.36,  volt_delta=0.56, volt_rate_per_min=0.56, volt_status=NORMAL, batt_w=15.0,  batt_mode=idle,  batt_discharge_w=15.0,  batt_charge_w=0,  load_w=1265.0, zone=unknown,  grid_charge=off, ev_charging_active=off, ev_charge_end=2026-02-23 05:00:02, ev_webhook_count=104, max_discharge_a=65, max_charge_a=90, max_grid_charge_a=64, soc_limit_a=60, volt_penalty_a=0, voltage_protected_limit_a=60, soc_power_w=3202, is_critical_soc=False
2026-02-28T14:56:00.339947+01:00,  soc=80.0,  volt=53.36,  volt_delta=0.56, volt_rate_per_min=0.56, volt_status=NORMAL, batt_w=15.0,  batt_mode=idle,  batt_discharge_w=15.0,  batt_charge_w=0,  load_w=1275.0, zone=unknown,  grid_charge=off, ev_charging_active=off, ev_charge_end=2026-02-23 05:00:02, ev_webhook_count=104, max_discharge_a=65, max_charge_a=90, max_grid_charge_a=64, soc_limit_a=60, volt_penalty_a=0, voltage_protected_limit_a=60, soc_power_w=3202, is_critical_soc=False
2026-02-28T14:57:00.340736+01:00,  soc=80.0,  volt=53.36,  volt_delta=0.56, volt_rate_per_min=0.56, volt_status=NORMAL, batt_w=15.0,  batt_mode=idle,  batt_discharge_w=15.0,  batt_charge_w=0,  load_w=1275.0, zone=unknown,  grid_charge=off, ev_charging_active=off, ev_charge_end=2026-02-23 05:00:02, ev_webhook_count=104, max_discharge_a=65, max_charge_a=90, max_grid_charge_a=64, soc_limit_a=60, volt_penalty_a=0, voltage_protected_limit_a=60, soc_power_w=3202, is_critical_soc=False
2026-02-28T14:58:00.340249+01:00,  soc=80.0,  volt=53.36,  volt_delta=0.56, volt_rate_per_min=0.56, volt_status=NORMAL, batt_w=15.0,  batt_mode=idle,  batt_discharge_w=15.0,  batt_charge_w=0,  load_w=1275.0, zone=unknown,  grid_charge=off, ev_charging_active=off, ev_charge_end=2026-02-23 05:00:02, ev_webhook_count=104, max_discharge_a=65, max_charge_a=90, max_grid_charge_a=64, soc_limit_a=60, volt_penalty_a=0, voltage_protected_limit_a=60, soc_power_w=3202, is_critical_soc=False
2026-02-28T14:59:00.340121+01:00,  soc=80.0,  volt=53.36,  volt_delta=0.56, volt_rate_per_min=0.56, volt_status=NORMAL, batt_w=15.0,  batt_mode=idle,  batt_discharge_w=15.0,  batt_charge_w=0,  load_w=1275.0, zone=unknown,  grid_charge=off, ev_charging_active=off, ev_charge_end=2026-02-23 05:00:02, ev_webhook_count=104, max_discharge_a=65, max_charge_a=90, max_grid_charge_a=64, soc_limit_a=60, volt_penalty_a=0, voltage_protected_limit_a=60, soc_power_w=3202, is_critical_soc=False
2026-02-28T15:00:00.340051+01:00,  soc=80.0,  volt=53.36,  volt_delta=0.56, volt_rate_per_min=0.56, volt_status=NORMAL, batt_w=15.0,  batt_mode=idle,  batt_discharge_w=15.0,  batt_charge_w=0,  load_w=1275.0, zone=unknown,  grid_charge=off, ev_charging_active=off, ev_charge_end=2026-02-23 05:00:02, ev_webhook_count=104, max_discharge_a=65, max_charge_a=90, max_grid_charge_a=64, soc_limit_a=60, volt_penalty_a=0, voltage_protected_limit_a=60, soc_power_w=3202, is_critical_soc=False
2026-02-28T15:01:00.341400+01:00,  soc=80.0,  volt=53.36,  volt_delta=0.56, volt_rate_per_min=0.56, volt_status=NORMAL, batt_w=15.0,  batt_mode=idle,  batt_discharge_w=15.0,  batt_charge_w=0,  load_w=1347.0, zone=unknown,  grid_charge=off, ev_charging_active=off, ev_charge_end=2026-02-23 05:00:02, ev_webhook_count=104, max_discharge_a=65, max_charge_a=90, max_grid_charge_a=64, soc_limit_a=60, volt_penalty_a=0, voltage_protected_limit_a=60, soc_power_w=3202, is_critical_soc=False
2026-02-28T15:02:00.340548+01:00,  soc=80.0,  volt=53.36,  volt_delta=0.56, volt_rate_per_min=0.56, volt_status=NORMAL, batt_w=15.0,  batt_mode=idle,  batt_discharge_w=15.0,  batt_charge_w=0,  load_w=1347.0, zone=unknown,  grid_charge=off, ev_charging_active=off, ev_charge_end=2026-02-23 05:00:02, ev_webhook_count=104, max_discharge_a=65, max_charge_a=90, max_grid_charge_a=64, soc_limit_a=60, volt_penalty_a=0, voltage_protected_limit_a=60, soc_power_w=3202, is_critical_soc=False
2026-02-28T15:03:00.341446+01:00,  soc=80.0,  volt=53.36,  volt_delta=0.56, volt_rate_per_min=0.56, volt_status=NORMAL, batt_w=15.0,  batt_mode=idle,  batt_discharge_w=15.0,  batt_charge_w=0,  load_w=1347.0, zone=unknown,  grid_charge=off, ev_charging_active=off, ev_charge_end=2026-02-23 05:00:02, ev_webhook_count=104, max_discharge_a=65, max_charge_a=90, max_grid_charge_a=64, soc_limit_a=60, volt_penalty_a=0, voltage_protected_limit_a=60, soc_power_w=3202, is_critical_soc=False
2026-02-28T15:04:00.339848+01:00,  soc=80.0,  volt=53.34,  volt_delta=0.54, volt_rate_per_min=0.54, volt_status=NORMAL, batt_w=15.0,  batt_mode=idle,  batt_discharge_w=15.0,  batt_charge_w=0,  load_w=1347.0, zone=unknown,  grid_charge=off, ev_charging_active=off, ev_charge_end=2026-02-23 05:00:02, ev_webhook_count=104, max_discharge_a=65, max_charge_a=90, max_grid_charge_a=64, soc_limit_a=60, volt_penalty_a=0, voltage_protected_limit_a=60, soc_power_w=3200, is_critical_soc=False
2026-02-28T15:05:00.339976+01:00,  soc=80.0,  volt=53.34,  volt_delta=0.54, volt_rate_per_min=0.54, volt_status=NORMAL, batt_w=15.0,  batt_mode=idle,  batt_discharge_w=15.0,  batt_charge_w=0,  load_w=1347.0, zone=unknown,  grid_charge=off, ev_charging_active=off, ev_charge_end=2026-02-23 05:00:02, ev_webhook_count=104, max_discharge_a=65, max_charge_a=90, max_grid_charge_a=64, soc_limit_a=60, volt_penalty_a=0, voltage_protected_limit_a=60, soc_power_w=3200, is_critical_soc=False
2026-02-28T15:06:00.340538+01:00,  soc=80.0,  volt=53.34,  volt_delta=0.54, volt_rate_per_min=0.54, volt_status=NORMAL, batt_w=15.0,  batt_mode=idle,  batt_discharge_w=15.0,  batt_charge_w=0,  load_w=1351.0, zone=unknown,  grid_charge=off, ev_charging_active=off, ev_charge_end=2026-02-23 05:00:02, ev_webhook_count=104, max_discharge_a=65, max_charge_a=90, max_grid_charge_a=64, soc_limit_a=60, volt_penalty_a=0, voltage_protected_limit_a=60, soc_power_w=3200, is_critical_soc=False
2026-02-28T15:07:00.340489+01:00,  soc=80.0,  volt=53.34,  volt_delta=0.54, volt_rate_per_min=0.54, volt_status=NORMAL, batt_w=15.0,  batt_mode=idle,  batt_discharge_w=15.0,  batt_charge_w=0,  load_w=1351.0, zone=unknown,  grid_charge=off, ev_charging_active=off, ev_charge_end=2026-02-23 05:00:02, ev_webhook_count=104, max_discharge_a=65, max_charge_a=90, max_grid_charge_a=64, soc_limit_a=60, volt_penalty_a=0, voltage_protected_limit_a=60, soc_power_w=3200, is_critical_soc=False
2026-02-28T15:08:00.340175+01:00,  soc=80.0,  volt=53.34,  volt_delta=0.54, volt_rate_per_min=0.54, volt_status=NORMAL, batt_w=15.0,  batt_mode=idle,  batt_discharge_w=15.0,  batt_charge_w=0,  load_w=1351.0, zone=unknown,  grid_charge=off, ev_charging_active=off, ev_charge_end=2026-02-23 05:00:02, ev_webhook_count=104, max_discharge_a=65, max_charge_a=90, max_grid_charge_a=64, soc_limit_a=60, volt_penalty_a=0, voltage_protected_limit_a=60, soc_power_w=3200, is_critical_soc=False
2026-02-28T15:09:00.340264+01:00,  soc=80.0,  volt=53.34,  volt_delta=0.54, volt_rate_per_min=0.54, volt_status=NORMAL, batt_w=15.0,  batt_mode=idle,  batt_discharge_w=15.0,  batt_charge_w=0,  load_w=1351.0, zone=unknown,  grid_charge=off, ev_charging_active=off, ev_charge_end=2026-02-23 05:00:02, ev_webhook_count=104, max_discharge_a=65, max_charge_a=90, max_grid_charge_a=64, soc_limit_a=60, volt_penalty_a=0, voltage_protected_limit_a=60, soc_power_w=3200, is_critical_soc=False
2026-02-28T15:10:00.340070+01:00,  soc=80.0,  volt=53.34,  volt_delta=0.54, volt_rate_per_min=0.54, volt_status=NORMAL, batt_w=15.0,  batt_mode=idle,  batt_discharge_w=15.0,  batt_charge_w=0,  load_w=1351.0, zone=unknown,  grid_charge=off, ev_charging_active=off, ev_charge_end=2026-02-23 05:00:02, ev_webhook_count=104, max_discharge_a=65, max_charge_a=90, max_grid_charge_a=64, soc_limit_a=60, volt_penalty_a=0, voltage_protected_limit_a=60, soc_power_w=3200, is_critical_soc=False
2026-02-28T15:11:00.340797+01:00,  soc=80.0,  volt=54.45,  volt_delta=1.65, volt_rate_per_min=1.65, volt_status=NORMAL, batt_w=-3304.0,  batt_mode=charge,  batt_discharge_w=0,  batt_charge_w=3304.0,  load_w=1351.0, zone=unknown,  grid_charge=on, ev_charging_active=off, ev_charge_end=2026-02-23 05:00:02, ev_webhook_count=104, max_discharge_a=65, max_charge_a=90, max_grid_charge_a=64, soc_limit_a=60, volt_penalty_a=0, voltage_protected_limit_a=60, soc_power_w=3267, is_critical_soc=False
2026-02-28T15:12:00.340087+01:00,  soc=81.0,  volt=54.75,  volt_delta=1.95, volt_rate_per_min=1.95, volt_status=NORMAL, batt_w=-3304.0,  batt_mode=charge,  batt_discharge_w=0,  batt_charge_w=3304.0,  load_w=1309.0, zone=unknown,  grid_charge=on, ev_charging_active=off, ev_charge_end=2026-02-23 05:00:02, ev_webhook_count=104, max_discharge_a=65, max_charge_a=90, max_grid_charge_a=64, soc_limit_a=60, volt_penalty_a=0, voltage_protected_limit_a=60, soc_power_w=3285, is_critical_soc=False
2026-02-28T15:13:00.339796+01:00,  soc=81.0,  volt=54.75,  volt_delta=1.95, volt_rate_per_min=1.95, volt_status=NORMAL, batt_w=-3304.0,  batt_mode=charge,  batt_discharge_w=0,  batt_charge_w=3304.0,  load_w=1309.0, zone=unknown,  grid_charge=on, ev_charging_active=off, ev_charge_end=2026-02-23 05:00:02, ev_webhook_count=104, max_discharge_a=65, max_charge_a=90, max_grid_charge_a=64, soc_limit_a=60, volt_penalty_a=0, voltage_protected_limit_a=60, soc_power_w=3285, is_critical_soc=False
2026-02-28T15:14:00.340312+01:00,  soc=82.0,  volt=54.81,  volt_delta=2.01, volt_rate_per_min=2.01, volt_status=NORMAL, batt_w=-3336.0,  batt_mode=charge,  batt_discharge_w=0,  batt_charge_w=3336.0,  load_w=1309.0, zone=unknown,  grid_charge=on, ev_charging_active=off, ev_charge_end=2026-02-23 05:00:02, ev_webhook_count=104, max_discharge_a=65, max_charge_a=90, max_grid_charge_a=64, soc_limit_a=60, volt_penalty_a=0, voltage_protected_limit_a=60, soc_power_w=3289, is_critical_soc=False
2026-02-28T15:15:00.339951+01:00,  soc=83.0,  volt=54.81,  volt_delta=2.01, volt_rate_per_min=2.01, volt_status=NORMAL, batt_w=-3336.0,  batt_mode=charge,  batt_discharge_w=0,  batt_charge_w=3336.0,  load_w=1309.0, zone=unknown,  grid_charge=on, ev_charging_active=off, ev_charge_end=2026-02-23 05:00:02, ev_webhook_count=104, max_discharge_a=65, max_charge_a=90, max_grid_charge_a=64, soc_limit_a=60, volt_penalty_a=0, voltage_protected_limit_a=60, soc_power_w=3289, is_critical_soc=False
2026-02-28T15:16:00.340246+01:00,  soc=83.0,  volt=54.81,  volt_delta=2.01, volt_rate_per_min=2.01, volt_status=NORMAL, batt_w=-3336.0,  batt_mode=charge,  batt_discharge_w=0,  batt_charge_w=3336.0,  load_w=1309.0, zone=unknown,  grid_charge=on, ev_charging_active=off, ev_charge_end=2026-02-23 05:00:02, ev_webhook_count=104, max_discharge_a=65, max_charge_a=90, max_grid_charge_a=64, soc_limit_a=60, volt_penalty_a=0, voltage_protected_limit_a=60, soc_power_w=3289, is_critical_soc=False
2026-02-28T15:17:00.340607+01:00,  soc=84.0,  volt=54.81,  volt_delta=2.01, volt_rate_per_min=2.01, volt_status=NORMAL, batt_w=-3336.0,  batt_mode=charge,  batt_discharge_w=0,  batt_charge_w=3336.0,  load_w=1319.0, zone=unknown,  grid_charge=on, ev_charging_active=off, ev_charge_end=2026-02-23 05:00:02, ev_webhook_count=104, max_discharge_a=65, max_charge_a=90, max_grid_charge_a=64, soc_limit_a=60, volt_penalty_a=0, voltage_protected_limit_a=60, soc_power_w=3289, is_critical_soc=False
2026-02-28T15:18:00.341207+01:00,  soc=84.0,  volt=54.81,  volt_delta=2.01, volt_rate_per_min=2.01, volt_status=NORMAL, batt_w=-3354.0,  batt_mode=charge,  batt_discharge_w=0,  batt_charge_w=3354.0,  load_w=1319.0, zone=unknown,  grid_charge=on, ev_charging_active=off, ev_charge_end=2026-02-23 05:00:02, ev_webhook_count=104, max_discharge_a=65, max_charge_a=90, max_grid_charge_a=64, soc_limit_a=60, volt_penalty_a=0, voltage_protected_limit_a=60, soc_power_w=3289, is_critical_soc=False
2026-02-28T15:19:00.340039+01:00,  soc=85.0,  volt=54.81,  volt_delta=2.01, volt_rate_per_min=2.01, volt_status=NORMAL, batt_w=-3354.0,  batt_mode=charge,  batt_discharge_w=0,  batt_charge_w=3354.0,  load_w=1319.0, zone=unknown,  grid_charge=on, ev_charging_active=off, ev_charge_end=2026-02-23 05:00:02, ev_webhook_count=104, max_discharge_a=65, max_charge_a=90, max_grid_charge_a=64, soc_limit_a=60, volt_penalty_a=0, voltage_protected_limit_a=60, soc_power_w=3289, is_critical_soc=False
2026-02-28T15:20:00.339978+01:00,  soc=85.0,  volt=54.81,  volt_delta=2.01, volt_rate_per_min=2.01, volt_status=NORMAL, batt_w=-3354.0,  batt_mode=charge,  batt_discharge_w=0,  batt_charge_w=3354.0,  load_w=1319.0, zone=unknown,  grid_charge=on, ev_charging_active=off, ev_charge_end=2026-02-23 05:00:02, ev_webhook_count=104, max_discharge_a=65, max_charge_a=90, max_grid_charge_a=64, soc_limit_a=60, volt_penalty_a=0, voltage_protected_limit_a=60, soc_power_w=3289, is_critical_soc=False
2026-02-28T15:21:00.340671+01:00,  soc=86.0,  volt=54.81,  volt_delta=2.01, volt_rate_per_min=2.01, volt_status=NORMAL, batt_w=-3354.0,  batt_mode=charge,  batt_discharge_w=0,  batt_charge_w=3354.0,  load_w=1319.0, zone=unknown,  grid_charge=on, ev_charging_active=off, ev_charge_end=2026-02-23 05:00:02, ev_webhook_count=104, max_discharge_a=65, max_charge_a=90, max_grid_charge_a=64, soc_limit_a=60, volt_penalty_a=0, voltage_protected_limit_a=60, soc_power_w=3289, is_critical_soc=False
2026-02-28T15:22:00.340207+01:00,  soc=86.0,  volt=54.81,  volt_delta=2.01, volt_rate_per_min=2.01, volt_status=NORMAL, batt_w=-3354.0,  batt_mode=charge,  batt_discharge_w=0,  batt_charge_w=3354.0,  load_w=1327.0, zone=unknown,  grid_charge=on, ev_charging_active=off, ev_charge_end=2026-02-23 05:00:02, ev_webhook_count=104, max_discharge_a=65, max_charge_a=90, max_grid_charge_a=64, soc_limit_a=60, volt_penalty_a=0, voltage_protected_limit_a=60, soc_power_w=3289, is_critical_soc=False
2026-02-28T15:23:00.341571+01:00,  soc=87.0,  volt=54.81,  volt_delta=2.01, volt_rate_per_min=2.01, volt_status=NORMAL, batt_w=-3354.0,  batt_mode=charge,  batt_discharge_w=0,  batt_charge_w=3354.0,  load_w=1327.0, zone=unknown,  grid_charge=on, ev_charging_active=off, ev_charge_end=2026-02-23 05:00:02, ev_webhook_count=104, max_discharge_a=65, max_charge_a=90, max_grid_charge_a=64, soc_limit_a=60, volt_penalty_a=0, voltage_protected_limit_a=60, soc_power_w=3289, is_critical_soc=False
2026-02-28T15:24:00.340890+01:00,  soc=87.0,  volt=54.83,  volt_delta=2.03, volt_rate_per_min=2.03, volt_status=NORMAL, batt_w=-3330.0,  batt_mode=charge,  batt_discharge_w=0,  batt_charge_w=3330.0,  load_w=1327.0, zone=unknown,  grid_charge=on, ev_charging_active=off, ev_charge_end=2026-02-23 05:00:02, ev_webhook_count=104, max_discharge_a=65, max_charge_a=90, max_grid_charge_a=64, soc_limit_a=60, volt_penalty_a=0, voltage_protected_limit_a=60, soc_power_w=3290, is_critical_soc=False
2026-02-28T15:25:00.340147+01:00,  soc=88.0,  volt=54.83,  volt_delta=2.03, volt_rate_per_min=2.03, volt_status=NORMAL, batt_w=-3330.0,  batt_mode=charge,  batt_discharge_w=0,  batt_charge_w=3330.0,  load_w=1327.0, zone=unknown,  grid_charge=on, ev_charging_active=off, ev_charge_end=2026-02-23 05:00:02, ev_webhook_count=104, max_discharge_a=65, max_charge_a=90, max_grid_charge_a=64, soc_limit_a=60, volt_penalty_a=0, voltage_protected_limit_a=60, soc_power_w=3290, is_critical_soc=False
2026-02-28T15:26:00.340311+01:00,  soc=88.0,  volt=54.83,  volt_delta=2.03, volt_rate_per_min=2.03, volt_status=NORMAL, batt_w=-3330.0,  batt_mode=charge,  batt_discharge_w=0,  batt_charge_w=3330.0,  load_w=1327.0, zone=unknown,  grid_charge=on, ev_charging_active=off, ev_charge_end=2026-02-23 05:00:02, ev_webhook_count=104, max_discharge_a=65, max_charge_a=90, max_grid_charge_a=64, soc_limit_a=60, volt_penalty_a=0, voltage_protected_limit_a=60, soc_power_w=3290, is_critical_soc=False
2026-02-28T15:27:00.340891+01:00,  soc=89.0,  volt=54.85,  volt_delta=2.05, volt_rate_per_min=2.05, volt_status=NORMAL, batt_w=-3330.0,  batt_mode=charge,  batt_discharge_w=0,  batt_charge_w=3330.0,  load_w=1327.0, zone=unknown,  grid_charge=on, ev_charging_active=off, ev_charge_end=2026-02-23 05:00:02, ev_webhook_count=104, max_discharge_a=65, max_charge_a=90, max_grid_charge_a=64, soc_limit_a=60, volt_penalty_a=0, voltage_protected_limit_a=60, soc_power_w=3291, is_critical_soc=False
2026-02-28T15:28:00.340645+01:00,  soc=90.0,  volt=54.31,  volt_delta=1.51, volt_rate_per_min=1.51, volt_status=NORMAL, batt_w=-1660.0,  batt_mode=charge,  batt_discharge_w=0,  batt_charge_w=1660.0,  load_w=1335.0, zone=unknown,  grid_charge=on, ev_charging_active=off, ev_charge_end=2026-02-23 05:00:02, ev_webhook_count=104, max_discharge_a=65, max_charge_a=90, max_grid_charge_a=64, soc_limit_a=60, volt_penalty_a=0, voltage_protected_limit_a=60, soc_power_w=3259, is_critical_soc=False
2026-02-28T15:29:00.339908+01:00,  soc=90.0,  volt=53.75,  volt_delta=0.95, volt_rate_per_min=0.95, volt_status=NORMAL, batt_w=-225.0,  batt_mode=charge,  batt_discharge_w=0,  batt_charge_w=225.0,  load_w=1335.0, zone=unknown,  grid_charge=on, ev_charging_active=off, ev_charge_end=2026-02-23 05:00:02, ev_webhook_count=104, max_discharge_a=65, max_charge_a=90, max_grid_charge_a=64, soc_limit_a=60, volt_penalty_a=0, voltage_protected_limit_a=60, soc_power_w=3225, is_critical_soc=False
2026-02-28T15:30:00.340148+01:00,  soc=90.0,  volt=53.64,  volt_delta=0.84, volt_rate_per_min=0.84, volt_status=NORMAL, batt_w=-169.0,  batt_mode=charge,  batt_discharge_w=0,  batt_charge_w=169.0,  load_w=1335.0, zone=unknown,  grid_charge=on, ev_charging_active=off, ev_charge_end=2026-02-23 05:00:02, ev_webhook_count=104, max_discharge_a=65, max_charge_a=90, max_grid_charge_a=64, soc_limit_a=60, volt_penalty_a=0, voltage_protected_limit_a=60, soc_power_w=3218, is_critical_soc=False
2026-02-28T15:31:00.340465+01:00,  soc=90.0,  volt=53.64,  volt_delta=0.84, volt_rate_per_min=0.84, volt_status=NORMAL, batt_w=-76.0,  batt_mode=charge,  batt_discharge_w=0,  batt_charge_w=76.0,  load_w=1335.0, zone=unknown,  grid_charge=on, ev_charging_active=off, ev_charge_end=2026-02-23 05:00:02, ev_webhook_count=104, max_discharge_a=65, max_charge_a=90, max_grid_charge_a=64, soc_limit_a=60, volt_penalty_a=0, voltage_protected_limit_a=60, soc_power_w=3218, is_critical_soc=False
2026-02-28T15:32:00.340885+01:00,  soc=90.0,  volt=53.52,  volt_delta=0.72, volt_rate_per_min=0.72, volt_status=NORMAL, batt_w=-24.0,  batt_mode=idle,  batt_discharge_w=0,  batt_charge_w=24.0,  load_w=1335.0, zone=unknown,  grid_charge=on, ev_charging_active=off, ev_charge_end=2026-02-23 05:00:02, ev_webhook_count=104, max_discharge_a=65, max_charge_a=90, max_grid_charge_a=64, soc_limit_a=60, volt_penalty_a=0, voltage_protected_limit_a=60, soc_power_w=3211, is_critical_soc=False
2026-02-28T15:33:00.341391+01:00,  soc=90.0,  volt=53.52,  volt_delta=0.72, volt_rate_per_min=0.72, volt_status=NORMAL, batt_w=-24.0,  batt_mode=idle,  batt_discharge_w=0,  batt_charge_w=24.0,  load_w=1345.0, zone=unknown,  grid_charge=off, ev_charging_active=off, ev_charge_end=2026-02-23 05:00:02, ev_webhook_count=104, max_discharge_a=65, max_charge_a=0, max_grid_charge_a=64, soc_limit_a=60, volt_penalty_a=0, voltage_protected_limit_a=60, soc_power_w=3211, is_critical_soc=False
2026-02-28T15:34:00.340821+01:00,  soc=90.0,  volt=53.44,  volt_delta=0.64, volt_rate_per_min=0.64, volt_status=NORMAL, batt_w=-2.0,  batt_mode=idle,  batt_discharge_w=0,  batt_charge_w=2.0,  load_w=1345.0, zone=unknown,  grid_charge=off, ev_charging_active=off, ev_charge_end=2026-02-23 05:00:02, ev_webhook_count=104, max_discharge_a=65, max_charge_a=0, max_grid_charge_a=64, soc_limit_a=60, volt_penalty_a=0, voltage_protected_limit_a=60, soc_power_w=3206, is_critical_soc=False
2026-02-28T15:35:00.340713+01:00,  soc=90.0,  volt=53.42,  volt_delta=0.62, volt_rate_per_min=0.62, volt_status=NORMAL, batt_w=-2.0,  batt_mode=idle,  batt_discharge_w=0,  batt_charge_w=2.0,  load_w=1345.0, zone=unknown,  grid_charge=off, ev_charging_active=off, ev_charge_end=2026-02-23 05:00:02, ev_webhook_count=104, max_discharge_a=65, max_charge_a=0, max_grid_charge_a=64, soc_limit_a=60, volt_penalty_a=0, voltage_protected_limit_a=60, soc_power_w=3205, is_critical_soc=False
2026-02-28T15:36:00.340381+01:00,  soc=90.0,  volt=53.42,  volt_delta=0.62, volt_rate_per_min=0.62, volt_status=NORMAL, batt_w=-2.0,  batt_mode=idle,  batt_discharge_w=0,  batt_charge_w=2.0,  load_w=1345.0, zone=unknown,  grid_charge=off, ev_charging_active=off, ev_charge_end=2026-02-23 05:00:02, ev_webhook_count=104, max_discharge_a=65, max_charge_a=0, max_grid_charge_a=64, soc_limit_a=60, volt_penalty_a=0, voltage_protected_limit_a=60, soc_power_w=3205, is_critical_soc=False
2026-02-28T15:37:00.340049+01:00,  soc=90.0,  volt=53.42,  volt_delta=0.62, volt_rate_per_min=0.62, volt_status=NORMAL, batt_w=-2.0,  batt_mode=idle,  batt_discharge_w=0,  batt_charge_w=2.0,  load_w=1345.0, zone=unknown,  grid_charge=off, ev_charging_active=off, ev_charge_end=2026-02-23 05:00:02, ev_webhook_count=104, max_discharge_a=65, max_charge_a=0, max_grid_charge_a=64, soc_limit_a=60, volt_penalty_a=0, voltage_protected_limit_a=60, soc_power_w=3205, is_critical_soc=False
2026-02-28T15:38:00.340903+01:00,  soc=90.0,  volt=53.42,  volt_delta=0.62, volt_rate_per_min=0.62, volt_status=NORMAL, batt_w=-2.0,  batt_mode=idle,  batt_discharge_w=0,  batt_charge_w=2.0,  load_w=1354.0, zone=unknown,  grid_charge=off, ev_charging_active=off, ev_charge_end=2026-02-23 05:00:02, ev_webhook_count=104, max_discharge_a=65, max_charge_a=0, max_grid_charge_a=64, soc_limit_a=60, volt_penalty_a=0, voltage_protected_limit_a=60, soc_power_w=3205, is_critical_soc=False
2026-02-28T15:39:00.340001+01:00,  soc=90.0,  volt=53.42,  volt_delta=0.62, volt_rate_per_min=0.62, volt_status=NORMAL, batt_w=-2.0,  batt_mode=idle,  batt_discharge_w=0,  batt_charge_w=2.0,  load_w=1354.0, zone=unknown,  grid_charge=off, ev_charging_active=off, ev_charge_end=2026-02-23 05:00:02, ev_webhook_count=104, max_discharge_a=65, max_charge_a=0, max_grid_charge_a=64, soc_limit_a=60, volt_penalty_a=0, voltage_protected_limit_a=60, soc_power_w=3205, is_critical_soc=False
2026-02-28T15:40:00.340818+01:00,  soc=90.0,  volt=53.42,  volt_delta=0.62, volt_rate_per_min=0.62, volt_status=NORMAL, batt_w=-2.0,  batt_mode=idle,  batt_discharge_w=0,  batt_charge_w=2.0,  load_w=1354.0, zone=unknown,  grid_charge=off, ev_charging_active=off, ev_charge_end=2026-02-23 05:00:02, ev_webhook_count=104, max_discharge_a=65, max_charge_a=0, max_grid_charge_a=64, soc_limit_a=60, volt_penalty_a=0, voltage_protected_limit_a=60, soc_power_w=3205, is_critical_soc=False
2026-02-28T15:41:00.340269+01:00,  soc=90.0,  volt=53.42,  volt_delta=0.62, volt_rate_per_min=0.62, volt_status=NORMAL, batt_w=-2.0,  batt_mode=idle,  batt_discharge_w=0,  batt_charge_w=2.0,  load_w=1354.0, zone=unknown,  grid_charge=off, ev_charging_active=off, ev_charge_end=2026-02-23 05:00:02, ev_webhook_count=104, max_discharge_a=65, max_charge_a=0, max_grid_charge_a=64, soc_limit_a=60, volt_penalty_a=0, voltage_protected_limit_a=60, soc_power_w=3205, is_critical_soc=False
2026-02-28T15:42:00.340585+01:00,  soc=90.0,  volt=53.42,  volt_delta=0.62, volt_rate_per_min=0.62, volt_status=NORMAL, batt_w=-2.0,  batt_mode=idle,  batt_discharge_w=0,  batt_charge_w=2.0,  load_w=1354.0, zone=unknown,  grid_charge=off, ev_charging_active=off, ev_charge_end=2026-02-23 05:00:02, ev_webhook_count=104, max_discharge_a=65, max_charge_a=0, max_grid_charge_a=64, soc_limit_a=60, volt_penalty_a=0, voltage_protected_limit_a=60, soc_power_w=3205, is_critical_soc=False
2026-02-28T15:43:00.340789+01:00,  soc=90.0,  volt=53.42,  volt_delta=0.62, volt_rate_per_min=0.62, volt_status=NORMAL, batt_w=-2.0,  batt_mode=idle,  batt_discharge_w=0,  batt_charge_w=2.0,  load_w=1400.0, zone=unknown,  grid_charge=off, ev_charging_active=off, ev_charge_end=2026-02-23 05:00:02, ev_webhook_count=104, max_discharge_a=65, max_charge_a=0, max_grid_charge_a=64, soc_limit_a=60, volt_penalty_a=0, voltage_protected_limit_a=60, soc_power_w=3205, is_critical_soc=False
2026-02-28T15:44:00.340309+01:00,  soc=90.0,  volt=53.37,  volt_delta=0.57, volt_rate_per_min=0.57, volt_status=NORMAL, batt_w=-2.0,  batt_mode=idle,  batt_discharge_w=0,  batt_charge_w=2.0,  load_w=1404.0, zone=unknown,  grid_charge=off, ev_charging_active=off, ev_charge_end=2026-02-23 05:00:02, ev_webhook_count=104, max_discharge_a=65, max_charge_a=0, max_grid_charge_a=64, soc_limit_a=60, volt_penalty_a=0, voltage_protected_limit_a=60, soc_power_w=3202, is_critical_soc=False
2026-02-28T15:45:00.340027+01:00,  soc=90.0,  volt=53.37,  volt_delta=0.57, volt_rate_per_min=0.57, volt_status=NORMAL, batt_w=-2.0,  batt_mode=idle,  batt_discharge_w=0,  batt_charge_w=2.0,  load_w=1404.0, zone=unknown,  grid_charge=off, ev_charging_active=off, ev_charge_end=2026-02-23 05:00:02, ev_webhook_count=104, max_discharge_a=65, max_charge_a=0, max_grid_charge_a=64, soc_limit_a=60, volt_penalty_a=0, voltage_protected_limit_a=60, soc_power_w=3202, is_critical_soc=False
2026-02-28T15:46:00.340076+01:00,  soc=90.0,  volt=53.37,  volt_delta=0.57, volt_rate_per_min=0.57, volt_status=NORMAL, batt_w=-2.0,  batt_mode=idle,  batt_discharge_w=0,  batt_charge_w=2.0,  load_w=1404.0, zone=unknown,  grid_charge=off, ev_charging_active=off, ev_charge_end=2026-02-23 05:00:02, ev_webhook_count=104, max_discharge_a=65, max_charge_a=0, max_grid_charge_a=64, soc_limit_a=60, volt_penalty_a=0, voltage_protected_limit_a=60, soc_power_w=3202, is_critical_soc=False
2026-02-28T15:47:00.342033+01:00,  soc=90.0,  volt=53.37,  volt_delta=0.57, volt_rate_per_min=0.57, volt_status=NORMAL, batt_w=-2.0,  batt_mode=idle,  batt_discharge_w=0,  batt_charge_w=2.0,  load_w=1404.0, zone=unknown,  grid_charge=off, ev_charging_active=off, ev_charge_end=2026-02-23 05:00:02, ev_webhook_count=104, max_discharge_a=65, max_charge_a=0, max_grid_charge_a=64, soc_limit_a=60, volt_penalty_a=0, voltage_protected_limit_a=60, soc_power_w=3202, is_critical_soc=False
2026-02-28T15:48:00.339855+01:00,  soc=90.0,  volt=53.37,  volt_delta=0.57, volt_rate_per_min=0.57, volt_status=NORMAL, batt_w=-2.0,  batt_mode=idle,  batt_discharge_w=0,  batt_charge_w=2.0,  load_w=1404.0, zone=unknown,  grid_charge=off, ev_charging_active=off, ev_charge_end=2026-02-23 05:00:02, ev_webhook_count=104, max_discharge_a=65, max_charge_a=0, max_grid_charge_a=64, soc_limit_a=60, volt_penalty_a=0, voltage_protected_limit_a=60, soc_power_w=3202, is_critical_soc=False
2026-02-28T15:49:00.340787+01:00,  soc=90.0,  volt=53.37,  volt_delta=0.57, volt_rate_per_min=0.57, volt_status=NORMAL, batt_w=-2.0,  batt_mode=idle,  batt_discharge_w=0,  batt_charge_w=2.0,  load_w=1365.0, zone=unknown,  grid_charge=off, ev_charging_active=off, ev_charge_end=2026-02-23 05:00:02, ev_webhook_count=104, max_discharge_a=65, max_charge_a=0, max_grid_charge_a=64, soc_limit_a=60, volt_penalty_a=0, voltage_protected_limit_a=60, soc_power_w=3202, is_critical_soc=False
2026-02-28T15:50:00.340923+01:00,  soc=90.0,  volt=53.37,  volt_delta=0.57, volt_rate_per_min=0.57, volt_status=NORMAL, batt_w=-2.0,  batt_mode=idle,  batt_discharge_w=0,  batt_charge_w=2.0,  load_w=1185.0, zone=unknown,  grid_charge=off, ev_charging_active=off, ev_charge_end=2026-02-23 05:00:02, ev_webhook_count=104, max_discharge_a=65, max_charge_a=0, max_grid_charge_a=64, soc_limit_a=60, volt_penalty_a=0, voltage_protected_limit_a=60, soc_power_w=3202, is_critical_soc=False
2026-02-28T15:51:00.340668+01:00,  soc=90.0,  volt=53.37,  volt_delta=0.57, volt_rate_per_min=0.57, volt_status=NORMAL, batt_w=-2.0,  batt_mode=idle,  batt_discharge_w=0,  batt_charge_w=2.0,  load_w=1185.0, zone=unknown,  grid_charge=off, ev_charging_active=off, ev_charge_end=2026-02-23 05:00:02, ev_webhook_count=104, max_discharge_a=65, max_charge_a=0, max_grid_charge_a=64, soc_limit_a=60, volt_penalty_a=0, voltage_protected_limit_a=60, soc_power_w=3202, is_critical_soc=False
2026-02-28T15:52:00.341303+01:00,  soc=90.0,  volt=53.37,  volt_delta=0.57, volt_rate_per_min=0.57, volt_status=NORMAL, batt_w=-2.0,  batt_mode=idle,  batt_discharge_w=0,  batt_charge_w=2.0,  load_w=1185.0, zone=unknown,  grid_charge=off, ev_charging_active=off, ev_charge_end=2026-02-23 05:00:02, ev_webhook_count=104, max_discharge_a=65, max_charge_a=0, max_grid_charge_a=64, soc_limit_a=60, volt_penalty_a=0, voltage_protected_limit_a=60, soc_power_w=3202, is_critical_soc=False
2026-02-28T15:53:00.340646+01:00,  soc=90.0,  volt=53.37,  volt_delta=0.57, volt_rate_per_min=0.57, volt_status=NORMAL, batt_w=-2.0,  batt_mode=idle,  batt_discharge_w=0,  batt_charge_w=2.0,  load_w=1312.0, zone=unknown,  grid_charge=off, ev_charging_active=off, ev_charge_end=2026-02-23 05:00:02, ev_webhook_count=104, max_discharge_a=65, max_charge_a=0, max_grid_charge_a=64, soc_limit_a=60, volt_penalty_a=0, voltage_protected_limit_a=60, soc_power_w=3202, is_critical_soc=False
2026-02-28T15:54:00.340452+01:00,  soc=90.0,  volt=53.37,  volt_delta=0.57, volt_rate_per_min=0.57, volt_status=NORMAL, batt_w=-3.0,  batt_mode=idle,  batt_discharge_w=0,  batt_charge_w=3.0,  load_w=1189.0, zone=unknown,  grid_charge=off, ev_charging_active=off, ev_charge_end=2026-02-23 05:00:02, ev_webhook_count=104, max_discharge_a=65, max_charge_a=0, max_grid_charge_a=64, soc_limit_a=60, volt_penalty_a=0, voltage_protected_limit_a=60, soc_power_w=3202, is_critical_soc=False
2026-02-28T15:55:00.340170+01:00,  soc=90.0,  volt=53.37,  volt_delta=0.57, volt_rate_per_min=0.57, volt_status=NORMAL, batt_w=-3.0,  batt_mode=idle,  batt_discharge_w=0,  batt_charge_w=3.0,  load_w=1189.0, zone=unknown,  grid_charge=off, ev_charging_active=off, ev_charge_end=2026-02-23 05:00:02, ev_webhook_count=104, max_discharge_a=65, max_charge_a=0, max_grid_charge_a=64, soc_limit_a=60, volt_penalty_a=0, voltage_protected_limit_a=60, soc_power_w=3202, is_critical_soc=False
2026-02-28T15:56:00.340625+01:00,  soc=90.0,  volt=53.37,  volt_delta=0.57, volt_rate_per_min=0.57, volt_status=NORMAL, batt_w=-3.0,  batt_mode=idle,  batt_discharge_w=0,  batt_charge_w=3.0,  load_w=1315.0, zone=unknown,  grid_charge=off, ev_charging_active=off, ev_charge_end=2026-02-23 05:00:02, ev_webhook_count=104, max_discharge_a=65, max_charge_a=0, max_grid_charge_a=64, soc_limit_a=60, volt_penalty_a=0, voltage_protected_limit_a=60, soc_power_w=3202, is_critical_soc=False
2026-02-28T15:57:00.339933+01:00,  soc=90.0,  volt=53.37,  volt_delta=0.57, volt_rate_per_min=0.57, volt_status=NORMAL, batt_w=-3.0,  batt_mode=idle,  batt_discharge_w=0,  batt_charge_w=3.0,  load_w=1187.0, zone=unknown,  grid_charge=off, ev_charging_active=off, ev_charge_end=2026-02-23 05:00:02, ev_webhook_count=104, max_discharge_a=65, max_charge_a=0, max_grid_charge_a=64, soc_limit_a=60, volt_penalty_a=0, voltage_protected_limit_a=60, soc_power_w=3202, is_critical_soc=False
2026-02-28T15:58:00.340766+01:00,  soc=90.0,  volt=53.37,  volt_delta=0.57, volt_rate_per_min=0.57, volt_status=NORMAL, batt_w=-3.0,  batt_mode=idle,  batt_discharge_w=0,  batt_charge_w=3.0,  load_w=1187.0, zone=unknown,  grid_charge=off, ev_charging_active=off, ev_charge_end=2026-02-23 05:00:02, ev_webhook_count=104, max_discharge_a=65, max_charge_a=0, max_grid_charge_a=64, soc_limit_a=60, volt_penalty_a=0, voltage_protected_limit_a=60, soc_power_w=3202, is_critical_soc=False
2026-02-28T15:59:00.341673+01:00,  soc=90.0,  volt=53.37,  volt_delta=0.57, volt_rate_per_min=0.57, volt_status=NORMAL, batt_w=-3.0,  batt_mode=idle,  batt_discharge_w=0,  batt_charge_w=3.0,  load_w=1187.0, zone=unknown,  grid_charge=off, ev_charging_active=off, ev_charge_end=2026-02-23 05:00:02, ev_webhook_count=104, max_discharge_a=65, max_charge_a=0, max_grid_charge_a=64, soc_limit_a=60, volt_penalty_a=0, voltage_protected_limit_a=60, soc_power_w=3202, is_critical_soc=False
2026-02-28T16:00:00.340400+01:00,  soc=90.0,  volt=53.37,  volt_delta=0.57, volt_rate_per_min=0.57, volt_status=NORMAL, batt_w=-3.0,  batt_mode=idle,  batt_discharge_w=0,  batt_charge_w=3.0,  load_w=1190.0, zone=unknown,  grid_charge=off, ev_charging_active=off, ev_charge_end=2026-02-23 05:00:02, ev_webhook_count=104, max_discharge_a=65, max_charge_a=0, max_grid_charge_a=64, soc_limit_a=60, volt_penalty_a=0, voltage_protected_limit_a=60, soc_power_w=3202, is_critical_soc=False
2026-02-28T16:01:00.340487+01:00,  soc=90.0,  volt=53.37,  volt_delta=0.57, volt_rate_per_min=0.57, volt_status=NORMAL, batt_w=-3.0,  batt_mode=idle,  batt_discharge_w=0,  batt_charge_w=3.0,  load_w=1190.0, zone=unknown,  grid_charge=off, ev_charging_active=off, ev_charge_end=2026-02-23 05:00:02, ev_webhook_count=104, max_discharge_a=65, max_charge_a=0, max_grid_charge_a=64, soc_limit_a=60, volt_penalty_a=0, voltage_protected_limit_a=60, soc_power_w=3202, is_critical_soc=False
2026-02-28T16:02:00.341638+01:00,  soc=90.0,  volt=53.37,  volt_delta=0.57, volt_rate_per_min=0.57, volt_status=NORMAL, batt_w=-3.0,  batt_mode=idle,  batt_discharge_w=0,  batt_charge_w=3.0,  load_w=1190.0, zone=unknown,  grid_charge=off, ev_charging_active=off, ev_charge_end=2026-02-23 05:00:02, ev_webhook_count=104, max_discharge_a=65, max_charge_a=0, max_grid_charge_a=64, soc_limit_a=60, volt_penalty_a=0, voltage_protected_limit_a=60, soc_power_w=3202, is_critical_soc=False
2026-02-28T16:03:00.340388+01:00,  soc=90.0,  volt=53.37,  volt_delta=0.57, volt_rate_per_min=0.57, volt_status=NORMAL, batt_w=-3.0,  batt_mode=idle,  batt_discharge_w=0,  batt_charge_w=3.0,  load_w=1277.0, zone=unknown,  grid_charge=off, ev_charging_active=off, ev_charge_end=2026-02-23 05:00:02, ev_webhook_count=104, max_discharge_a=65, max_charge_a=0, max_grid_charge_a=64, soc_limit_a=60, volt_penalty_a=0, voltage_protected_limit_a=60, soc_power_w=3202, is_critical_soc=False
2026-02-28T16:04:00.339996+01:00,  soc=90.0,  volt=53.36,  volt_delta=0.56, volt_rate_per_min=0.56, volt_status=NORMAL, batt_w=-3.0,  batt_mode=idle,  batt_discharge_w=0,  batt_charge_w=3.0,  load_w=1274.0, zone=unknown,  grid_charge=off, ev_charging_active=off, ev_charge_end=2026-02-23 05:00:02, ev_webhook_count=104, max_discharge_a=65, max_charge_a=0, max_grid_charge_a=64, soc_limit_a=60, volt_penalty_a=0, voltage_protected_limit_a=60, soc_power_w=3202, is_critical_soc=False
2026-02-28T16:05:00.339792+01:00,  soc=90.0,  volt=53.36,  volt_delta=0.56, volt_rate_per_min=0.56, volt_status=NORMAL, batt_w=-3.0,  batt_mode=idle,  batt_discharge_w=0,  batt_charge_w=3.0,  load_w=1192.0, zone=unknown,  grid_charge=off, ev_charging_active=off, ev_charge_end=2026-02-23 05:00:02, ev_webhook_count=104, max_discharge_a=65, max_charge_a=0, max_grid_charge_a=64, soc_limit_a=60, volt_penalty_a=0, voltage_protected_limit_a=60, soc_power_w=3202, is_critical_soc=False
2026-02-28T16:06:00.339940+01:00,  soc=90.0,  volt=53.36,  volt_delta=0.56, volt_rate_per_min=0.56, volt_status=NORMAL, batt_w=-3.0,  batt_mode=idle,  batt_discharge_w=0,  batt_charge_w=3.0,  load_w=1192.0, zone=unknown,  grid_charge=off, ev_charging_active=off, ev_charge_end=2026-02-23 05:00:02, ev_webhook_count=104, max_discharge_a=65, max_charge_a=0, max_grid_charge_a=64, soc_limit_a=60, volt_penalty_a=0, voltage_protected_limit_a=60, soc_power_w=3202, is_critical_soc=False
2026-02-28T16:07:00.339842+01:00,  soc=90.0,  volt=53.36,  volt_delta=0.56, volt_rate_per_min=0.56, volt_status=NORMAL, batt_w=-3.0,  batt_mode=idle,  batt_discharge_w=0,  batt_charge_w=3.0,  load_w=1192.0, zone=unknown,  grid_charge=off, ev_charging_active=off, ev_charge_end=2026-02-23 05:00:02, ev_webhook_count=104, max_discharge_a=65, max_charge_a=0, max_grid_charge_a=64, soc_limit_a=60, volt_penalty_a=0, voltage_protected_limit_a=60, soc_power_w=3202, is_critical_soc=False
2026-02-28T16:08:00.341541+01:00,  soc=90.0,  volt=53.36,  volt_delta=0.56, volt_rate_per_min=0.56, volt_status=NORMAL, batt_w=-3.0,  batt_mode=idle,  batt_discharge_w=0,  batt_charge_w=3.0,  load_w=1192.0, zone=unknown,  grid_charge=off, ev_charging_active=off, ev_charge_end=2026-02-23 05:00:02, ev_webhook_count=104, max_discharge_a=65, max_charge_a=0, max_grid_charge_a=64, soc_limit_a=60, volt_penalty_a=0, voltage_protected_limit_a=60, soc_power_w=3202, is_critical_soc=False
2026-02-28T16:09:00.340815+01:00,  soc=90.0,  volt=53.36,  volt_delta=0.56, volt_rate_per_min=0.56, volt_status=NORMAL, batt_w=-3.0,  batt_mode=idle,  batt_discharge_w=0,  batt_charge_w=3.0,  load_w=1192.0, zone=unknown,  grid_charge=off, ev_charging_active=off, ev_charge_end=2026-02-23 05:00:02, ev_webhook_count=104, max_discharge_a=65, max_charge_a=0, max_grid_charge_a=64, soc_limit_a=60, volt_penalty_a=0, voltage_protected_limit_a=60, soc_power_w=3202, is_critical_soc=False
2026-02-28T16:10:00.340811+01:00,  soc=90.0,  volt=53.36,  volt_delta=0.56, volt_rate_per_min=0.56, volt_status=NORMAL, batt_w=-3.0,  batt_mode=idle,  batt_discharge_w=0,  batt_charge_w=3.0,  load_w=1236.0, zone=unknown,  grid_charge=off, ev_charging_active=off, ev_charge_end=2026-02-23 05:00:02, ev_webhook_count=104, max_discharge_a=65, max_charge_a=0, max_grid_charge_a=64, soc_limit_a=60, volt_penalty_a=0, voltage_protected_limit_a=60, soc_power_w=3202, is_critical_soc=False
2026-02-28T16:11:00.340219+01:00,  soc=90.0,  volt=53.36,  volt_delta=0.56, volt_rate_per_min=0.56, volt_status=NORMAL, batt_w=-3.0,  batt_mode=idle,  batt_discharge_w=0,  batt_charge_w=3.0,  load_w=1236.0, zone=unknown,  grid_charge=off, ev_charging_active=off, ev_charge_end=2026-02-23 05:00:02, ev_webhook_count=104, max_discharge_a=65, max_charge_a=0, max_grid_charge_a=64, soc_limit_a=60, volt_penalty_a=0, voltage_protected_limit_a=60, soc_power_w=3202, is_critical_soc=False
2026-02-28T16:12:00.340066+01:00,  soc=90.0,  volt=53.36,  volt_delta=0.56, volt_rate_per_min=0.56, volt_status=NORMAL, batt_w=-3.0,  batt_mode=idle,  batt_discharge_w=0,  batt_charge_w=3.0,  load_w=1236.0, zone=unknown,  grid_charge=off, ev_charging_active=off, ev_charge_end=2026-02-23 05:00:02, ev_webhook_count=104, max_discharge_a=65, max_charge_a=0, max_grid_charge_a=64, soc_limit_a=60, volt_penalty_a=0, voltage_protected_limit_a=60, soc_power_w=3202, is_critical_soc=False
2026-02-28T16:13:00.339788+01:00,  soc=90.0,  volt=53.36,  volt_delta=0.56, volt_rate_per_min=0.56, volt_status=NORMAL, batt_w=-3.0,  batt_mode=idle,  batt_discharge_w=0,  batt_charge_w=3.0,  load_w=1236.0, zone=unknown,  grid_charge=off, ev_charging_active=off, ev_charge_end=2026-02-23 05:00:02, ev_webhook_count=104, max_discharge_a=65, max_charge_a=0, max_grid_charge_a=64, soc_limit_a=60, volt_penalty_a=0, voltage_protected_limit_a=60, soc_power_w=3202, is_critical_soc=False
2026-02-28T16:14:00.339830+01:00,  soc=90.0,  volt=53.36,  volt_delta=0.56, volt_rate_per_min=0.56, volt_status=NORMAL, batt_w=-3.0,  batt_mode=idle,  batt_discharge_w=0,  batt_charge_w=3.0,  load_w=1236.0, zone=unknown,  grid_charge=off, ev_charging_active=off, ev_charge_end=2026-02-23 05:00:02, ev_webhook_count=104, max_discharge_a=65, max_charge_a=0, max_grid_charge_a=64, soc_limit_a=60, volt_penalty_a=0, voltage_protected_limit_a=60, soc_power_w=3202, is_critical_soc=False
2026-02-28T16:15:00.340110+01:00,  soc=90.0,  volt=53.36,  volt_delta=0.56, volt_rate_per_min=0.56, volt_status=NORMAL, batt_w=-3.0,  batt_mode=idle,  batt_discharge_w=0,  batt_charge_w=3.0,  load_w=1236.0, zone=unknown,  grid_charge=off, ev_charging_active=off, ev_charge_end=2026-02-23 05:00:02, ev_webhook_count=104, max_discharge_a=65, max_charge_a=0, max_grid_charge_a=64, soc_limit_a=60, volt_penalty_a=0, voltage_protected_limit_a=60, soc_power_w=3202, is_critical_soc=False
2026-02-28T16:16:00.339783+01:00,  soc=90.0,  volt=53.36,  volt_delta=0.56, volt_rate_per_min=0.56, volt_status=NORMAL, batt_w=-3.0,  batt_mode=idle,  batt_discharge_w=0,  batt_charge_w=3.0,  load_w=1200.0, zone=unknown,  grid_charge=off, ev_charging_active=off, ev_charge_end=2026-02-23 05:00:02, ev_webhook_count=104, max_discharge_a=65, max_charge_a=0, max_grid_charge_a=64, soc_limit_a=60, volt_penalty_a=0, voltage_protected_limit_a=60, soc_power_w=3202, is_critical_soc=False
2026-02-28T16:17:00.340032+01:00,  soc=90.0,  volt=53.36,  volt_delta=0.56, volt_rate_per_min=0.56, volt_status=NORMAL, batt_w=-3.0,  batt_mode=idle,  batt_discharge_w=0,  batt_charge_w=3.0,  load_w=1200.0, zone=unknown,  grid_charge=off, ev_charging_active=off, ev_charge_end=2026-02-23 05:00:02, ev_webhook_count=104, max_discharge_a=65, max_charge_a=0, max_grid_charge_a=64, soc_limit_a=60, volt_penalty_a=0, voltage_protected_limit_a=60, soc_power_w=3202, is_critical_soc=False
2026-02-28T16:18:00.340711+01:00,  soc=90.0,  volt=53.36,  volt_delta=0.56, volt_rate_per_min=0.56, volt_status=NORMAL, batt_w=-3.0,  batt_mode=idle,  batt_discharge_w=0,  batt_charge_w=3.0,  load_w=1200.0, zone=unknown,  grid_charge=off, ev_charging_active=off, ev_charge_end=2026-02-23 05:00:02, ev_webhook_count=104, max_discharge_a=65, max_charge_a=0, max_grid_charge_a=64, soc_limit_a=60, volt_penalty_a=0, voltage_protected_limit_a=60, soc_power_w=3202, is_critical_soc=False
2026-02-28T16:19:00.340600+01:00,  soc=90.0,  volt=53.36,  volt_delta=0.56, volt_rate_per_min=0.56, volt_status=NORMAL, batt_w=-3.0,  batt_mode=idle,  batt_discharge_w=0,  batt_charge_w=3.0,  load_w=1200.0, zone=unknown,  grid_charge=off, ev_charging_active=off, ev_charge_end=2026-02-23 05:00:02, ev_webhook_count=104, max_discharge_a=65, max_charge_a=0, max_grid_charge_a=64, soc_limit_a=60, volt_penalty_a=0, voltage_protected_limit_a=60, soc_power_w=3202, is_critical_soc=False
2026-02-28T16:20:00.340645+01:00,  soc=90.0,  volt=53.36,  volt_delta=0.56, volt_rate_per_min=0.56, volt_status=NORMAL, batt_w=-3.0,  batt_mode=idle,  batt_discharge_w=0,  batt_charge_w=3.0,  load_w=1200.0, zone=unknown,  grid_charge=off, ev_charging_active=off, ev_charge_end=2026-02-23 05:00:02, ev_webhook_count=104, max_discharge_a=65, max_charge_a=0, max_grid_charge_a=64, soc_limit_a=60, volt_penalty_a=0, voltage_protected_limit_a=60, soc_power_w=3202, is_critical_soc=False
2026-02-28T16:21:00.340530+01:00,  soc=90.0,  volt=53.36,  volt_delta=0.56, volt_rate_per_min=0.56, volt_status=NORMAL, batt_w=-3.0,  batt_mode=idle,  batt_discharge_w=0,  batt_charge_w=3.0,  load_w=1280.0, zone=unknown,  grid_charge=off, ev_charging_active=off, ev_charge_end=2026-02-23 05:00:02, ev_webhook_count=104, max_discharge_a=65, max_charge_a=0, max_grid_charge_a=64, soc_limit_a=60, volt_penalty_a=0, voltage_protected_limit_a=60, soc_power_w=3202, is_critical_soc=False
2026-02-28T16:22:00.340000+01:00,  soc=90.0,  volt=53.36,  volt_delta=0.56, volt_rate_per_min=0.56, volt_status=NORMAL, batt_w=-3.0,  batt_mode=idle,  batt_discharge_w=0,  batt_charge_w=3.0,  load_w=1280.0, zone=unknown,  grid_charge=off, ev_charging_active=off, ev_charge_end=2026-02-23 05:00:02, ev_webhook_count=104, max_discharge_a=65, max_charge_a=0, max_grid_charge_a=64, soc_limit_a=60, volt_penalty_a=0, voltage_protected_limit_a=60, soc_power_w=3202, is_critical_soc=False
2026-02-28T16:23:00.341224+01:00,  soc=90.0,  volt=53.36,  volt_delta=0.56, volt_rate_per_min=0.56, volt_status=NORMAL, batt_w=-3.0,  batt_mode=idle,  batt_discharge_w=0,  batt_charge_w=3.0,  load_w=1295.0, zone=unknown,  grid_charge=off, ev_charging_active=off, ev_charge_end=2026-02-23 05:00:02, ev_webhook_count=104, max_discharge_a=65, max_charge_a=0, max_grid_charge_a=64, soc_limit_a=60, volt_penalty_a=0, voltage_protected_limit_a=60, soc_power_w=3202, is_critical_soc=False
2026-02-28T16:24:00.339912+01:00,  soc=90.0,  volt=53.35,  volt_delta=0.55, volt_rate_per_min=0.55, volt_status=NORMAL, batt_w=-3.0,  batt_mode=idle,  batt_discharge_w=0,  batt_charge_w=3.0,  load_w=1295.0, zone=unknown,  grid_charge=off, ev_charging_active=off, ev_charge_end=2026-02-23 05:00:02, ev_webhook_count=104, max_discharge_a=65, max_charge_a=0, max_grid_charge_a=64, soc_limit_a=60, volt_penalty_a=0, voltage_protected_limit_a=60, soc_power_w=3201, is_critical_soc=False
2026-02-28T16:25:00.341080+01:00,  soc=90.0,  volt=53.35,  volt_delta=0.55, volt_rate_per_min=0.55, volt_status=NORMAL, batt_w=-3.0,  batt_mode=idle,  batt_discharge_w=0,  batt_charge_w=3.0,  load_w=1295.0, zone=unknown,  grid_charge=off, ev_charging_active=off, ev_charge_end=2026-02-23 05:00:02, ev_webhook_count=104, max_discharge_a=65, max_charge_a=0, max_grid_charge_a=64, soc_limit_a=60, volt_penalty_a=0, voltage_protected_limit_a=60, soc_power_w=3201, is_critical_soc=False
2026-02-28T16:26:00.340625+01:00,  soc=90.0,  volt=53.35,  volt_delta=0.55, volt_rate_per_min=0.55, volt_status=NORMAL, batt_w=-3.0,  batt_mode=idle,  batt_discharge_w=0,  batt_charge_w=3.0,  load_w=1279.0, zone=unknown,  grid_charge=off, ev_charging_active=off, ev_charge_end=2026-02-23 05:00:02, ev_webhook_count=104, max_discharge_a=65, max_charge_a=0, max_grid_charge_a=64, soc_limit_a=60, volt_penalty_a=0, voltage_protected_limit_a=60, soc_power_w=3201, is_critical_soc=False
2026-02-28T16:27:00.340588+01:00,  soc=90.0,  volt=53.35,  volt_delta=0.55, volt_rate_per_min=0.55, volt_status=NORMAL, batt_w=-3.0,  batt_mode=idle,  batt_discharge_w=0,  batt_charge_w=3.0,  load_w=1203.0, zone=unknown,  grid_charge=off, ev_charging_active=off, ev_charge_end=2026-02-23 05:00:02, ev_webhook_count=104, max_discharge_a=65, max_charge_a=0, max_grid_charge_a=64, soc_limit_a=60, volt_penalty_a=0, voltage_protected_limit_a=60, soc_power_w=3201, is_critical_soc=False
2026-02-28T16:28:00.340117+01:00,  soc=90.0,  volt=53.35,  volt_delta=0.55, volt_rate_per_min=0.55, volt_status=NORMAL, batt_w=-3.0,  batt_mode=idle,  batt_discharge_w=0,  batt_charge_w=3.0,  load_w=1203.0, zone=unknown,  grid_charge=off, ev_charging_active=off, ev_charge_end=2026-02-23 05:00:02, ev_webhook_count=104, max_discharge_a=65, max_charge_a=0, max_grid_charge_a=64, soc_limit_a=60, volt_penalty_a=0, voltage_protected_limit_a=60, soc_power_w=3201, is_critical_soc=False
2026-02-28T16:29:00.340253+01:00,  soc=90.0,  volt=53.35,  volt_delta=0.55, volt_rate_per_min=0.55, volt_status=NORMAL, batt_w=-3.0,  batt_mode=idle,  batt_discharge_w=0,  batt_charge_w=3.0,  load_w=1203.0, zone=unknown,  grid_charge=off, ev_charging_active=off, ev_charge_end=2026-02-23 05:00:02, ev_webhook_count=104, max_discharge_a=65, max_charge_a=0, max_grid_charge_a=64, soc_limit_a=60, volt_penalty_a=0, voltage_protected_limit_a=60, soc_power_w=3201, is_critical_soc=False
2026-02-28T16:30:00.340424+01:00,  soc=90.0,  volt=53.35,  volt_delta=0.55, volt_rate_per_min=0.55, volt_status=NORMAL, batt_w=-3.0,  batt_mode=idle,  batt_discharge_w=0,  batt_charge_w=3.0,  load_w=1203.0, zone=unknown,  grid_charge=off, ev_charging_active=off, ev_charge_end=2026-02-23 05:00:02, ev_webhook_count=104, max_discharge_a=65, max_charge_a=0, max_grid_charge_a=64, soc_limit_a=60, volt_penalty_a=0, voltage_protected_limit_a=60, soc_power_w=3201, is_critical_soc=False
2026-02-28T16:31:00.340629+01:00,  soc=90.0,  volt=53.35,  volt_delta=0.55, volt_rate_per_min=0.55, volt_status=NORMAL, batt_w=-3.0,  batt_mode=idle,  batt_discharge_w=0,  batt_charge_w=3.0,  load_w=1203.0, zone=unknown,  grid_charge=off, ev_charging_active=off, ev_charge_end=2026-02-23 05:00:02, ev_webhook_count=104, max_discharge_a=65, max_charge_a=0, max_grid_charge_a=64, soc_limit_a=60, volt_penalty_a=0, voltage_protected_limit_a=60, soc_power_w=3201, is_critical_soc=False
2026-02-28T16:32:00.340095+01:00,  soc=90.0,  volt=53.35,  volt_delta=0.55, volt_rate_per_min=0.55, volt_status=NORMAL, batt_w=-3.0,  batt_mode=idle,  batt_discharge_w=0,  batt_charge_w=3.0,  load_w=1240.0, zone=unknown,  grid_charge=off, ev_charging_active=off, ev_charge_end=2026-02-23 05:00:02, ev_webhook_count=104, max_discharge_a=65, max_charge_a=0, max_grid_charge_a=64, soc_limit_a=60, volt_penalty_a=0, voltage_protected_limit_a=60, soc_power_w=3201, is_critical_soc=False
2026-02-28T16:33:00.339915+01:00,  soc=90.0,  volt=53.35,  volt_delta=0.55, volt_rate_per_min=0.55, volt_status=NORMAL, batt_w=-3.0,  batt_mode=idle,  batt_discharge_w=0,  batt_charge_w=3.0,  load_w=1240.0, zone=unknown,  grid_charge=off, ev_charging_active=off, ev_charge_end=2026-02-23 05:00:02, ev_webhook_count=104, max_discharge_a=65, max_charge_a=0, max_grid_charge_a=64, soc_limit_a=60, volt_penalty_a=0, voltage_protected_limit_a=60, soc_power_w=3201, is_critical_soc=False
2026-02-28T16:34:00.340780+01:00,  soc=90.0,  volt=53.35,  volt_delta=0.55, volt_rate_per_min=0.55, volt_status=NORMAL, batt_w=3.0,  batt_mode=idle,  batt_discharge_w=3.0,  batt_charge_w=0,  load_w=1240.0, zone=unknown,  grid_charge=off, ev_charging_active=off, ev_charge_end=2026-02-23 05:00:02, ev_webhook_count=104, max_discharge_a=65, max_charge_a=0, max_grid_charge_a=64, soc_limit_a=60, volt_penalty_a=0, voltage_protected_limit_a=60, soc_power_w=3201, is_critical_soc=False
2026-02-28T16:35:00.340553+01:00,  soc=90.0,  volt=53.35,  volt_delta=0.55, volt_rate_per_min=0.55, volt_status=NORMAL, batt_w=3.0,  batt_mode=idle,  batt_discharge_w=3.0,  batt_charge_w=0,  load_w=1240.0, zone=unknown,  grid_charge=off, ev_charging_active=off, ev_charge_end=2026-02-23 05:00:02, ev_webhook_count=104, max_discharge_a=65, max_charge_a=0, max_grid_charge_a=64, soc_limit_a=60, volt_penalty_a=0, voltage_protected_limit_a=60, soc_power_w=3201, is_critical_soc=False
2026-02-28T16:36:00.340601+01:00,  soc=90.0,  volt=53.35,  volt_delta=0.55, volt_rate_per_min=0.55, volt_status=NORMAL, batt_w=3.0,  batt_mode=idle,  batt_discharge_w=3.0,  batt_charge_w=0,  load_w=1240.0, zone=unknown,  grid_charge=off, ev_charging_active=off, ev_charge_end=2026-02-23 05:00:02, ev_webhook_count=104, max_discharge_a=65, max_charge_a=0, max_grid_charge_a=64, soc_limit_a=60, volt_penalty_a=0, voltage_protected_limit_a=60, soc_power_w=3201, is_critical_soc=False
2026-02-28T16:37:00.340007+01:00,  soc=90.0,  volt=53.35,  volt_delta=0.55, volt_rate_per_min=0.55, volt_status=NORMAL, batt_w=3.0,  batt_mode=idle,  batt_discharge_w=3.0,  batt_charge_w=0,  load_w=1241.0, zone=unknown,  grid_charge=off, ev_charging_active=off, ev_charge_end=2026-02-23 05:00:02, ev_webhook_count=104, max_discharge_a=65, max_charge_a=0, max_grid_charge_a=64, soc_limit_a=60, volt_penalty_a=0, voltage_protected_limit_a=60, soc_power_w=3201, is_critical_soc=False
2026-02-28T16:38:00.340063+01:00,  soc=90.0,  volt=53.35,  volt_delta=0.55, volt_rate_per_min=0.55, volt_status=NORMAL, batt_w=3.0,  batt_mode=idle,  batt_discharge_w=3.0,  batt_charge_w=0,  load_w=1241.0, zone=unknown,  grid_charge=off, ev_charging_active=off, ev_charge_end=2026-02-23 05:00:02, ev_webhook_count=104, max_discharge_a=65, max_charge_a=0, max_grid_charge_a=64, soc_limit_a=60, volt_penalty_a=0, voltage_protected_limit_a=60, soc_power_w=3201, is_critical_soc=False
2026-02-28T16:39:00.340097+01:00,  soc=90.0,  volt=53.35,  volt_delta=0.55, volt_rate_per_min=0.55, volt_status=NORMAL, batt_w=3.0,  batt_mode=idle,  batt_discharge_w=3.0,  batt_charge_w=0,  load_w=1241.0, zone=unknown,  grid_charge=off, ev_charging_active=off, ev_charge_end=2026-02-23 05:00:02, ev_webhook_count=104, max_discharge_a=65, max_charge_a=0, max_grid_charge_a=64, soc_limit_a=60, volt_penalty_a=0, voltage_protected_limit_a=60, soc_power_w=3201, is_critical_soc=False
2026-02-28T16:40:00.340116+01:00,  soc=90.0,  volt=53.35,  volt_delta=0.55, volt_rate_per_min=0.55, volt_status=NORMAL, batt_w=3.0,  batt_mode=idle,  batt_discharge_w=3.0,  batt_charge_w=0,  load_w=1241.0, zone=unknown,  grid_charge=off, ev_charging_active=off, ev_charge_end=2026-02-23 05:00:02, ev_webhook_count=104, max_discharge_a=65, max_charge_a=0, max_grid_charge_a=64, soc_limit_a=60, volt_penalty_a=0, voltage_protected_limit_a=60, soc_power_w=3201, is_critical_soc=False
2026-02-28T16:41:00.340264+01:00,  soc=90.0,  volt=53.32,  volt_delta=0.52, volt_rate_per_min=0.52, volt_status=NORMAL, batt_w=57.0,  batt_mode=discharge,  batt_discharge_w=57.0,  batt_charge_w=0,  load_w=1241.0, zone=unknown,  grid_charge=off, ev_charging_active=off, ev_charge_end=2026-02-23 05:00:02, ev_webhook_count=104, max_discharge_a=65, max_charge_a=0, max_grid_charge_a=64, soc_limit_a=60, volt_penalty_a=0, voltage_protected_limit_a=60, soc_power_w=3199, is_critical_soc=False
2026-02-28T16:42:00.340697+01:00,  soc=90.0,  volt=53.32,  volt_delta=0.52, volt_rate_per_min=0.52, volt_status=NORMAL, batt_w=57.0,  batt_mode=discharge,  batt_discharge_w=57.0,  batt_charge_w=0,  load_w=1204.0, zone=unknown,  grid_charge=off, ev_charging_active=off, ev_charge_end=2026-02-23 05:00:02, ev_webhook_count=104, max_discharge_a=65, max_charge_a=0, max_grid_charge_a=64, soc_limit_a=60, volt_penalty_a=0, voltage_protected_limit_a=60, soc_power_w=3199, is_critical_soc=False
2026-02-28T16:43:00.339889+01:00,  soc=90.0,  volt=53.32,  volt_delta=0.52, volt_rate_per_min=0.52, volt_status=NORMAL, batt_w=57.0,  batt_mode=discharge,  batt_discharge_w=57.0,  batt_charge_w=0,  load_w=1204.0, zone=unknown,  grid_charge=off, ev_charging_active=off, ev_charge_end=2026-02-23 05:00:02, ev_webhook_count=104, max_discharge_a=65, max_charge_a=0, max_grid_charge_a=64, soc_limit_a=60, volt_penalty_a=0, voltage_protected_limit_a=60, soc_power_w=3199, is_critical_soc=False
2026-02-28T16:44:00.340144+01:00,  soc=90.0,  volt=53.33,  volt_delta=0.53, volt_rate_per_min=0.53, volt_status=NORMAL, batt_w=23.0,  batt_mode=idle,  batt_discharge_w=23.0,  batt_charge_w=0,  load_w=1204.0, zone=unknown,  grid_charge=off, ev_charging_active=off, ev_charge_end=2026-02-23 05:00:02, ev_webhook_count=104, max_discharge_a=65, max_charge_a=0, max_grid_charge_a=64, soc_limit_a=60, volt_penalty_a=0, voltage_protected_limit_a=60, soc_power_w=3200, is_critical_soc=False
2026-02-28T16:45:00.340567+01:00,  soc=90.0,  volt=53.33,  volt_delta=0.53, volt_rate_per_min=0.53, volt_status=NORMAL, batt_w=23.0,  batt_mode=idle,  batt_discharge_w=23.0,  batt_charge_w=0,  load_w=1204.0, zone=unknown,  grid_charge=off, ev_charging_active=off, ev_charge_end=2026-02-23 05:00:02, ev_webhook_count=104, max_discharge_a=65, max_charge_a=0, max_grid_charge_a=64, soc_limit_a=60, volt_penalty_a=0, voltage_protected_limit_a=60, soc_power_w=3200, is_critical_soc=False
2026-02-28T16:46:00.340660+01:00,  soc=90.0,  volt=53.33,  volt_delta=0.53, volt_rate_per_min=0.53, volt_status=NORMAL, batt_w=23.0,  batt_mode=idle,  batt_discharge_w=23.0,  batt_charge_w=0,  load_w=1204.0, zone=unknown,  grid_charge=off, ev_charging_active=off, ev_charge_end=2026-02-23 05:00:02, ev_webhook_count=104, max_discharge_a=65, max_charge_a=0, max_grid_charge_a=64, soc_limit_a=60, volt_penalty_a=0, voltage_protected_limit_a=60, soc_power_w=3200, is_critical_soc=False
2026-02-28T16:47:00.340260+01:00,  soc=90.0,  volt=53.33,  volt_delta=0.53, volt_rate_per_min=0.53, volt_status=NORMAL, batt_w=23.0,  batt_mode=idle,  batt_discharge_w=23.0,  batt_charge_w=0,  load_w=1204.0, zone=unknown,  grid_charge=off, ev_charging_active=off, ev_charge_end=2026-02-23 05:00:02, ev_webhook_count=104, max_discharge_a=65, max_charge_a=0, max_grid_charge_a=64, soc_limit_a=60, volt_penalty_a=0, voltage_protected_limit_a=60, soc_power_w=3200, is_critical_soc=False
2026-02-28T16:48:00.340590+01:00,  soc=90.0,  volt=53.33,  volt_delta=0.53, volt_rate_per_min=0.53, volt_status=NORMAL, batt_w=1.0,  batt_mode=idle,  batt_discharge_w=1.0,  batt_charge_w=0,  load_w=1204.0, zone=unknown,  grid_charge=off, ev_charging_active=off, ev_charge_end=2026-02-23 05:00:02, ev_webhook_count=104, max_discharge_a=65, max_charge_a=0, max_grid_charge_a=64, soc_limit_a=60, volt_penalty_a=0, voltage_protected_limit_a=60, soc_power_w=3200, is_critical_soc=False
2026-02-28T16:49:00.340122+01:00,  soc=90.0,  volt=53.33,  volt_delta=0.53, volt_rate_per_min=0.53, volt_status=NORMAL, batt_w=1.0,  batt_mode=idle,  batt_discharge_w=1.0,  batt_charge_w=0,  load_w=1204.0, zone=unknown,  grid_charge=off, ev_charging_active=off, ev_charge_end=2026-02-23 05:00:02, ev_webhook_count=104, max_discharge_a=65, max_charge_a=0, max_grid_charge_a=64, soc_limit_a=60, volt_penalty_a=0, voltage_protected_limit_a=60, soc_power_w=3200, is_critical_soc=False
2026-02-28T16:50:00.341678+01:00,  soc=90.0,  volt=53.33,  volt_delta=0.53, volt_rate_per_min=0.53, volt_status=NORMAL, batt_w=1.0,  batt_mode=idle,  batt_discharge_w=1.0,  batt_charge_w=0,  load_w=1204.0, zone=unknown,  grid_charge=off, ev_charging_active=off, ev_charge_end=2026-02-23 05:00:02, ev_webhook_count=104, max_discharge_a=65, max_charge_a=0, max_grid_charge_a=64, soc_limit_a=60, volt_penalty_a=0, voltage_protected_limit_a=60, soc_power_w=3200, is_critical_soc=False
2026-02-28T16:51:00.340159+01:00,  soc=90.0,  volt=53.33,  volt_delta=0.53, volt_rate_per_min=0.53, volt_status=NORMAL, batt_w=1.0,  batt_mode=idle,  batt_discharge_w=1.0,  batt_charge_w=0,  load_w=1204.0, zone=unknown,  grid_charge=off, ev_charging_active=off, ev_charge_end=2026-02-23 05:00:02, ev_webhook_count=104, max_discharge_a=65, max_charge_a=0, max_grid_charge_a=64, soc_limit_a=60, volt_penalty_a=0, voltage_protected_limit_a=60, soc_power_w=3200, is_critical_soc=False
2026-02-28T16:52:00.340032+01:00,  soc=90.0,  volt=53.33,  volt_delta=0.53, volt_rate_per_min=0.53, volt_status=NORMAL, batt_w=1.0,  batt_mode=idle,  batt_discharge_w=1.0,  batt_charge_w=0,  load_w=1204.0, zone=unknown,  grid_charge=off, ev_charging_active=off, ev_charge_end=2026-02-23 05:00:02, ev_webhook_count=104, max_discharge_a=65, max_charge_a=0, max_grid_charge_a=64, soc_limit_a=60, volt_penalty_a=0, voltage_protected_limit_a=60, soc_power_w=3200, is_critical_soc=False
2026-02-28T16:53:00.340289+01:00,  soc=90.0,  volt=53.33,  volt_delta=0.53, volt_rate_per_min=0.53, volt_status=NORMAL, batt_w=1.0,  batt_mode=idle,  batt_discharge_w=1.0,  batt_charge_w=0,  load_w=1204.0, zone=unknown,  grid_charge=off, ev_charging_active=off, ev_charge_end=2026-02-23 05:00:02, ev_webhook_count=104, max_discharge_a=65, max_charge_a=0, max_grid_charge_a=64, soc_limit_a=60, volt_penalty_a=0, voltage_protected_limit_a=60, soc_power_w=3200, is_critical_soc=False
2026-02-28T16:54:00.340708+01:00,  soc=90.0,  volt=53.33,  volt_delta=0.53, volt_rate_per_min=0.53, volt_status=NORMAL, batt_w=1.0,  batt_mode=idle,  batt_discharge_w=1.0,  batt_charge_w=0,  load_w=1204.0, zone=unknown,  grid_charge=off, ev_charging_active=off, ev_charge_end=2026-02-23 05:00:02, ev_webhook_count=104, max_discharge_a=65, max_charge_a=0, max_grid_charge_a=64, soc_limit_a=60, volt_penalty_a=0, voltage_protected_limit_a=60, soc_power_w=3200, is_critical_soc=False
2026-02-28T16:55:00.340553+01:00,  soc=90.0,  volt=53.34,  volt_delta=0.54, volt_rate_per_min=0.54, volt_status=NORMAL, batt_w=-4.0,  batt_mode=idle,  batt_discharge_w=0,  batt_charge_w=4.0,  load_w=1204.0, zone=unknown,  grid_charge=off, ev_charging_active=off, ev_charge_end=2026-02-23 05:00:02, ev_webhook_count=104, max_discharge_a=65, max_charge_a=0, max_grid_charge_a=64, soc_limit_a=60, volt_penalty_a=0, voltage_protected_limit_a=60, soc_power_w=3200, is_critical_soc=False
2026-02-28T16:56:00.339836+01:00,  soc=90.0,  volt=53.34,  volt_delta=0.54, volt_rate_per_min=0.54, volt_status=NORMAL, batt_w=-4.0,  batt_mode=idle,  batt_discharge_w=0,  batt_charge_w=4.0,  load_w=1204.0, zone=unknown,  grid_charge=off, ev_charging_active=off, ev_charge_end=2026-02-23 05:00:02, ev_webhook_count=104, max_discharge_a=65, max_charge_a=0, max_grid_charge_a=64, soc_limit_a=60, volt_penalty_a=0, voltage_protected_limit_a=60, soc_power_w=3200, is_critical_soc=False
2026-02-28T16:57:00.340698+01:00,  soc=90.0,  volt=53.34,  volt_delta=0.54, volt_rate_per_min=0.54, volt_status=NORMAL, batt_w=-4.0,  batt_mode=idle,  batt_discharge_w=0,  batt_charge_w=4.0,  load_w=1204.0, zone=unknown,  grid_charge=off, ev_charging_active=off, ev_charge_end=2026-02-23 05:00:02, ev_webhook_count=104, max_discharge_a=65, max_charge_a=0, max_grid_charge_a=64, soc_limit_a=60, volt_penalty_a=0, voltage_protected_limit_a=60, soc_power_w=3200, is_critical_soc=False
2026-02-28T16:58:00.339867+01:00,  soc=90.0,  volt=53.34,  volt_delta=0.54, volt_rate_per_min=0.54, volt_status=NORMAL, batt_w=-4.0,  batt_mode=idle,  batt_discharge_w=0,  batt_charge_w=4.0,  load_w=1275.0, zone=unknown,  grid_charge=off, ev_charging_active=off, ev_charge_end=2026-02-23 05:00:02, ev_webhook_count=104, max_discharge_a=65, max_charge_a=0, max_grid_charge_a=64, soc_limit_a=60, volt_penalty_a=0, voltage_protected_limit_a=60, soc_power_w=3200, is_critical_soc=False
2026-02-28T16:59:00.339954+01:00,  soc=90.0,  volt=53.34,  volt_delta=0.54, volt_rate_per_min=0.54, volt_status=NORMAL, batt_w=-4.0,  batt_mode=idle,  batt_discharge_w=0,  batt_charge_w=4.0,  load_w=1275.0, zone=unknown,  grid_charge=off, ev_charging_active=off, ev_charge_end=2026-02-23 05:00:02, ev_webhook_count=104, max_discharge_a=65, max_charge_a=0, max_grid_charge_a=64, soc_limit_a=60, volt_penalty_a=0, voltage_protected_limit_a=60, soc_power_w=3200, is_critical_soc=False
2026-02-28T17:00:00.340333+01:00,  soc=90.0,  volt=53.34,  volt_delta=0.54, volt_rate_per_min=0.54, volt_status=NORMAL, batt_w=-4.0,  batt_mode=idle,  batt_discharge_w=0,  batt_charge_w=4.0,  load_w=1275.0, zone=unknown,  grid_charge=off, ev_charging_active=off, ev_charge_end=2026-02-23 05:00:02, ev_webhook_count=104, max_discharge_a=65, max_charge_a=0, max_grid_charge_a=64, soc_limit_a=60, volt_penalty_a=0, voltage_protected_limit_a=60, soc_power_w=3200, is_critical_soc=False
2026-02-28T17:01:00.341713+01:00,  soc=90.0,  volt=52.91,  volt_delta=0.11, volt_rate_per_min=0.11, volt_status=NORMAL, batt_w=1241.0,  batt_mode=discharge,  batt_discharge_w=1241.0,  batt_charge_w=0,  load_w=1275.0, zone=unknown,  grid_charge=off, ev_charging_active=off, ev_charge_end=2026-02-23 05:00:02, ev_webhook_count=104, max_discharge_a=65, max_charge_a=0, max_grid_charge_a=64, soc_limit_a=60, volt_penalty_a=0, voltage_protected_limit_a=60, soc_power_w=3175, is_critical_soc=False
2026-02-28T17:02:00.340787+01:00,  soc=89.0,  volt=52.8,  volt_delta=0.0, volt_rate_per_min=0.0, volt_status=NORMAL, batt_w=1241.0,  batt_mode=discharge,  batt_discharge_w=1241.0,  batt_charge_w=0,  load_w=1275.0, zone=unknown,  grid_charge=off, ev_charging_active=off, ev_charge_end=2026-02-23 05:00:02, ev_webhook_count=104, max_discharge_a=65, max_charge_a=0, max_grid_charge_a=64, soc_limit_a=60, volt_penalty_a=0, voltage_protected_limit_a=60, soc_power_w=3168, is_critical_soc=False
2026-02-28T17:03:00.340363+01:00,  soc=89.0,  volt=52.8,  volt_delta=0.0, volt_rate_per_min=0.0, volt_status=NORMAL, batt_w=1241.0,  batt_mode=discharge,  batt_discharge_w=1241.0,  batt_charge_w=0,  load_w=1275.0, zone=unknown,  grid_charge=off, ev_charging_active=off, ev_charge_end=2026-02-23 05:00:02, ev_webhook_count=104, max_discharge_a=65, max_charge_a=0, max_grid_charge_a=64, soc_limit_a=60, volt_penalty_a=0, voltage_protected_limit_a=60, soc_power_w=3168, is_critical_soc=False
2026-02-28T17:04:00.340824+01:00,  soc=89.0,  volt=52.7,  volt_delta=-0.1, volt_rate_per_min=-0.1, volt_status=NORMAL, batt_w=1241.0,  batt_mode=discharge,  batt_discharge_w=1241.0,  batt_charge_w=0,  load_w=1288.0, zone=unknown,  grid_charge=off, ev_charging_active=off, ev_charge_end=2026-02-23 05:00:02, ev_webhook_count=104, max_discharge_a=65, max_charge_a=0, max_grid_charge_a=64, soc_limit_a=60, volt_penalty_a=0, voltage_protected_limit_a=60, soc_power_w=3162, is_critical_soc=False
2026-02-28T17:05:00.340492+01:00,  soc=89.0,  volt=52.67,  volt_delta=-0.13, volt_rate_per_min=-0.13, volt_status=NORMAL, batt_w=1253.0,  batt_mode=discharge,  batt_discharge_w=1253.0,  batt_charge_w=0,  load_w=1288.0, zone=unknown,  grid_charge=off, ev_charging_active=off, ev_charge_end=2026-02-23 05:00:02, ev_webhook_count=104, max_discharge_a=65, max_charge_a=0, max_grid_charge_a=64, soc_limit_a=60, volt_penalty_a=0, voltage_protected_limit_a=60, soc_power_w=3160, is_critical_soc=False
2026-02-28T17:06:00.340518+01:00,  soc=89.0,  volt=52.67,  volt_delta=-0.13, volt_rate_per_min=-0.13, volt_status=NORMAL, batt_w=1164.0,  batt_mode=discharge,  batt_discharge_w=1164.0,  batt_charge_w=0,  load_w=1288.0, zone=unknown,  grid_charge=off, ev_charging_active=off, ev_charge_end=2026-02-23 05:00:02, ev_webhook_count=104, max_discharge_a=65, max_charge_a=0, max_grid_charge_a=64, soc_limit_a=60, volt_penalty_a=0, voltage_protected_limit_a=60, soc_power_w=3160, is_critical_soc=False
2026-02-28T17:07:00.340311+01:00,  soc=88.0,  volt=52.67,  volt_delta=-0.13, volt_rate_per_min=-0.13, volt_status=NORMAL, batt_w=1164.0,  batt_mode=discharge,  batt_discharge_w=1164.0,  batt_charge_w=0,  load_w=1288.0, zone=unknown,  grid_charge=off, ev_charging_active=off, ev_charge_end=2026-02-23 05:00:02, ev_webhook_count=104, max_discharge_a=65, max_charge_a=0, max_grid_charge_a=64, soc_limit_a=60, volt_penalty_a=0, voltage_protected_limit_a=60, soc_power_w=3160, is_critical_soc=False
2026-02-28T17:08:00.341374+01:00,  soc=88.0,  volt=52.67,  volt_delta=-0.13, volt_rate_per_min=-0.13, volt_status=NORMAL, batt_w=1164.0,  batt_mode=discharge,  batt_discharge_w=1164.0,  batt_charge_w=0,  load_w=1225.0, zone=unknown,  grid_charge=off, ev_charging_active=off, ev_charge_end=2026-02-23 05:00:02, ev_webhook_count=104, max_discharge_a=65, max_charge_a=0, max_grid_charge_a=64, soc_limit_a=60, volt_penalty_a=0, voltage_protected_limit_a=60, soc_power_w=3160, is_critical_soc=False
2026-02-28T17:09:00.340388+01:00,  soc=88.0,  volt=52.67,  volt_delta=-0.13, volt_rate_per_min=-0.13, volt_status=NORMAL, batt_w=1164.0,  batt_mode=discharge,  batt_discharge_w=1164.0,  batt_charge_w=0,  load_w=1224.0, zone=unknown,  grid_charge=off, ev_charging_active=off, ev_charge_end=2026-02-23 05:00:02, ev_webhook_count=104, max_discharge_a=65, max_charge_a=0, max_grid_charge_a=64, soc_limit_a=60, volt_penalty_a=0, voltage_protected_limit_a=60, soc_power_w=3160, is_critical_soc=False
2026-02-28T17:10:00.340260+01:00,  soc=88.0,  volt=52.67,  volt_delta=-0.13, volt_rate_per_min=-0.13, volt_status=NORMAL, batt_w=1164.0,  batt_mode=discharge,  batt_discharge_w=1164.0,  batt_charge_w=0,  load_w=1224.0, zone=unknown,  grid_charge=off, ev_charging_active=off, ev_charge_end=2026-02-23 05:00:02, ev_webhook_count=104, max_discharge_a=65, max_charge_a=0, max_grid_charge_a=64, soc_limit_a=60, volt_penalty_a=0, voltage_protected_limit_a=60, soc_power_w=3160, is_critical_soc=False
2026-02-28T17:11:00.340352+01:00,  soc=88.0,  volt=52.67,  volt_delta=-0.13, volt_rate_per_min=-0.13, volt_status=NORMAL, batt_w=1164.0,  batt_mode=discharge,  batt_discharge_w=1164.0,  batt_charge_w=0,  load_w=1224.0, zone=unknown,  grid_charge=off, ev_charging_active=off, ev_charge_end=2026-02-23 05:00:02, ev_webhook_count=104, max_discharge_a=65, max_charge_a=0, max_grid_charge_a=64, soc_limit_a=60, volt_penalty_a=0, voltage_protected_limit_a=60, soc_power_w=3160, is_critical_soc=False
2026-02-28T17:12:00.340498+01:00,  soc=87.0,  volt=52.67,  volt_delta=-0.13, volt_rate_per_min=-0.13, volt_status=NORMAL, batt_w=1164.0,  batt_mode=discharge,  batt_discharge_w=1164.0,  batt_charge_w=0,  load_w=1224.0, zone=unknown,  grid_charge=off, ev_charging_active=off, ev_charge_end=2026-02-23 05:00:02, ev_webhook_count=104, max_discharge_a=65, max_charge_a=0, max_grid_charge_a=64, soc_limit_a=60, volt_penalty_a=0, voltage_protected_limit_a=60, soc_power_w=3160, is_critical_soc=False
2026-02-28T17:13:00.340705+01:00,  soc=87.0,  volt=52.67,  volt_delta=-0.13, volt_rate_per_min=-0.13, volt_status=NORMAL, batt_w=1164.0,  batt_mode=discharge,  batt_discharge_w=1164.0,  batt_charge_w=0,  load_w=1224.0, zone=unknown,  grid_charge=off, ev_charging_active=off, ev_charge_end=2026-02-23 05:00:02, ev_webhook_count=104, max_discharge_a=65, max_charge_a=0, max_grid_charge_a=64, soc_limit_a=60, volt_penalty_a=0, voltage_protected_limit_a=60, soc_power_w=3160, is_critical_soc=False
2026-02-28T17:14:00.339978+01:00,  soc=87.0,  volt=52.67,  volt_delta=-0.13, volt_rate_per_min=-0.13, volt_status=NORMAL, batt_w=1164.0,  batt_mode=discharge,  batt_discharge_w=1164.0,  batt_charge_w=0,  load_w=1228.0, zone=unknown,  grid_charge=off, ev_charging_active=off, ev_charge_end=2026-02-23 05:00:02, ev_webhook_count=104, max_discharge_a=65, max_charge_a=0, max_grid_charge_a=64, soc_limit_a=60, volt_penalty_a=0, voltage_protected_limit_a=60, soc_power_w=3160, is_critical_soc=False
2026-02-28T17:15:00.340409+01:00,  soc=87.0,  volt=52.63,  volt_delta=-0.17, volt_rate_per_min=-0.17, volt_status=NORMAL, batt_w=1205.0,  batt_mode=discharge,  batt_discharge_w=1205.0,  batt_charge_w=0,  load_w=1228.0, zone=unknown,  grid_charge=off, ev_charging_active=off, ev_charge_end=2026-02-23 05:00:02, ev_webhook_count=104, max_discharge_a=65, max_charge_a=0, max_grid_charge_a=64, soc_limit_a=60, volt_penalty_a=0, voltage_protected_limit_a=60, soc_power_w=3158, is_critical_soc=False
2026-02-28T17:16:00.340307+01:00,  soc=87.0,  volt=52.63,  volt_delta=-0.17, volt_rate_per_min=-0.17, volt_status=NORMAL, batt_w=1205.0,  batt_mode=discharge,  batt_discharge_w=1205.0,  batt_charge_w=0,  load_w=1228.0, zone=unknown,  grid_charge=off, ev_charging_active=off, ev_charge_end=2026-02-23 05:00:02, ev_webhook_count=104, max_discharge_a=65, max_charge_a=0, max_grid_charge_a=64, soc_limit_a=60, volt_penalty_a=0, voltage_protected_limit_a=60, soc_power_w=3158, is_critical_soc=False
2026-02-28T17:17:00.340528+01:00,  soc=86.0,  volt=52.63,  volt_delta=-0.17, volt_rate_per_min=-0.17, volt_status=NORMAL, batt_w=1205.0,  batt_mode=discharge,  batt_discharge_w=1205.0,  batt_charge_w=0,  load_w=1228.0, zone=unknown,  grid_charge=off, ev_charging_active=off, ev_charge_end=2026-02-23 05:00:02, ev_webhook_count=104, max_discharge_a=65, max_charge_a=0, max_grid_charge_a=64, soc_limit_a=60, volt_penalty_a=0, voltage_protected_limit_a=60, soc_power_w=3158, is_critical_soc=False
2026-02-28T17:18:00.340769+01:00,  soc=86.0,  volt=52.63,  volt_delta=-0.17, volt_rate_per_min=-0.17, volt_status=NORMAL, batt_w=1205.0,  batt_mode=discharge,  batt_discharge_w=1205.0,  batt_charge_w=0,  load_w=1228.0, zone=unknown,  grid_charge=off, ev_charging_active=off, ev_charge_end=2026-02-23 05:00:02, ev_webhook_count=104, max_discharge_a=65, max_charge_a=0, max_grid_charge_a=64, soc_limit_a=60, volt_penalty_a=0, voltage_protected_limit_a=60, soc_power_w=3158, is_critical_soc=False
2026-02-28T17:19:00.341623+01:00,  soc=86.0,  volt=52.63,  volt_delta=-0.17, volt_rate_per_min=-0.17, volt_status=NORMAL, batt_w=1205.0,  batt_mode=discharge,  batt_discharge_w=1205.0,  batt_charge_w=0,  load_w=1228.0, zone=unknown,  grid_charge=off, ev_charging_active=off, ev_charge_end=2026-02-23 05:00:02, ev_webhook_count=104, max_discharge_a=65, max_charge_a=0, max_grid_charge_a=64, soc_limit_a=60, volt_penalty_a=0, voltage_protected_limit_a=60, soc_power_w=3158, is_critical_soc=False
2026-02-28T17:20:00.340311+01:00,  soc=86.0,  volt=52.63,  volt_delta=-0.17, volt_rate_per_min=-0.17, volt_status=NORMAL, batt_w=1205.0,  batt_mode=discharge,  batt_discharge_w=1205.0,  batt_charge_w=0,  load_w=1228.0, zone=unknown,  grid_charge=off, ev_charging_active=off, ev_charge_end=2026-02-23 05:00:02, ev_webhook_count=104, max_discharge_a=65, max_charge_a=0, max_grid_charge_a=64, soc_limit_a=60, volt_penalty_a=0, voltage_protected_limit_a=60, soc_power_w=3158, is_critical_soc=False
2026-02-28T17:21:00.340529+01:00,  soc=86.0,  volt=52.63,  volt_delta=-0.17, volt_rate_per_min=-0.17, volt_status=NORMAL, batt_w=1205.0,  batt_mode=discharge,  batt_discharge_w=1205.0,  batt_charge_w=0,  load_w=1228.0, zone=unknown,  grid_charge=off, ev_charging_active=off, ev_charge_end=2026-02-23 05:00:02, ev_webhook_count=104, max_discharge_a=65, max_charge_a=0, max_grid_charge_a=64, soc_limit_a=60, volt_penalty_a=0, voltage_protected_limit_a=60, soc_power_w=3158, is_critical_soc=False
2026-02-28T17:22:00.340801+01:00,  soc=85.0,  volt=52.63,  volt_delta=-0.17, volt_rate_per_min=-0.17, volt_status=NORMAL, batt_w=1215.0,  batt_mode=discharge,  batt_discharge_w=1215.0,  batt_charge_w=0,  load_w=1228.0, zone=unknown,  grid_charge=off, ev_charging_active=off, ev_charge_end=2026-02-23 05:00:02, ev_webhook_count=104, max_discharge_a=65, max_charge_a=0, max_grid_charge_a=64, soc_limit_a=60, volt_penalty_a=0, voltage_protected_limit_a=60, soc_power_w=3158, is_critical_soc=False
2026-02-28T17:23:00.340428+01:00,  soc=85.0,  volt=52.63,  volt_delta=-0.17, volt_rate_per_min=-0.17, volt_status=NORMAL, batt_w=1215.0,  batt_mode=discharge,  batt_discharge_w=1215.0,  batt_charge_w=0,  load_w=1228.0, zone=unknown,  grid_charge=off, ev_charging_active=off, ev_charge_end=2026-02-23 05:00:02, ev_webhook_count=104, max_discharge_a=65, max_charge_a=0, max_grid_charge_a=64, soc_limit_a=60, volt_penalty_a=0, voltage_protected_limit_a=60, soc_power_w=3158, is_critical_soc=False
2026-02-28T17:24:00.340715+01:00,  soc=85.0,  volt=52.63,  volt_delta=-0.17, volt_rate_per_min=-0.17, volt_status=NORMAL, batt_w=1215.0,  batt_mode=discharge,  batt_discharge_w=1215.0,  batt_charge_w=0,  load_w=1228.0, zone=unknown,  grid_charge=off, ev_charging_active=off, ev_charge_end=2026-02-23 05:00:02, ev_webhook_count=104, max_discharge_a=65, max_charge_a=0, max_grid_charge_a=64, soc_limit_a=60, volt_penalty_a=0, voltage_protected_limit_a=60, soc_power_w=3158, is_critical_soc=False
2026-02-28T17:25:00.341258+01:00,  soc=85.0,  volt=52.6,  volt_delta=-0.2, volt_rate_per_min=-0.2, volt_status=NORMAL, batt_w=1244.0,  batt_mode=discharge,  batt_discharge_w=1244.0,  batt_charge_w=0,  load_w=1239.0, zone=unknown,  grid_charge=off, ev_charging_active=off, ev_charge_end=2026-02-23 05:00:02, ev_webhook_count=104, max_discharge_a=65, max_charge_a=0, max_grid_charge_a=64, soc_limit_a=60, volt_penalty_a=5, voltage_protected_limit_a=55, soc_power_w=3156, is_critical_soc=False
2026-02-28T17:26:00.339860+01:00,  soc=84.0,  volt=52.6,  volt_delta=-0.2, volt_rate_per_min=-0.2, volt_status=NORMAL, batt_w=1244.0,  batt_mode=discharge,  batt_discharge_w=1244.0,  batt_charge_w=0,  load_w=1239.0, zone=unknown,  grid_charge=off, ev_charging_active=off, ev_charge_end=2026-02-23 05:00:02, ev_webhook_count=104, max_discharge_a=65, max_charge_a=0, max_grid_charge_a=64, soc_limit_a=60, volt_penalty_a=5, voltage_protected_limit_a=55, soc_power_w=3156, is_critical_soc=False
2026-02-28T17:27:00.341294+01:00,  soc=84.0,  volt=52.6,  volt_delta=-0.2, volt_rate_per_min=-0.2, volt_status=NORMAL, batt_w=1244.0,  batt_mode=discharge,  batt_discharge_w=1244.0,  batt_charge_w=0,  load_w=1239.0, zone=unknown,  grid_charge=off, ev_charging_active=off, ev_charge_end=2026-02-23 05:00:02, ev_webhook_count=104, max_discharge_a=65, max_charge_a=0, max_grid_charge_a=64, soc_limit_a=60, volt_penalty_a=5, voltage_protected_limit_a=55, soc_power_w=3156, is_critical_soc=False
2026-02-28T17:28:00.340669+01:00,  soc=84.0,  volt=52.6,  volt_delta=-0.2, volt_rate_per_min=-0.2, volt_status=NORMAL, batt_w=1244.0,  batt_mode=discharge,  batt_discharge_w=1244.0,  batt_charge_w=0,  load_w=1239.0, zone=unknown,  grid_charge=off, ev_charging_active=off, ev_charge_end=2026-02-23 05:00:02, ev_webhook_count=104, max_discharge_a=65, max_charge_a=0, max_grid_charge_a=64, soc_limit_a=60, volt_penalty_a=5, voltage_protected_limit_a=55, soc_power_w=3156, is_critical_soc=False
2026-02-28T17:29:00.340156+01:00,  soc=84.0,  volt=52.6,  volt_delta=-0.2, volt_rate_per_min=-0.2, volt_status=NORMAL, batt_w=1244.0,  batt_mode=discharge,  batt_discharge_w=1244.0,  batt_charge_w=0,  load_w=1239.0, zone=unknown,  grid_charge=off, ev_charging_active=off, ev_charge_end=2026-02-23 05:00:02, ev_webhook_count=104, max_discharge_a=65, max_charge_a=0, max_grid_charge_a=64, soc_limit_a=60, volt_penalty_a=5, voltage_protected_limit_a=55, soc_power_w=3156, is_critical_soc=False
2026-02-28T17:30:00.340780+01:00,  soc=84.0,  volt=52.6,  volt_delta=-0.2, volt_rate_per_min=-0.2, volt_status=NORMAL, batt_w=1244.0,  batt_mode=discharge,  batt_discharge_w=1244.0,  batt_charge_w=0,  load_w=1230.0, zone=unknown,  grid_charge=off, ev_charging_active=off, ev_charge_end=2026-02-23 05:00:02, ev_webhook_count=104, max_discharge_a=65, max_charge_a=0, max_grid_charge_a=64, soc_limit_a=60, volt_penalty_a=5, voltage_protected_limit_a=55, soc_power_w=3156, is_critical_soc=False
2026-02-28T17:31:00.340621+01:00,  soc=83.0,  volt=52.6,  volt_delta=-0.2, volt_rate_per_min=-0.2, volt_status=NORMAL, batt_w=1244.0,  batt_mode=discharge,  batt_discharge_w=1244.0,  batt_charge_w=0,  load_w=1230.0, zone=unknown,  grid_charge=off, ev_charging_active=off, ev_charge_end=2026-02-23 05:00:02, ev_webhook_count=104, max_discharge_a=65, max_charge_a=0, max_grid_charge_a=64, soc_limit_a=60, volt_penalty_a=5, voltage_protected_limit_a=55, soc_power_w=3156, is_critical_soc=False
2026-02-28T17:32:00.339845+01:00,  soc=83.0,  volt=52.6,  volt_delta=-0.2, volt_rate_per_min=-0.2, volt_status=NORMAL, batt_w=1294.0,  batt_mode=discharge,  batt_discharge_w=1294.0,  batt_charge_w=0,  load_w=1230.0, zone=unknown,  grid_charge=off, ev_charging_active=off, ev_charge_end=2026-02-23 05:00:02, ev_webhook_count=104, max_discharge_a=65, max_charge_a=90, max_grid_charge_a=64, soc_limit_a=60, volt_penalty_a=5, voltage_protected_limit_a=55, soc_power_w=3156, is_critical_soc=False
2026-02-28T17:33:00.340637+01:00,  soc=83.0,  volt=52.6,  volt_delta=-0.2, volt_rate_per_min=-0.2, volt_status=NORMAL, batt_w=1294.0,  batt_mode=discharge,  batt_discharge_w=1294.0,  batt_charge_w=0,  load_w=1230.0, zone=unknown,  grid_charge=off, ev_charging_active=off, ev_charge_end=2026-02-23 05:00:02, ev_webhook_count=104, max_discharge_a=65, max_charge_a=90, max_grid_charge_a=64, soc_limit_a=60, volt_penalty_a=5, voltage_protected_limit_a=55, soc_power_w=3156, is_critical_soc=False
2026-02-28T17:34:00.340372+01:00,  soc=83.0,  volt=52.6,  volt_delta=-0.2, volt_rate_per_min=-0.2, volt_status=NORMAL, batt_w=1294.0,  batt_mode=discharge,  batt_discharge_w=1294.0,  batt_charge_w=0,  load_w=1230.0, zone=unknown,  grid_charge=off, ev_charging_active=off, ev_charge_end=2026-02-23 05:00:02, ev_webhook_count=104, max_discharge_a=65, max_charge_a=90, max_grid_charge_a=64, soc_limit_a=60, volt_penalty_a=5, voltage_protected_limit_a=55, soc_power_w=3156, is_critical_soc=False
2026-02-28T17:35:00.340057+01:00,  soc=83.0,  volt=52.6,  volt_delta=-0.2, volt_rate_per_min=-0.2, volt_status=NORMAL, batt_w=1230.0,  batt_mode=discharge,  batt_discharge_w=1230.0,  batt_charge_w=0,  load_w=1230.0, zone=unknown,  grid_charge=off, ev_charging_active=off, ev_charge_end=2026-02-23 05:00:02, ev_webhook_count=104, max_discharge_a=65, max_charge_a=90, max_grid_charge_a=64, soc_limit_a=60, volt_penalty_a=5, voltage_protected_limit_a=55, soc_power_w=3156, is_critical_soc=False
2026-02-28T17:36:00.340453+01:00,  soc=82.0,  volt=52.6,  volt_delta=-0.2, volt_rate_per_min=-0.2, volt_status=NORMAL, batt_w=1280.0,  batt_mode=discharge,  batt_discharge_w=1280.0,  batt_charge_w=0,  load_w=1231.0, zone=unknown,  grid_charge=off, ev_charging_active=off, ev_charge_end=2026-02-23 05:00:02, ev_webhook_count=104, max_discharge_a=65, max_charge_a=90, max_grid_charge_a=64, soc_limit_a=60, volt_penalty_a=5, voltage_protected_limit_a=55, soc_power_w=3156, is_critical_soc=False
2026-02-28T17:37:00.340259+01:00,  soc=82.0,  volt=52.6,  volt_delta=-0.2, volt_rate_per_min=-0.2, volt_status=NORMAL, batt_w=1280.0,  batt_mode=discharge,  batt_discharge_w=1280.0,  batt_charge_w=0,  load_w=1231.0, zone=unknown,  grid_charge=off, ev_charging_active=off, ev_charge_end=2026-02-23 05:00:02, ev_webhook_count=104, max_discharge_a=65, max_charge_a=90, max_grid_charge_a=64, soc_limit_a=60, volt_penalty_a=5, voltage_protected_limit_a=55, soc_power_w=3156, is_critical_soc=False
2026-02-28T17:38:00.340278+01:00,  soc=82.0,  volt=52.6,  volt_delta=-0.2, volt_rate_per_min=-0.2, volt_status=NORMAL, batt_w=1280.0,  batt_mode=discharge,  batt_discharge_w=1280.0,  batt_charge_w=0,  load_w=1231.0, zone=unknown,  grid_charge=off, ev_charging_active=off, ev_charge_end=2026-02-23 05:00:02, ev_webhook_count=104, max_discharge_a=65, max_charge_a=90, max_grid_charge_a=64, soc_limit_a=60, volt_penalty_a=5, voltage_protected_limit_a=55, soc_power_w=3156, is_critical_soc=False
2026-02-28T17:39:00.339858+01:00,  soc=82.0,  volt=52.6,  volt_delta=-0.2, volt_rate_per_min=-0.2, volt_status=NORMAL, batt_w=1280.0,  batt_mode=discharge,  batt_discharge_w=1280.0,  batt_charge_w=0,  load_w=1231.0, zone=unknown,  grid_charge=off, ev_charging_active=off, ev_charge_end=2026-02-23 05:00:02, ev_webhook_count=104, max_discharge_a=65, max_charge_a=90, max_grid_charge_a=64, soc_limit_a=60, volt_penalty_a=5, voltage_protected_limit_a=55, soc_power_w=3156, is_critical_soc=False
2026-02-28T17:40:00.339958+01:00,  soc=81.0,  volt=52.6,  volt_delta=-0.2, volt_rate_per_min=-0.2, volt_status=NORMAL, batt_w=1331.0,  batt_mode=discharge,  batt_discharge_w=1331.0,  batt_charge_w=0,  load_w=1231.0, zone=unknown,  grid_charge=off, ev_charging_active=off, ev_charge_end=2026-02-23 05:00:02, ev_webhook_count=104, max_discharge_a=65, max_charge_a=90, max_grid_charge_a=64, soc_limit_a=60, volt_penalty_a=5, voltage_protected_limit_a=55, soc_power_w=3156, is_critical_soc=False
2026-02-28T17:41:00.340189+01:00,  soc=81.0,  volt=52.6,  volt_delta=-0.2, volt_rate_per_min=-0.2, volt_status=NORMAL, batt_w=1331.0,  batt_mode=discharge,  batt_discharge_w=1331.0,  batt_charge_w=0,  load_w=1275.0, zone=unknown,  grid_charge=off, ev_charging_active=off, ev_charge_end=2026-02-23 05:00:02, ev_webhook_count=104, max_discharge_a=65, max_charge_a=90, max_grid_charge_a=64, soc_limit_a=60, volt_penalty_a=5, voltage_protected_limit_a=55, soc_power_w=3156, is_critical_soc=False
2026-02-28T17:42:00.341305+01:00,  soc=81.0,  volt=52.6,  volt_delta=-0.2, volt_rate_per_min=-0.2, volt_status=NORMAL, batt_w=1331.0,  batt_mode=discharge,  batt_discharge_w=1331.0,  batt_charge_w=0,  load_w=1275.0, zone=unknown,  grid_charge=off, ev_charging_active=off, ev_charge_end=2026-02-23 05:00:02, ev_webhook_count=104, max_discharge_a=65, max_charge_a=90, max_grid_charge_a=64, soc_limit_a=60, volt_penalty_a=5, voltage_protected_limit_a=55, soc_power_w=3156, is_critical_soc=False
2026-02-28T17:43:00.340254+01:00,  soc=81.0,  volt=52.46,  volt_delta=-0.34, volt_rate_per_min=-0.34, volt_status=NORMAL, batt_w=1331.0,  batt_mode=discharge,  batt_discharge_w=1331.0,  batt_charge_w=0,  load_w=1275.0, zone=unknown,  grid_charge=off, ev_charging_active=off, ev_charge_end=2026-02-23 05:00:02, ev_webhook_count=104, max_discharge_a=65, max_charge_a=90, max_grid_charge_a=64, soc_limit_a=60, volt_penalty_a=5, voltage_protected_limit_a=55, soc_power_w=3148, is_critical_soc=False
2026-02-28T17:44:00.340302+01:00,  soc=80.0,  volt=52.46,  volt_delta=-0.34, volt_rate_per_min=-0.34, volt_status=NORMAL, batt_w=1331.0,  batt_mode=discharge,  batt_discharge_w=1331.0,  batt_charge_w=0,  load_w=1275.0, zone=unknown,  grid_charge=off, ev_charging_active=off, ev_charge_end=2026-02-23 05:00:02, ev_webhook_count=104, max_discharge_a=65, max_charge_a=90, max_grid_charge_a=64, soc_limit_a=60, volt_penalty_a=5, voltage_protected_limit_a=55, soc_power_w=3148, is_critical_soc=False
2026-02-28T17:45:00.340424+01:00,  soc=80.0,  volt=52.52,  volt_delta=-0.28, volt_rate_per_min=-0.28, volt_status=NORMAL, batt_w=1291.0,  batt_mode=discharge,  batt_discharge_w=1291.0,  batt_charge_w=0,  load_w=1275.0, zone=unknown,  grid_charge=off, ev_charging_active=off, ev_charge_end=2026-02-23 05:00:02, ev_webhook_count=104, max_discharge_a=65, max_charge_a=90, max_grid_charge_a=64, soc_limit_a=60, volt_penalty_a=5, voltage_protected_limit_a=55, soc_power_w=3151, is_critical_soc=False
2026-02-28T17:46:00.340502+01:00,  soc=80.0,  volt=52.52,  volt_delta=-0.28, volt_rate_per_min=-0.28, volt_status=NORMAL, batt_w=1291.0,  batt_mode=discharge,  batt_discharge_w=1291.0,  batt_charge_w=0,  load_w=1245.0, zone=unknown,  grid_charge=off, ev_charging_active=off, ev_charge_end=2026-02-23 05:00:02, ev_webhook_count=104, max_discharge_a=65, max_charge_a=90, max_grid_charge_a=64, soc_limit_a=60, volt_penalty_a=5, voltage_protected_limit_a=55, soc_power_w=3151, is_critical_soc=False
2026-02-28T17:47:00.340226+01:00,  soc=80.0,  volt=52.52,  volt_delta=-0.28, volt_rate_per_min=-0.28, volt_status=NORMAL, batt_w=1291.0,  batt_mode=discharge,  batt_discharge_w=1291.0,  batt_charge_w=0,  load_w=1245.0, zone=unknown,  grid_charge=off, ev_charging_active=off, ev_charge_end=2026-02-23 05:00:02, ev_webhook_count=104, max_discharge_a=65, max_charge_a=90, max_grid_charge_a=64, soc_limit_a=60, volt_penalty_a=5, voltage_protected_limit_a=55, soc_power_w=3151, is_critical_soc=False
2026-02-28T17:48:00.340450+01:00,  soc=80.0,  volt=52.52,  volt_delta=-0.28, volt_rate_per_min=-0.28, volt_status=NORMAL, batt_w=1291.0,  batt_mode=discharge,  batt_discharge_w=1291.0,  batt_charge_w=0,  load_w=1245.0, zone=unknown,  grid_charge=off, ev_charging_active=off, ev_charge_end=2026-02-23 05:00:02, ev_webhook_count=104, max_discharge_a=65, max_charge_a=90, max_grid_charge_a=64, soc_limit_a=60, volt_penalty_a=5, voltage_protected_limit_a=55, soc_power_w=3151, is_critical_soc=False
2026-02-28T17:49:00.341572+01:00,  soc=79.0,  volt=52.52,  volt_delta=-0.28, volt_rate_per_min=-0.28, volt_status=NORMAL, batt_w=1291.0,  batt_mode=discharge,  batt_discharge_w=1291.0,  batt_charge_w=0,  load_w=1245.0, zone=unknown,  grid_charge=off, ev_charging_active=off, ev_charge_end=2026-02-23 05:00:02, ev_webhook_count=104, max_discharge_a=65, max_charge_a=90, max_grid_charge_a=64, soc_limit_a=60, volt_penalty_a=5, voltage_protected_limit_a=55, soc_power_w=3151, is_critical_soc=False
2026-02-28T17:50:00.339905+01:00,  soc=79.0,  volt=52.52,  volt_delta=-0.28, volt_rate_per_min=-0.28, volt_status=NORMAL, batt_w=1291.0,  batt_mode=discharge,  batt_discharge_w=1291.0,  batt_charge_w=0,  load_w=1245.0, zone=unknown,  grid_charge=off, ev_charging_active=off, ev_charge_end=2026-02-23 05:00:02, ev_webhook_count=104, max_discharge_a=65, max_charge_a=90, max_grid_charge_a=64, soc_limit_a=60, volt_penalty_a=5, voltage_protected_limit_a=55, soc_power_w=3151, is_critical_soc=False
2026-02-28T17:51:00.340704+01:00,  soc=79.0,  volt=52.52,  volt_delta=-0.28, volt_rate_per_min=-0.28, volt_status=NORMAL, batt_w=1291.0,  batt_mode=discharge,  batt_discharge_w=1291.0,  batt_charge_w=0,  load_w=1245.0, zone=unknown,  grid_charge=off, ev_charging_active=off, ev_charge_end=2026-02-23 05:00:02, ev_webhook_count=104, max_discharge_a=65, max_charge_a=90, max_grid_charge_a=64, soc_limit_a=60, volt_penalty_a=5, voltage_protected_limit_a=55, soc_power_w=3151, is_critical_soc=False
2026-02-28T17:52:00.339893+01:00,  soc=79.0,  volt=52.52,  volt_delta=-0.28, volt_rate_per_min=-0.28, volt_status=NORMAL, batt_w=1291.0,  batt_mode=discharge,  batt_discharge_w=1291.0,  batt_charge_w=0,  load_w=1234.0, zone=unknown,  grid_charge=off, ev_charging_active=off, ev_charge_end=2026-02-23 05:00:02, ev_webhook_count=104, max_discharge_a=65, max_charge_a=90, max_grid_charge_a=64, soc_limit_a=60, volt_penalty_a=5, voltage_protected_limit_a=55, soc_power_w=3151, is_critical_soc=False
2026-02-28T17:53:00.340222+01:00,  soc=78.0,  volt=52.52,  volt_delta=-0.28, volt_rate_per_min=-0.28, volt_status=NORMAL, batt_w=1291.0,  batt_mode=discharge,  batt_discharge_w=1291.0,  batt_charge_w=0,  load_w=1225.0, zone=unknown,  grid_charge=off, ev_charging_active=off, ev_charge_end=2026-02-23 05:00:02, ev_webhook_count=104, max_discharge_a=65, max_charge_a=90, max_grid_charge_a=64, soc_limit_a=60, volt_penalty_a=5, voltage_protected_limit_a=55, soc_power_w=3151, is_critical_soc=False
2026-02-28T17:54:00.340008+01:00,  soc=78.0,  volt=52.52,  volt_delta=-0.28, volt_rate_per_min=-0.28, volt_status=NORMAL, batt_w=1291.0,  batt_mode=discharge,  batt_discharge_w=1291.0,  batt_charge_w=0,  load_w=1225.0, zone=unknown,  grid_charge=off, ev_charging_active=off, ev_charge_end=2026-02-23 05:00:02, ev_webhook_count=104, max_discharge_a=65, max_charge_a=90, max_grid_charge_a=64, soc_limit_a=60, volt_penalty_a=5, voltage_protected_limit_a=55, soc_power_w=3151, is_critical_soc=False
2026-02-28T17:55:00.340117+01:00,  soc=78.0,  volt=52.41,  volt_delta=-0.39, volt_rate_per_min=-0.39, volt_status=NORMAL, batt_w=1297.0,  batt_mode=discharge,  batt_discharge_w=1297.0,  batt_charge_w=0,  load_w=1225.0, zone=unknown,  grid_charge=off, ev_charging_active=off, ev_charge_end=2026-02-23 05:00:02, ev_webhook_count=104, max_discharge_a=65, max_charge_a=90, max_grid_charge_a=64, soc_limit_a=60, volt_penalty_a=5, voltage_protected_limit_a=55, soc_power_w=3145, is_critical_soc=False
2026-02-28T17:56:00.340746+01:00,  soc=78.0,  volt=52.41,  volt_delta=-0.39, volt_rate_per_min=-0.39, volt_status=NORMAL, batt_w=1297.0,  batt_mode=discharge,  batt_discharge_w=1297.0,  batt_charge_w=0,  load_w=1225.0, zone=unknown,  grid_charge=off, ev_charging_active=off, ev_charge_end=2026-02-23 05:00:02, ev_webhook_count=104, max_discharge_a=65, max_charge_a=90, max_grid_charge_a=64, soc_limit_a=60, volt_penalty_a=5, voltage_protected_limit_a=55, soc_power_w=3145, is_critical_soc=False
2026-02-28T17:57:00.340491+01:00,  soc=77.0,  volt=52.41,  volt_delta=-0.39, volt_rate_per_min=-0.39, volt_status=NORMAL, batt_w=1297.0,  batt_mode=discharge,  batt_discharge_w=1297.0,  batt_charge_w=0,  load_w=1227.0, zone=unknown,  grid_charge=off, ev_charging_active=off, ev_charge_end=2026-02-23 05:00:02, ev_webhook_count=104, max_discharge_a=65, max_charge_a=90, max_grid_charge_a=64, soc_limit_a=60, volt_penalty_a=5, voltage_protected_limit_a=55, soc_power_w=3145, is_critical_soc=False
2026-02-28T17:58:00.340266+01:00,  soc=77.0,  volt=52.41,  volt_delta=-0.39, volt_rate_per_min=-0.39, volt_status=NORMAL, batt_w=1297.0,  batt_mode=discharge,  batt_discharge_w=1297.0,  batt_charge_w=0,  load_w=1227.0, zone=unknown,  grid_charge=off, ev_charging_active=off, ev_charge_end=2026-02-23 05:00:02, ev_webhook_count=104, max_discharge_a=65, max_charge_a=90, max_grid_charge_a=64, soc_limit_a=60, volt_penalty_a=5, voltage_protected_limit_a=55, soc_power_w=3145, is_critical_soc=False
2026-02-28T17:59:00.340479+01:00,  soc=77.0,  volt=52.36,  volt_delta=-0.44, volt_rate_per_min=-0.44, volt_status=NORMAL, batt_w=1297.0,  batt_mode=discharge,  batt_discharge_w=1297.0,  batt_charge_w=0,  load_w=1227.0, zone=unknown,  grid_charge=off, ev_charging_active=off, ev_charge_end=2026-02-23 05:00:02, ev_webhook_count=104, max_discharge_a=65, max_charge_a=90, max_grid_charge_a=64, soc_limit_a=60, volt_penalty_a=10, voltage_protected_limit_a=50, soc_power_w=3142, is_critical_soc=False
2026-02-28T18:00:00.339845+01:00,  soc=77.0,  volt=52.36,  volt_delta=-0.44, volt_rate_per_min=-0.44, volt_status=NORMAL, batt_w=1297.0,  batt_mode=discharge,  batt_discharge_w=1297.0,  batt_charge_w=0,  load_w=1227.0, zone=unknown,  grid_charge=off, ev_charging_active=off, ev_charge_end=2026-02-23 05:00:02, ev_webhook_count=104, max_discharge_a=65, max_charge_a=90, max_grid_charge_a=64, soc_limit_a=60, volt_penalty_a=10, voltage_protected_limit_a=50, soc_power_w=3142, is_critical_soc=False
2026-02-28T18:01:00.340237+01:00,  soc=77.0,  volt=52.36,  volt_delta=-0.44, volt_rate_per_min=-0.44, volt_status=NORMAL, batt_w=1297.0,  batt_mode=discharge,  batt_discharge_w=1297.0,  batt_charge_w=0,  load_w=1227.0, zone=unknown,  grid_charge=off, ev_charging_active=off, ev_charge_end=2026-02-23 05:00:02, ev_webhook_count=104, max_discharge_a=65, max_charge_a=90, max_grid_charge_a=64, soc_limit_a=60, volt_penalty_a=10, voltage_protected_limit_a=50, soc_power_w=3142, is_critical_soc=False
2026-02-28T18:02:00.340303+01:00,  soc=76.0,  volt=52.21,  volt_delta=-0.59, volt_rate_per_min=-0.59, volt_status=NORMAL, batt_w=1297.0,  batt_mode=discharge,  batt_discharge_w=1297.0,  batt_charge_w=0,  load_w=1230.0, zone=unknown,  grid_charge=off, ev_charging_active=off, ev_charge_end=2026-02-23 05:00:02, ev_webhook_count=104, max_discharge_a=65, max_charge_a=90, max_grid_charge_a=64, soc_limit_a=60, volt_penalty_a=10, voltage_protected_limit_a=50, soc_power_w=3133, is_critical_soc=False
2026-02-28T18:03:00.340676+01:00,  soc=76.0,  volt=52.21,  volt_delta=-0.59, volt_rate_per_min=-0.59, volt_status=NORMAL, batt_w=1297.0,  batt_mode=discharge,  batt_discharge_w=1297.0,  batt_charge_w=0,  load_w=1230.0, zone=unknown,  grid_charge=off, ev_charging_active=off, ev_charge_end=2026-02-23 05:00:02, ev_webhook_count=104, max_discharge_a=65, max_charge_a=90, max_grid_charge_a=64, soc_limit_a=60, volt_penalty_a=10, voltage_protected_limit_a=50, soc_power_w=3133, is_critical_soc=False
2026-02-28T18:04:00.339976+01:00,  soc=76.0,  volt=52.21,  volt_delta=-0.59, volt_rate_per_min=-0.59, volt_status=NORMAL, batt_w=1297.0,  batt_mode=discharge,  batt_discharge_w=1297.0,  batt_charge_w=0,  load_w=1230.0, zone=unknown,  grid_charge=off, ev_charging_active=off, ev_charge_end=2026-02-23 05:00:02, ev_webhook_count=104, max_discharge_a=65, max_charge_a=90, max_grid_charge_a=64, soc_limit_a=60, volt_penalty_a=10, voltage_protected_limit_a=50, soc_power_w=3133, is_critical_soc=False
2026-02-28T18:05:00.341174+01:00,  soc=76.0,  volt=52.16,  volt_delta=-0.64, volt_rate_per_min=-0.64, volt_status=NORMAL, batt_w=1300.0,  batt_mode=discharge,  batt_discharge_w=1300.0,  batt_charge_w=0,  load_w=1230.0, zone=unknown,  grid_charge=off, ev_charging_active=off, ev_charge_end=2026-02-23 05:00:02, ev_webhook_count=104, max_discharge_a=65, max_charge_a=90, max_grid_charge_a=64, soc_limit_a=60, volt_penalty_a=10, voltage_protected_limit_a=50, soc_power_w=3130, is_critical_soc=False
2026-02-28T18:06:00.340616+01:00,  soc=75.0,  volt=52.11,  volt_delta=-0.69, volt_rate_per_min=-0.69, volt_status=NORMAL, batt_w=1300.0,  batt_mode=discharge,  batt_discharge_w=1300.0,  batt_charge_w=0,  load_w=1230.0, zone=unknown,  grid_charge=off, ev_charging_active=off, ev_charge_end=2026-02-23 05:00:02, ev_webhook_count=104, max_discharge_a=65, max_charge_a=90, max_grid_charge_a=64, soc_limit_a=60, volt_penalty_a=10, voltage_protected_limit_a=50, soc_power_w=3127, is_critical_soc=False
2026-02-28T18:07:00.341089+01:00,  soc=75.0,  volt=52.11,  volt_delta=-0.69, volt_rate_per_min=-0.69, volt_status=NORMAL, batt_w=1300.0,  batt_mode=discharge,  batt_discharge_w=1300.0,  batt_charge_w=0,  load_w=1286.0, zone=unknown,  grid_charge=off, ev_charging_active=off, ev_charge_end=2026-02-23 05:00:02, ev_webhook_count=104, max_discharge_a=65, max_charge_a=90, max_grid_charge_a=64, soc_limit_a=60, volt_penalty_a=10, voltage_protected_limit_a=50, soc_power_w=3127, is_critical_soc=False
2026-02-28T18:08:00.340266+01:00,  soc=75.0,  volt=52.11,  volt_delta=-0.69, volt_rate_per_min=-0.69, volt_status=NORMAL, batt_w=1300.0,  batt_mode=discharge,  batt_discharge_w=1300.0,  batt_charge_w=0,  load_w=1285.0, zone=unknown,  grid_charge=off, ev_charging_active=off, ev_charge_end=2026-02-23 05:00:02, ev_webhook_count=104, max_discharge_a=65, max_charge_a=90, max_grid_charge_a=64, soc_limit_a=60, volt_penalty_a=10, voltage_protected_limit_a=50, soc_power_w=3127, is_critical_soc=False
2026-02-28T18:09:00.340401+01:00,  soc=75.0,  volt=52.11,  volt_delta=-0.69, volt_rate_per_min=-0.69, volt_status=NORMAL, batt_w=1300.0,  batt_mode=discharge,  batt_discharge_w=1300.0,  batt_charge_w=0,  load_w=1285.0, zone=unknown,  grid_charge=off, ev_charging_active=off, ev_charge_end=2026-02-23 05:00:02, ev_webhook_count=104, max_discharge_a=65, max_charge_a=90, max_grid_charge_a=64, soc_limit_a=60, volt_penalty_a=10, voltage_protected_limit_a=50, soc_power_w=3127, is_critical_soc=False
2026-02-28T18:10:00.340605+01:00,  soc=75.0,  volt=52.01,  volt_delta=-0.79, volt_rate_per_min=-0.79, volt_status=NORMAL, batt_w=1300.0,  batt_mode=discharge,  batt_discharge_w=1300.0,  batt_charge_w=0,  load_w=1285.0, zone=unknown,  grid_charge=off, ev_charging_active=off, ev_charge_end=2026-02-23 05:00:02, ev_webhook_count=104, max_discharge_a=65, max_charge_a=90, max_grid_charge_a=64, soc_limit_a=60, volt_penalty_a=10, voltage_protected_limit_a=50, soc_power_w=3121, is_critical_soc=False
2026-02-28T18:11:00.340519+01:00,  soc=74.0,  volt=52.01,  volt_delta=-0.79, volt_rate_per_min=-0.79, volt_status=NORMAL, batt_w=1300.0,  batt_mode=discharge,  batt_discharge_w=1300.0,  batt_charge_w=0,  load_w=1285.0, zone=unknown,  grid_charge=off, ev_charging_active=off, ev_charge_end=2026-02-23 05:00:02, ev_webhook_count=104, max_discharge_a=65, max_charge_a=90, max_grid_charge_a=64, soc_limit_a=60, volt_penalty_a=10, voltage_protected_limit_a=50, soc_power_w=3121, is_critical_soc=False
2026-02-28T18:12:00.340228+01:00,  soc=74.0,  volt=52.01,  volt_delta=-0.79, volt_rate_per_min=-0.79, volt_status=NORMAL, batt_w=1300.0,  batt_mode=discharge,  batt_discharge_w=1300.0,  batt_charge_w=0,  load_w=1351.0, zone=unknown,  grid_charge=off, ev_charging_active=off, ev_charge_end=2026-02-23 05:00:02, ev_webhook_count=104, max_discharge_a=65, max_charge_a=90, max_grid_charge_a=64, soc_limit_a=60, volt_penalty_a=10, voltage_protected_limit_a=50, soc_power_w=3121, is_critical_soc=False
2026-02-28T18:13:00.341430+01:00,  soc=74.0,  volt=52.01,  volt_delta=-0.79, volt_rate_per_min=-0.79, volt_status=NORMAL, batt_w=1427.0,  batt_mode=discharge,  batt_discharge_w=1427.0,  batt_charge_w=0,  load_w=1368.0, zone=unknown,  grid_charge=off, ev_charging_active=off, ev_charge_end=2026-02-23 05:00:02, ev_webhook_count=104, max_discharge_a=65, max_charge_a=90, max_grid_charge_a=64, soc_limit_a=60, volt_penalty_a=10, voltage_protected_limit_a=50, soc_power_w=3121, is_critical_soc=False
2026-02-28T18:14:00.339956+01:00,  soc=74.0,  volt=52.01,  volt_delta=-0.79, volt_rate_per_min=-0.79, volt_status=NORMAL, batt_w=1427.0,  batt_mode=discharge,  batt_discharge_w=1427.0,  batt_charge_w=0,  load_w=1368.0, zone=unknown,  grid_charge=off, ev_charging_active=off, ev_charge_end=2026-02-23 05:00:02, ev_webhook_count=104, max_discharge_a=65, max_charge_a=90, max_grid_charge_a=64, soc_limit_a=60, volt_penalty_a=10, voltage_protected_limit_a=50, soc_power_w=3121, is_critical_soc=False
2026-02-28T18:15:00.339832+01:00,  soc=73.0,  volt=51.96,  volt_delta=-0.84, volt_rate_per_min=-0.84, volt_status=NORMAL, batt_w=1436.0,  batt_mode=discharge,  batt_discharge_w=1436.0,  batt_charge_w=0,  load_w=1368.0, zone=unknown,  grid_charge=off, ev_charging_active=off, ev_charge_end=2026-02-23 05:00:02, ev_webhook_count=104, max_discharge_a=65, max_charge_a=90, max_grid_charge_a=64, soc_limit_a=60, volt_penalty_a=10, voltage_protected_limit_a=50, soc_power_w=3118, is_critical_soc=False
2026-02-28T18:16:00.341059+01:00,  soc=73.0,  volt=51.96,  volt_delta=-0.84, volt_rate_per_min=-0.84, volt_status=NORMAL, batt_w=1480.0,  batt_mode=discharge,  batt_discharge_w=1480.0,  batt_charge_w=0,  load_w=1411.0, zone=unknown,  grid_charge=off, ev_charging_active=off, ev_charge_end=2026-02-23 05:00:02, ev_webhook_count=104, max_discharge_a=65, max_charge_a=90, max_grid_charge_a=64, soc_limit_a=60, volt_penalty_a=10, voltage_protected_limit_a=50, soc_power_w=3118, is_critical_soc=False
2026-02-28T18:17:00.340166+01:00,  soc=73.0,  volt=51.96,  volt_delta=-0.84, volt_rate_per_min=-0.84, volt_status=NORMAL, batt_w=1480.0,  batt_mode=discharge,  batt_discharge_w=1480.0,  batt_charge_w=0,  load_w=1411.0, zone=unknown,  grid_charge=off, ev_charging_active=off, ev_charge_end=2026-02-23 05:00:02, ev_webhook_count=104, max_discharge_a=65, max_charge_a=90, max_grid_charge_a=64, soc_limit_a=60, volt_penalty_a=10, voltage_protected_limit_a=50, soc_power_w=3118, is_critical_soc=False
2026-02-28T18:18:00.340377+01:00,  soc=72.0,  volt=51.96,  volt_delta=-0.84, volt_rate_per_min=-0.84, volt_status=NORMAL, batt_w=1480.0,  batt_mode=discharge,  batt_discharge_w=1480.0,  batt_charge_w=0,  load_w=1415.0, zone=unknown,  grid_charge=off, ev_charging_active=off, ev_charge_end=2026-02-23 05:00:02, ev_webhook_count=104, max_discharge_a=65, max_charge_a=90, max_grid_charge_a=64, soc_limit_a=60, volt_penalty_a=10, voltage_protected_limit_a=50, soc_power_w=3118, is_critical_soc=False
2026-02-28T18:19:00.339938+01:00,  soc=72.0,  volt=51.96,  volt_delta=-0.84, volt_rate_per_min=-0.84, volt_status=NORMAL, batt_w=1480.0,  batt_mode=discharge,  batt_discharge_w=1480.0,  batt_charge_w=0,  load_w=1415.0, zone=unknown,  grid_charge=off, ev_charging_active=off, ev_charge_end=2026-02-23 05:00:02, ev_webhook_count=104, max_discharge_a=65, max_charge_a=90, max_grid_charge_a=64, soc_limit_a=60, volt_penalty_a=10, voltage_protected_limit_a=50, soc_power_w=3118, is_critical_soc=False
2026-02-28T18:20:00.340116+01:00,  soc=72.0,  volt=51.96,  volt_delta=-0.84, volt_rate_per_min=-0.84, volt_status=NORMAL, batt_w=1480.0,  batt_mode=discharge,  batt_discharge_w=1480.0,  batt_charge_w=0,  load_w=1415.0, zone=unknown,  grid_charge=off, ev_charging_active=off, ev_charge_end=2026-02-23 05:00:02, ev_webhook_count=104, max_discharge_a=65, max_charge_a=90, max_grid_charge_a=64, soc_limit_a=60, volt_penalty_a=10, voltage_protected_limit_a=50, soc_power_w=3118, is_critical_soc=False
2026-02-28T18:21:00.339901+01:00,  soc=72.0,  volt=51.96,  volt_delta=-0.84, volt_rate_per_min=-0.84, volt_status=NORMAL, batt_w=1480.0,  batt_mode=discharge,  batt_discharge_w=1480.0,  batt_charge_w=0,  load_w=1415.0, zone=unknown,  grid_charge=off, ev_charging_active=off, ev_charge_end=2026-02-23 05:00:02, ev_webhook_count=104, max_discharge_a=65, max_charge_a=90, max_grid_charge_a=64, soc_limit_a=60, volt_penalty_a=10, voltage_protected_limit_a=50, soc_power_w=3118, is_critical_soc=False
2026-02-28T18:22:00.340702+01:00,  soc=71.0,  volt=51.96,  volt_delta=-0.84, volt_rate_per_min=-0.84, volt_status=NORMAL, batt_w=1480.0,  batt_mode=discharge,  batt_discharge_w=1480.0,  batt_charge_w=0,  load_w=1415.0, zone=unknown,  grid_charge=off, ev_charging_active=off, ev_charge_end=2026-02-23 05:00:02, ev_webhook_count=104, max_discharge_a=65, max_charge_a=90, max_grid_charge_a=64, soc_limit_a=60, volt_penalty_a=10, voltage_protected_limit_a=50, soc_power_w=3118, is_critical_soc=False
2026-02-28T18:23:00.340911+01:00,  soc=71.0,  volt=51.96,  volt_delta=-0.84, volt_rate_per_min=-0.84, volt_status=NORMAL, batt_w=1480.0,  batt_mode=discharge,  batt_discharge_w=1480.0,  batt_charge_w=0,  load_w=1415.0, zone=unknown,  grid_charge=off, ev_charging_active=off, ev_charge_end=2026-02-23 05:00:02, ev_webhook_count=104, max_discharge_a=65, max_charge_a=90, max_grid_charge_a=64, soc_limit_a=60, volt_penalty_a=10, voltage_protected_limit_a=50, soc_power_w=3118, is_critical_soc=False
2026-02-28T18:24:00.340084+01:00,  soc=71.0,  volt=51.96,  volt_delta=-0.84, volt_rate_per_min=-0.84, volt_status=NORMAL, batt_w=1480.0,  batt_mode=discharge,  batt_discharge_w=1480.0,  batt_charge_w=0,  load_w=1378.0, zone=unknown,  grid_charge=off, ev_charging_active=off, ev_charge_end=2026-02-23 05:00:02, ev_webhook_count=104, max_discharge_a=65, max_charge_a=90, max_grid_charge_a=64, soc_limit_a=60, volt_penalty_a=10, voltage_protected_limit_a=50, soc_power_w=3118, is_critical_soc=False
2026-02-28T18:25:00.340740+01:00,  soc=71.0,  volt=51.94,  volt_delta=-0.86, volt_rate_per_min=-0.86, volt_status=NORMAL, batt_w=1441.0,  batt_mode=discharge,  batt_discharge_w=1441.0,  batt_charge_w=0,  load_w=1378.0, zone=unknown,  grid_charge=off, ev_charging_active=off, ev_charge_end=2026-02-23 05:00:02, ev_webhook_count=104, max_discharge_a=65, max_charge_a=90, max_grid_charge_a=64, soc_limit_a=60, volt_penalty_a=10, voltage_protected_limit_a=50, soc_power_w=3116, is_critical_soc=False
2026-02-28T18:26:00.339887+01:00,  soc=70.0,  volt=51.94,  volt_delta=-0.86, volt_rate_per_min=-0.86, volt_status=NORMAL, batt_w=1441.0,  batt_mode=discharge,  batt_discharge_w=1441.0,  batt_charge_w=0,  load_w=1378.0, zone=unknown,  grid_charge=off, ev_charging_active=off, ev_charge_end=2026-02-23 05:00:02, ev_webhook_count=104, max_discharge_a=65, max_charge_a=90, max_grid_charge_a=64, soc_limit_a=60, volt_penalty_a=10, voltage_protected_limit_a=50, soc_power_w=3116, is_critical_soc=False
2026-02-28T18:27:00.339956+01:00,  soc=70.0,  volt=51.94,  volt_delta=-0.86, volt_rate_per_min=-0.86, volt_status=NORMAL, batt_w=1441.0,  batt_mode=discharge,  batt_discharge_w=1441.0,  batt_charge_w=0,  load_w=1378.0, zone=unknown,  grid_charge=off, ev_charging_active=off, ev_charge_end=2026-02-23 05:00:02, ev_webhook_count=104, max_discharge_a=65, max_charge_a=90, max_grid_charge_a=64, soc_limit_a=60, volt_penalty_a=10, voltage_protected_limit_a=50, soc_power_w=3116, is_critical_soc=False
2026-02-28T18:28:00.340369+01:00,  soc=70.0,  volt=51.94,  volt_delta=-0.86, volt_rate_per_min=-0.86, volt_status=NORMAL, batt_w=1441.0,  batt_mode=discharge,  batt_discharge_w=1441.0,  batt_charge_w=0,  load_w=1378.0, zone=unknown,  grid_charge=off, ev_charging_active=off, ev_charge_end=2026-02-23 05:00:02, ev_webhook_count=104, max_discharge_a=65, max_charge_a=90, max_grid_charge_a=64, soc_limit_a=60, volt_penalty_a=10, voltage_protected_limit_a=50, soc_power_w=3116, is_critical_soc=False
2026-02-28T18:29:00.339886+01:00,  soc=70.0,  volt=51.94,  volt_delta=-0.86, volt_rate_per_min=-0.86, volt_status=NORMAL, batt_w=1441.0,  batt_mode=discharge,  batt_discharge_w=1441.0,  batt_charge_w=0,  load_w=1377.0, zone=unknown,  grid_charge=off, ev_charging_active=off, ev_charge_end=2026-02-23 05:00:02, ev_webhook_count=104, max_discharge_a=65, max_charge_a=90, max_grid_charge_a=64, soc_limit_a=60, volt_penalty_a=10, voltage_protected_limit_a=50, soc_power_w=3116, is_critical_soc=False
2026-02-28T18:30:00.340645+01:00,  soc=69.0,  volt=51.94,  volt_delta=-0.86, volt_rate_per_min=-0.86, volt_status=NORMAL, batt_w=1394.0,  batt_mode=discharge,  batt_discharge_w=1394.0,  batt_charge_w=0,  load_w=1288.0, zone=unknown,  grid_charge=off, ev_charging_active=off, ev_charge_end=2026-02-23 05:00:02, ev_webhook_count=104, max_discharge_a=65, max_charge_a=90, max_grid_charge_a=64, soc_limit_a=60, volt_penalty_a=10, voltage_protected_limit_a=50, soc_power_w=3116, is_critical_soc=False
2026-02-28T18:31:00.340675+01:00,  soc=69.0,  volt=51.94,  volt_delta=-0.86, volt_rate_per_min=-0.86, volt_status=NORMAL, batt_w=1273.0,  batt_mode=discharge,  batt_discharge_w=1273.0,  batt_charge_w=0,  load_w=1202.0, zone=unknown,  grid_charge=off, ev_charging_active=off, ev_charge_end=2026-02-23 05:00:02, ev_webhook_count=104, max_discharge_a=65, max_charge_a=90, max_grid_charge_a=64, soc_limit_a=60, volt_penalty_a=10, voltage_protected_limit_a=50, soc_power_w=3116, is_critical_soc=False
2026-02-28T18:32:00.341725+01:00,  soc=69.0,  volt=51.94,  volt_delta=-0.86, volt_rate_per_min=-0.86, volt_status=NORMAL, batt_w=1273.0,  batt_mode=discharge,  batt_discharge_w=1273.0,  batt_charge_w=0,  load_w=1202.0, zone=unknown,  grid_charge=off, ev_charging_active=off, ev_charge_end=2026-02-23 05:00:02, ev_webhook_count=104, max_discharge_a=65, max_charge_a=90, max_grid_charge_a=64, soc_limit_a=60, volt_penalty_a=10, voltage_protected_limit_a=50, soc_power_w=3116, is_critical_soc=False
2026-02-28T18:33:00.342244+01:00,  soc=69.0,  volt=51.94,  volt_delta=-0.86, volt_rate_per_min=-0.86, volt_status=NORMAL, batt_w=1273.0,  batt_mode=discharge,  batt_discharge_w=1273.0,  batt_charge_w=0,  load_w=1202.0, zone=unknown,  grid_charge=off, ev_charging_active=off, ev_charge_end=2026-02-23 05:00:02, ev_webhook_count=104, max_discharge_a=65, max_charge_a=90, max_grid_charge_a=64, soc_limit_a=60, volt_penalty_a=10, voltage_protected_limit_a=50, soc_power_w=3116, is_critical_soc=False
2026-02-28T18:34:00.340517+01:00,  soc=69.0,  volt=51.94,  volt_delta=-0.86, volt_rate_per_min=-0.86, volt_status=NORMAL, batt_w=1374.0,  batt_mode=discharge,  batt_discharge_w=1374.0,  batt_charge_w=0,  load_w=1244.0, zone=unknown,  grid_charge=off, ev_charging_active=off, ev_charge_end=2026-02-23 05:00:02, ev_webhook_count=104, max_discharge_a=65, max_charge_a=90, max_grid_charge_a=64, soc_limit_a=60, volt_penalty_a=10, voltage_protected_limit_a=50, soc_power_w=3116, is_critical_soc=False
2026-02-28T18:35:00.339916+01:00,  soc=68.0,  volt=51.96,  volt_delta=-0.84, volt_rate_per_min=-0.84, volt_status=NORMAL, batt_w=1323.0,  batt_mode=discharge,  batt_discharge_w=1323.0,  batt_charge_w=0,  load_w=1244.0, zone=unknown,  grid_charge=off, ev_charging_active=off, ev_charge_end=2026-02-23 05:00:02, ev_webhook_count=104, max_discharge_a=65, max_charge_a=90, max_grid_charge_a=64, soc_limit_a=60, volt_penalty_a=10, voltage_protected_limit_a=50, soc_power_w=3118, is_critical_soc=False
2026-02-28T18:36:00.339889+01:00,  soc=68.0,  volt=51.96,  volt_delta=-0.84, volt_rate_per_min=-0.84, volt_status=NORMAL, batt_w=1323.0,  batt_mode=discharge,  batt_discharge_w=1323.0,  batt_charge_w=0,  load_w=1244.0, zone=unknown,  grid_charge=off, ev_charging_active=off, ev_charge_end=2026-02-23 05:00:02, ev_webhook_count=104, max_discharge_a=65, max_charge_a=90, max_grid_charge_a=64, soc_limit_a=60, volt_penalty_a=10, voltage_protected_limit_a=50, soc_power_w=3118, is_critical_soc=False
2026-02-28T18:37:00.344009+01:00,  soc=68.0,  volt=51.96,  volt_delta=-0.84, volt_rate_per_min=-0.84, volt_status=NORMAL, batt_w=1323.0,  batt_mode=discharge,  batt_discharge_w=1323.0,  batt_charge_w=0,  load_w=1244.0, zone=unknown,  grid_charge=off, ev_charging_active=off, ev_charge_end=2026-02-23 05:00:02, ev_webhook_count=104, max_discharge_a=65, max_charge_a=90, max_grid_charge_a=64, soc_limit_a=60, volt_penalty_a=10, voltage_protected_limit_a=50, soc_power_w=3118, is_critical_soc=False
2026-02-28T18:38:00.339712+01:00,  soc=68.0,  volt=51.96,  volt_delta=-0.84, volt_rate_per_min=-0.84, volt_status=NORMAL, batt_w=1323.0,  batt_mode=discharge,  batt_discharge_w=1323.0,  batt_charge_w=0,  load_w=1296.0, zone=unknown,  grid_charge=off, ev_charging_active=off, ev_charge_end=2026-02-23 05:00:02, ev_webhook_count=104, max_discharge_a=65, max_charge_a=90, max_grid_charge_a=64, soc_limit_a=60, volt_penalty_a=10, voltage_protected_limit_a=50, soc_power_w=3118, is_critical_soc=False
2026-02-28T18:39:00.339961+01:00,  soc=67.0,  volt=51.96,  volt_delta=-0.84, volt_rate_per_min=-0.84, volt_status=NORMAL, batt_w=1323.0,  batt_mode=discharge,  batt_discharge_w=1323.0,  batt_charge_w=0,  load_w=1296.0, zone=unknown,  grid_charge=off, ev_charging_active=off, ev_charge_end=2026-02-23 05:00:02, ev_webhook_count=104, max_discharge_a=65, max_charge_a=90, max_grid_charge_a=64, soc_limit_a=60, volt_penalty_a=10, voltage_protected_limit_a=50, soc_power_w=3118, is_critical_soc=False
2026-02-28T18:40:00.341350+01:00,  soc=67.0,  volt=51.96,  volt_delta=-0.84, volt_rate_per_min=-0.84, volt_status=NORMAL, batt_w=1323.0,  batt_mode=discharge,  batt_discharge_w=1323.0,  batt_charge_w=0,  load_w=1250.0, zone=unknown,  grid_charge=off, ev_charging_active=off, ev_charge_end=2026-02-23 05:00:02, ev_webhook_count=104, max_discharge_a=65, max_charge_a=90, max_grid_charge_a=64, soc_limit_a=60, volt_penalty_a=10, voltage_protected_limit_a=50, soc_power_w=3118, is_critical_soc=False
2026-02-28T18:41:00.341648+01:00,  soc=67.0,  volt=51.96,  volt_delta=-0.84, volt_rate_per_min=-0.84, volt_status=NORMAL, batt_w=1323.0,  batt_mode=discharge,  batt_discharge_w=1323.0,  batt_charge_w=0,  load_w=1250.0, zone=unknown,  grid_charge=off, ev_charging_active=off, ev_charge_end=2026-02-23 05:00:02, ev_webhook_count=104, max_discharge_a=65, max_charge_a=90, max_grid_charge_a=64, soc_limit_a=60, volt_penalty_a=10, voltage_protected_limit_a=50, soc_power_w=3118, is_critical_soc=False
2026-02-28T18:42:00.339754+01:00,  soc=67.0,  volt=51.96,  volt_delta=-0.84, volt_rate_per_min=-0.84, volt_status=NORMAL, batt_w=1323.0,  batt_mode=discharge,  batt_discharge_w=1323.0,  batt_charge_w=0,  load_w=1250.0, zone=unknown,  grid_charge=off, ev_charging_active=off, ev_charge_end=2026-02-23 05:00:02, ev_webhook_count=104, max_discharge_a=65, max_charge_a=90, max_grid_charge_a=64, soc_limit_a=60, volt_penalty_a=10, voltage_protected_limit_a=50, soc_power_w=3118, is_critical_soc=False
2026-02-28T18:43:00.339863+01:00,  soc=66.0,  volt=51.96,  volt_delta=-0.84, volt_rate_per_min=-0.84, volt_status=NORMAL, batt_w=1323.0,  batt_mode=discharge,  batt_discharge_w=1323.0,  batt_charge_w=0,  load_w=1250.0, zone=unknown,  grid_charge=off, ev_charging_active=off, ev_charge_end=2026-02-23 05:00:02, ev_webhook_count=104, max_discharge_a=65, max_charge_a=90, max_grid_charge_a=64, soc_limit_a=60, volt_penalty_a=10, voltage_protected_limit_a=50, soc_power_w=3118, is_critical_soc=False
2026-02-28T18:44:00.340016+01:00,  soc=66.0,  volt=51.96,  volt_delta=-0.84, volt_rate_per_min=-0.84, volt_status=NORMAL, batt_w=1323.0,  batt_mode=discharge,  batt_discharge_w=1323.0,  batt_charge_w=0,  load_w=1250.0, zone=unknown,  grid_charge=off, ev_charging_active=off, ev_charge_end=2026-02-23 05:00:02, ev_webhook_count=104, max_discharge_a=65, max_charge_a=90, max_grid_charge_a=64, soc_limit_a=60, volt_penalty_a=10, voltage_protected_limit_a=50, soc_power_w=3118, is_critical_soc=False
2026-02-28T18:45:00.341046+01:00,  soc=66.0,  volt=51.96,  volt_delta=-0.84, volt_rate_per_min=-0.84, volt_status=NORMAL, batt_w=1321.0,  batt_mode=discharge,  batt_discharge_w=1321.0,  batt_charge_w=0,  load_w=1254.0, zone=unknown,  grid_charge=off, ev_charging_active=off, ev_charge_end=2026-02-23 05:00:02, ev_webhook_count=104, max_discharge_a=65, max_charge_a=90, max_grid_charge_a=64, soc_limit_a=60, volt_penalty_a=10, voltage_protected_limit_a=50, soc_power_w=3118, is_critical_soc=False
2026-02-28T18:46:00.340434+01:00,  soc=66.0,  volt=51.96,  volt_delta=-0.84, volt_rate_per_min=-0.84, volt_status=NORMAL, batt_w=1321.0,  batt_mode=discharge,  batt_discharge_w=1321.0,  batt_charge_w=0,  load_w=1254.0, zone=unknown,  grid_charge=off, ev_charging_active=off, ev_charge_end=2026-02-23 05:00:02, ev_webhook_count=104, max_discharge_a=65, max_charge_a=90, max_grid_charge_a=64, soc_limit_a=60, volt_penalty_a=10, voltage_protected_limit_a=50, soc_power_w=3118, is_critical_soc=False
2026-02-28T18:47:00.340529+01:00,  soc=66.0,  volt=51.96,  volt_delta=-0.84, volt_rate_per_min=-0.84, volt_status=NORMAL, batt_w=1321.0,  batt_mode=discharge,  batt_discharge_w=1321.0,  batt_charge_w=0,  load_w=1254.0, zone=unknown,  grid_charge=off, ev_charging_active=off, ev_charge_end=2026-02-23 05:00:02, ev_webhook_count=104, max_discharge_a=65, max_charge_a=90, max_grid_charge_a=64, soc_limit_a=60, volt_penalty_a=10, voltage_protected_limit_a=50, soc_power_w=3118, is_critical_soc=False
2026-02-28T18:48:00.340378+01:00,  soc=65.0,  volt=51.96,  volt_delta=-0.84, volt_rate_per_min=-0.84, volt_status=NORMAL, batt_w=1321.0,  batt_mode=discharge,  batt_discharge_w=1321.0,  batt_charge_w=0,  load_w=1254.0, zone=unknown,  grid_charge=off, ev_charging_active=off, ev_charge_end=2026-02-23 05:00:02, ev_webhook_count=104, max_discharge_a=65, max_charge_a=90, max_grid_charge_a=64, soc_limit_a=60, volt_penalty_a=10, voltage_protected_limit_a=50, soc_power_w=3118, is_critical_soc=False
2026-02-28T18:49:00.340394+01:00,  soc=65.0,  volt=51.96,  volt_delta=-0.84, volt_rate_per_min=-0.84, volt_status=NORMAL, batt_w=1321.0,  batt_mode=discharge,  batt_discharge_w=1321.0,  batt_charge_w=0,  load_w=1254.0, zone=unknown,  grid_charge=off, ev_charging_active=off, ev_charge_end=2026-02-23 05:00:02, ev_webhook_count=104, max_discharge_a=65, max_charge_a=90, max_grid_charge_a=64, soc_limit_a=60, volt_penalty_a=10, voltage_protected_limit_a=50, soc_power_w=3118, is_critical_soc=False
2026-02-28T18:50:00.339941+01:00,  soc=65.0,  volt=51.96,  volt_delta=-0.84, volt_rate_per_min=-0.84, volt_status=NORMAL, batt_w=1321.0,  batt_mode=discharge,  batt_discharge_w=1321.0,  batt_charge_w=0,  load_w=1250.0, zone=unknown,  grid_charge=off, ev_charging_active=off, ev_charge_end=2026-02-23 05:00:02, ev_webhook_count=104, max_discharge_a=65, max_charge_a=90, max_grid_charge_a=64, soc_limit_a=60, volt_penalty_a=10, voltage_protected_limit_a=50, soc_power_w=3118, is_critical_soc=False
2026-02-28T18:51:00.340733+01:00,  soc=65.0,  volt=51.96,  volt_delta=-0.84, volt_rate_per_min=-0.84, volt_status=NORMAL, batt_w=1321.0,  batt_mode=discharge,  batt_discharge_w=1321.0,  batt_charge_w=0,  load_w=1250.0, zone=unknown,  grid_charge=off, ev_charging_active=off, ev_charge_end=2026-02-23 05:00:02, ev_webhook_count=104, max_discharge_a=65, max_charge_a=90, max_grid_charge_a=64, soc_limit_a=60, volt_penalty_a=10, voltage_protected_limit_a=50, soc_power_w=3118, is_critical_soc=False
2026-02-28T18:52:00.340808+01:00,  soc=64.0,  volt=51.93,  volt_delta=-0.87, volt_rate_per_min=-0.87, volt_status=NORMAL, batt_w=1336.0,  batt_mode=discharge,  batt_discharge_w=1336.0,  batt_charge_w=0,  load_w=1250.0, zone=unknown,  grid_charge=off, ev_charging_active=off, ev_charge_end=2026-02-23 05:00:02, ev_webhook_count=104, max_discharge_a=65, max_charge_a=90, max_grid_charge_a=64, soc_limit_a=60, volt_penalty_a=10, voltage_protected_limit_a=50, soc_power_w=3116, is_critical_soc=False
2026-02-28T18:53:00.340182+01:00,  soc=64.0,  volt=51.93,  volt_delta=-0.87, volt_rate_per_min=-0.87, volt_status=NORMAL, batt_w=1336.0,  batt_mode=discharge,  batt_discharge_w=1336.0,  batt_charge_w=0,  load_w=1250.0, zone=unknown,  grid_charge=off, ev_charging_active=off, ev_charge_end=2026-02-23 05:00:02, ev_webhook_count=104, max_discharge_a=65, max_charge_a=90, max_grid_charge_a=64, soc_limit_a=60, volt_penalty_a=10, voltage_protected_limit_a=50, soc_power_w=3116, is_critical_soc=False
2026-02-28T18:54:00.340361+01:00,  soc=64.0,  volt=51.93,  volt_delta=-0.87, volt_rate_per_min=-0.87, volt_status=NORMAL, batt_w=1336.0,  batt_mode=discharge,  batt_discharge_w=1336.0,  batt_charge_w=0,  load_w=1250.0, zone=unknown,  grid_charge=off, ev_charging_active=off, ev_charge_end=2026-02-23 05:00:02, ev_webhook_count=104, max_discharge_a=65, max_charge_a=90, max_grid_charge_a=64, soc_limit_a=60, volt_penalty_a=10, voltage_protected_limit_a=50, soc_power_w=3116, is_critical_soc=False
2026-02-28T18:55:00.340440+01:00,  soc=64.0,  volt=51.95,  volt_delta=-0.85, volt_rate_per_min=-0.85, volt_status=NORMAL, batt_w=1333.0,  batt_mode=discharge,  batt_discharge_w=1333.0,  batt_charge_w=0,  load_w=1250.0, zone=unknown,  grid_charge=off, ev_charging_active=off, ev_charge_end=2026-02-23 05:00:02, ev_webhook_count=104, max_discharge_a=65, max_charge_a=90, max_grid_charge_a=64, soc_limit_a=60, volt_penalty_a=10, voltage_protected_limit_a=50, soc_power_w=3117, is_critical_soc=False
2026-02-28T18:56:00.340305+01:00,  soc=63.0,  volt=51.95,  volt_delta=-0.85, volt_rate_per_min=-0.85, volt_status=NORMAL, batt_w=1333.0,  batt_mode=discharge,  batt_discharge_w=1333.0,  batt_charge_w=0,  load_w=1313.0, zone=unknown,  grid_charge=off, ev_charging_active=off, ev_charge_end=2026-02-23 05:00:02, ev_webhook_count=104, max_discharge_a=65, max_charge_a=90, max_grid_charge_a=64, soc_limit_a=60, volt_penalty_a=10, voltage_protected_limit_a=50, soc_power_w=3117, is_critical_soc=False
2026-02-28T18:57:00.340463+01:00,  soc=63.0,  volt=51.95,  volt_delta=-0.85, volt_rate_per_min=-0.85, volt_status=NORMAL, batt_w=1333.0,  batt_mode=discharge,  batt_discharge_w=1333.0,  batt_charge_w=0,  load_w=1313.0, zone=unknown,  grid_charge=off, ev_charging_active=off, ev_charge_end=2026-02-23 05:00:02, ev_webhook_count=104, max_discharge_a=65, max_charge_a=90, max_grid_charge_a=64, soc_limit_a=60, volt_penalty_a=10, voltage_protected_limit_a=50, soc_power_w=3117, is_critical_soc=False
2026-02-28T18:58:00.340411+01:00,  soc=63.0,  volt=51.95,  volt_delta=-0.85, volt_rate_per_min=-0.85, volt_status=NORMAL, batt_w=1333.0,  batt_mode=discharge,  batt_discharge_w=1333.0,  batt_charge_w=0,  load_w=1313.0, zone=unknown,  grid_charge=off, ev_charging_active=off, ev_charge_end=2026-02-23 05:00:02, ev_webhook_count=104, max_discharge_a=65, max_charge_a=90, max_grid_charge_a=64, soc_limit_a=60, volt_penalty_a=10, voltage_protected_limit_a=50, soc_power_w=3117, is_critical_soc=False
2026-02-28T18:59:00.340325+01:00,  soc=63.0,  volt=51.95,  volt_delta=-0.85, volt_rate_per_min=-0.85, volt_status=NORMAL, batt_w=1333.0,  batt_mode=discharge,  batt_discharge_w=1333.0,  batt_charge_w=0,  load_w=1313.0, zone=unknown,  grid_charge=off, ev_charging_active=off, ev_charge_end=2026-02-23 05:00:02, ev_webhook_count=104, max_discharge_a=65, max_charge_a=90, max_grid_charge_a=64, soc_limit_a=60, volt_penalty_a=10, voltage_protected_limit_a=50, soc_power_w=3117, is_critical_soc=False
2026-02-28T19:00:00.340586+01:00,  soc=62.0,  volt=51.95,  volt_delta=-0.85, volt_rate_per_min=-0.85, volt_status=NORMAL, batt_w=1333.0,  batt_mode=discharge,  batt_discharge_w=1333.0,  batt_charge_w=0,  load_w=1313.0, zone=unknown,  grid_charge=off, ev_charging_active=off, ev_charge_end=2026-02-23 05:00:02, ev_webhook_count=104, max_discharge_a=65, max_charge_a=90, max_grid_charge_a=64, soc_limit_a=60, volt_penalty_a=10, voltage_protected_limit_a=50, soc_power_w=3117, is_critical_soc=False
2026-02-28T19:01:00.340025+01:00,  soc=62.0,  volt=51.95,  volt_delta=-0.85, volt_rate_per_min=-0.85, volt_status=NORMAL, batt_w=1333.0,  batt_mode=discharge,  batt_discharge_w=1333.0,  batt_charge_w=0,  load_w=1294.0, zone=unknown,  grid_charge=off, ev_charging_active=off, ev_charge_end=2026-02-23 05:00:02, ev_webhook_count=104, max_discharge_a=65, max_charge_a=90, max_grid_charge_a=64, soc_limit_a=60, volt_penalty_a=10, voltage_protected_limit_a=50, soc_power_w=3117, is_critical_soc=False
2026-02-28T19:02:00.340771+01:00,  soc=62.0,  volt=51.95,  volt_delta=-0.85, volt_rate_per_min=-0.85, volt_status=NORMAL, batt_w=1333.0,  batt_mode=discharge,  batt_discharge_w=1333.0,  batt_charge_w=0,  load_w=1294.0, zone=unknown,  grid_charge=off, ev_charging_active=off, ev_charge_end=2026-02-23 05:00:02, ev_webhook_count=104, max_discharge_a=65, max_charge_a=90, max_grid_charge_a=64, soc_limit_a=60, volt_penalty_a=10, voltage_protected_limit_a=50, soc_power_w=3117, is_critical_soc=False
2026-02-28T19:03:00.340025+01:00,  soc=62.0,  volt=51.95,  volt_delta=-0.85, volt_rate_per_min=-0.85, volt_status=NORMAL, batt_w=1333.0,  batt_mode=discharge,  batt_discharge_w=1333.0,  batt_charge_w=0,  load_w=1246.0, zone=unknown,  grid_charge=off, ev_charging_active=off, ev_charge_end=2026-02-23 05:00:02, ev_webhook_count=104, max_discharge_a=65, max_charge_a=90, max_grid_charge_a=64, soc_limit_a=60, volt_penalty_a=10, voltage_protected_limit_a=50, soc_power_w=3117, is_critical_soc=False
2026-02-28T19:04:00.340165+01:00,  soc=62.0,  volt=51.95,  volt_delta=-0.85, volt_rate_per_min=-0.85, volt_status=NORMAL, batt_w=1333.0,  batt_mode=discharge,  batt_discharge_w=1333.0,  batt_charge_w=0,  load_w=1246.0, zone=unknown,  grid_charge=off, ev_charging_active=off, ev_charge_end=2026-02-23 05:00:02, ev_webhook_count=104, max_discharge_a=65, max_charge_a=90, max_grid_charge_a=64, soc_limit_a=60, volt_penalty_a=10, voltage_protected_limit_a=50, soc_power_w=3117, is_critical_soc=False
2026-02-28T19:05:00.339954+01:00,  soc=61.0,  volt=51.95,  volt_delta=-0.85, volt_rate_per_min=-0.85, volt_status=NORMAL, batt_w=1317.0,  batt_mode=discharge,  batt_discharge_w=1317.0,  batt_charge_w=0,  load_w=1246.0, zone=unknown,  grid_charge=off, ev_charging_active=off, ev_charge_end=2026-02-23 05:00:02, ev_webhook_count=104, max_discharge_a=65, max_charge_a=90, max_grid_charge_a=64, soc_limit_a=60, volt_penalty_a=10, voltage_protected_limit_a=50, soc_power_w=3117, is_critical_soc=False
2026-02-28T19:06:00.340935+01:00,  soc=61.0,  volt=51.95,  volt_delta=-0.85, volt_rate_per_min=-0.85, volt_status=NORMAL, batt_w=1317.0,  batt_mode=discharge,  batt_discharge_w=1317.0,  batt_charge_w=0,  load_w=1246.0, zone=unknown,  grid_charge=off, ev_charging_active=off, ev_charge_end=2026-02-23 05:00:02, ev_webhook_count=104, max_discharge_a=65, max_charge_a=90, max_grid_charge_a=64, soc_limit_a=60, volt_penalty_a=10, voltage_protected_limit_a=50, soc_power_w=3117, is_critical_soc=False
2026-02-28T19:07:00.340001+01:00,  soc=61.0,  volt=51.95,  volt_delta=-0.85, volt_rate_per_min=-0.85, volt_status=NORMAL, batt_w=1317.0,  batt_mode=discharge,  batt_discharge_w=1317.0,  batt_charge_w=0,  load_w=1244.0, zone=unknown,  grid_charge=off, ev_charging_active=off, ev_charge_end=2026-02-23 05:00:02, ev_webhook_count=104, max_discharge_a=65, max_charge_a=90, max_grid_charge_a=64, soc_limit_a=60, volt_penalty_a=10, voltage_protected_limit_a=50, soc_power_w=3117, is_critical_soc=False
2026-02-28T19:08:00.340187+01:00,  soc=61.0,  volt=51.95,  volt_delta=-0.85, volt_rate_per_min=-0.85, volt_status=NORMAL, batt_w=1317.0,  batt_mode=discharge,  batt_discharge_w=1317.0,  batt_charge_w=0,  load_w=1244.0, zone=unknown,  grid_charge=off, ev_charging_active=off, ev_charge_end=2026-02-23 05:00:02, ev_webhook_count=104, max_discharge_a=65, max_charge_a=90, max_grid_charge_a=64, soc_limit_a=60, volt_penalty_a=10, voltage_protected_limit_a=50, soc_power_w=3117, is_critical_soc=False
2026-02-28T19:09:00.340111+01:00,  soc=60.0,  volt=51.95,  volt_delta=-0.85, volt_rate_per_min=-0.85, volt_status=NORMAL, batt_w=1317.0,  batt_mode=discharge,  batt_discharge_w=1317.0,  batt_charge_w=0,  load_w=1244.0, zone=unknown,  grid_charge=off, ev_charging_active=off, ev_charge_end=2026-02-23 05:00:02, ev_webhook_count=104, max_discharge_a=65, max_charge_a=90, max_grid_charge_a=64, soc_limit_a=60, volt_penalty_a=10, voltage_protected_limit_a=50, soc_power_w=3117, is_critical_soc=False
2026-02-28T19:10:00.339792+01:00,  soc=60.0,  volt=51.95,  volt_delta=-0.85, volt_rate_per_min=-0.85, volt_status=NORMAL, batt_w=1317.0,  batt_mode=discharge,  batt_discharge_w=1317.0,  batt_charge_w=0,  load_w=1244.0, zone=unknown,  grid_charge=off, ev_charging_active=off, ev_charge_end=2026-02-23 05:00:02, ev_webhook_count=104, max_discharge_a=65, max_charge_a=90, max_grid_charge_a=64, soc_limit_a=60, volt_penalty_a=10, voltage_protected_limit_a=50, soc_power_w=3117, is_critical_soc=False
2026-02-28T19:11:00.340412+01:00,  soc=60.0,  volt=51.95,  volt_delta=-0.85, volt_rate_per_min=-0.85, volt_status=NORMAL, batt_w=1317.0,  batt_mode=discharge,  batt_discharge_w=1317.0,  batt_charge_w=0,  load_w=1244.0, zone=unknown,  grid_charge=off, ev_charging_active=off, ev_charge_end=2026-02-23 05:00:02, ev_webhook_count=104, max_discharge_a=65, max_charge_a=90, max_grid_charge_a=64, soc_limit_a=60, volt_penalty_a=10, voltage_protected_limit_a=50, soc_power_w=3117, is_critical_soc=False
2026-02-28T19:12:00.340162+01:00,  soc=60.0,  volt=51.95,  volt_delta=-0.85, volt_rate_per_min=-0.85, volt_status=NORMAL, batt_w=1317.0,  batt_mode=discharge,  batt_discharge_w=1317.0,  batt_charge_w=0,  load_w=1300.0, zone=unknown,  grid_charge=off, ev_charging_active=off, ev_charge_end=2026-02-23 05:00:02, ev_webhook_count=104, max_discharge_a=65, max_charge_a=90, max_grid_charge_a=64, soc_limit_a=60, volt_penalty_a=10, voltage_protected_limit_a=50, soc_power_w=3117, is_critical_soc=False
2026-02-28T19:13:00.340128+01:00,  soc=59.0,  volt=51.95,  volt_delta=-0.85, volt_rate_per_min=-0.85, volt_status=NORMAL, batt_w=1317.0,  batt_mode=discharge,  batt_discharge_w=1317.0,  batt_charge_w=0,  load_w=1300.0, zone=unknown,  grid_charge=off, ev_charging_active=off, ev_charge_end=2026-02-23 05:00:02, ev_webhook_count=104, max_discharge_a=65, max_charge_a=90, max_grid_charge_a=64, soc_limit_a=60, volt_penalty_a=10, voltage_protected_limit_a=50, soc_power_w=3117, is_critical_soc=False
2026-02-28T19:14:00.340675+01:00,  soc=59.0,  volt=51.95,  volt_delta=-0.85, volt_rate_per_min=-0.85, volt_status=NORMAL, batt_w=1429.0,  batt_mode=discharge,  batt_discharge_w=1429.0,  batt_charge_w=0,  load_w=1357.0, zone=unknown,  grid_charge=off, ev_charging_active=off, ev_charge_end=2026-02-23 05:00:02, ev_webhook_count=104, max_discharge_a=65, max_charge_a=90, max_grid_charge_a=64, soc_limit_a=60, volt_penalty_a=10, voltage_protected_limit_a=50, soc_power_w=3117, is_critical_soc=False
2026-02-28T19:15:00.340207+01:00,  soc=59.0,  volt=51.88,  volt_delta=-0.92, volt_rate_per_min=-0.92, volt_status=NORMAL, batt_w=1456.0,  batt_mode=discharge,  batt_discharge_w=1456.0,  batt_charge_w=0,  load_w=1357.0, zone=unknown,  grid_charge=off, ev_charging_active=off, ev_charge_end=2026-02-23 05:00:02, ev_webhook_count=104, max_discharge_a=65, max_charge_a=90, max_grid_charge_a=64, soc_limit_a=60, volt_penalty_a=10, voltage_protected_limit_a=50, soc_power_w=3113, is_critical_soc=False
2026-02-28T19:16:00.340433+01:00,  soc=59.0,  volt=51.88,  volt_delta=-0.92, volt_rate_per_min=-0.92, volt_status=NORMAL, batt_w=1456.0,  batt_mode=discharge,  batt_discharge_w=1456.0,  batt_charge_w=0,  load_w=1357.0, zone=unknown,  grid_charge=off, ev_charging_active=off, ev_charge_end=2026-02-23 05:00:02, ev_webhook_count=104, max_discharge_a=65, max_charge_a=90, max_grid_charge_a=64, soc_limit_a=60, volt_penalty_a=10, voltage_protected_limit_a=50, soc_power_w=3113, is_critical_soc=False
2026-02-28T19:17:00.340021+01:00,  soc=58.0,  volt=51.88,  volt_delta=-0.92, volt_rate_per_min=-0.92, volt_status=NORMAL, batt_w=1456.0,  batt_mode=discharge,  batt_discharge_w=1456.0,  batt_charge_w=0,  load_w=1356.0, zone=unknown,  grid_charge=off, ev_charging_active=off, ev_charge_end=2026-02-23 05:00:02, ev_webhook_count=104, max_discharge_a=65, max_charge_a=90, max_grid_charge_a=64, soc_limit_a=60, volt_penalty_a=10, voltage_protected_limit_a=50, soc_power_w=3113, is_critical_soc=False
2026-02-28T19:18:00.339957+01:00,  soc=58.0,  volt=51.88,  volt_delta=-0.92, volt_rate_per_min=-0.92, volt_status=NORMAL, batt_w=1456.0,  batt_mode=discharge,  batt_discharge_w=1456.0,  batt_charge_w=0,  load_w=1356.0, zone=unknown,  grid_charge=off, ev_charging_active=off, ev_charge_end=2026-02-23 05:00:02, ev_webhook_count=104, max_discharge_a=65, max_charge_a=90, max_grid_charge_a=64, soc_limit_a=60, volt_penalty_a=10, voltage_protected_limit_a=50, soc_power_w=3113, is_critical_soc=False
2026-02-28T19:19:00.340011+01:00,  soc=58.0,  volt=51.88,  volt_delta=-0.92, volt_rate_per_min=-0.92, volt_status=NORMAL, batt_w=1365.0,  batt_mode=discharge,  batt_discharge_w=1365.0,  batt_charge_w=0,  load_w=1294.0, zone=unknown,  grid_charge=off, ev_charging_active=off, ev_charge_end=2026-02-23 05:00:02, ev_webhook_count=104, max_discharge_a=65, max_charge_a=90, max_grid_charge_a=64, soc_limit_a=60, volt_penalty_a=10, voltage_protected_limit_a=50, soc_power_w=3113, is_critical_soc=False
2026-02-28T19:20:00.340060+01:00,  soc=58.0,  volt=51.88,  volt_delta=-0.92, volt_rate_per_min=-0.92, volt_status=NORMAL, batt_w=1365.0,  batt_mode=discharge,  batt_discharge_w=1365.0,  batt_charge_w=0,  load_w=1294.0, zone=unknown,  grid_charge=off, ev_charging_active=off, ev_charge_end=2026-02-23 05:00:02, ev_webhook_count=104, max_discharge_a=65, max_charge_a=90, max_grid_charge_a=64, soc_limit_a=60, volt_penalty_a=10, voltage_protected_limit_a=50, soc_power_w=3113, is_critical_soc=False
2026-02-28T19:21:00.340536+01:00,  soc=57.0,  volt=51.88,  volt_delta=-0.92, volt_rate_per_min=-0.92, volt_status=NORMAL, batt_w=1458.0,  batt_mode=discharge,  batt_discharge_w=1458.0,  batt_charge_w=0,  load_w=1374.0, zone=unknown,  grid_charge=off, ev_charging_active=off, ev_charge_end=2026-02-23 05:00:02, ev_webhook_count=104, max_discharge_a=65, max_charge_a=90, max_grid_charge_a=64, soc_limit_a=60, volt_penalty_a=10, voltage_protected_limit_a=50, soc_power_w=3113, is_critical_soc=False
2026-02-28T19:22:00.341225+01:00,  soc=57.0,  volt=51.88,  volt_delta=-0.92, volt_rate_per_min=-0.92, volt_status=NORMAL, batt_w=1458.0,  batt_mode=discharge,  batt_discharge_w=1458.0,  batt_charge_w=0,  load_w=1374.0, zone=unknown,  grid_charge=off, ev_charging_active=off, ev_charge_end=2026-02-23 05:00:02, ev_webhook_count=104, max_discharge_a=65, max_charge_a=90, max_grid_charge_a=64, soc_limit_a=60, volt_penalty_a=10, voltage_protected_limit_a=50, soc_power_w=3113, is_critical_soc=False
2026-02-28T19:23:00.340679+01:00,  soc=57.0,  volt=51.88,  volt_delta=-0.92, volt_rate_per_min=-0.92, volt_status=NORMAL, batt_w=1458.0,  batt_mode=discharge,  batt_discharge_w=1458.0,  batt_charge_w=0,  load_w=1392.0, zone=unknown,  grid_charge=off, ev_charging_active=off, ev_charge_end=2026-02-23 05:00:02, ev_webhook_count=104, max_discharge_a=65, max_charge_a=90, max_grid_charge_a=64, soc_limit_a=60, volt_penalty_a=10, voltage_protected_limit_a=50, soc_power_w=3113, is_critical_soc=False
2026-02-28T19:24:00.340188+01:00,  soc=57.0,  volt=51.88,  volt_delta=-0.92, volt_rate_per_min=-0.92, volt_status=NORMAL, batt_w=1458.0,  batt_mode=discharge,  batt_discharge_w=1458.0,  batt_charge_w=0,  load_w=1392.0, zone=unknown,  grid_charge=off, ev_charging_active=off, ev_charge_end=2026-02-23 05:00:02, ev_webhook_count=104, max_discharge_a=65, max_charge_a=90, max_grid_charge_a=64, soc_limit_a=60, volt_penalty_a=10, voltage_protected_limit_a=50, soc_power_w=3113, is_critical_soc=False
2026-02-28T19:25:00.339867+01:00,  soc=56.0,  volt=51.86,  volt_delta=-0.94, volt_rate_per_min=-0.94, volt_status=NORMAL, batt_w=1466.0,  batt_mode=discharge,  batt_discharge_w=1466.0,  batt_charge_w=0,  load_w=1392.0, zone=unknown,  grid_charge=off, ev_charging_active=off, ev_charge_end=2026-02-23 05:00:02, ev_webhook_count=104, max_discharge_a=65, max_charge_a=90, max_grid_charge_a=64, soc_limit_a=60, volt_penalty_a=10, voltage_protected_limit_a=50, soc_power_w=3112, is_critical_soc=False
2026-02-28T19:26:00.340784+01:00,  soc=56.0,  volt=51.82,  volt_delta=-0.98, volt_rate_per_min=-0.98, volt_status=NORMAL, batt_w=1466.0,  batt_mode=discharge,  batt_discharge_w=1466.0,  batt_charge_w=0,  load_w=3596.0, zone=unknown,  grid_charge=off, ev_charging_active=off, ev_charge_end=2026-02-23 05:00:02, ev_webhook_count=104, max_discharge_a=65, max_charge_a=90, max_grid_charge_a=64, soc_limit_a=60, volt_penalty_a=10, voltage_protected_limit_a=50, soc_power_w=3109, is_critical_soc=False
2026-02-28T19:27:00.340315+01:00,  soc=56.0,  volt=51.82,  volt_delta=-0.98, volt_rate_per_min=-0.98, volt_status=NORMAL, batt_w=1466.0,  batt_mode=discharge,  batt_discharge_w=1466.0,  batt_charge_w=0,  load_w=1392.0, zone=unknown,  grid_charge=off, ev_charging_active=off, ev_charge_end=2026-02-23 05:00:02, ev_webhook_count=104, max_discharge_a=65, max_charge_a=90, max_grid_charge_a=64, soc_limit_a=60, volt_penalty_a=10, voltage_protected_limit_a=50, soc_power_w=3109, is_critical_soc=False
2026-02-28T19:28:00.340601+01:00,  soc=56.0,  volt=51.82,  volt_delta=-0.98, volt_rate_per_min=-0.98, volt_status=NORMAL, batt_w=1466.0,  batt_mode=discharge,  batt_discharge_w=1466.0,  batt_charge_w=0,  load_w=1392.0, zone=unknown,  grid_charge=off, ev_charging_active=off, ev_charge_end=2026-02-23 05:00:02, ev_webhook_count=104, max_discharge_a=65, max_charge_a=90, max_grid_charge_a=64, soc_limit_a=60, volt_penalty_a=10, voltage_protected_limit_a=50, soc_power_w=3109, is_critical_soc=False
2026-02-28T19:29:00.340417+01:00,  soc=55.0,  volt=51.82,  volt_delta=-0.98, volt_rate_per_min=-0.98, volt_status=NORMAL, batt_w=1466.0,  batt_mode=discharge,  batt_discharge_w=1466.0,  batt_charge_w=0,  load_w=1392.0, zone=unknown,  grid_charge=off, ev_charging_active=off, ev_charge_end=2026-02-23 05:00:02, ev_webhook_count=104, max_discharge_a=65, max_charge_a=90, max_grid_charge_a=64, soc_limit_a=60, volt_penalty_a=10, voltage_protected_limit_a=50, soc_power_w=3109, is_critical_soc=False
2026-02-28T19:30:00.340128+01:00,  soc=55.0,  volt=51.82,  volt_delta=-0.98, volt_rate_per_min=-0.98, volt_status=NORMAL, batt_w=1466.0,  batt_mode=discharge,  batt_discharge_w=1466.0,  batt_charge_w=0,  load_w=1392.0, zone=unknown,  grid_charge=off, ev_charging_active=off, ev_charge_end=2026-02-23 05:00:02, ev_webhook_count=104, max_discharge_a=65, max_charge_a=90, max_grid_charge_a=64, soc_limit_a=60, volt_penalty_a=10, voltage_protected_limit_a=50, soc_power_w=3109, is_critical_soc=False
2026-02-28T19:31:00.339993+01:00,  soc=55.0,  volt=51.82,  volt_delta=-0.98, volt_rate_per_min=-0.98, volt_status=NORMAL, batt_w=1466.0,  batt_mode=discharge,  batt_discharge_w=1466.0,  batt_charge_w=0,  load_w=1392.0, zone=unknown,  grid_charge=off, ev_charging_active=off, ev_charge_end=2026-02-23 05:00:02, ev_webhook_count=104, max_discharge_a=65, max_charge_a=90, max_grid_charge_a=64, soc_limit_a=60, volt_penalty_a=10, voltage_protected_limit_a=50, soc_power_w=3109, is_critical_soc=False
2026-02-28T19:32:00.340324+01:00,  soc=55.0,  volt=51.82,  volt_delta=-0.98, volt_rate_per_min=-0.98, volt_status=NORMAL, batt_w=1466.0,  batt_mode=discharge,  batt_discharge_w=1466.0,  batt_charge_w=0,  load_w=1392.0, zone=unknown,  grid_charge=off, ev_charging_active=off, ev_charge_end=2026-02-23 05:00:02, ev_webhook_count=104, max_discharge_a=65, max_charge_a=90, max_grid_charge_a=64, soc_limit_a=60, volt_penalty_a=10, voltage_protected_limit_a=50, soc_power_w=3109, is_critical_soc=False
2026-02-28T19:33:00.340122+01:00,  soc=54.0,  volt=51.82,  volt_delta=-0.98, volt_rate_per_min=-0.98, volt_status=NORMAL, batt_w=1466.0,  batt_mode=discharge,  batt_discharge_w=1466.0,  batt_charge_w=0,  load_w=1389.0, zone=unknown,  grid_charge=off, ev_charging_active=off, ev_charge_end=2026-02-23 05:00:02, ev_webhook_count=104, max_discharge_a=65, max_charge_a=90, max_grid_charge_a=64, soc_limit_a=60, volt_penalty_a=10, voltage_protected_limit_a=50, soc_power_w=3109, is_critical_soc=False
2026-02-28T19:34:00.339948+01:00,  soc=54.0,  volt=51.82,  volt_delta=-0.98, volt_rate_per_min=-0.98, volt_status=NORMAL, batt_w=1466.0,  batt_mode=discharge,  batt_discharge_w=1466.0,  batt_charge_w=0,  load_w=1389.0, zone=unknown,  grid_charge=off, ev_charging_active=off, ev_charge_end=2026-02-23 05:00:02, ev_webhook_count=104, max_discharge_a=65, max_charge_a=90, max_grid_charge_a=64, soc_limit_a=60, volt_penalty_a=10, voltage_protected_limit_a=50, soc_power_w=3109, is_critical_soc=False
2026-02-28T19:35:00.341320+01:00,  soc=54.0,  volt=51.83,  volt_delta=-0.97, volt_rate_per_min=-0.97, volt_status=NORMAL, batt_w=1499.0,  batt_mode=discharge,  batt_discharge_w=1499.0,  batt_charge_w=0,  load_w=1389.0, zone=unknown,  grid_charge=off, ev_charging_active=off, ev_charge_end=2026-02-23 05:00:02, ev_webhook_count=104, max_discharge_a=65, max_charge_a=90, max_grid_charge_a=64, soc_limit_a=60, volt_penalty_a=10, voltage_protected_limit_a=50, soc_power_w=3110, is_critical_soc=False
2026-02-28T19:36:00.341343+01:00,  soc=54.0,  volt=51.83,  volt_delta=-0.97, volt_rate_per_min=-0.97, volt_status=NORMAL, batt_w=1515.0,  batt_mode=discharge,  batt_discharge_w=1515.0,  batt_charge_w=0,  load_w=1460.0, zone=unknown,  grid_charge=off, ev_charging_active=off, ev_charge_end=2026-02-23 05:00:02, ev_webhook_count=104, max_discharge_a=65, max_charge_a=90, max_grid_charge_a=64, soc_limit_a=60, volt_penalty_a=10, voltage_protected_limit_a=50, soc_power_w=3110, is_critical_soc=False
2026-02-28T19:37:00.341157+01:00,  soc=53.0,  volt=51.83,  volt_delta=-0.97, volt_rate_per_min=-0.97, volt_status=NORMAL, batt_w=1515.0,  batt_mode=discharge,  batt_discharge_w=1515.0,  batt_charge_w=0,  load_w=1460.0, zone=unknown,  grid_charge=off, ev_charging_active=off, ev_charge_end=2026-02-23 05:00:02, ev_webhook_count=104, max_discharge_a=65, max_charge_a=90, max_grid_charge_a=64, soc_limit_a=60, volt_penalty_a=10, voltage_protected_limit_a=50, soc_power_w=3110, is_critical_soc=False
2026-02-28T19:38:00.340655+01:00,  soc=53.0,  volt=51.83,  volt_delta=-0.97, volt_rate_per_min=-0.97, volt_status=NORMAL, batt_w=1462.0,  batt_mode=discharge,  batt_discharge_w=1462.0,  batt_charge_w=0,  load_w=1406.0, zone=unknown,  grid_charge=off, ev_charging_active=off, ev_charge_end=2026-02-23 05:00:02, ev_webhook_count=104, max_discharge_a=65, max_charge_a=90, max_grid_charge_a=64, soc_limit_a=60, volt_penalty_a=10, voltage_protected_limit_a=50, soc_power_w=3110, is_critical_soc=False
2026-02-28T19:39:00.340362+01:00,  soc=53.0,  volt=51.83,  volt_delta=-0.97, volt_rate_per_min=-0.97, volt_status=NORMAL, batt_w=1462.0,  batt_mode=discharge,  batt_discharge_w=1462.0,  batt_charge_w=0,  load_w=1405.0, zone=unknown,  grid_charge=off, ev_charging_active=off, ev_charge_end=2026-02-23 05:00:02, ev_webhook_count=104, max_discharge_a=65, max_charge_a=90, max_grid_charge_a=64, soc_limit_a=60, volt_penalty_a=10, voltage_protected_limit_a=50, soc_power_w=3110, is_critical_soc=False
2026-02-28T19:40:00.341227+01:00,  soc=53.0,  volt=51.83,  volt_delta=-0.97, volt_rate_per_min=-0.97, volt_status=NORMAL, batt_w=1462.0,  batt_mode=discharge,  batt_discharge_w=1462.0,  batt_charge_w=0,  load_w=1405.0, zone=unknown,  grid_charge=off, ev_charging_active=off, ev_charge_end=2026-02-23 05:00:02, ev_webhook_count=104, max_discharge_a=65, max_charge_a=90, max_grid_charge_a=64, soc_limit_a=60, volt_penalty_a=10, voltage_protected_limit_a=50, soc_power_w=3110, is_critical_soc=False
2026-02-28T19:41:00.340732+01:00,  soc=52.0,  volt=51.83,  volt_delta=-0.97, volt_rate_per_min=-0.97, volt_status=NORMAL, batt_w=1409.0,  batt_mode=discharge,  batt_discharge_w=1409.0,  batt_charge_w=0,  load_w=1344.0, zone=unknown,  grid_charge=off, ev_charging_active=off, ev_charge_end=2026-02-23 05:00:02, ev_webhook_count=104, max_discharge_a=65, max_charge_a=90, max_grid_charge_a=64, soc_limit_a=60, volt_penalty_a=10, voltage_protected_limit_a=50, soc_power_w=3110, is_critical_soc=False
2026-02-28T19:42:00.340784+01:00,  soc=52.0,  volt=51.83,  volt_delta=-0.97, volt_rate_per_min=-0.97, volt_status=NORMAL, batt_w=1409.0,  batt_mode=discharge,  batt_discharge_w=1409.0,  batt_charge_w=0,  load_w=1344.0, zone=unknown,  grid_charge=off, ev_charging_active=off, ev_charge_end=2026-02-23 05:00:02, ev_webhook_count=104, max_discharge_a=65, max_charge_a=90, max_grid_charge_a=64, soc_limit_a=60, volt_penalty_a=10, voltage_protected_limit_a=50, soc_power_w=3110, is_critical_soc=False
2026-02-28T19:43:00.340110+01:00,  soc=52.0,  volt=51.83,  volt_delta=-0.97, volt_rate_per_min=-0.97, volt_status=NORMAL, batt_w=1359.0,  batt_mode=discharge,  batt_discharge_w=1359.0,  batt_charge_w=0,  load_w=1293.0, zone=unknown,  grid_charge=off, ev_charging_active=off, ev_charge_end=2026-02-23 05:00:02, ev_webhook_count=104, max_discharge_a=65, max_charge_a=90, max_grid_charge_a=64, soc_limit_a=60, volt_penalty_a=10, voltage_protected_limit_a=50, soc_power_w=3110, is_critical_soc=False
2026-02-28T19:44:00.339965+01:00,  soc=52.0,  volt=51.83,  volt_delta=-0.97, volt_rate_per_min=-0.97, volt_status=NORMAL, batt_w=1359.0,  batt_mode=discharge,  batt_discharge_w=1359.0,  batt_charge_w=0,  load_w=1293.0, zone=unknown,  grid_charge=off, ev_charging_active=off, ev_charge_end=2026-02-23 05:00:02, ev_webhook_count=104, max_discharge_a=65, max_charge_a=90, max_grid_charge_a=64, soc_limit_a=60, volt_penalty_a=10, voltage_protected_limit_a=50, soc_power_w=3110, is_critical_soc=False
2026-02-28T19:45:00.340279+01:00,  soc=51.0,  volt=51.87,  volt_delta=-0.93, volt_rate_per_min=-0.93, volt_status=NORMAL, batt_w=1328.0,  batt_mode=discharge,  batt_discharge_w=1328.0,  batt_charge_w=0,  load_w=1293.0, zone=unknown,  grid_charge=off, ev_charging_active=off, ev_charge_end=2026-02-23 05:00:02, ev_webhook_count=104, max_discharge_a=65, max_charge_a=90, max_grid_charge_a=64, soc_limit_a=60, volt_penalty_a=10, voltage_protected_limit_a=50, soc_power_w=3112, is_critical_soc=False
2026-02-28T19:46:00.340378+01:00,  soc=51.0,  volt=51.87,  volt_delta=-0.93, volt_rate_per_min=-0.93, volt_status=NORMAL, batt_w=1328.0,  batt_mode=discharge,  batt_discharge_w=1328.0,  batt_charge_w=0,  load_w=1293.0, zone=unknown,  grid_charge=off, ev_charging_active=off, ev_charge_end=2026-02-23 05:00:02, ev_webhook_count=104, max_discharge_a=65, max_charge_a=90, max_grid_charge_a=64, soc_limit_a=60, volt_penalty_a=10, voltage_protected_limit_a=50, soc_power_w=3112, is_critical_soc=False
2026-02-28T19:47:00.341652+01:00,  soc=51.0,  volt=51.87,  volt_delta=-0.93, volt_rate_per_min=-0.93, volt_status=NORMAL, batt_w=1328.0,  batt_mode=discharge,  batt_discharge_w=1328.0,  batt_charge_w=0,  load_w=1293.0, zone=unknown,  grid_charge=off, ev_charging_active=off, ev_charge_end=2026-02-23 05:00:02, ev_webhook_count=104, max_discharge_a=65, max_charge_a=90, max_grid_charge_a=64, soc_limit_a=60, volt_penalty_a=10, voltage_protected_limit_a=50, soc_power_w=3112, is_critical_soc=False
2026-02-28T19:48:00.340411+01:00,  soc=51.0,  volt=51.87,  volt_delta=-0.93, volt_rate_per_min=-0.93, volt_status=NORMAL, batt_w=1328.0,  batt_mode=discharge,  batt_discharge_w=1328.0,  batt_charge_w=0,  load_w=1293.0, zone=unknown,  grid_charge=off, ev_charging_active=off, ev_charge_end=2026-02-23 05:00:02, ev_webhook_count=104, max_discharge_a=65, max_charge_a=90, max_grid_charge_a=64, soc_limit_a=60, volt_penalty_a=10, voltage_protected_limit_a=50, soc_power_w=3112, is_critical_soc=False
2026-02-28T19:49:00.340125+01:00,  soc=50.0,  volt=51.87,  volt_delta=-0.93, volt_rate_per_min=-0.93, volt_status=NORMAL, batt_w=1328.0,  batt_mode=discharge,  batt_discharge_w=1328.0,  batt_charge_w=0,  load_w=1268.0, zone=unknown,  grid_charge=off, ev_charging_active=off, ev_charge_end=2026-02-23 05:00:02, ev_webhook_count=104, max_discharge_a=65, max_charge_a=90, max_grid_charge_a=64, soc_limit_a=60, volt_penalty_a=10, voltage_protected_limit_a=50, soc_power_w=3112, is_critical_soc=False
2026-02-28T19:50:00.340400+01:00,  soc=50.0,  volt=51.87,  volt_delta=-0.93, volt_rate_per_min=-0.93, volt_status=NORMAL, batt_w=1328.0,  batt_mode=discharge,  batt_discharge_w=1328.0,  batt_charge_w=0,  load_w=1268.0, zone=unknown,  grid_charge=off, ev_charging_active=off, ev_charge_end=2026-02-23 05:00:02, ev_webhook_count=104, max_discharge_a=65, max_charge_a=90, max_grid_charge_a=64, soc_limit_a=60, volt_penalty_a=10, voltage_protected_limit_a=50, soc_power_w=3112, is_critical_soc=False
2026-02-28T19:51:00.340560+01:00,  soc=50.0,  volt=51.87,  volt_delta=-0.93, volt_rate_per_min=-0.93, volt_status=NORMAL, batt_w=1328.0,  batt_mode=discharge,  batt_discharge_w=1328.0,  batt_charge_w=0,  load_w=1268.0, zone=unknown,  grid_charge=off, ev_charging_active=off, ev_charge_end=2026-02-23 05:00:02, ev_webhook_count=104, max_discharge_a=65, max_charge_a=90, max_grid_charge_a=64, soc_limit_a=60, volt_penalty_a=10, voltage_protected_limit_a=50, soc_power_w=3112, is_critical_soc=False
2026-02-28T19:52:00.340536+01:00,  soc=50.0,  volt=51.87,  volt_delta=-0.93, volt_rate_per_min=-0.93, volt_status=NORMAL, batt_w=1328.0,  batt_mode=discharge,  batt_discharge_w=1328.0,  batt_charge_w=0,  load_w=1268.0, zone=unknown,  grid_charge=off, ev_charging_active=off, ev_charge_end=2026-02-23 05:00:02, ev_webhook_count=104, max_discharge_a=65, max_charge_a=90, max_grid_charge_a=64, soc_limit_a=60, volt_penalty_a=10, voltage_protected_limit_a=50, soc_power_w=3112, is_critical_soc=False
2026-02-28T19:53:00.340511+01:00,  soc=49.0,  volt=51.87,  volt_delta=-0.93, volt_rate_per_min=-0.93, volt_status=NORMAL, batt_w=1328.0,  batt_mode=discharge,  batt_discharge_w=1328.0,  batt_charge_w=0,  load_w=1268.0, zone=unknown,  grid_charge=off, ev_charging_active=off, ev_charge_end=2026-02-23 05:00:02, ev_webhook_count=104, max_discharge_a=60, max_charge_a=90, max_grid_charge_a=64, soc_limit_a=60, volt_penalty_a=10, voltage_protected_limit_a=50, soc_power_w=3112, is_critical_soc=False
2026-02-28T19:54:00.340092+01:00,  soc=49.0,  volt=51.87,  volt_delta=-0.93, volt_rate_per_min=-0.93, volt_status=NORMAL, batt_w=1328.0,  batt_mode=discharge,  batt_discharge_w=1328.0,  batt_charge_w=0,  load_w=1268.0, zone=unknown,  grid_charge=off, ev_charging_active=off, ev_charge_end=2026-02-23 05:00:02, ev_webhook_count=104, max_discharge_a=60, max_charge_a=90, max_grid_charge_a=64, soc_limit_a=60, volt_penalty_a=10, voltage_protected_limit_a=50, soc_power_w=3112, is_critical_soc=False
2026-02-28T19:55:00.340415+01:00,  soc=49.0,  volt=51.85,  volt_delta=-0.95, volt_rate_per_min=-0.95, volt_status=NORMAL, batt_w=1319.0,  batt_mode=discharge,  batt_discharge_w=1319.0,  batt_charge_w=0,  load_w=1248.0, zone=unknown,  grid_charge=off, ev_charging_active=off, ev_charge_end=2026-02-23 05:00:02, ev_webhook_count=104, max_discharge_a=60, max_charge_a=90, max_grid_charge_a=64, soc_limit_a=60, volt_penalty_a=10, voltage_protected_limit_a=50, soc_power_w=3111, is_critical_soc=False
2026-02-28T19:56:00.339833+01:00,  soc=49.0,  volt=51.85,  volt_delta=-0.95, volt_rate_per_min=-0.95, volt_status=NORMAL, batt_w=1319.0,  batt_mode=discharge,  batt_discharge_w=1319.0,  batt_charge_w=0,  load_w=1248.0, zone=unknown,  grid_charge=off, ev_charging_active=off, ev_charge_end=2026-02-23 05:00:02, ev_webhook_count=104, max_discharge_a=60, max_charge_a=90, max_grid_charge_a=64, soc_limit_a=60, volt_penalty_a=10, voltage_protected_limit_a=50, soc_power_w=3111, is_critical_soc=False
2026-02-28T19:57:00.339896+01:00,  soc=49.0,  volt=51.85,  volt_delta=-0.95, volt_rate_per_min=-0.95, volt_status=NORMAL, batt_w=1319.0,  batt_mode=discharge,  batt_discharge_w=1319.0,  batt_charge_w=0,  load_w=1248.0, zone=unknown,  grid_charge=off, ev_charging_active=off, ev_charge_end=2026-02-23 05:00:02, ev_webhook_count=104, max_discharge_a=60, max_charge_a=90, max_grid_charge_a=64, soc_limit_a=60, volt_penalty_a=10, voltage_protected_limit_a=50, soc_power_w=3111, is_critical_soc=False
2026-02-28T19:58:00.340522+01:00,  soc=48.0,  volt=51.85,  volt_delta=-0.95, volt_rate_per_min=-0.95, volt_status=NORMAL, batt_w=1419.0,  batt_mode=discharge,  batt_discharge_w=1419.0,  batt_charge_w=0,  load_w=1353.0, zone=unknown,  grid_charge=off, ev_charging_active=off, ev_charge_end=2026-02-23 05:00:02, ev_webhook_count=104, max_discharge_a=60, max_charge_a=90, max_grid_charge_a=64, soc_limit_a=60, volt_penalty_a=10, voltage_protected_limit_a=50, soc_power_w=3111, is_critical_soc=False
2026-02-28T19:59:00.340216+01:00,  soc=48.0,  volt=51.85,  volt_delta=-0.95, volt_rate_per_min=-0.95, volt_status=NORMAL, batt_w=1419.0,  batt_mode=discharge,  batt_discharge_w=1419.0,  batt_charge_w=0,  load_w=1353.0, zone=unknown,  grid_charge=off, ev_charging_active=off, ev_charge_end=2026-02-23 05:00:02, ev_webhook_count=104, max_discharge_a=60, max_charge_a=90, max_grid_charge_a=64, soc_limit_a=60, volt_penalty_a=10, voltage_protected_limit_a=50, soc_power_w=3111, is_critical_soc=False
2026-02-28T20:00:00.340021+01:00,  soc=48.0,  volt=51.85,  volt_delta=-0.95, volt_rate_per_min=-0.95, volt_status=NORMAL, batt_w=1419.0,  batt_mode=discharge,  batt_discharge_w=1419.0,  batt_charge_w=0,  load_w=1395.0, zone=unknown,  grid_charge=off, ev_charging_active=off, ev_charge_end=2026-02-23 05:00:02, ev_webhook_count=104, max_discharge_a=60, max_charge_a=90, max_grid_charge_a=64, soc_limit_a=60, volt_penalty_a=10, voltage_protected_limit_a=50, soc_power_w=3111, is_critical_soc=False
2026-02-28T20:01:00.340790+01:00,  soc=47.0,  volt=51.73,  volt_delta=-1.07, volt_rate_per_min=-1.07, volt_status=NORMAL, batt_w=1464.0,  batt_mode=discharge,  batt_discharge_w=1464.0,  batt_charge_w=0,  load_w=1400.0, zone=unknown,  grid_charge=off, ev_charging_active=off, ev_charge_end=2026-02-23 05:00:02, ev_webhook_count=104, max_discharge_a=60, max_charge_a=90, max_grid_charge_a=64, soc_limit_a=60, volt_penalty_a=10, voltage_protected_limit_a=50, soc_power_w=3104, is_critical_soc=False
2026-02-28T20:02:00.340468+01:00,  soc=47.0,  volt=51.73,  volt_delta=-1.07, volt_rate_per_min=-1.07, volt_status=NORMAL, batt_w=1464.0,  batt_mode=discharge,  batt_discharge_w=1464.0,  batt_charge_w=0,  load_w=1400.0, zone=unknown,  grid_charge=off, ev_charging_active=off, ev_charge_end=2026-02-23 05:00:02, ev_webhook_count=104, max_discharge_a=60, max_charge_a=90, max_grid_charge_a=64, soc_limit_a=60, volt_penalty_a=10, voltage_protected_limit_a=50, soc_power_w=3104, is_critical_soc=False
2026-02-28T20:03:00.341205+01:00,  soc=47.0,  volt=51.73,  volt_delta=-1.07, volt_rate_per_min=-1.07, volt_status=NORMAL, batt_w=1464.0,  batt_mode=discharge,  batt_discharge_w=1464.0,  batt_charge_w=0,  load_w=1400.0, zone=unknown,  grid_charge=off, ev_charging_active=off, ev_charge_end=2026-02-23 05:00:02, ev_webhook_count=104, max_discharge_a=60, max_charge_a=90, max_grid_charge_a=64, soc_limit_a=60, volt_penalty_a=10, voltage_protected_limit_a=50, soc_power_w=3104, is_critical_soc=False
2026-02-28T20:04:00.340262+01:00,  soc=47.0,  volt=51.73,  volt_delta=-1.07, volt_rate_per_min=-1.07, volt_status=NORMAL, batt_w=1464.0,  batt_mode=discharge,  batt_discharge_w=1464.0,  batt_charge_w=0,  load_w=1400.0, zone=unknown,  grid_charge=off, ev_charging_active=off, ev_charge_end=2026-02-23 05:00:02, ev_webhook_count=104, max_discharge_a=60, max_charge_a=90, max_grid_charge_a=64, soc_limit_a=60, volt_penalty_a=10, voltage_protected_limit_a=50, soc_power_w=3104, is_critical_soc=False
2026-02-28T20:05:00.339877+01:00,  soc=46.0,  volt=51.74,  volt_delta=-1.06, volt_rate_per_min=-1.06, volt_status=NORMAL, batt_w=1436.0,  batt_mode=discharge,  batt_discharge_w=1436.0,  batt_charge_w=0,  load_w=1384.0, zone=unknown,  grid_charge=off, ev_charging_active=off, ev_charge_end=2026-02-23 05:00:02, ev_webhook_count=104, max_discharge_a=60, max_charge_a=90, max_grid_charge_a=64, soc_limit_a=60, volt_penalty_a=10, voltage_protected_limit_a=50, soc_power_w=3104, is_critical_soc=False
2026-02-28T20:06:00.341267+01:00,  soc=46.0,  volt=51.74,  volt_delta=-1.06, volt_rate_per_min=-1.06, volt_status=NORMAL, batt_w=1436.0,  batt_mode=discharge,  batt_discharge_w=1436.0,  batt_charge_w=0,  load_w=1384.0, zone=unknown,  grid_charge=off, ev_charging_active=off, ev_charge_end=2026-02-23 05:00:02, ev_webhook_count=104, max_discharge_a=60, max_charge_a=90, max_grid_charge_a=64, soc_limit_a=60, volt_penalty_a=10, voltage_protected_limit_a=50, soc_power_w=3104, is_critical_soc=False
2026-02-28T20:07:00.340760+01:00,  soc=46.0,  volt=51.74,  volt_delta=-1.06, volt_rate_per_min=-1.06, volt_status=NORMAL, batt_w=1436.0,  batt_mode=discharge,  batt_discharge_w=1436.0,  batt_charge_w=0,  load_w=1384.0, zone=unknown,  grid_charge=off, ev_charging_active=off, ev_charge_end=2026-02-23 05:00:02, ev_webhook_count=104, max_discharge_a=60, max_charge_a=90, max_grid_charge_a=64, soc_limit_a=60, volt_penalty_a=10, voltage_protected_limit_a=50, soc_power_w=3104, is_critical_soc=False
2026-02-28T20:08:00.341135+01:00,  soc=46.0,  volt=51.74,  volt_delta=-1.06, volt_rate_per_min=-1.06, volt_status=NORMAL, batt_w=1436.0,  batt_mode=discharge,  batt_discharge_w=1436.0,  batt_charge_w=0,  load_w=1384.0, zone=unknown,  grid_charge=off, ev_charging_active=off, ev_charge_end=2026-02-23 05:00:02, ev_webhook_count=104, max_discharge_a=60, max_charge_a=90, max_grid_charge_a=64, soc_limit_a=60, volt_penalty_a=10, voltage_protected_limit_a=50, soc_power_w=3104, is_critical_soc=False
2026-02-28T20:09:00.340494+01:00,  soc=45.0,  volt=51.74,  volt_delta=-1.06, volt_rate_per_min=-1.06, volt_status=NORMAL, batt_w=1436.0,  batt_mode=discharge,  batt_discharge_w=1436.0,  batt_charge_w=0,  load_w=1384.0, zone=unknown,  grid_charge=off, ev_charging_active=off, ev_charge_end=2026-02-23 05:00:02, ev_webhook_count=104, max_discharge_a=60, max_charge_a=90, max_grid_charge_a=64, soc_limit_a=60, volt_penalty_a=10, voltage_protected_limit_a=50, soc_power_w=3104, is_critical_soc=False
2026-02-28T20:10:00.340057+01:00,  soc=45.0,  volt=51.74,  volt_delta=-1.06, volt_rate_per_min=-1.06, volt_status=NORMAL, batt_w=1436.0,  batt_mode=discharge,  batt_discharge_w=1436.0,  batt_charge_w=0,  load_w=1384.0, zone=unknown,  grid_charge=off, ev_charging_active=off, ev_charge_end=2026-02-23 05:00:02, ev_webhook_count=104, max_discharge_a=60, max_charge_a=90, max_grid_charge_a=64, soc_limit_a=60, volt_penalty_a=10, voltage_protected_limit_a=50, soc_power_w=3104, is_critical_soc=False
2026-02-28T20:11:00.340682+01:00,  soc=45.0,  volt=51.74,  volt_delta=-1.06, volt_rate_per_min=-1.06, volt_status=NORMAL, batt_w=1436.0,  batt_mode=discharge,  batt_discharge_w=1436.0,  batt_charge_w=0,  load_w=1367.0, zone=unknown,  grid_charge=off, ev_charging_active=off, ev_charge_end=2026-02-23 05:00:02, ev_webhook_count=104, max_discharge_a=60, max_charge_a=90, max_grid_charge_a=64, soc_limit_a=60, volt_penalty_a=10, voltage_protected_limit_a=50, soc_power_w=3104, is_critical_soc=False
2026-02-28T20:12:00.340399+01:00,  soc=45.0,  volt=51.74,  volt_delta=-1.06, volt_rate_per_min=-1.06, volt_status=NORMAL, batt_w=1436.0,  batt_mode=discharge,  batt_discharge_w=1436.0,  batt_charge_w=0,  load_w=1367.0, zone=unknown,  grid_charge=off, ev_charging_active=off, ev_charge_end=2026-02-23 05:00:02, ev_webhook_count=104, max_discharge_a=60, max_charge_a=90, max_grid_charge_a=64, soc_limit_a=60, volt_penalty_a=10, voltage_protected_limit_a=50, soc_power_w=3104, is_critical_soc=False
2026-02-28T20:13:00.340236+01:00,  soc=44.0,  volt=51.74,  volt_delta=-1.06, volt_rate_per_min=-1.06, volt_status=NORMAL, batt_w=1436.0,  batt_mode=discharge,  batt_discharge_w=1436.0,  batt_charge_w=0,  load_w=1367.0, zone=unknown,  grid_charge=off, ev_charging_active=off, ev_charge_end=2026-02-23 05:00:02, ev_webhook_count=104, max_discharge_a=60, max_charge_a=90, max_grid_charge_a=64, soc_limit_a=60, volt_penalty_a=10, voltage_protected_limit_a=50, soc_power_w=3104, is_critical_soc=False
2026-02-28T20:14:00.340457+01:00,  soc=44.0,  volt=51.74,  volt_delta=-1.06, volt_rate_per_min=-1.06, volt_status=NORMAL, batt_w=1436.0,  batt_mode=discharge,  batt_discharge_w=1436.0,  batt_charge_w=0,  load_w=1367.0, zone=unknown,  grid_charge=off, ev_charging_active=off, ev_charge_end=2026-02-23 05:00:02, ev_webhook_count=104, max_discharge_a=60, max_charge_a=90, max_grid_charge_a=64, soc_limit_a=60, volt_penalty_a=10, voltage_protected_limit_a=50, soc_power_w=3104, is_critical_soc=False
2026-02-28T20:15:00.340412+01:00,  soc=44.0,  volt=51.63,  volt_delta=-1.17, volt_rate_per_min=-1.17, volt_status=NORMAL, batt_w=1500.0,  batt_mode=discharge,  batt_discharge_w=1500.0,  batt_charge_w=0,  load_w=1367.0, zone=unknown,  grid_charge=off, ev_charging_active=off, ev_charge_end=2026-02-23 05:00:02, ev_webhook_count=104, max_discharge_a=60, max_charge_a=90, max_grid_charge_a=64, soc_limit_a=60, volt_penalty_a=10, voltage_protected_limit_a=50, soc_power_w=3098, is_critical_soc=False
2026-02-28T20:16:00.340231+01:00,  soc=44.0,  volt=51.63,  volt_delta=-1.17, volt_rate_per_min=-1.17, volt_status=NORMAL, batt_w=1500.0,  batt_mode=discharge,  batt_discharge_w=1500.0,  batt_charge_w=0,  load_w=1416.0, zone=unknown,  grid_charge=off, ev_charging_active=off, ev_charge_end=2026-02-23 05:00:02, ev_webhook_count=104, max_discharge_a=60, max_charge_a=90, max_grid_charge_a=64, soc_limit_a=60, volt_penalty_a=10, voltage_protected_limit_a=50, soc_power_w=3098, is_critical_soc=False
2026-02-28T20:17:00.340494+01:00,  soc=43.0,  volt=51.63,  volt_delta=-1.17, volt_rate_per_min=-1.17, volt_status=NORMAL, batt_w=1500.0,  batt_mode=discharge,  batt_discharge_w=1500.0,  batt_charge_w=0,  load_w=1416.0, zone=unknown,  grid_charge=off, ev_charging_active=off, ev_charge_end=2026-02-23 05:00:02, ev_webhook_count=104, max_discharge_a=60, max_charge_a=90, max_grid_charge_a=64, soc_limit_a=60, volt_penalty_a=10, voltage_protected_limit_a=50, soc_power_w=3098, is_critical_soc=False
2026-02-28T20:18:00.339982+01:00,  soc=43.0,  volt=51.63,  volt_delta=-1.17, volt_rate_per_min=-1.17, volt_status=NORMAL, batt_w=1500.0,  batt_mode=discharge,  batt_discharge_w=1500.0,  batt_charge_w=0,  load_w=1416.0, zone=unknown,  grid_charge=off, ev_charging_active=off, ev_charge_end=2026-02-23 05:00:02, ev_webhook_count=104, max_discharge_a=60, max_charge_a=90, max_grid_charge_a=64, soc_limit_a=60, volt_penalty_a=10, voltage_protected_limit_a=50, soc_power_w=3098, is_critical_soc=False
2026-02-28T20:19:00.340737+01:00,  soc=43.0,  volt=51.63,  volt_delta=-1.17, volt_rate_per_min=-1.17, volt_status=NORMAL, batt_w=1500.0,  batt_mode=discharge,  batt_discharge_w=1500.0,  batt_charge_w=0,  load_w=1416.0, zone=unknown,  grid_charge=off, ev_charging_active=off, ev_charge_end=2026-02-23 05:00:02, ev_webhook_count=104, max_discharge_a=60, max_charge_a=90, max_grid_charge_a=64, soc_limit_a=60, volt_penalty_a=10, voltage_protected_limit_a=50, soc_power_w=3098, is_critical_soc=False
2026-02-28T20:20:00.340472+01:00,  soc=43.0,  volt=51.52,  volt_delta=-1.28, volt_rate_per_min=-1.28, volt_status=NORMAL, batt_w=1514.0,  batt_mode=discharge,  batt_discharge_w=1514.0,  batt_charge_w=0,  load_w=1416.0, zone=unknown,  grid_charge=off, ev_charging_active=off, ev_charge_end=2026-02-23 05:00:02, ev_webhook_count=104, max_discharge_a=60, max_charge_a=90, max_grid_charge_a=64, soc_limit_a=60, volt_penalty_a=10, voltage_protected_limit_a=50, soc_power_w=3091, is_critical_soc=False
2026-02-28T20:21:00.340362+01:00,  soc=42.0,  volt=51.52,  volt_delta=-1.28, volt_rate_per_min=-1.28, volt_status=NORMAL, batt_w=1514.0,  batt_mode=discharge,  batt_discharge_w=1514.0,  batt_charge_w=0,  load_w=1462.0, zone=unknown,  grid_charge=off, ev_charging_active=off, ev_charge_end=2026-02-23 05:00:02, ev_webhook_count=104, max_discharge_a=60, max_charge_a=90, max_grid_charge_a=64, soc_limit_a=60, volt_penalty_a=10, voltage_protected_limit_a=50, soc_power_w=3091, is_critical_soc=False
2026-02-28T20:22:00.340400+01:00,  soc=42.0,  volt=51.52,  volt_delta=-1.28, volt_rate_per_min=-1.28, volt_status=NORMAL, batt_w=1514.0,  batt_mode=discharge,  batt_discharge_w=1514.0,  batt_charge_w=0,  load_w=1462.0, zone=unknown,  grid_charge=off, ev_charging_active=off, ev_charge_end=2026-02-23 05:00:02, ev_webhook_count=104, max_discharge_a=60, max_charge_a=90, max_grid_charge_a=64, soc_limit_a=60, volt_penalty_a=10, voltage_protected_limit_a=50, soc_power_w=3091, is_critical_soc=False
2026-02-28T20:23:00.340945+01:00,  soc=42.0,  volt=51.52,  volt_delta=-1.28, volt_rate_per_min=-1.28, volt_status=NORMAL, batt_w=1514.0,  batt_mode=discharge,  batt_discharge_w=1514.0,  batt_charge_w=0,  load_w=1462.0, zone=unknown,  grid_charge=off, ev_charging_active=off, ev_charge_end=2026-02-23 05:00:02, ev_webhook_count=104, max_discharge_a=60, max_charge_a=90, max_grid_charge_a=64, soc_limit_a=60, volt_penalty_a=10, voltage_protected_limit_a=50, soc_power_w=3091, is_critical_soc=False
2026-02-28T20:24:00.340095+01:00,  soc=42.0,  volt=51.52,  volt_delta=-1.28, volt_rate_per_min=-1.28, volt_status=NORMAL, batt_w=1514.0,  batt_mode=discharge,  batt_discharge_w=1514.0,  batt_charge_w=0,  load_w=1462.0, zone=unknown,  grid_charge=off, ev_charging_active=off, ev_charge_end=2026-02-23 05:00:02, ev_webhook_count=104, max_discharge_a=60, max_charge_a=90, max_grid_charge_a=64, soc_limit_a=60, volt_penalty_a=10, voltage_protected_limit_a=50, soc_power_w=3091, is_critical_soc=False
2026-02-28T20:25:00.340325+01:00,  soc=41.0,  volt=51.49,  volt_delta=-1.31, volt_rate_per_min=-1.31, volt_status=NORMAL, batt_w=1527.0,  batt_mode=discharge,  batt_discharge_w=1527.0,  batt_charge_w=0,  load_w=1462.0, zone=unknown,  grid_charge=off, ev_charging_active=off, ev_charge_end=2026-02-23 05:00:02, ev_webhook_count=104, max_discharge_a=60, max_charge_a=90, max_grid_charge_a=64, soc_limit_a=60, volt_penalty_a=10, voltage_protected_limit_a=50, soc_power_w=3089, is_critical_soc=False
2026-02-28T20:26:00.340416+01:00,  soc=41.0,  volt=51.49,  volt_delta=-1.31, volt_rate_per_min=-1.31, volt_status=NORMAL, batt_w=1527.0,  batt_mode=discharge,  batt_discharge_w=1527.0,  batt_charge_w=0,  load_w=1462.0, zone=unknown,  grid_charge=off, ev_charging_active=off, ev_charge_end=2026-02-23 05:00:02, ev_webhook_count=104, max_discharge_a=60, max_charge_a=90, max_grid_charge_a=64, soc_limit_a=60, volt_penalty_a=10, voltage_protected_limit_a=50, soc_power_w=3089, is_critical_soc=False
2026-02-28T20:27:00.340586+01:00,  soc=41.0,  volt=51.49,  volt_delta=-1.31, volt_rate_per_min=-1.31, volt_status=NORMAL, batt_w=1451.0,  batt_mode=discharge,  batt_discharge_w=1451.0,  batt_charge_w=0,  load_w=1381.0, zone=unknown,  grid_charge=off, ev_charging_active=off, ev_charge_end=2026-02-23 05:00:02, ev_webhook_count=104, max_discharge_a=60, max_charge_a=90, max_grid_charge_a=64, soc_limit_a=60, volt_penalty_a=10, voltage_protected_limit_a=50, soc_power_w=3089, is_critical_soc=False
2026-02-28T20:28:00.341408+01:00,  soc=41.0,  volt=51.49,  volt_delta=-1.31, volt_rate_per_min=-1.31, volt_status=NORMAL, batt_w=1451.0,  batt_mode=discharge,  batt_discharge_w=1451.0,  batt_charge_w=0,  load_w=1381.0, zone=unknown,  grid_charge=off, ev_charging_active=off, ev_charge_end=2026-02-23 05:00:02, ev_webhook_count=104, max_discharge_a=60, max_charge_a=90, max_grid_charge_a=64, soc_limit_a=60, volt_penalty_a=10, voltage_protected_limit_a=50, soc_power_w=3089, is_critical_soc=False
2026-02-28T20:29:00.340421+01:00,  soc=40.0,  volt=51.49,  volt_delta=-1.31, volt_rate_per_min=-1.31, volt_status=NORMAL, batt_w=1451.0,  batt_mode=discharge,  batt_discharge_w=1451.0,  batt_charge_w=0,  load_w=1381.0, zone=unknown,  grid_charge=off, ev_charging_active=off, ev_charge_end=2026-02-23 05:00:02, ev_webhook_count=104, max_discharge_a=60, max_charge_a=90, max_grid_charge_a=64, soc_limit_a=60, volt_penalty_a=10, voltage_protected_limit_a=50, soc_power_w=3089, is_critical_soc=False
2026-02-28T20:30:00.340652+01:00,  soc=40.0,  volt=51.49,  volt_delta=-1.31, volt_rate_per_min=-1.31, volt_status=NORMAL, batt_w=1451.0,  batt_mode=discharge,  batt_discharge_w=1451.0,  batt_charge_w=0,  load_w=1381.0, zone=unknown,  grid_charge=off, ev_charging_active=off, ev_charge_end=2026-02-23 05:00:02, ev_webhook_count=104, max_discharge_a=60, max_charge_a=90, max_grid_charge_a=64, soc_limit_a=60, volt_penalty_a=10, voltage_protected_limit_a=50, soc_power_w=3089, is_critical_soc=False
2026-02-28T20:31:00.341462+01:00,  soc=40.0,  volt=51.49,  volt_delta=-1.31, volt_rate_per_min=-1.31, volt_status=NORMAL, batt_w=1451.0,  batt_mode=discharge,  batt_discharge_w=1451.0,  batt_charge_w=0,  load_w=1381.0, zone=unknown,  grid_charge=off, ev_charging_active=off, ev_charge_end=2026-02-23 05:00:02, ev_webhook_count=104, max_discharge_a=60, max_charge_a=90, max_grid_charge_a=64, soc_limit_a=60, volt_penalty_a=10, voltage_protected_limit_a=50, soc_power_w=3089, is_critical_soc=False
2026-02-28T20:32:00.341409+01:00,  soc=40.0,  volt=51.49,  volt_delta=-1.31, volt_rate_per_min=-1.31, volt_status=NORMAL, batt_w=1451.0,  batt_mode=discharge,  batt_discharge_w=1451.0,  batt_charge_w=0,  load_w=1379.0, zone=unknown,  grid_charge=off, ev_charging_active=off, ev_charge_end=2026-02-23 05:00:02, ev_webhook_count=104, max_discharge_a=60, max_charge_a=90, max_grid_charge_a=64, soc_limit_a=60, volt_penalty_a=10, voltage_protected_limit_a=50, soc_power_w=3089, is_critical_soc=False
2026-02-28T20:33:00.340807+01:00,  soc=39.0,  volt=51.49,  volt_delta=-1.31, volt_rate_per_min=-1.31, volt_status=NORMAL, batt_w=1394.0,  batt_mode=discharge,  batt_discharge_w=1394.0,  batt_charge_w=0,  load_w=1321.0, zone=unknown,  grid_charge=off, ev_charging_active=off, ev_charge_end=2026-02-23 05:00:02, ev_webhook_count=104, max_discharge_a=60, max_charge_a=90, max_grid_charge_a=64, soc_limit_a=58, volt_penalty_a=10, voltage_protected_limit_a=48, soc_power_w=2999, is_critical_soc=False
2026-02-28T20:34:00.340691+01:00,  soc=39.0,  volt=51.43,  volt_delta=-1.37, volt_rate_per_min=-1.37, volt_status=NORMAL, batt_w=1394.0,  batt_mode=discharge,  batt_discharge_w=1394.0,  batt_charge_w=0,  load_w=1321.0, zone=unknown,  grid_charge=off, ev_charging_active=off, ev_charge_end=2026-02-23 05:00:02, ev_webhook_count=104, max_discharge_a=60, max_charge_a=90, max_grid_charge_a=64, soc_limit_a=58, volt_penalty_a=10, voltage_protected_limit_a=48, soc_power_w=2999, is_critical_soc=False
2026-02-28T20:35:00.340709+01:00,  soc=39.0,  volt=51.43,  volt_delta=-1.37, volt_rate_per_min=-1.37, volt_status=NORMAL, batt_w=1401.0,  batt_mode=discharge,  batt_discharge_w=1401.0,  batt_charge_w=0,  load_w=1321.0, zone=unknown,  grid_charge=off, ev_charging_active=off, ev_charge_end=2026-02-23 05:00:02, ev_webhook_count=104, max_discharge_a=60, max_charge_a=90, max_grid_charge_a=64, soc_limit_a=58, volt_penalty_a=10, voltage_protected_limit_a=48, soc_power_w=2999, is_critical_soc=False
2026-02-28T20:36:00.339869+01:00,  soc=38.0,  volt=51.43,  volt_delta=-1.37, volt_rate_per_min=-1.37, volt_status=NORMAL, batt_w=1401.0,  batt_mode=discharge,  batt_discharge_w=1401.0,  batt_charge_w=0,  load_w=1321.0, zone=unknown,  grid_charge=off, ev_charging_active=off, ev_charge_end=2026-02-23 05:00:02, ev_webhook_count=104, max_discharge_a=60, max_charge_a=90, max_grid_charge_a=64, soc_limit_a=55, volt_penalty_a=10, voltage_protected_limit_a=45, soc_power_w=2852, is_critical_soc=False
2026-02-28T20:37:00.340034+01:00,  soc=38.0,  volt=51.43,  volt_delta=-1.37, volt_rate_per_min=-1.37, volt_status=NORMAL, batt_w=1401.0,  batt_mode=discharge,  batt_discharge_w=1401.0,  batt_charge_w=0,  load_w=1331.0, zone=unknown,  grid_charge=off, ev_charging_active=off, ev_charge_end=2026-02-23 05:00:02, ev_webhook_count=104, max_discharge_a=60, max_charge_a=90, max_grid_charge_a=64, soc_limit_a=55, volt_penalty_a=10, voltage_protected_limit_a=45, soc_power_w=2852, is_critical_soc=False
2026-02-28T20:38:00.340719+01:00,  soc=38.0,  volt=51.43,  volt_delta=-1.37, volt_rate_per_min=-1.37, volt_status=NORMAL, batt_w=1401.0,  batt_mode=discharge,  batt_discharge_w=1401.0,  batt_charge_w=0,  load_w=1331.0, zone=unknown,  grid_charge=off, ev_charging_active=off, ev_charge_end=2026-02-23 05:00:02, ev_webhook_count=104, max_discharge_a=60, max_charge_a=90, max_grid_charge_a=64, soc_limit_a=55, volt_penalty_a=10, voltage_protected_limit_a=45, soc_power_w=2852, is_critical_soc=False
2026-02-28T20:39:00.340569+01:00,  soc=38.0,  volt=51.43,  volt_delta=-1.37, volt_rate_per_min=-1.37, volt_status=NORMAL, batt_w=1401.0,  batt_mode=discharge,  batt_discharge_w=1401.0,  batt_charge_w=0,  load_w=1331.0, zone=unknown,  grid_charge=off, ev_charging_active=off, ev_charge_end=2026-02-23 05:00:02, ev_webhook_count=104, max_discharge_a=60, max_charge_a=90, max_grid_charge_a=64, soc_limit_a=55, volt_penalty_a=10, voltage_protected_limit_a=45, soc_power_w=2852, is_critical_soc=False
2026-02-28T20:40:00.340310+01:00,  soc=37.0,  volt=51.43,  volt_delta=-1.37, volt_rate_per_min=-1.37, volt_status=NORMAL, batt_w=1401.0,  batt_mode=discharge,  batt_discharge_w=1401.0,  batt_charge_w=0,  load_w=1331.0, zone=unknown,  grid_charge=off, ev_charging_active=off, ev_charge_end=2026-02-23 05:00:02, ev_webhook_count=104, max_discharge_a=60, max_charge_a=90, max_grid_charge_a=64, soc_limit_a=53, volt_penalty_a=10, voltage_protected_limit_a=43, soc_power_w=2711, is_critical_soc=False
2026-02-28T20:41:00.340431+01:00,  soc=37.0,  volt=51.43,  volt_delta=-1.37, volt_rate_per_min=-1.37, volt_status=NORMAL, batt_w=1401.0,  batt_mode=discharge,  batt_discharge_w=1401.0,  batt_charge_w=0,  load_w=1331.0, zone=unknown,  grid_charge=off, ev_charging_active=off, ev_charge_end=2026-02-23 05:00:02, ev_webhook_count=104, max_discharge_a=60, max_charge_a=90, max_grid_charge_a=64, soc_limit_a=53, volt_penalty_a=10, voltage_protected_limit_a=43, soc_power_w=2711, is_critical_soc=False
2026-02-28T20:42:00.340647+01:00,  soc=37.0,  volt=51.43,  volt_delta=-1.37, volt_rate_per_min=-1.37, volt_status=NORMAL, batt_w=1401.0,  batt_mode=discharge,  batt_discharge_w=1401.0,  batt_charge_w=0,  load_w=1331.0, zone=unknown,  grid_charge=off, ev_charging_active=off, ev_charge_end=2026-02-23 05:00:02, ev_webhook_count=104, max_discharge_a=60, max_charge_a=90, max_grid_charge_a=64, soc_limit_a=53, volt_penalty_a=10, voltage_protected_limit_a=43, soc_power_w=2711, is_critical_soc=False
2026-02-28T20:43:00.341048+01:00,  soc=37.0,  volt=51.43,  volt_delta=-1.37, volt_rate_per_min=-1.37, volt_status=NORMAL, batt_w=1401.0,  batt_mode=discharge,  batt_discharge_w=1401.0,  batt_charge_w=0,  load_w=1338.0, zone=unknown,  grid_charge=off, ev_charging_active=off, ev_charge_end=2026-02-23 05:00:02, ev_webhook_count=104, max_discharge_a=60, max_charge_a=90, max_grid_charge_a=64, soc_limit_a=53, volt_penalty_a=10, voltage_protected_limit_a=43, soc_power_w=2711, is_critical_soc=False
2026-02-28T20:44:00.340766+01:00,  soc=37.0,  volt=51.33,  volt_delta=-1.47, volt_rate_per_min=-1.47, volt_status=NORMAL, batt_w=1401.0,  batt_mode=discharge,  batt_discharge_w=1401.0,  batt_charge_w=0,  load_w=1338.0, zone=unknown,  grid_charge=off, ev_charging_active=off, ev_charge_end=2026-02-23 05:00:02, ev_webhook_count=104, max_discharge_a=60, max_charge_a=90, max_grid_charge_a=64, soc_limit_a=53, volt_penalty_a=10, voltage_protected_limit_a=43, soc_power_w=2711, is_critical_soc=False
2026-02-28T20:45:00.340732+01:00,  soc=36.0,  volt=51.33,  volt_delta=-1.47, volt_rate_per_min=-1.47, volt_status=NORMAL, batt_w=1417.0,  batt_mode=discharge,  batt_discharge_w=1417.0,  batt_charge_w=0,  load_w=1338.0, zone=unknown,  grid_charge=off, ev_charging_active=off, ev_charge_end=2026-02-23 05:00:02, ev_webhook_count=104, max_discharge_a=60, max_charge_a=90, max_grid_charge_a=64, soc_limit_a=50, volt_penalty_a=10, voltage_protected_limit_a=40, soc_power_w=2575, is_critical_soc=False
2026-02-28T20:46:00.340374+01:00,  soc=36.0,  volt=51.33,  volt_delta=-1.47, volt_rate_per_min=-1.47, volt_status=NORMAL, batt_w=1417.0,  batt_mode=discharge,  batt_discharge_w=1417.0,  batt_charge_w=0,  load_w=1338.0, zone=unknown,  grid_charge=off, ev_charging_active=off, ev_charge_end=2026-02-23 05:00:02, ev_webhook_count=104, max_discharge_a=60, max_charge_a=90, max_grid_charge_a=64, soc_limit_a=50, volt_penalty_a=10, voltage_protected_limit_a=40, soc_power_w=2575, is_critical_soc=False
2026-02-28T20:47:00.339898+01:00,  soc=36.0,  volt=51.33,  volt_delta=-1.47, volt_rate_per_min=-1.47, volt_status=NORMAL, batt_w=1417.0,  batt_mode=discharge,  batt_discharge_w=1417.0,  batt_charge_w=0,  load_w=1338.0, zone=unknown,  grid_charge=off, ev_charging_active=off, ev_charge_end=2026-02-23 05:00:02, ev_webhook_count=104, max_discharge_a=60, max_charge_a=90, max_grid_charge_a=64, soc_limit_a=50, volt_penalty_a=10, voltage_protected_limit_a=40, soc_power_w=2575, is_critical_soc=False
2026-02-28T20:48:00.340710+01:00,  soc=36.0,  volt=51.33,  volt_delta=-1.47, volt_rate_per_min=-1.47, volt_status=NORMAL, batt_w=1417.0,  batt_mode=discharge,  batt_discharge_w=1417.0,  batt_charge_w=0,  load_w=1322.0, zone=unknown,  grid_charge=off, ev_charging_active=off, ev_charge_end=2026-02-23 05:00:02, ev_webhook_count=104, max_discharge_a=60, max_charge_a=90, max_grid_charge_a=64, soc_limit_a=50, volt_penalty_a=10, voltage_protected_limit_a=40, soc_power_w=2575, is_critical_soc=False
2026-02-28T20:49:00.340356+01:00,  soc=35.0,  volt=51.33,  volt_delta=-1.47, volt_rate_per_min=-1.47, volt_status=NORMAL, batt_w=1417.0,  batt_mode=discharge,  batt_discharge_w=1417.0,  batt_charge_w=0,  load_w=1322.0, zone=unknown,  grid_charge=off, ev_charging_active=off, ev_charge_end=2026-02-23 05:00:02, ev_webhook_count=104, max_discharge_a=60, max_charge_a=90, max_grid_charge_a=64, soc_limit_a=48, volt_penalty_a=10, voltage_protected_limit_a=38, soc_power_w=2444, is_critical_soc=False
2026-02-28T20:50:00.340002+01:00,  soc=35.0,  volt=51.33,  volt_delta=-1.47, volt_rate_per_min=-1.47, volt_status=NORMAL, batt_w=1417.0,  batt_mode=discharge,  batt_discharge_w=1417.0,  batt_charge_w=0,  load_w=1322.0, zone=unknown,  grid_charge=off, ev_charging_active=off, ev_charge_end=2026-02-23 05:00:02, ev_webhook_count=104, max_discharge_a=60, max_charge_a=90, max_grid_charge_a=64, soc_limit_a=48, volt_penalty_a=10, voltage_protected_limit_a=38, soc_power_w=2444, is_critical_soc=False
2026-02-28T20:51:00.340812+01:00,  soc=35.0,  volt=51.33,  volt_delta=-1.47, volt_rate_per_min=-1.47, volt_status=NORMAL, batt_w=1417.0,  batt_mode=discharge,  batt_discharge_w=1417.0,  batt_charge_w=0,  load_w=1322.0, zone=unknown,  grid_charge=off, ev_charging_active=off, ev_charge_end=2026-02-23 05:00:02, ev_webhook_count=104, max_discharge_a=60, max_charge_a=90, max_grid_charge_a=64, soc_limit_a=48, volt_penalty_a=10, voltage_protected_limit_a=38, soc_power_w=2444, is_critical_soc=False
2026-02-28T20:52:00.340340+01:00,  soc=35.0,  volt=51.33,  volt_delta=-1.47, volt_rate_per_min=-1.47, volt_status=NORMAL, batt_w=1417.0,  batt_mode=discharge,  batt_discharge_w=1417.0,  batt_charge_w=0,  load_w=1322.0, zone=unknown,  grid_charge=off, ev_charging_active=off, ev_charge_end=2026-02-23 05:00:02, ev_webhook_count=104, max_discharge_a=60, max_charge_a=90, max_grid_charge_a=64, soc_limit_a=48, volt_penalty_a=10, voltage_protected_limit_a=38, soc_power_w=2444, is_critical_soc=False
2026-02-28T20:53:00.339937+01:00,  soc=34.0,  volt=51.23,  volt_delta=-1.57, volt_rate_per_min=-1.57, volt_status=NORMAL, batt_w=1455.0,  batt_mode=discharge,  batt_discharge_w=1455.0,  batt_charge_w=0,  load_w=1386.0, zone=unknown,  grid_charge=off, ev_charging_active=off, ev_charge_end=2026-02-23 05:00:02, ev_webhook_count=104, max_discharge_a=60, max_charge_a=90, max_grid_charge_a=64, soc_limit_a=45, volt_penalty_a=10, voltage_protected_limit_a=35, soc_power_w=2318, is_critical_soc=False
2026-02-28T20:54:00.339747+01:00,  soc=34.0,  volt=51.23,  volt_delta=-1.57, volt_rate_per_min=-1.57, volt_status=NORMAL, batt_w=1455.0,  batt_mode=discharge,  batt_discharge_w=1455.0,  batt_charge_w=0,  load_w=1386.0, zone=unknown,  grid_charge=off, ev_charging_active=off, ev_charge_end=2026-02-23 05:00:02, ev_webhook_count=104, max_discharge_a=60, max_charge_a=90, max_grid_charge_a=64, soc_limit_a=45, volt_penalty_a=10, voltage_protected_limit_a=35, soc_power_w=2318, is_critical_soc=False
2026-02-28T20:55:00.340072+01:00,  soc=34.0,  volt=51.2,  volt_delta=-1.6, volt_rate_per_min=-1.6, volt_status=NORMAL, batt_w=1484.0,  batt_mode=discharge,  batt_discharge_w=1484.0,  batt_charge_w=0,  load_w=1386.0, zone=unknown,  grid_charge=off, ev_charging_active=off, ev_charge_end=2026-02-23 05:00:02, ev_webhook_count=104, max_discharge_a=60, max_charge_a=90, max_grid_charge_a=64, soc_limit_a=45, volt_penalty_a=10, voltage_protected_limit_a=35, soc_power_w=2318, is_critical_soc=False
2026-02-28T20:56:00.339827+01:00,  soc=33.0,  volt=51.2,  volt_delta=-1.6, volt_rate_per_min=-1.6, volt_status=NORMAL, batt_w=1484.0,  batt_mode=discharge,  batt_discharge_w=1484.0,  batt_charge_w=0,  load_w=1386.0, zone=unknown,  grid_charge=off, ev_charging_active=off, ev_charge_end=2026-02-23 05:00:02, ev_webhook_count=104, max_discharge_a=60, max_charge_a=90, max_grid_charge_a=64, soc_limit_a=43, volt_penalty_a=10, voltage_protected_limit_a=33, soc_power_w=2198, is_critical_soc=False
2026-02-28T20:57:00.339901+01:00,  soc=33.0,  volt=51.2,  volt_delta=-1.6, volt_rate_per_min=-1.6, volt_status=NORMAL, batt_w=1484.0,  batt_mode=discharge,  batt_discharge_w=1484.0,  batt_charge_w=0,  load_w=1386.0, zone=unknown,  grid_charge=off, ev_charging_active=off, ev_charge_end=2026-02-23 05:00:02, ev_webhook_count=104, max_discharge_a=60, max_charge_a=90, max_grid_charge_a=64, soc_limit_a=43, volt_penalty_a=10, voltage_protected_limit_a=33, soc_power_w=2198, is_critical_soc=False
2026-02-28T20:58:00.340299+01:00,  soc=33.0,  volt=51.2,  volt_delta=-1.6, volt_rate_per_min=-1.6, volt_status=NORMAL, batt_w=1484.0,  batt_mode=discharge,  batt_discharge_w=1484.0,  batt_charge_w=0,  load_w=1386.0, zone=unknown,  grid_charge=off, ev_charging_active=off, ev_charge_end=2026-02-23 05:00:02, ev_webhook_count=104, max_discharge_a=60, max_charge_a=90, max_grid_charge_a=64, soc_limit_a=43, volt_penalty_a=10, voltage_protected_limit_a=33, soc_power_w=2198, is_critical_soc=False
2026-02-28T20:59:00.340393+01:00,  soc=33.0,  volt=51.13,  volt_delta=-1.67, volt_rate_per_min=-1.67, volt_status=NORMAL, batt_w=1484.0,  batt_mode=discharge,  batt_discharge_w=1484.0,  batt_charge_w=0,  load_w=1425.0, zone=unknown,  grid_charge=off, ev_charging_active=off, ev_charge_end=2026-02-23 05:00:02, ev_webhook_count=104, max_discharge_a=60, max_charge_a=90, max_grid_charge_a=64, soc_limit_a=43, volt_penalty_a=10, voltage_protected_limit_a=33, soc_power_w=2198, is_critical_soc=False
2026-02-28T21:00:00.339907+01:00,  soc=32.0,  volt=51.13,  volt_delta=-1.67, volt_rate_per_min=-1.67, volt_status=NORMAL, batt_w=1484.0,  batt_mode=discharge,  batt_discharge_w=1484.0,  batt_charge_w=0,  load_w=1425.0, zone=unknown,  grid_charge=off, ev_charging_active=off, ev_charge_end=2026-02-23 05:00:02, ev_webhook_count=104, max_discharge_a=60, max_charge_a=90, max_grid_charge_a=64, soc_limit_a=41, volt_penalty_a=10, voltage_protected_limit_a=31, soc_power_w=2082, is_critical_soc=False
2026-02-28T21:01:00.340199+01:00,  soc=32.0,  volt=51.13,  volt_delta=-1.67, volt_rate_per_min=-1.67, volt_status=NORMAL, batt_w=1484.0,  batt_mode=discharge,  batt_discharge_w=1484.0,  batt_charge_w=0,  load_w=1425.0, zone=unknown,  grid_charge=off, ev_charging_active=off, ev_charge_end=2026-02-23 05:00:02, ev_webhook_count=104, max_discharge_a=60, max_charge_a=90, max_grid_charge_a=64, soc_limit_a=41, volt_penalty_a=10, voltage_protected_limit_a=31, soc_power_w=2082, is_critical_soc=False
2026-02-28T21:02:00.339838+01:00,  soc=32.0,  volt=51.13,  volt_delta=-1.67, volt_rate_per_min=-1.67, volt_status=NORMAL, batt_w=1484.0,  batt_mode=discharge,  batt_discharge_w=1484.0,  batt_charge_w=0,  load_w=1425.0, zone=unknown,  grid_charge=off, ev_charging_active=off, ev_charge_end=2026-02-23 05:00:02, ev_webhook_count=104, max_discharge_a=60, max_charge_a=90, max_grid_charge_a=64, soc_limit_a=41, volt_penalty_a=10, voltage_protected_limit_a=31, soc_power_w=2082, is_critical_soc=False
2026-02-28T21:03:00.339900+01:00,  soc=32.0,  volt=51.13,  volt_delta=-1.67, volt_rate_per_min=-1.67, volt_status=NORMAL, batt_w=1484.0,  batt_mode=discharge,  batt_discharge_w=1484.0,  batt_charge_w=0,  load_w=1425.0, zone=unknown,  grid_charge=off, ev_charging_active=off, ev_charge_end=2026-02-23 05:00:02, ev_webhook_count=104, max_discharge_a=60, max_charge_a=90, max_grid_charge_a=64, soc_limit_a=41, volt_penalty_a=10, voltage_protected_limit_a=31, soc_power_w=2082, is_critical_soc=False
2026-02-28T21:04:00.340636+01:00,  soc=31.0,  volt=51.03,  volt_delta=-1.77, volt_rate_per_min=-1.77, volt_status=NORMAL, batt_w=1484.0,  batt_mode=discharge,  batt_discharge_w=1484.0,  batt_charge_w=0,  load_w=1370.0, zone=unknown,  grid_charge=off, ev_charging_active=off, ev_charge_end=2026-02-23 05:00:02, ev_webhook_count=104, max_discharge_a=60, max_charge_a=90, max_grid_charge_a=64, soc_limit_a=39, volt_penalty_a=10, voltage_protected_limit_a=29, soc_power_w=1972, is_critical_soc=False
2026-02-28T21:05:00.340270+01:00,  soc=31.0,  volt=51.03,  volt_delta=-1.77, volt_rate_per_min=-1.77, volt_status=NORMAL, batt_w=1456.0,  batt_mode=discharge,  batt_discharge_w=1456.0,  batt_charge_w=0,  load_w=1370.0, zone=unknown,  grid_charge=off, ev_charging_active=off, ev_charge_end=2026-02-23 05:00:02, ev_webhook_count=104, max_discharge_a=60, max_charge_a=90, max_grid_charge_a=64, soc_limit_a=39, volt_penalty_a=10, voltage_protected_limit_a=29, soc_power_w=1972, is_critical_soc=False
2026-02-28T21:06:00.340247+01:00,  soc=31.0,  volt=51.03,  volt_delta=-1.77, volt_rate_per_min=-1.77, volt_status=NORMAL, batt_w=1456.0,  batt_mode=discharge,  batt_discharge_w=1456.0,  batt_charge_w=0,  load_w=1370.0, zone=unknown,  grid_charge=off, ev_charging_active=off, ev_charge_end=2026-02-23 05:00:02, ev_webhook_count=104, max_discharge_a=60, max_charge_a=90, max_grid_charge_a=64, soc_limit_a=39, volt_penalty_a=10, voltage_protected_limit_a=29, soc_power_w=1972, is_critical_soc=False
2026-02-28T21:07:00.339848+01:00,  soc=31.0,  volt=51.03,  volt_delta=-1.77, volt_rate_per_min=-1.77, volt_status=NORMAL, batt_w=1456.0,  batt_mode=discharge,  batt_discharge_w=1456.0,  batt_charge_w=0,  load_w=1370.0, zone=unknown,  grid_charge=off, ev_charging_active=off, ev_charge_end=2026-02-23 05:00:02, ev_webhook_count=104, max_discharge_a=60, max_charge_a=90, max_grid_charge_a=64, soc_limit_a=39, volt_penalty_a=10, voltage_protected_limit_a=29, soc_power_w=1972, is_critical_soc=False
2026-02-28T21:08:00.340628+01:00,  soc=30.0,  volt=51.03,  volt_delta=-1.77, volt_rate_per_min=-1.77, volt_status=NORMAL, batt_w=1456.0,  batt_mode=discharge,  batt_discharge_w=1456.0,  batt_charge_w=0,  load_w=1370.0, zone=unknown,  grid_charge=off, ev_charging_active=off, ev_charge_end=2026-02-23 05:00:02, ev_webhook_count=104, max_discharge_a=60, max_charge_a=90, max_grid_charge_a=64, soc_limit_a=37, volt_penalty_a=10, voltage_protected_limit_a=27, soc_power_w=1867, is_critical_soc=False
2026-02-28T21:09:00.341117+01:00,  soc=30.0,  volt=51.03,  volt_delta=-1.77, volt_rate_per_min=-1.77, volt_status=NORMAL, batt_w=1456.0,  batt_mode=discharge,  batt_discharge_w=1456.0,  batt_charge_w=0,  load_w=1378.0, zone=unknown,  grid_charge=off, ev_charging_active=off, ev_charge_end=2026-02-23 05:00:02, ev_webhook_count=104, max_discharge_a=60, max_charge_a=90, max_grid_charge_a=64, soc_limit_a=37, volt_penalty_a=10, voltage_protected_limit_a=27, soc_power_w=1867, is_critical_soc=False
2026-02-28T21:10:00.340119+01:00,  soc=30.0,  volt=51.03,  volt_delta=-1.77, volt_rate_per_min=-1.77, volt_status=NORMAL, batt_w=1456.0,  batt_mode=discharge,  batt_discharge_w=1456.0,  batt_charge_w=0,  load_w=1378.0, zone=unknown,  grid_charge=off, ev_charging_active=off, ev_charge_end=2026-02-23 05:00:02, ev_webhook_count=104, max_discharge_a=60, max_charge_a=90, max_grid_charge_a=64, soc_limit_a=37, volt_penalty_a=10, voltage_protected_limit_a=27, soc_power_w=1867, is_critical_soc=False
2026-02-28T21:11:00.340501+01:00,  soc=30.0,  volt=51.03,  volt_delta=-1.77, volt_rate_per_min=-1.77, volt_status=NORMAL, batt_w=1456.0,  batt_mode=discharge,  batt_discharge_w=1456.0,  batt_charge_w=0,  load_w=1378.0, zone=unknown,  grid_charge=off, ev_charging_active=off, ev_charge_end=2026-02-23 05:00:02, ev_webhook_count=104, max_discharge_a=60, max_charge_a=90, max_grid_charge_a=64, soc_limit_a=37, volt_penalty_a=10, voltage_protected_limit_a=27, soc_power_w=1867, is_critical_soc=False
2026-02-28T21:12:00.340370+01:00,  soc=29.0,  volt=51.03,  volt_delta=-1.77, volt_rate_per_min=-1.77, volt_status=NORMAL, batt_w=1456.0,  batt_mode=discharge,  batt_discharge_w=1456.0,  batt_charge_w=0,  load_w=1378.0, zone=unknown,  grid_charge=off, ev_charging_active=off, ev_charge_end=2026-02-23 05:00:02, ev_webhook_count=104, max_discharge_a=60, max_charge_a=90, max_grid_charge_a=64, soc_limit_a=35, volt_penalty_a=10, voltage_protected_limit_a=25, soc_power_w=1767, is_critical_soc=False
2026-02-28T21:13:00.339971+01:00,  soc=29.0,  volt=50.93,  volt_delta=-1.87, volt_rate_per_min=-1.87, volt_status=NORMAL, batt_w=1456.0,  batt_mode=discharge,  batt_discharge_w=1456.0,  batt_charge_w=0,  load_w=1378.0, zone=unknown,  grid_charge=off, ev_charging_active=off, ev_charge_end=2026-02-23 05:00:02, ev_webhook_count=104, max_discharge_a=60, max_charge_a=90, max_grid_charge_a=64, soc_limit_a=35, volt_penalty_a=10, voltage_protected_limit_a=25, soc_power_w=1767, is_critical_soc=False
2026-02-28T21:14:00.339994+01:00,  soc=29.0,  volt=50.93,  volt_delta=-1.87, volt_rate_per_min=-1.87, volt_status=NORMAL, batt_w=1456.0,  batt_mode=discharge,  batt_discharge_w=1456.0,  batt_charge_w=0,  load_w=1378.0, zone=unknown,  grid_charge=off, ev_charging_active=off, ev_charge_end=2026-02-23 05:00:02, ev_webhook_count=104, max_discharge_a=60, max_charge_a=90, max_grid_charge_a=64, soc_limit_a=35, volt_penalty_a=10, voltage_protected_limit_a=25, soc_power_w=1767, is_critical_soc=False
2026-02-28T21:15:00.340379+01:00,  soc=29.0,  volt=50.89,  volt_delta=-1.91, volt_rate_per_min=-1.91, volt_status=NORMAL, batt_w=1446.0,  batt_mode=discharge,  batt_discharge_w=1446.0,  batt_charge_w=0,  load_w=1374.0, zone=unknown,  grid_charge=off, ev_charging_active=off, ev_charge_end=2026-02-23 05:00:02, ev_webhook_count=104, max_discharge_a=60, max_charge_a=90, max_grid_charge_a=64, soc_limit_a=35, volt_penalty_a=10, voltage_protected_limit_a=25, soc_power_w=1767, is_critical_soc=False
2026-02-28T21:16:00.340023+01:00,  soc=28.0,  volt=50.89,  volt_delta=-1.91, volt_rate_per_min=-1.91, volt_status=NORMAL, batt_w=1446.0,  batt_mode=discharge,  batt_discharge_w=1446.0,  batt_charge_w=0,  load_w=1374.0, zone=unknown,  grid_charge=off, ev_charging_active=off, ev_charge_end=2026-02-23 05:00:02, ev_webhook_count=104, max_discharge_a=60, max_charge_a=90, max_grid_charge_a=64, soc_limit_a=33, volt_penalty_a=10, voltage_protected_limit_a=23, soc_power_w=1672, is_critical_soc=False
2026-02-28T21:17:00.340407+01:00,  soc=28.0,  volt=50.89,  volt_delta=-1.91, volt_rate_per_min=-1.91, volt_status=NORMAL, batt_w=1446.0,  batt_mode=discharge,  batt_discharge_w=1446.0,  batt_charge_w=0,  load_w=1374.0, zone=unknown,  grid_charge=off, ev_charging_active=off, ev_charge_end=2026-02-23 05:00:02, ev_webhook_count=104, max_discharge_a=60, max_charge_a=90, max_grid_charge_a=64, soc_limit_a=33, volt_penalty_a=10, voltage_protected_limit_a=23, soc_power_w=1672, is_critical_soc=False
2026-02-28T21:18:00.340820+01:00,  soc=28.0,  volt=50.83,  volt_delta=-1.97, volt_rate_per_min=-1.97, volt_status=NORMAL, batt_w=1446.0,  batt_mode=discharge,  batt_discharge_w=1446.0,  batt_charge_w=0,  load_w=1374.0, zone=unknown,  grid_charge=off, ev_charging_active=off, ev_charge_end=2026-02-23 05:00:02, ev_webhook_count=104, max_discharge_a=60, max_charge_a=90, max_grid_charge_a=64, soc_limit_a=33, volt_penalty_a=10, voltage_protected_limit_a=23, soc_power_w=1672, is_critical_soc=False
2026-02-28T21:19:00.339766+01:00,  soc=28.0,  volt=50.83,  volt_delta=-1.97, volt_rate_per_min=-1.97, volt_status=NORMAL, batt_w=1446.0,  batt_mode=discharge,  batt_discharge_w=1446.0,  batt_charge_w=0,  load_w=1374.0, zone=unknown,  grid_charge=off, ev_charging_active=off, ev_charge_end=2026-02-23 05:00:02, ev_webhook_count=104, max_discharge_a=60, max_charge_a=90, max_grid_charge_a=64, soc_limit_a=33, volt_penalty_a=10, voltage_protected_limit_a=23, soc_power_w=1672, is_critical_soc=False
2026-02-28T21:20:00.340777+01:00,  soc=27.0,  volt=50.83,  volt_delta=-1.97, volt_rate_per_min=-1.97, volt_status=NORMAL, batt_w=1446.0,  batt_mode=discharge,  batt_discharge_w=1446.0,  batt_charge_w=0,  load_w=1375.0, zone=unknown,  grid_charge=off, ev_charging_active=off, ev_charge_end=2026-02-23 05:00:02, ev_webhook_count=104, max_discharge_a=60, max_charge_a=90, max_grid_charge_a=64, soc_limit_a=31, volt_penalty_a=10, voltage_protected_limit_a=21, soc_power_w=1582, is_critical_soc=False
2026-02-28T21:21:00.340590+01:00,  soc=27.0,  volt=50.83,  volt_delta=-1.97, volt_rate_per_min=-1.97, volt_status=NORMAL, batt_w=1446.0,  batt_mode=discharge,  batt_discharge_w=1446.0,  batt_charge_w=0,  load_w=1375.0, zone=unknown,  grid_charge=off, ev_charging_active=off, ev_charge_end=2026-02-23 05:00:02, ev_webhook_count=104, max_discharge_a=60, max_charge_a=90, max_grid_charge_a=64, soc_limit_a=31, volt_penalty_a=10, voltage_protected_limit_a=21, soc_power_w=1582, is_critical_soc=False
2026-02-28T21:22:00.340427+01:00,  soc=27.0,  volt=50.73,  volt_delta=-2.07, volt_rate_per_min=-2.07, volt_status=NORMAL, batt_w=1446.0,  batt_mode=discharge,  batt_discharge_w=1446.0,  batt_charge_w=0,  load_w=1375.0, zone=unknown,  grid_charge=off, ev_charging_active=off, ev_charge_end=2026-02-23 05:00:02, ev_webhook_count=104, max_discharge_a=60, max_charge_a=90, max_grid_charge_a=64, soc_limit_a=31, volt_penalty_a=10, voltage_protected_limit_a=21, soc_power_w=1582, is_critical_soc=False
2026-02-28T21:23:00.340505+01:00,  soc=27.0,  volt=50.73,  volt_delta=-2.07, volt_rate_per_min=-2.07, volt_status=NORMAL, batt_w=1446.0,  batt_mode=discharge,  batt_discharge_w=1446.0,  batt_charge_w=0,  load_w=1375.0, zone=unknown,  grid_charge=off, ev_charging_active=off, ev_charge_end=2026-02-23 05:00:02, ev_webhook_count=104, max_discharge_a=60, max_charge_a=90, max_grid_charge_a=64, soc_limit_a=31, volt_penalty_a=10, voltage_protected_limit_a=21, soc_power_w=1582, is_critical_soc=False
2026-02-28T21:24:00.340699+01:00,  soc=26.0,  volt=50.73,  volt_delta=-2.07, volt_rate_per_min=-2.07, volt_status=NORMAL, batt_w=1446.0,  batt_mode=discharge,  batt_discharge_w=1446.0,  batt_charge_w=0,  load_w=1375.0, zone=unknown,  grid_charge=off, ev_charging_active=off, ev_charge_end=2026-02-23 05:00:02, ev_webhook_count=104, max_discharge_a=60, max_charge_a=90, max_grid_charge_a=64, soc_limit_a=30, volt_penalty_a=10, voltage_protected_limit_a=20, soc_power_w=1497, is_critical_soc=False
2026-02-28T21:25:00.340349+01:00,  soc=26.0,  volt=50.63,  volt_delta=-2.17, volt_rate_per_min=-2.17, volt_status=NORMAL, batt_w=1444.0,  batt_mode=discharge,  batt_discharge_w=1444.0,  batt_charge_w=0,  load_w=1370.0, zone=unknown,  grid_charge=off, ev_charging_active=off, ev_charge_end=2026-02-23 05:00:02, ev_webhook_count=104, max_discharge_a=60, max_charge_a=90, max_grid_charge_a=64, soc_limit_a=30, volt_penalty_a=10, voltage_protected_limit_a=20, soc_power_w=1497, is_critical_soc=False
2026-02-28T21:26:00.340561+01:00,  soc=26.0,  volt=50.63,  volt_delta=-2.17, volt_rate_per_min=-2.17, volt_status=NORMAL, batt_w=1444.0,  batt_mode=discharge,  batt_discharge_w=1444.0,  batt_charge_w=0,  load_w=1370.0, zone=unknown,  grid_charge=off, ev_charging_active=off, ev_charge_end=2026-02-23 05:00:02, ev_webhook_count=104, max_discharge_a=60, max_charge_a=90, max_grid_charge_a=64, soc_limit_a=30, volt_penalty_a=10, voltage_protected_limit_a=20, soc_power_w=1497, is_critical_soc=False
2026-02-28T21:27:00.340407+01:00,  soc=25.0,  volt=50.63,  volt_delta=-2.17, volt_rate_per_min=-2.17, volt_status=NORMAL, batt_w=1444.0,  batt_mode=discharge,  batt_discharge_w=1444.0,  batt_charge_w=0,  load_w=1370.0, zone=unknown,  grid_charge=off, ev_charging_active=off, ev_charge_end=2026-02-23 05:00:02, ev_webhook_count=104, max_discharge_a=60, max_charge_a=90, max_grid_charge_a=64, soc_limit_a=28, volt_penalty_a=10, voltage_protected_limit_a=18, soc_power_w=1418, is_critical_soc=False
2026-02-28T21:28:00.340629+01:00,  soc=25.0,  volt=50.53,  volt_delta=-2.27, volt_rate_per_min=-2.27, volt_status=NORMAL, batt_w=1444.0,  batt_mode=discharge,  batt_discharge_w=1444.0,  batt_charge_w=0,  load_w=1370.0, zone=unknown,  grid_charge=off, ev_charging_active=off, ev_charge_end=2026-02-23 05:00:02, ev_webhook_count=104, max_discharge_a=60, max_charge_a=90, max_grid_charge_a=64, soc_limit_a=28, volt_penalty_a=10, voltage_protected_limit_a=18, soc_power_w=1418, is_critical_soc=False
2026-02-28T21:29:00.340154+01:00,  soc=25.0,  volt=50.53,  volt_delta=-2.27, volt_rate_per_min=-2.27, volt_status=NORMAL, batt_w=1444.0,  batt_mode=discharge,  batt_discharge_w=1444.0,  batt_charge_w=0,  load_w=1370.0, zone=unknown,  grid_charge=off, ev_charging_active=off, ev_charge_end=2026-02-23 05:00:02, ev_webhook_count=104, max_discharge_a=60, max_charge_a=90, max_grid_charge_a=64, soc_limit_a=28, volt_penalty_a=10, voltage_protected_limit_a=18, soc_power_w=1418, is_critical_soc=False
2026-02-28T21:30:00.340277+01:00,  soc=25.0,  volt=50.53,  volt_delta=-2.27, volt_rate_per_min=-2.27, volt_status=NORMAL, batt_w=1444.0,  batt_mode=discharge,  batt_discharge_w=1444.0,  batt_charge_w=0,  load_w=1370.0, zone=unknown,  grid_charge=off, ev_charging_active=off, ev_charge_end=2026-02-23 05:00:02, ev_webhook_count=104, max_discharge_a=60, max_charge_a=90, max_grid_charge_a=64, soc_limit_a=28, volt_penalty_a=10, voltage_protected_limit_a=18, soc_power_w=1418, is_critical_soc=False
2026-02-28T21:31:00.340012+01:00,  soc=24.0,  volt=50.53,  volt_delta=-2.27, volt_rate_per_min=-2.27, volt_status=NORMAL, batt_w=1444.0,  batt_mode=discharge,  batt_discharge_w=1444.0,  batt_charge_w=0,  load_w=1394.0, zone=unknown,  grid_charge=off, ev_charging_active=off, ev_charge_end=2026-02-23 05:00:02, ev_webhook_count=104, max_discharge_a=57, max_charge_a=90, max_grid_charge_a=64, soc_limit_a=27, volt_penalty_a=10, voltage_protected_limit_a=17, soc_power_w=1343, is_critical_soc=False
2026-02-28T21:32:00.340731+01:00,  soc=24.0,  volt=50.43,  volt_delta=-2.37, volt_rate_per_min=-2.37, volt_status=NORMAL, batt_w=1444.0,  batt_mode=discharge,  batt_discharge_w=1444.0,  batt_charge_w=0,  load_w=1394.0, zone=unknown,  grid_charge=off, ev_charging_active=off, ev_charge_end=2026-02-23 05:00:02, ev_webhook_count=104, max_discharge_a=57, max_charge_a=90, max_grid_charge_a=64, soc_limit_a=27, volt_penalty_a=10, voltage_protected_limit_a=17, soc_power_w=1343, is_critical_soc=False
2026-02-28T21:33:00.340246+01:00,  soc=24.0,  volt=50.31,  volt_delta=-2.49, volt_rate_per_min=-2.49, volt_status=NORMAL, batt_w=1616.0,  batt_mode=discharge,  batt_discharge_w=1616.0,  batt_charge_w=0,  load_w=1626.0, zone=unknown,  grid_charge=off, ev_charging_active=off, ev_charge_end=2026-02-23 05:00:02, ev_webhook_count=104, max_discharge_a=57, max_charge_a=90, max_grid_charge_a=64, soc_limit_a=27, volt_penalty_a=10, voltage_protected_limit_a=17, soc_power_w=1343, is_critical_soc=False
2026-02-28T21:34:00.340643+01:00,  soc=24.0,  volt=50.31,  volt_delta=-2.49, volt_rate_per_min=-2.49, volt_status=NORMAL, batt_w=1496.0,  batt_mode=discharge,  batt_discharge_w=1496.0,  batt_charge_w=0,  load_w=1431.0, zone=unknown,  grid_charge=off, ev_charging_active=off, ev_charge_end=2026-02-23 05:00:02, ev_webhook_count=104, max_discharge_a=57, max_charge_a=90, max_grid_charge_a=64, soc_limit_a=27, volt_penalty_a=10, voltage_protected_limit_a=17, soc_power_w=1343, is_critical_soc=False
2026-02-28T21:35:00.342070+01:00,  soc=23.0,  volt=50.37,  volt_delta=-2.43, volt_rate_per_min=-2.43, volt_status=NORMAL, batt_w=1494.0,  batt_mode=discharge,  batt_discharge_w=1494.0,  batt_charge_w=0,  load_w=1431.0, zone=unknown,  grid_charge=off, ev_charging_active=off, ev_charge_end=2026-02-23 05:00:02, ev_webhook_count=104, max_discharge_a=53, max_charge_a=90, max_grid_charge_a=64, soc_limit_a=25, volt_penalty_a=10, voltage_protected_limit_a=15, soc_power_w=1274, is_critical_soc=False
2026-02-28T21:36:00.340654+01:00,  soc=23.0,  volt=50.37,  volt_delta=-2.43, volt_rate_per_min=-2.43, volt_status=NORMAL, batt_w=1494.0,  batt_mode=discharge,  batt_discharge_w=1494.0,  batt_charge_w=0,  load_w=1429.0, zone=unknown,  grid_charge=off, ev_charging_active=off, ev_charge_end=2026-02-23 05:00:02, ev_webhook_count=104, max_discharge_a=53, max_charge_a=90, max_grid_charge_a=64, soc_limit_a=25, volt_penalty_a=10, voltage_protected_limit_a=15, soc_power_w=1274, is_critical_soc=False
2026-02-28T21:37:00.340672+01:00,  soc=23.0,  volt=50.37,  volt_delta=-2.43, volt_rate_per_min=-2.43, volt_status=NORMAL, batt_w=1494.0,  batt_mode=discharge,  batt_discharge_w=1494.0,  batt_charge_w=0,  load_w=1429.0, zone=unknown,  grid_charge=off, ev_charging_active=off, ev_charge_end=2026-02-23 05:00:02, ev_webhook_count=104, max_discharge_a=53, max_charge_a=90, max_grid_charge_a=64, soc_limit_a=25, volt_penalty_a=10, voltage_protected_limit_a=15, soc_power_w=1274, is_critical_soc=False
2026-02-28T21:38:00.340236+01:00,  soc=23.0,  volt=50.37,  volt_delta=-2.43, volt_rate_per_min=-2.43, volt_status=NORMAL, batt_w=1494.0,  batt_mode=discharge,  batt_discharge_w=1494.0,  batt_charge_w=0,  load_w=1429.0, zone=unknown,  grid_charge=off, ev_charging_active=off, ev_charge_end=2026-02-23 05:00:02, ev_webhook_count=104, max_discharge_a=53, max_charge_a=90, max_grid_charge_a=64, soc_limit_a=25, volt_penalty_a=10, voltage_protected_limit_a=15, soc_power_w=1274, is_critical_soc=False
2026-02-28T21:39:00.340545+01:00,  soc=22.0,  volt=50.37,  volt_delta=-2.43, volt_rate_per_min=-2.43, volt_status=NORMAL, batt_w=1494.0,  batt_mode=discharge,  batt_discharge_w=1494.0,  batt_charge_w=0,  load_w=1429.0, zone=unknown,  grid_charge=off, ev_charging_active=off, ev_charge_end=2026-02-23 05:00:02, ev_webhook_count=104, max_discharge_a=50, max_charge_a=90, max_grid_charge_a=64, soc_limit_a=24, volt_penalty_a=10, voltage_protected_limit_a=15, soc_power_w=1210, is_critical_soc=False
2026-02-28T21:40:00.341682+01:00,  soc=22.0,  volt=50.37,  volt_delta=-2.43, volt_rate_per_min=-2.43, volt_status=NORMAL, batt_w=1494.0,  batt_mode=discharge,  batt_discharge_w=1494.0,  batt_charge_w=0,  load_w=1429.0, zone=unknown,  grid_charge=off, ev_charging_active=off, ev_charge_end=2026-02-23 05:00:02, ev_webhook_count=104, max_discharge_a=50, max_charge_a=90, max_grid_charge_a=64, soc_limit_a=24, volt_penalty_a=10, voltage_protected_limit_a=15, soc_power_w=1210, is_critical_soc=False
2026-02-28T21:41:00.340085+01:00,  soc=22.0,  volt=50.3,  volt_delta=-2.5, volt_rate_per_min=-2.5, volt_status=NORMAL, batt_w=1444.0,  batt_mode=discharge,  batt_discharge_w=1444.0,  batt_charge_w=0,  load_w=1370.0, zone=unknown,  grid_charge=off, ev_charging_active=off, ev_charge_end=2026-02-23 05:00:02, ev_webhook_count=104, max_discharge_a=50, max_charge_a=90, max_grid_charge_a=64, soc_limit_a=24, volt_penalty_a=10, voltage_protected_limit_a=15, soc_power_w=1210, is_critical_soc=False
2026-02-28T21:42:00.340666+01:00,  soc=21.0,  volt=50.3,  volt_delta=-2.5, volt_rate_per_min=-2.5, volt_status=NORMAL, batt_w=1444.0,  batt_mode=discharge,  batt_discharge_w=1444.0,  batt_charge_w=0,  load_w=1370.0, zone=unknown,  grid_charge=off, ev_charging_active=off, ev_charge_end=2026-02-23 05:00:02, ev_webhook_count=104, max_discharge_a=42, max_charge_a=90, max_grid_charge_a=64, soc_limit_a=23, volt_penalty_a=10, voltage_protected_limit_a=15, soc_power_w=1151, is_critical_soc=False
2026-02-28T21:43:00.340139+01:00,  soc=21.0,  volt=50.3,  volt_delta=-2.5, volt_rate_per_min=-2.5, volt_status=NORMAL, batt_w=1444.0,  batt_mode=discharge,  batt_discharge_w=1444.0,  batt_charge_w=0,  load_w=1370.0, zone=unknown,  grid_charge=off, ev_charging_active=off, ev_charge_end=2026-02-23 05:00:02, ev_webhook_count=104, max_discharge_a=42, max_charge_a=90, max_grid_charge_a=64, soc_limit_a=23, volt_penalty_a=10, voltage_protected_limit_a=15, soc_power_w=1151, is_critical_soc=False
2026-02-28T21:44:00.340388+01:00,  soc=21.0,  volt=50.3,  volt_delta=-2.5, volt_rate_per_min=-2.5, volt_status=NORMAL, batt_w=1444.0,  batt_mode=discharge,  batt_discharge_w=1444.0,  batt_charge_w=0,  load_w=1370.0, zone=unknown,  grid_charge=off, ev_charging_active=off, ev_charge_end=2026-02-23 05:00:02, ev_webhook_count=104, max_discharge_a=42, max_charge_a=90, max_grid_charge_a=64, soc_limit_a=23, volt_penalty_a=10, voltage_protected_limit_a=15, soc_power_w=1151, is_critical_soc=False
2026-02-28T21:45:00.340608+01:00,  soc=21.0,  volt=50.29,  volt_delta=-2.51, volt_rate_per_min=-2.51, volt_status=NORMAL, batt_w=1452.0,  batt_mode=discharge,  batt_discharge_w=1452.0,  batt_charge_w=0,  load_w=1370.0, zone=unknown,  grid_charge=off, ev_charging_active=off, ev_charge_end=2026-02-23 05:00:02, ev_webhook_count=104, max_discharge_a=42, max_charge_a=90, max_grid_charge_a=64, soc_limit_a=23, volt_penalty_a=10, voltage_protected_limit_a=15, soc_power_w=1151, is_critical_soc=False
2026-02-28T21:46:00.340263+01:00,  soc=20.0,  volt=50.29,  volt_delta=-2.51, volt_rate_per_min=-2.51, volt_status=NORMAL, batt_w=1452.0,  batt_mode=discharge,  batt_discharge_w=1452.0,  batt_charge_w=0,  load_w=1370.0, zone=unknown,  grid_charge=off, ev_charging_active=off, ev_charge_end=2026-02-23 05:00:02, ev_webhook_count=104, max_discharge_a=35, max_charge_a=90, max_grid_charge_a=64, soc_limit_a=22, volt_penalty_a=10, voltage_protected_limit_a=15, soc_power_w=1097, is_critical_soc=False
2026-02-28T21:47:00.340231+01:00,  soc=20.0,  volt=50.81,  volt_delta=-1.99, volt_rate_per_min=-1.99, volt_status=NORMAL, batt_w=15.0,  batt_mode=idle,  batt_discharge_w=15.0,  batt_charge_w=0,  load_w=1393.0, zone=unknown,  grid_charge=off, ev_charging_active=off, ev_charge_end=2026-02-23 05:00:02, ev_webhook_count=104, max_discharge_a=35, max_charge_a=90, max_grid_charge_a=64, soc_limit_a=22, volt_penalty_a=10, voltage_protected_limit_a=15, soc_power_w=1097, is_critical_soc=False
2026-02-28T21:48:00.340097+01:00,  soc=20.0,  volt=50.93,  volt_delta=-1.87, volt_rate_per_min=-1.87, volt_status=NORMAL, batt_w=15.0,  batt_mode=idle,  batt_discharge_w=15.0,  batt_charge_w=0,  load_w=1393.0, zone=unknown,  grid_charge=off, ev_charging_active=off, ev_charge_end=2026-02-23 05:00:02, ev_webhook_count=104, max_discharge_a=35, max_charge_a=90, max_grid_charge_a=64, soc_limit_a=22, volt_penalty_a=10, voltage_protected_limit_a=15, soc_power_w=1097, is_critical_soc=False
2026-02-28T21:49:00.340276+01:00,  soc=20.0,  volt=50.93,  volt_delta=-1.87, volt_rate_per_min=-1.87, volt_status=NORMAL, batt_w=15.0,  batt_mode=idle,  batt_discharge_w=15.0,  batt_charge_w=0,  load_w=1393.0, zone=unknown,  grid_charge=off, ev_charging_active=off, ev_charge_end=2026-02-23 05:00:02, ev_webhook_count=104, max_discharge_a=35, max_charge_a=90, max_grid_charge_a=64, soc_limit_a=22, volt_penalty_a=10, voltage_protected_limit_a=15, soc_power_w=1097, is_critical_soc=False
2026-02-28T21:50:00.341309+01:00,  soc=20.0,  volt=50.93,  volt_delta=-1.87, volt_rate_per_min=-1.87, volt_status=NORMAL, batt_w=15.0,  batt_mode=idle,  batt_discharge_w=15.0,  batt_charge_w=0,  load_w=1393.0, zone=unknown,  grid_charge=off, ev_charging_active=off, ev_charge_end=2026-02-23 05:00:02, ev_webhook_count=104, max_discharge_a=35, max_charge_a=90, max_grid_charge_a=64, soc_limit_a=22, volt_penalty_a=10, voltage_protected_limit_a=15, soc_power_w=1097, is_critical_soc=False
2026-02-28T21:51:00.340405+01:00,  soc=20.0,  volt=50.93,  volt_delta=-1.87, volt_rate_per_min=-1.87, volt_status=NORMAL, batt_w=15.0,  batt_mode=idle,  batt_discharge_w=15.0,  batt_charge_w=0,  load_w=1393.0, zone=unknown,  grid_charge=off, ev_charging_active=off, ev_charge_end=2026-02-23 05:00:02, ev_webhook_count=104, max_discharge_a=35, max_charge_a=90, max_grid_charge_a=64, soc_limit_a=22, volt_penalty_a=10, voltage_protected_limit_a=15, soc_power_w=1097, is_critical_soc=False
2026-02-28T21:52:00.340098+01:00,  soc=20.0,  volt=50.93,  volt_delta=-1.87, volt_rate_per_min=-1.87, volt_status=NORMAL, batt_w=15.0,  batt_mode=idle,  batt_discharge_w=15.0,  batt_charge_w=0,  load_w=1403.0, zone=unknown,  grid_charge=off, ev_charging_active=off, ev_charge_end=2026-02-23 05:00:02, ev_webhook_count=104, max_discharge_a=35, max_charge_a=90, max_grid_charge_a=64, soc_limit_a=22, volt_penalty_a=10, voltage_protected_limit_a=15, soc_power_w=1097, is_critical_soc=False
2026-02-28T21:53:00.341002+01:00,  soc=20.0,  volt=51.03,  volt_delta=-1.77, volt_rate_per_min=-1.77, volt_status=NORMAL, batt_w=15.0,  batt_mode=idle,  batt_discharge_w=15.0,  batt_charge_w=0,  load_w=1403.0, zone=unknown,  grid_charge=off, ev_charging_active=off, ev_charge_end=2026-02-23 05:00:02, ev_webhook_count=104, max_discharge_a=35, max_charge_a=90, max_grid_charge_a=64, soc_limit_a=21, volt_penalty_a=10, voltage_protected_limit_a=15, soc_power_w=1097, is_critical_soc=False
2026-02-28T21:54:00.340047+01:00,  soc=20.0,  volt=51.03,  volt_delta=-1.77, volt_rate_per_min=-1.77, volt_status=NORMAL, batt_w=15.0,  batt_mode=idle,  batt_discharge_w=15.0,  batt_charge_w=0,  load_w=1403.0, zone=unknown,  grid_charge=off, ev_charging_active=off, ev_charge_end=2026-02-23 05:00:02, ev_webhook_count=104, max_discharge_a=35, max_charge_a=90, max_grid_charge_a=64, soc_limit_a=21, volt_penalty_a=10, voltage_protected_limit_a=15, soc_power_w=1097, is_critical_soc=False
2026-02-28T21:55:00.340212+01:00,  soc=20.0,  volt=51.03,  volt_delta=-1.77, volt_rate_per_min=-1.77, volt_status=NORMAL, batt_w=12.0,  batt_mode=idle,  batt_discharge_w=12.0,  batt_charge_w=0,  load_w=1403.0, zone=unknown,  grid_charge=off, ev_charging_active=off, ev_charge_end=2026-02-23 05:00:02, ev_webhook_count=104, max_discharge_a=35, max_charge_a=90, max_grid_charge_a=64, soc_limit_a=21, volt_penalty_a=10, voltage_protected_limit_a=15, soc_power_w=1097, is_critical_soc=False
2026-02-28T21:56:00.339799+01:00,  soc=20.0,  volt=51.03,  volt_delta=-1.77, volt_rate_per_min=-1.77, volt_status=NORMAL, batt_w=12.0,  batt_mode=idle,  batt_discharge_w=12.0,  batt_charge_w=0,  load_w=1403.0, zone=unknown,  grid_charge=off, ev_charging_active=off, ev_charge_end=2026-02-23 05:00:02, ev_webhook_count=104, max_discharge_a=35, max_charge_a=90, max_grid_charge_a=64, soc_limit_a=21, volt_penalty_a=10, voltage_protected_limit_a=15, soc_power_w=1097, is_critical_soc=False
2026-02-28T21:57:00.340310+01:00,  soc=20.0,  volt=51.03,  volt_delta=-1.77, volt_rate_per_min=-1.77, volt_status=NORMAL, batt_w=12.0,  batt_mode=idle,  batt_discharge_w=12.0,  batt_charge_w=0,  load_w=1388.0, zone=unknown,  grid_charge=off, ev_charging_active=off, ev_charge_end=2026-02-23 05:00:02, ev_webhook_count=104, max_discharge_a=35, max_charge_a=90, max_grid_charge_a=64, soc_limit_a=21, volt_penalty_a=10, voltage_protected_limit_a=15, soc_power_w=1097, is_critical_soc=False
2026-02-28T21:58:00.339889+01:00,  soc=20.0,  volt=51.03,  volt_delta=-1.77, volt_rate_per_min=-1.77, volt_status=NORMAL, batt_w=12.0,  batt_mode=idle,  batt_discharge_w=12.0,  batt_charge_w=0,  load_w=1388.0, zone=unknown,  grid_charge=off, ev_charging_active=off, ev_charge_end=2026-02-23 05:00:02, ev_webhook_count=104, max_discharge_a=35, max_charge_a=90, max_grid_charge_a=64, soc_limit_a=21, volt_penalty_a=10, voltage_protected_limit_a=15, soc_power_w=1097, is_critical_soc=False
2026-02-28T21:59:00.340390+01:00,  soc=20.0,  volt=51.03,  volt_delta=-1.77, volt_rate_per_min=-1.77, volt_status=NORMAL, batt_w=12.0,  batt_mode=idle,  batt_discharge_w=12.0,  batt_charge_w=0,  load_w=1388.0, zone=unknown,  grid_charge=off, ev_charging_active=off, ev_charge_end=2026-02-23 05:00:02, ev_webhook_count=104, max_discharge_a=35, max_charge_a=90, max_grid_charge_a=64, soc_limit_a=21, volt_penalty_a=10, voltage_protected_limit_a=15, soc_power_w=1097, is_critical_soc=False
2026-02-28T22:00:00.340771+01:00,  soc=20.0,  volt=51.03,  volt_delta=-1.77, volt_rate_per_min=-1.77, volt_status=NORMAL, batt_w=12.0,  batt_mode=idle,  batt_discharge_w=12.0,  batt_charge_w=0,  load_w=1388.0, zone=unknown,  grid_charge=off, ev_charging_active=off, ev_charge_end=2026-02-23 05:00:02, ev_webhook_count=104, max_discharge_a=35, max_charge_a=90, max_grid_charge_a=64, soc_limit_a=21, volt_penalty_a=10, voltage_protected_limit_a=15, soc_power_w=1097, is_critical_soc=False
2026-02-28T22:01:00.341465+01:00,  soc=20.0,  volt=50.52,  volt_delta=-2.28, volt_rate_per_min=-2.28, volt_status=NORMAL, batt_w=1446.0,  batt_mode=discharge,  batt_discharge_w=1446.0,  batt_charge_w=0,  load_w=1388.0, zone=unknown,  grid_charge=off, ev_charging_active=off, ev_charge_end=2026-02-23 05:00:02, ev_webhook_count=104, max_discharge_a=35, max_charge_a=90, max_grid_charge_a=64, soc_limit_a=22, volt_penalty_a=10, voltage_protected_limit_a=15, soc_power_w=1097, is_critical_soc=False
2026-02-28T22:02:00.340048+01:00,  soc=20.0,  volt=50.39,  volt_delta=-2.41, volt_rate_per_min=-2.41, volt_status=NORMAL, batt_w=1446.0,  batt_mode=discharge,  batt_discharge_w=1446.0,  batt_charge_w=0,  load_w=1388.0, zone=unknown,  grid_charge=off, ev_charging_active=off, ev_charge_end=2026-02-23 05:00:02, ev_webhook_count=104, max_discharge_a=35, max_charge_a=90, max_grid_charge_a=64, soc_limit_a=22, volt_penalty_a=10, voltage_protected_limit_a=15, soc_power_w=1097, is_critical_soc=False
2026-02-28T22:03:00.340466+01:00,  soc=20.0,  volt=50.39,  volt_delta=-2.41, volt_rate_per_min=-2.41, volt_status=NORMAL, batt_w=1446.0,  batt_mode=discharge,  batt_discharge_w=1446.0,  batt_charge_w=0,  load_w=1379.0, zone=unknown,  grid_charge=off, ev_charging_active=off, ev_charge_end=2026-02-23 05:00:02, ev_webhook_count=104, max_discharge_a=35, max_charge_a=90, max_grid_charge_a=64, soc_limit_a=22, volt_penalty_a=10, voltage_protected_limit_a=15, soc_power_w=1097, is_critical_soc=False
2026-02-28T22:04:00.340577+01:00,  soc=19.0,  volt=50.28,  volt_delta=-2.52, volt_rate_per_min=-2.52, volt_status=NORMAL, batt_w=1446.0,  batt_mode=discharge,  batt_discharge_w=1446.0,  batt_charge_w=0,  load_w=1379.0, zone=unknown,  grid_charge=off, ev_charging_active=off, ev_charge_end=2026-02-23 05:00:02, ev_webhook_count=104, max_discharge_a=30, max_charge_a=90, max_grid_charge_a=64, soc_limit_a=21, volt_penalty_a=10, voltage_protected_limit_a=15, soc_power_w=1048, is_critical_soc=True
2026-02-28T22:05:00.340592+01:00,  soc=19.0,  volt=50.26,  volt_delta=-2.54, volt_rate_per_min=-2.54, volt_status=NORMAL, batt_w=1445.0,  batt_mode=discharge,  batt_discharge_w=1445.0,  batt_charge_w=0,  load_w=1379.0, zone=unknown,  grid_charge=off, ev_charging_active=off, ev_charge_end=2026-02-23 05:00:02, ev_webhook_count=104, max_discharge_a=30, max_charge_a=90, max_grid_charge_a=64, soc_limit_a=21, volt_penalty_a=10, voltage_protected_limit_a=15, soc_power_w=1048, is_critical_soc=True
2026-02-28T22:06:00.340111+01:00,  soc=19.0,  volt=50.26,  volt_delta=-2.54, volt_rate_per_min=-2.54, volt_status=NORMAL, batt_w=1445.0,  batt_mode=discharge,  batt_discharge_w=1445.0,  batt_charge_w=0,  load_w=1379.0, zone=unknown,  grid_charge=off, ev_charging_active=off, ev_charge_end=2026-02-23 05:00:02, ev_webhook_count=104, max_discharge_a=30, max_charge_a=90, max_grid_charge_a=64, soc_limit_a=21, volt_penalty_a=10, voltage_protected_limit_a=15, soc_power_w=1048, is_critical_soc=True
2026-02-28T22:07:00.341155+01:00,  soc=19.0,  volt=50.17,  volt_delta=-2.63, volt_rate_per_min=-2.63, volt_status=NORMAL, batt_w=1445.0,  batt_mode=discharge,  batt_discharge_w=1445.0,  batt_charge_w=0,  load_w=1379.0, zone=unknown,  grid_charge=off, ev_charging_active=off, ev_charge_end=2026-02-23 05:00:02, ev_webhook_count=104, max_discharge_a=30, max_charge_a=90, max_grid_charge_a=64, soc_limit_a=21, volt_penalty_a=10, voltage_protected_limit_a=15, soc_power_w=1048, is_critical_soc=True
2026-02-28T22:08:00.339982+01:00,  soc=18.0,  volt=50.17,  volt_delta=-2.63, volt_rate_per_min=-2.63, volt_status=NORMAL, batt_w=1445.0,  batt_mode=discharge,  batt_discharge_w=1445.0,  batt_charge_w=0,  load_w=1373.0, zone=unknown,  grid_charge=off, ev_charging_active=off, ev_charge_end=2026-02-23 05:00:02, ev_webhook_count=104, max_discharge_a=25, max_charge_a=90, max_grid_charge_a=64, soc_limit_a=20, volt_penalty_a=10, voltage_protected_limit_a=15, soc_power_w=1004, is_critical_soc=True
2026-02-28T22:09:00.339972+01:00,  soc=18.0,  volt=50.17,  volt_delta=-2.63, volt_rate_per_min=-2.63, volt_status=NORMAL, batt_w=1236.0,  batt_mode=discharge,  batt_discharge_w=1236.0,  batt_charge_w=0,  load_w=1373.0, zone=unknown,  grid_charge=off, ev_charging_active=off, ev_charge_end=2026-02-23 05:00:02, ev_webhook_count=104, max_discharge_a=25, max_charge_a=90, max_grid_charge_a=64, soc_limit_a=20, volt_penalty_a=10, voltage_protected_limit_a=15, soc_power_w=1004, is_critical_soc=True
2026-02-28T22:10:00.340756+01:00,  soc=18.0,  volt=50.17,  volt_delta=-2.63, volt_rate_per_min=-2.63, volt_status=NORMAL, batt_w=1236.0,  batt_mode=discharge,  batt_discharge_w=1236.0,  batt_charge_w=0,  load_w=1373.0, zone=unknown,  grid_charge=off, ev_charging_active=off, ev_charge_end=2026-02-23 05:00:02, ev_webhook_count=104, max_discharge_a=25, max_charge_a=90, max_grid_charge_a=64, soc_limit_a=20, volt_penalty_a=10, voltage_protected_limit_a=15, soc_power_w=1004, is_critical_soc=True
2026-02-28T22:11:00.340349+01:00,  soc=18.0,  volt=50.17,  volt_delta=-2.63, volt_rate_per_min=-2.63, volt_status=NORMAL, batt_w=1236.0,  batt_mode=discharge,  batt_discharge_w=1236.0,  batt_charge_w=0,  load_w=1373.0, zone=unknown,  grid_charge=off, ev_charging_active=off, ev_charge_end=2026-02-23 05:00:02, ev_webhook_count=104, max_discharge_a=25, max_charge_a=90, max_grid_charge_a=64, soc_limit_a=20, volt_penalty_a=10, voltage_protected_limit_a=15, soc_power_w=1004, is_critical_soc=True
2026-02-28T22:12:00.340220+01:00,  soc=18.0,  volt=50.17,  volt_delta=-2.63, volt_rate_per_min=-2.63, volt_status=NORMAL, batt_w=1236.0,  batt_mode=discharge,  batt_discharge_w=1236.0,  batt_charge_w=0,  load_w=1451.0, zone=unknown,  grid_charge=off, ev_charging_active=off, ev_charge_end=2026-02-23 05:00:02, ev_webhook_count=104, max_discharge_a=25, max_charge_a=90, max_grid_charge_a=64, soc_limit_a=20, volt_penalty_a=10, voltage_protected_limit_a=15, soc_power_w=1004, is_critical_soc=True
2026-02-28T22:13:00.340052+01:00,  soc=17.0,  volt=50.29,  volt_delta=-2.51, volt_rate_per_min=-2.51, volt_status=NORMAL, batt_w=1006.0,  batt_mode=discharge,  batt_discharge_w=1006.0,  batt_charge_w=0,  load_w=1445.0, zone=unknown,  grid_charge=off, ev_charging_active=off, ev_charge_end=2026-02-23 05:00:02, ev_webhook_count=104, max_discharge_a=20, max_charge_a=90, max_grid_charge_a=64, soc_limit_a=19, volt_penalty_a=10, voltage_protected_limit_a=15, soc_power_w=966, is_critical_soc=True
2026-02-28T22:14:00.339727+01:00,  soc=17.0,  volt=50.29,  volt_delta=-2.51, volt_rate_per_min=-2.51, volt_status=NORMAL, batt_w=1006.0,  batt_mode=discharge,  batt_discharge_w=1006.0,  batt_charge_w=0,  load_w=1445.0, zone=unknown,  grid_charge=off, ev_charging_active=off, ev_charge_end=2026-02-23 05:00:02, ev_webhook_count=104, max_discharge_a=20, max_charge_a=90, max_grid_charge_a=64, soc_limit_a=19, volt_penalty_a=10, voltage_protected_limit_a=15, soc_power_w=966, is_critical_soc=True
2026-02-28T22:15:00.340140+01:00,  soc=17.0,  volt=50.28,  volt_delta=-2.52, volt_rate_per_min=-2.52, volt_status=NORMAL, batt_w=1013.0,  batt_mode=discharge,  batt_discharge_w=1013.0,  batt_charge_w=0,  load_w=1445.0, zone=unknown,  grid_charge=off, ev_charging_active=off, ev_charge_end=2026-02-23 05:00:02, ev_webhook_count=104, max_discharge_a=20, max_charge_a=90, max_grid_charge_a=64, soc_limit_a=19, volt_penalty_a=10, voltage_protected_limit_a=15, soc_power_w=966, is_critical_soc=True
2026-02-28T22:16:00.340782+01:00,  soc=17.0,  volt=50.28,  volt_delta=-2.52, volt_rate_per_min=-2.52, volt_status=NORMAL, batt_w=1013.0,  batt_mode=discharge,  batt_discharge_w=1013.0,  batt_charge_w=0,  load_w=1445.0, zone=unknown,  grid_charge=off, ev_charging_active=off, ev_charge_end=2026-02-23 05:00:02, ev_webhook_count=104, max_discharge_a=20, max_charge_a=90, max_grid_charge_a=64, soc_limit_a=19, volt_penalty_a=10, voltage_protected_limit_a=15, soc_power_w=966, is_critical_soc=True
2026-02-28T22:17:00.339933+01:00,  soc=17.0,  volt=50.28,  volt_delta=-2.52, volt_rate_per_min=-2.52, volt_status=NORMAL, batt_w=1013.0,  batt_mode=discharge,  batt_discharge_w=1013.0,  batt_charge_w=0,  load_w=1445.0, zone=unknown,  grid_charge=off, ev_charging_active=off, ev_charge_end=2026-02-23 05:00:02, ev_webhook_count=104, max_discharge_a=20, max_charge_a=90, max_grid_charge_a=64, soc_limit_a=19, volt_penalty_a=10, voltage_protected_limit_a=15, soc_power_w=966, is_critical_soc=True
2026-02-28T22:18:00.339894+01:00,  soc=16.0,  volt=50.28,  volt_delta=-2.52, volt_rate_per_min=-2.52, volt_status=NORMAL, batt_w=1013.0,  batt_mode=discharge,  batt_discharge_w=1013.0,  batt_charge_w=0,  load_w=1445.0, zone=unknown,  grid_charge=off, ev_charging_active=off, ev_charge_end=2026-02-23 05:00:02, ev_webhook_count=104, max_discharge_a=14, max_charge_a=90, max_grid_charge_a=64, soc_limit_a=19, volt_penalty_a=10, voltage_protected_limit_a=15, soc_power_w=932, is_critical_soc=True
2026-02-28T22:19:00.340293+01:00,  soc=16.0,  volt=50.28,  volt_delta=-2.52, volt_rate_per_min=-2.52, volt_status=NORMAL, batt_w=711.0,  batt_mode=discharge,  batt_discharge_w=711.0,  batt_charge_w=0,  load_w=1433.0, zone=unknown,  grid_charge=off, ev_charging_active=off, ev_charge_end=2026-02-23 05:00:02, ev_webhook_count=104, max_discharge_a=14, max_charge_a=90, max_grid_charge_a=64, soc_limit_a=19, volt_penalty_a=10, voltage_protected_limit_a=15, soc_power_w=932, is_critical_soc=True
2026-02-28T22:20:00.340476+01:00,  soc=16.0,  volt=50.28,  volt_delta=-2.52, volt_rate_per_min=-2.52, volt_status=NORMAL, batt_w=711.0,  batt_mode=discharge,  batt_discharge_w=711.0,  batt_charge_w=0,  load_w=1392.0, zone=unknown,  grid_charge=off, ev_charging_active=off, ev_charge_end=2026-02-23 05:00:02, ev_webhook_count=104, max_discharge_a=14, max_charge_a=90, max_grid_charge_a=64, soc_limit_a=19, volt_penalty_a=10, voltage_protected_limit_a=15, soc_power_w=932, is_critical_soc=True
2026-02-28T22:21:00.340553+01:00,  soc=16.0,  volt=50.28,  volt_delta=-2.52, volt_rate_per_min=-2.52, volt_status=NORMAL, batt_w=711.0,  batt_mode=discharge,  batt_discharge_w=711.0,  batt_charge_w=0,  load_w=1392.0, zone=unknown,  grid_charge=off, ev_charging_active=off, ev_charge_end=2026-02-23 05:00:02, ev_webhook_count=104, max_discharge_a=14, max_charge_a=90, max_grid_charge_a=64, soc_limit_a=19, volt_penalty_a=10, voltage_protected_limit_a=15, soc_power_w=932, is_critical_soc=True
2026-02-28T22:22:00.341519+01:00,  soc=16.0,  volt=50.28,  volt_delta=-2.52, volt_rate_per_min=-2.52, volt_status=NORMAL, batt_w=711.0,  batt_mode=discharge,  batt_discharge_w=711.0,  batt_charge_w=0,  load_w=1392.0, zone=unknown,  grid_charge=off, ev_charging_active=off, ev_charge_end=2026-02-23 05:00:02, ev_webhook_count=104, max_discharge_a=14, max_charge_a=90, max_grid_charge_a=64, soc_limit_a=19, volt_penalty_a=10, voltage_protected_limit_a=15, soc_power_w=932, is_critical_soc=True
2026-02-28T22:23:00.339870+01:00,  soc=16.0,  volt=50.28,  volt_delta=-2.52, volt_rate_per_min=-2.52, volt_status=NORMAL, batt_w=711.0,  batt_mode=discharge,  batt_discharge_w=711.0,  batt_charge_w=0,  load_w=1392.0, zone=unknown,  grid_charge=off, ev_charging_active=off, ev_charge_end=2026-02-23 05:00:02, ev_webhook_count=104, max_discharge_a=14, max_charge_a=90, max_grid_charge_a=64, soc_limit_a=19, volt_penalty_a=10, voltage_protected_limit_a=15, soc_power_w=932, is_critical_soc=True
2026-02-28T22:24:00.340518+01:00,  soc=16.0,  volt=50.19,  volt_delta=-2.61, volt_rate_per_min=-2.61, volt_status=NORMAL, batt_w=711.0,  batt_mode=discharge,  batt_discharge_w=711.0,  batt_charge_w=0,  load_w=1354.0, zone=unknown,  grid_charge=off, ev_charging_active=off, ev_charge_end=2026-02-23 05:00:02, ev_webhook_count=104, max_discharge_a=14, max_charge_a=90, max_grid_charge_a=64, soc_limit_a=19, volt_penalty_a=10, voltage_protected_limit_a=15, soc_power_w=932, is_critical_soc=True
2026-02-28T22:25:00.340796+01:00,  soc=16.0,  volt=50.09,  volt_delta=-2.71, volt_rate_per_min=-2.71, volt_status=NORMAL, batt_w=709.0,  batt_mode=discharge,  batt_discharge_w=709.0,  batt_charge_w=0,  load_w=1354.0, zone=unknown,  grid_charge=off, ev_charging_active=off, ev_charge_end=2026-02-23 05:00:02, ev_webhook_count=104, max_discharge_a=14, max_charge_a=90, max_grid_charge_a=64, soc_limit_a=19, volt_penalty_a=10, voltage_protected_limit_a=15, soc_power_w=932, is_critical_soc=True
2026-02-28T22:26:00.340813+01:00,  soc=15.0,  volt=50.42,  volt_delta=-2.38, volt_rate_per_min=-2.38, volt_status=NORMAL, batt_w=6.0,  batt_mode=idle,  batt_discharge_w=6.0,  batt_charge_w=0,  load_w=1354.0, zone=unknown,  grid_charge=off, ev_charging_active=off, ev_charge_end=2026-02-23 05:00:02, ev_webhook_count=104, max_discharge_a=0, max_charge_a=90, max_grid_charge_a=64, soc_limit_a=18, volt_penalty_a=10, voltage_protected_limit_a=15, soc_power_w=904, is_critical_soc=True
2026-02-28T22:27:00.340060+01:00,  soc=15.0,  volt=50.42,  volt_delta=-2.38, volt_rate_per_min=-2.38, volt_status=NORMAL, batt_w=6.0,  batt_mode=idle,  batt_discharge_w=6.0,  batt_charge_w=0,  load_w=1354.0, zone=unknown,  grid_charge=off, ev_charging_active=off, ev_charge_end=2026-02-23 05:00:02, ev_webhook_count=104, max_discharge_a=0, max_charge_a=90, max_grid_charge_a=64, soc_limit_a=18, volt_penalty_a=10, voltage_protected_limit_a=15, soc_power_w=904, is_critical_soc=True
2026-02-28T22:28:00.340374+01:00,  soc=15.0,  volt=50.52,  volt_delta=-2.28, volt_rate_per_min=-2.28, volt_status=NORMAL, batt_w=6.0,  batt_mode=idle,  batt_discharge_w=6.0,  batt_charge_w=0,  load_w=1354.0, zone=unknown,  grid_charge=off, ev_charging_active=off, ev_charge_end=2026-02-23 05:00:02, ev_webhook_count=104, max_discharge_a=0, max_charge_a=90, max_grid_charge_a=64, soc_limit_a=18, volt_penalty_a=10, voltage_protected_limit_a=15, soc_power_w=904, is_critical_soc=True
2026-02-28T22:29:00.341103+01:00,  soc=15.0,  volt=50.52,  volt_delta=-2.28, volt_rate_per_min=-2.28, volt_status=NORMAL, batt_w=6.0,  batt_mode=idle,  batt_discharge_w=6.0,  batt_charge_w=0,  load_w=1350.0, zone=unknown,  grid_charge=off, ev_charging_active=off, ev_charge_end=2026-02-23 05:00:02, ev_webhook_count=104, max_discharge_a=0, max_charge_a=90, max_grid_charge_a=64, soc_limit_a=18, volt_penalty_a=10, voltage_protected_limit_a=15, soc_power_w=904, is_critical_soc=True
2026-02-28T22:30:00.340178+01:00,  soc=15.0,  volt=50.52,  volt_delta=-2.28, volt_rate_per_min=-2.28, volt_status=NORMAL, batt_w=6.0,  batt_mode=idle,  batt_discharge_w=6.0,  batt_charge_w=0,  load_w=1350.0, zone=unknown,  grid_charge=off, ev_charging_active=off, ev_charge_end=2026-02-23 05:00:02, ev_webhook_count=104, max_discharge_a=0, max_charge_a=90, max_grid_charge_a=64, soc_limit_a=18, volt_penalty_a=10, voltage_protected_limit_a=15, soc_power_w=904, is_critical_soc=True
2026-02-28T22:31:00.339982+01:00,  soc=15.0,  volt=50.52,  volt_delta=-2.28, volt_rate_per_min=-2.28, volt_status=NORMAL, batt_w=-1.0,  batt_mode=idle,  batt_discharge_w=0,  batt_charge_w=1.0,  load_w=1350.0, zone=unknown,  grid_charge=off, ev_charging_active=off, ev_charge_end=2026-02-23 05:00:02, ev_webhook_count=104, max_discharge_a=0, max_charge_a=90, max_grid_charge_a=64, soc_limit_a=18, volt_penalty_a=10, voltage_protected_limit_a=15, soc_power_w=904, is_critical_soc=True
2026-02-28T22:32:00.340284+01:00,  soc=15.0,  volt=50.52,  volt_delta=-2.28, volt_rate_per_min=-2.28, volt_status=NORMAL, batt_w=67.0,  batt_mode=discharge,  batt_discharge_w=67.0,  batt_charge_w=0,  load_w=1320.0, zone=unknown,  grid_charge=off, ev_charging_active=off, ev_charge_end=2026-02-23 05:00:02, ev_webhook_count=104, max_discharge_a=0, max_charge_a=90, max_grid_charge_a=64, soc_limit_a=18, volt_penalty_a=10, voltage_protected_limit_a=15, soc_power_w=904, is_critical_soc=True
2026-02-28T22:33:00.340415+01:00,  soc=15.0,  volt=50.52,  volt_delta=-2.28, volt_rate_per_min=-2.28, volt_status=NORMAL, batt_w=4.0,  batt_mode=idle,  batt_discharge_w=4.0,  batt_charge_w=0,  load_w=1320.0, zone=unknown,  grid_charge=off, ev_charging_active=off, ev_charge_end=2026-02-23 05:00:02, ev_webhook_count=104, max_discharge_a=0, max_charge_a=90, max_grid_charge_a=64, soc_limit_a=18, volt_penalty_a=10, voltage_protected_limit_a=15, soc_power_w=904, is_critical_soc=True
2026-02-28T22:34:00.340717+01:00,  soc=15.0,  volt=50.52,  volt_delta=-2.28, volt_rate_per_min=-2.28, volt_status=NORMAL, batt_w=4.0,  batt_mode=idle,  batt_discharge_w=4.0,  batt_charge_w=0,  load_w=1377.0, zone=unknown,  grid_charge=off, ev_charging_active=off, ev_charge_end=2026-02-23 05:00:02, ev_webhook_count=104, max_discharge_a=0, max_charge_a=90, max_grid_charge_a=64, soc_limit_a=18, volt_penalty_a=10, voltage_protected_limit_a=15, soc_power_w=904, is_critical_soc=True
2026-02-28T22:35:00.341373+01:00,  soc=15.0,  volt=50.57,  volt_delta=-2.23, volt_rate_per_min=-2.23, volt_status=NORMAL, batt_w=2.0,  batt_mode=idle,  batt_discharge_w=2.0,  batt_charge_w=0,  load_w=1373.0, zone=unknown,  grid_charge=off, ev_charging_active=off, ev_charge_end=2026-02-23 05:00:02, ev_webhook_count=104, max_discharge_a=0, max_charge_a=90, max_grid_charge_a=64, soc_limit_a=18, volt_penalty_a=10, voltage_protected_limit_a=15, soc_power_w=904, is_critical_soc=True
2026-02-28T22:36:00.340135+01:00,  soc=15.0,  volt=50.57,  volt_delta=-2.23, volt_rate_per_min=-2.23, volt_status=NORMAL, batt_w=2.0,  batt_mode=idle,  batt_discharge_w=2.0,  batt_charge_w=0,  load_w=1373.0, zone=unknown,  grid_charge=off, ev_charging_active=off, ev_charge_end=2026-02-23 05:00:02, ev_webhook_count=104, max_discharge_a=0, max_charge_a=90, max_grid_charge_a=64, soc_limit_a=18, volt_penalty_a=10, voltage_protected_limit_a=15, soc_power_w=904, is_critical_soc=True
2026-02-28T22:37:00.341283+01:00,  soc=15.0,  volt=50.57,  volt_delta=-2.23, volt_rate_per_min=-2.23, volt_status=NORMAL, batt_w=2.0,  batt_mode=idle,  batt_discharge_w=2.0,  batt_charge_w=0,  load_w=1373.0, zone=unknown,  grid_charge=off, ev_charging_active=off, ev_charge_end=2026-02-23 05:00:02, ev_webhook_count=104, max_discharge_a=0, max_charge_a=90, max_grid_charge_a=64, soc_limit_a=18, volt_penalty_a=10, voltage_protected_limit_a=15, soc_power_w=904, is_critical_soc=True
2026-02-28T22:38:00.340530+01:00,  soc=15.0,  volt=50.62,  volt_delta=-2.18, volt_rate_per_min=-2.18, volt_status=NORMAL, batt_w=2.0,  batt_mode=idle,  batt_discharge_w=2.0,  batt_charge_w=0,  load_w=1373.0, zone=unknown,  grid_charge=off, ev_charging_active=off, ev_charge_end=2026-02-23 05:00:02, ev_webhook_count=104, max_discharge_a=0, max_charge_a=90, max_grid_charge_a=64, soc_limit_a=18, volt_penalty_a=10, voltage_protected_limit_a=15, soc_power_w=904, is_critical_soc=True
2026-02-28T22:39:00.340647+01:00,  soc=15.0,  volt=50.62,  volt_delta=-2.18, volt_rate_per_min=-2.18, volt_status=NORMAL, batt_w=2.0,  batt_mode=idle,  batt_discharge_w=2.0,  batt_charge_w=0,  load_w=1373.0, zone=unknown,  grid_charge=off, ev_charging_active=off, ev_charge_end=2026-02-23 05:00:02, ev_webhook_count=104, max_discharge_a=0, max_charge_a=90, max_grid_charge_a=64, soc_limit_a=18, volt_penalty_a=10, voltage_protected_limit_a=15, soc_power_w=904, is_critical_soc=True
2026-02-28T22:40:00.340986+01:00,  soc=15.0,  volt=50.62,  volt_delta=-2.18, volt_rate_per_min=-2.18, volt_status=NORMAL, batt_w=2.0,  batt_mode=idle,  batt_discharge_w=2.0,  batt_charge_w=0,  load_w=1351.0, zone=unknown,  grid_charge=off, ev_charging_active=off, ev_charge_end=2026-02-23 05:00:02, ev_webhook_count=104, max_discharge_a=0, max_charge_a=90, max_grid_charge_a=64, soc_limit_a=18, volt_penalty_a=10, voltage_protected_limit_a=15, soc_power_w=904, is_critical_soc=True
2026-02-28T22:41:00.341103+01:00,  soc=15.0,  volt=50.62,  volt_delta=-2.18, volt_rate_per_min=-2.18, volt_status=NORMAL, batt_w=2.0,  batt_mode=idle,  batt_discharge_w=2.0,  batt_charge_w=0,  load_w=1351.0, zone=unknown,  grid_charge=off, ev_charging_active=off, ev_charge_end=2026-02-23 05:00:02, ev_webhook_count=104, max_discharge_a=0, max_charge_a=90, max_grid_charge_a=64, soc_limit_a=18, volt_penalty_a=10, voltage_protected_limit_a=15, soc_power_w=904, is_critical_soc=True
2026-02-28T22:42:00.340444+01:00,  soc=15.0,  volt=50.62,  volt_delta=-2.18, volt_rate_per_min=-2.18, volt_status=NORMAL, batt_w=2.0,  batt_mode=idle,  batt_discharge_w=2.0,  batt_charge_w=0,  load_w=1351.0, zone=unknown,  grid_charge=off, ev_charging_active=off, ev_charge_end=2026-02-23 05:00:02, ev_webhook_count=104, max_discharge_a=0, max_charge_a=90, max_grid_charge_a=64, soc_limit_a=18, volt_penalty_a=10, voltage_protected_limit_a=15, soc_power_w=904, is_critical_soc=True
2026-02-28T22:43:00.340218+01:00,  soc=15.0,  volt=50.73,  volt_delta=-2.07, volt_rate_per_min=-2.07, volt_status=NORMAL, batt_w=2.0,  batt_mode=idle,  batt_discharge_w=2.0,  batt_charge_w=0,  load_w=1351.0, zone=unknown,  grid_charge=off, ev_charging_active=off, ev_charge_end=2026-02-23 05:00:02, ev_webhook_count=104, max_discharge_a=0, max_charge_a=90, max_grid_charge_a=64, soc_limit_a=18, volt_penalty_a=10, voltage_protected_limit_a=15, soc_power_w=904, is_critical_soc=True
2026-02-28T22:44:00.339933+01:00,  soc=15.0,  volt=50.73,  volt_delta=-2.07, volt_rate_per_min=-2.07, volt_status=NORMAL, batt_w=2.0,  batt_mode=idle,  batt_discharge_w=2.0,  batt_charge_w=0,  load_w=1351.0, zone=unknown,  grid_charge=on, ev_charging_active=off, ev_charge_end=2026-02-23 05:00:02, ev_webhook_count=104, max_discharge_a=0, max_charge_a=90, max_grid_charge_a=64, soc_limit_a=18, volt_penalty_a=10, voltage_protected_limit_a=15, soc_power_w=904, is_critical_soc=True
2026-02-28T22:45:00.340805+01:00,  soc=15.0,  volt=51.74,  volt_delta=-1.06, volt_rate_per_min=-1.06, volt_status=NORMAL, batt_w=-3063.0,  batt_mode=charge,  batt_discharge_w=0,  batt_charge_w=3063.0,  load_w=1346.0, zone=unknown,  grid_charge=on, ev_charging_active=off, ev_charge_end=2026-02-23 05:00:02, ev_webhook_count=104, max_discharge_a=0, max_charge_a=90, max_grid_charge_a=64, soc_limit_a=17, volt_penalty_a=10, voltage_protected_limit_a=15, soc_power_w=904, is_critical_soc=True
2026-02-28T22:46:00.340794+01:00,  soc=16.0,  volt=51.08,  volt_delta=-1.72, volt_rate_per_min=-1.72, volt_status=NORMAL, batt_w=33.0,  batt_mode=idle,  batt_discharge_w=33.0,  batt_charge_w=0,  load_w=1346.0, zone=unknown,  grid_charge=off, ev_charging_active=off, ev_charge_end=2026-02-23 05:00:02, ev_webhook_count=104, max_discharge_a=14, max_charge_a=10, max_grid_charge_a=10, soc_limit_a=18, volt_penalty_a=10, voltage_protected_limit_a=15, soc_power_w=932, is_critical_soc=True
2026-02-28T22:47:00.340423+01:00,  soc=16.0,  volt=51.18,  volt_delta=-1.62, volt_rate_per_min=-1.62, volt_status=NORMAL, batt_w=-364.0,  batt_mode=charge,  batt_discharge_w=0,  batt_charge_w=364.0,  load_w=1346.0, zone=unknown,  grid_charge=on, ev_charging_active=off, ev_charge_end=2026-02-23 05:00:02, ev_webhook_count=104, max_discharge_a=14, max_charge_a=10, max_grid_charge_a=10, soc_limit_a=18, volt_penalty_a=10, voltage_protected_limit_a=15, soc_power_w=932, is_critical_soc=True
2026-02-28T22:48:00.340028+01:00,  soc=16.0,  volt=51.18,  volt_delta=-1.62, volt_rate_per_min=-1.62, volt_status=NORMAL, batt_w=-364.0,  batt_mode=charge,  batt_discharge_w=0,  batt_charge_w=364.0,  load_w=1346.0, zone=unknown,  grid_charge=on, ev_charging_active=off, ev_charge_end=2026-02-23 05:00:02, ev_webhook_count=104, max_discharge_a=14, max_charge_a=10, max_grid_charge_a=10, soc_limit_a=18, volt_penalty_a=10, voltage_protected_limit_a=15, soc_power_w=932, is_critical_soc=True
2026-02-28T22:49:00.340002+01:00,  soc=16.0,  volt=51.18,  volt_delta=-1.62, volt_rate_per_min=-1.62, volt_status=NORMAL, batt_w=-364.0,  batt_mode=charge,  batt_discharge_w=0,  batt_charge_w=364.0,  load_w=1352.0, zone=unknown,  grid_charge=on, ev_charging_active=off, ev_charge_end=2026-02-23 05:00:02, ev_webhook_count=104, max_discharge_a=14, max_charge_a=10, max_grid_charge_a=10, soc_limit_a=18, volt_penalty_a=10, voltage_protected_limit_a=15, soc_power_w=932, is_critical_soc=True
2026-02-28T22:50:00.340075+01:00,  soc=16.0,  volt=51.18,  volt_delta=-1.62, volt_rate_per_min=-1.62, volt_status=NORMAL, batt_w=-364.0,  batt_mode=charge,  batt_discharge_w=0,  batt_charge_w=364.0,  load_w=1352.0, zone=unknown,  grid_charge=on, ev_charging_active=off, ev_charge_end=2026-02-23 05:00:02, ev_webhook_count=104, max_discharge_a=14, max_charge_a=10, max_grid_charge_a=10, soc_limit_a=18, volt_penalty_a=10, voltage_protected_limit_a=15, soc_power_w=932, is_critical_soc=True
2026-02-28T22:51:00.339861+01:00,  soc=16.0,  volt=51.28,  volt_delta=-1.52, volt_rate_per_min=-1.52, volt_status=NORMAL, batt_w=-364.0,  batt_mode=charge,  batt_discharge_w=0,  batt_charge_w=364.0,  load_w=1356.0, zone=unknown,  grid_charge=on, ev_charging_active=off, ev_charge_end=2026-02-23 05:00:02, ev_webhook_count=104, max_discharge_a=14, max_charge_a=10, max_grid_charge_a=10, soc_limit_a=18, volt_penalty_a=10, voltage_protected_limit_a=15, soc_power_w=932, is_critical_soc=True
2026-02-28T22:52:00.340739+01:00,  soc=16.0,  volt=51.28,  volt_delta=-1.52, volt_rate_per_min=-1.52, volt_status=NORMAL, batt_w=-364.0,  batt_mode=charge,  batt_discharge_w=0,  batt_charge_w=364.0,  load_w=1356.0, zone=unknown,  grid_charge=on, ev_charging_active=off, ev_charge_end=2026-02-23 05:00:02, ev_webhook_count=104, max_discharge_a=14, max_charge_a=10, max_grid_charge_a=10, soc_limit_a=18, volt_penalty_a=10, voltage_protected_limit_a=15, soc_power_w=932, is_critical_soc=True
2026-02-28T22:53:00.341435+01:00,  soc=16.0,  volt=51.28,  volt_delta=-1.52, volt_rate_per_min=-1.52, volt_status=NORMAL, batt_w=-364.0,  batt_mode=charge,  batt_discharge_w=0,  batt_charge_w=364.0,  load_w=1404.0, zone=unknown,  grid_charge=on, ev_charging_active=off, ev_charge_end=2026-02-23 05:00:02, ev_webhook_count=104, max_discharge_a=14, max_charge_a=10, max_grid_charge_a=10, soc_limit_a=18, volt_penalty_a=10, voltage_protected_limit_a=15, soc_power_w=932, is_critical_soc=True
2026-02-28T22:54:00.340606+01:00,  soc=16.0,  volt=51.38,  volt_delta=-1.42, volt_rate_per_min=-1.42, volt_status=NORMAL, batt_w=-364.0,  batt_mode=charge,  batt_discharge_w=0,  batt_charge_w=364.0,  load_w=1404.0, zone=unknown,  grid_charge=on, ev_charging_active=off, ev_charge_end=2026-02-23 05:00:02, ev_webhook_count=104, max_discharge_a=14, max_charge_a=10, max_grid_charge_a=10, soc_limit_a=18, volt_penalty_a=10, voltage_protected_limit_a=15, soc_power_w=932, is_critical_soc=True
2026-02-28T22:55:00.339824+01:00,  soc=16.0,  volt=51.39,  volt_delta=-1.41, volt_rate_per_min=-1.41, volt_status=NORMAL, batt_w=-364.0,  batt_mode=charge,  batt_discharge_w=0,  batt_charge_w=364.0,  load_w=1404.0, zone=unknown,  grid_charge=on, ev_charging_active=off, ev_charge_end=2026-02-23 05:00:02, ev_webhook_count=104, max_discharge_a=14, max_charge_a=10, max_grid_charge_a=10, soc_limit_a=18, volt_penalty_a=10, voltage_protected_limit_a=15, soc_power_w=932, is_critical_soc=True
2026-02-28T22:56:00.339904+01:00,  soc=16.0,  volt=51.39,  volt_delta=-1.41, volt_rate_per_min=-1.41, volt_status=NORMAL, batt_w=-364.0,  batt_mode=charge,  batt_discharge_w=0,  batt_charge_w=364.0,  load_w=1387.0, zone=unknown,  grid_charge=on, ev_charging_active=off, ev_charge_end=2026-02-23 05:00:02, ev_webhook_count=104, max_discharge_a=14, max_charge_a=10, max_grid_charge_a=10, soc_limit_a=18, volt_penalty_a=10, voltage_protected_limit_a=15, soc_power_w=932, is_critical_soc=True
2026-02-28T22:57:00.340309+01:00,  soc=17.0,  volt=51.39,  volt_delta=-1.41, volt_rate_per_min=-1.41, volt_status=NORMAL, batt_w=-364.0,  batt_mode=charge,  batt_discharge_w=0,  batt_charge_w=364.0,  load_w=1387.0, zone=unknown,  grid_charge=on, ev_charging_active=off, ev_charge_end=2026-02-23 05:00:02, ev_webhook_count=104, max_discharge_a=20, max_charge_a=10, max_grid_charge_a=10, soc_limit_a=19, volt_penalty_a=10, voltage_protected_limit_a=15, soc_power_w=966, is_critical_soc=True
2026-02-28T22:58:00.340588+01:00,  soc=17.0,  volt=51.39,  volt_delta=-1.41, volt_rate_per_min=-1.41, volt_status=NORMAL, batt_w=-364.0,  batt_mode=charge,  batt_discharge_w=0,  batt_charge_w=364.0,  load_w=1387.0, zone=unknown,  grid_charge=on, ev_charging_active=off, ev_charge_end=2026-02-23 05:00:02, ev_webhook_count=104, max_discharge_a=20, max_charge_a=10, max_grid_charge_a=10, soc_limit_a=19, volt_penalty_a=10, voltage_protected_limit_a=15, soc_power_w=966, is_critical_soc=True
2026-02-28T22:59:00.341698+01:00,  soc=17.0,  volt=51.48,  volt_delta=-1.32, volt_rate_per_min=-1.32, volt_status=NORMAL, batt_w=-364.0,  batt_mode=charge,  batt_discharge_w=0,  batt_charge_w=364.0,  load_w=1387.0, zone=unknown,  grid_charge=on, ev_charging_active=off, ev_charge_end=2026-02-23 05:00:02, ev_webhook_count=104, max_discharge_a=20, max_charge_a=10, max_grid_charge_a=10, soc_limit_a=19, volt_penalty_a=10, voltage_protected_limit_a=15, soc_power_w=966, is_critical_soc=True
2026-02-28T23:00:00.339744+01:00,  soc=17.0,  volt=51.48,  volt_delta=-1.32, volt_rate_per_min=-1.32, volt_status=NORMAL, batt_w=-364.0,  batt_mode=charge,  batt_discharge_w=0,  batt_charge_w=364.0,  load_w=1387.0, zone=unknown,  grid_charge=on, ev_charging_active=off, ev_charge_end=2026-02-23 05:00:02, ev_webhook_count=104, max_discharge_a=20, max_charge_a=10, max_grid_charge_a=10, soc_limit_a=19, volt_penalty_a=10, voltage_protected_limit_a=15, soc_power_w=966, is_critical_soc=True
2026-02-28T23:01:00.340112+01:00,  soc=17.0,  volt=51.48,  volt_delta=-1.32, volt_rate_per_min=-1.32, volt_status=NORMAL, batt_w=-364.0,  batt_mode=charge,  batt_discharge_w=0,  batt_charge_w=364.0,  load_w=1316.0, zone=unknown,  grid_charge=on, ev_charging_active=off, ev_charge_end=2026-02-23 05:00:02, ev_webhook_count=104, max_discharge_a=20, max_charge_a=10, max_grid_charge_a=10, soc_limit_a=19, volt_penalty_a=10, voltage_protected_limit_a=15, soc_power_w=966, is_critical_soc=True
2026-02-28T23:02:00.340416+01:00,  soc=17.0,  volt=51.48,  volt_delta=-1.32, volt_rate_per_min=-1.32, volt_status=NORMAL, batt_w=-364.0,  batt_mode=charge,  batt_discharge_w=0,  batt_charge_w=364.0,  load_w=1316.0, zone=unknown,  grid_charge=on, ev_charging_active=off, ev_charge_end=2026-02-23 05:00:02, ev_webhook_count=104, max_discharge_a=20, max_charge_a=10, max_grid_charge_a=10, soc_limit_a=19, volt_penalty_a=10, voltage_protected_limit_a=15, soc_power_w=966, is_critical_soc=True
2026-02-28T23:03:00.340592+01:00,  soc=17.0,  volt=51.48,  volt_delta=-1.32, volt_rate_per_min=-1.32, volt_status=NORMAL, batt_w=-364.0,  batt_mode=charge,  batt_discharge_w=0,  batt_charge_w=364.0,  load_w=1316.0, zone=unknown,  grid_charge=on, ev_charging_active=off, ev_charge_end=2026-02-23 05:00:02, ev_webhook_count=104, max_discharge_a=20, max_charge_a=10, max_grid_charge_a=10, soc_limit_a=19, volt_penalty_a=10, voltage_protected_limit_a=15, soc_power_w=966, is_critical_soc=True
2026-02-28T23:04:00.340746+01:00,  soc=17.0,  volt=51.48,  volt_delta=-1.32, volt_rate_per_min=-1.32, volt_status=NORMAL, batt_w=-364.0,  batt_mode=charge,  batt_discharge_w=0,  batt_charge_w=364.0,  load_w=1316.0, zone=unknown,  grid_charge=on, ev_charging_active=off, ev_charge_end=2026-02-23 05:00:02, ev_webhook_count=104, max_discharge_a=20, max_charge_a=10, max_grid_charge_a=10, soc_limit_a=19, volt_penalty_a=10, voltage_protected_limit_a=15, soc_power_w=966, is_critical_soc=True
2026-02-28T23:05:00.340627+01:00,  soc=17.0,  volt=51.52,  volt_delta=-1.28, volt_rate_per_min=-1.28, volt_status=NORMAL, batt_w=-366.0,  batt_mode=charge,  batt_discharge_w=0,  batt_charge_w=366.0,  load_w=1316.0, zone=unknown,  grid_charge=on, ev_charging_active=off, ev_charge_end=2026-02-23 05:00:02, ev_webhook_count=104, max_discharge_a=20, max_charge_a=10, max_grid_charge_a=10, soc_limit_a=19, volt_penalty_a=10, voltage_protected_limit_a=15, soc_power_w=966, is_critical_soc=True
2026-02-28T23:06:00.340774+01:00,  soc=17.0,  volt=51.52,  volt_delta=-1.28, volt_rate_per_min=-1.28, volt_status=NORMAL, batt_w=-366.0,  batt_mode=charge,  batt_discharge_w=0,  batt_charge_w=366.0,  load_w=1316.0, zone=unknown,  grid_charge=on, ev_charging_active=off, ev_charge_end=2026-02-23 05:00:02, ev_webhook_count=104, max_discharge_a=20, max_charge_a=10, max_grid_charge_a=10, soc_limit_a=19, volt_penalty_a=10, voltage_protected_limit_a=15, soc_power_w=966, is_critical_soc=True
2026-02-28T23:07:00.340419+01:00,  soc=17.0,  volt=51.52,  volt_delta=-1.28, volt_rate_per_min=-1.28, volt_status=NORMAL, batt_w=-366.0,  batt_mode=charge,  batt_discharge_w=0,  batt_charge_w=366.0,  load_w=1328.0, zone=unknown,  grid_charge=on, ev_charging_active=off, ev_charge_end=2026-02-23 05:00:02, ev_webhook_count=104, max_discharge_a=20, max_charge_a=10, max_grid_charge_a=10, soc_limit_a=19, volt_penalty_a=10, voltage_protected_limit_a=15, soc_power_w=966, is_critical_soc=True
2026-02-28T23:08:00.340696+01:00,  soc=17.0,  volt=51.58,  volt_delta=-1.22, volt_rate_per_min=-1.22, volt_status=NORMAL, batt_w=-366.0,  batt_mode=charge,  batt_discharge_w=0,  batt_charge_w=366.0,  load_w=1328.0, zone=unknown,  grid_charge=on, ev_charging_active=off, ev_charge_end=2026-02-23 05:00:02, ev_webhook_count=104, max_discharge_a=20, max_charge_a=10, max_grid_charge_a=10, soc_limit_a=19, volt_penalty_a=10, voltage_protected_limit_a=15, soc_power_w=966, is_critical_soc=True
2026-02-28T23:09:00.340718+01:00,  soc=17.0,  volt=51.58,  volt_delta=-1.22, volt_rate_per_min=-1.22, volt_status=NORMAL, batt_w=-366.0,  batt_mode=charge,  batt_discharge_w=0,  batt_charge_w=366.0,  load_w=1328.0, zone=unknown,  grid_charge=on, ev_charging_active=off, ev_charge_end=2026-02-23 05:00:02, ev_webhook_count=104, max_discharge_a=20, max_charge_a=10, max_grid_charge_a=10, soc_limit_a=19, volt_penalty_a=10, voltage_protected_limit_a=15, soc_power_w=966, is_critical_soc=True
2026-02-28T23:10:00.339947+01:00,  soc=17.0,  volt=51.58,  volt_delta=-1.22, volt_rate_per_min=-1.22, volt_status=NORMAL, batt_w=-366.0,  batt_mode=charge,  batt_discharge_w=0,  batt_charge_w=366.0,  load_w=1328.0, zone=unknown,  grid_charge=on, ev_charging_active=off, ev_charge_end=2026-02-23 05:00:02, ev_webhook_count=104, max_discharge_a=20, max_charge_a=10, max_grid_charge_a=10, soc_limit_a=19, volt_penalty_a=10, voltage_protected_limit_a=15, soc_power_w=966, is_critical_soc=True
2026-02-28T23:11:00.339850+01:00,  soc=17.0,  volt=51.58,  volt_delta=-1.22, volt_rate_per_min=-1.22, volt_status=NORMAL, batt_w=-366.0,  batt_mode=charge,  batt_discharge_w=0,  batt_charge_w=366.0,  load_w=1328.0, zone=unknown,  grid_charge=on, ev_charging_active=off, ev_charge_end=2026-02-23 05:00:02, ev_webhook_count=104, max_discharge_a=20, max_charge_a=10, max_grid_charge_a=10, soc_limit_a=19, volt_penalty_a=10, voltage_protected_limit_a=15, soc_power_w=966, is_critical_soc=True
2026-02-28T23:12:00.340530+01:00,  soc=17.0,  volt=51.58,  volt_delta=-1.22, volt_rate_per_min=-1.22, volt_status=NORMAL, batt_w=-366.0,  batt_mode=charge,  batt_discharge_w=0,  batt_charge_w=366.0,  load_w=1289.0, zone=unknown,  grid_charge=on, ev_charging_active=off, ev_charge_end=2026-02-23 05:00:02, ev_webhook_count=104, max_discharge_a=20, max_charge_a=10, max_grid_charge_a=10, soc_limit_a=19, volt_penalty_a=10, voltage_protected_limit_a=15, soc_power_w=966, is_critical_soc=True
2026-02-28T23:13:00.339989+01:00,  soc=18.0,  volt=51.58,  volt_delta=-1.22, volt_rate_per_min=-1.22, volt_status=NORMAL, batt_w=-366.0,  batt_mode=charge,  batt_discharge_w=0,  batt_charge_w=366.0,  load_w=1289.0, zone=unknown,  grid_charge=on, ev_charging_active=off, ev_charge_end=2026-02-23 05:00:02, ev_webhook_count=104, max_discharge_a=25, max_charge_a=10, max_grid_charge_a=10, soc_limit_a=19, volt_penalty_a=10, voltage_protected_limit_a=15, soc_power_w=1004, is_critical_soc=True
2026-02-28T23:14:00.340608+01:00,  soc=18.0,  volt=51.58,  volt_delta=-1.22, volt_rate_per_min=-1.22, volt_status=NORMAL, batt_w=-366.0,  batt_mode=charge,  batt_discharge_w=0,  batt_charge_w=366.0,  load_w=1289.0, zone=unknown,  grid_charge=on, ev_charging_active=off, ev_charge_end=2026-02-23 05:00:02, ev_webhook_count=104, max_discharge_a=25, max_charge_a=10, max_grid_charge_a=10, soc_limit_a=19, volt_penalty_a=10, voltage_protected_limit_a=15, soc_power_w=1004, is_critical_soc=True
2026-02-28T23:15:00.340503+01:00,  soc=18.0,  volt=51.64,  volt_delta=-1.16, volt_rate_per_min=-1.16, volt_status=NORMAL, batt_w=-367.0,  batt_mode=charge,  batt_discharge_w=0,  batt_charge_w=367.0,  load_w=1289.0, zone=unknown,  grid_charge=on, ev_charging_active=off, ev_charge_end=2026-02-23 05:00:02, ev_webhook_count=104, max_discharge_a=25, max_charge_a=10, max_grid_charge_a=10, soc_limit_a=19, volt_penalty_a=10, voltage_protected_limit_a=15, soc_power_w=1004, is_critical_soc=True
2026-02-28T23:16:00.339878+01:00,  soc=18.0,  volt=51.64,  volt_delta=-1.16, volt_rate_per_min=-1.16, volt_status=NORMAL, batt_w=-367.0,  batt_mode=charge,  batt_discharge_w=0,  batt_charge_w=367.0,  load_w=1289.0, zone=unknown,  grid_charge=on, ev_charging_active=off, ev_charge_end=2026-02-23 05:00:02, ev_webhook_count=104, max_discharge_a=25, max_charge_a=10, max_grid_charge_a=10, soc_limit_a=19, volt_penalty_a=10, voltage_protected_limit_a=15, soc_power_w=1004, is_critical_soc=True
2026-02-28T23:17:00.341340+01:00,  soc=18.0,  volt=51.64,  volt_delta=-1.16, volt_rate_per_min=-1.16, volt_status=NORMAL, batt_w=-367.0,  batt_mode=charge,  batt_discharge_w=0,  batt_charge_w=367.0,  load_w=1300.0, zone=unknown,  grid_charge=on, ev_charging_active=off, ev_charge_end=2026-02-23 05:00:02, ev_webhook_count=104, max_discharge_a=25, max_charge_a=10, max_grid_charge_a=10, soc_limit_a=19, volt_penalty_a=10, voltage_protected_limit_a=15, soc_power_w=1004, is_critical_soc=True
2026-02-28T23:18:00.340712+01:00,  soc=18.0,  volt=51.64,  volt_delta=-1.16, volt_rate_per_min=-1.16, volt_status=NORMAL, batt_w=-367.0,  batt_mode=charge,  batt_discharge_w=0,  batt_charge_w=367.0,  load_w=1300.0, zone=unknown,  grid_charge=on, ev_charging_active=off, ev_charge_end=2026-02-23 05:00:02, ev_webhook_count=104, max_discharge_a=25, max_charge_a=10, max_grid_charge_a=10, soc_limit_a=19, volt_penalty_a=10, voltage_protected_limit_a=15, soc_power_w=1004, is_critical_soc=True
2026-02-28T23:19:00.340321+01:00,  soc=18.0,  volt=51.64,  volt_delta=-1.16, volt_rate_per_min=-1.16, volt_status=NORMAL, batt_w=-367.0,  batt_mode=charge,  batt_discharge_w=0,  batt_charge_w=367.0,  load_w=1300.0, zone=unknown,  grid_charge=on, ev_charging_active=off, ev_charge_end=2026-02-23 05:00:02, ev_webhook_count=104, max_discharge_a=25, max_charge_a=10, max_grid_charge_a=10, soc_limit_a=19, volt_penalty_a=10, voltage_protected_limit_a=15, soc_power_w=1004, is_critical_soc=True
2026-02-28T23:20:00.340403+01:00,  soc=18.0,  volt=51.64,  volt_delta=-1.16, volt_rate_per_min=-1.16, volt_status=NORMAL, batt_w=-367.0,  batt_mode=charge,  batt_discharge_w=0,  batt_charge_w=367.0,  load_w=1300.0, zone=unknown,  grid_charge=on, ev_charging_active=off, ev_charge_end=2026-02-23 05:00:02, ev_webhook_count=104, max_discharge_a=25, max_charge_a=10, max_grid_charge_a=10, soc_limit_a=19, volt_penalty_a=10, voltage_protected_limit_a=15, soc_power_w=1004, is_critical_soc=True
2026-02-28T23:21:00.340188+01:00,  soc=18.0,  volt=51.64,  volt_delta=-1.16, volt_rate_per_min=-1.16, volt_status=NORMAL, batt_w=-367.0,  batt_mode=charge,  batt_discharge_w=0,  batt_charge_w=367.0,  load_w=1300.0, zone=unknown,  grid_charge=on, ev_charging_active=off, ev_charge_end=2026-02-23 05:00:02, ev_webhook_count=104, max_discharge_a=25, max_charge_a=10, max_grid_charge_a=10, soc_limit_a=19, volt_penalty_a=10, voltage_protected_limit_a=15, soc_power_w=1004, is_critical_soc=True
2026-02-28T23:22:00.340346+01:00,  soc=18.0,  volt=51.64,  volt_delta=-1.16, volt_rate_per_min=-1.16, volt_status=NORMAL, batt_w=-367.0,  batt_mode=charge,  batt_discharge_w=0,  batt_charge_w=367.0,  load_w=1300.0, zone=unknown,  grid_charge=on, ev_charging_active=off, ev_charge_end=2026-02-23 05:00:02, ev_webhook_count=104, max_discharge_a=25, max_charge_a=10, max_grid_charge_a=10, soc_limit_a=19, volt_penalty_a=10, voltage_protected_limit_a=15, soc_power_w=1004, is_critical_soc=True
2026-02-28T23:23:00.340251+01:00,  soc=18.0,  volt=51.64,  volt_delta=-1.16, volt_rate_per_min=-1.16, volt_status=NORMAL, batt_w=-367.0,  batt_mode=charge,  batt_discharge_w=0,  batt_charge_w=367.0,  load_w=1288.0, zone=unknown,  grid_charge=on, ev_charging_active=off, ev_charge_end=2026-02-23 05:00:02, ev_webhook_count=104, max_discharge_a=25, max_charge_a=10, max_grid_charge_a=10, soc_limit_a=19, volt_penalty_a=10, voltage_protected_limit_a=15, soc_power_w=1004, is_critical_soc=True
2026-02-28T23:24:00.340416+01:00,  soc=18.0,  volt=51.68,  volt_delta=-1.12, volt_rate_per_min=-1.12, volt_status=NORMAL, batt_w=-367.0,  batt_mode=charge,  batt_discharge_w=0,  batt_charge_w=367.0,  load_w=1288.0, zone=unknown,  grid_charge=on, ev_charging_active=off, ev_charge_end=2026-02-23 05:00:02, ev_webhook_count=104, max_discharge_a=25, max_charge_a=10, max_grid_charge_a=10, soc_limit_a=19, volt_penalty_a=10, voltage_protected_limit_a=15, soc_power_w=1004, is_critical_soc=True
2026-02-28T23:25:00.339796+01:00,  soc=18.0,  volt=51.68,  volt_delta=-1.12, volt_rate_per_min=-1.12, volt_status=NORMAL, batt_w=-367.0,  batt_mode=charge,  batt_discharge_w=0,  batt_charge_w=367.0,  load_w=1288.0, zone=unknown,  grid_charge=on, ev_charging_active=off, ev_charge_end=2026-02-23 05:00:02, ev_webhook_count=104, max_discharge_a=25, max_charge_a=10, max_grid_charge_a=10, soc_limit_a=19, volt_penalty_a=10, voltage_protected_limit_a=15, soc_power_w=1004, is_critical_soc=True
2026-02-28T23:26:00.340385+01:00,  soc=18.0,  volt=51.68,  volt_delta=-1.12, volt_rate_per_min=-1.12, volt_status=NORMAL, batt_w=-367.0,  batt_mode=charge,  batt_discharge_w=0,  batt_charge_w=367.0,  load_w=1288.0, zone=unknown,  grid_charge=on, ev_charging_active=off, ev_charge_end=2026-02-23 05:00:02, ev_webhook_count=104, max_discharge_a=25, max_charge_a=10, max_grid_charge_a=10, soc_limit_a=19, volt_penalty_a=10, voltage_protected_limit_a=15, soc_power_w=1004, is_critical_soc=True
2026-02-28T23:27:00.340209+01:00,  soc=18.0,  volt=51.68,  volt_delta=-1.12, volt_rate_per_min=-1.12, volt_status=NORMAL, batt_w=-367.0,  batt_mode=charge,  batt_discharge_w=0,  batt_charge_w=367.0,  load_w=1288.0, zone=unknown,  grid_charge=on, ev_charging_active=off, ev_charge_end=2026-02-23 05:00:02, ev_webhook_count=104, max_discharge_a=25, max_charge_a=10, max_grid_charge_a=10, soc_limit_a=19, volt_penalty_a=10, voltage_protected_limit_a=15, soc_power_w=1004, is_critical_soc=True
2026-02-28T23:28:00.340301+01:00,  soc=18.0,  volt=51.68,  volt_delta=-1.12, volt_rate_per_min=-1.12, volt_status=NORMAL, batt_w=-367.0,  batt_mode=charge,  batt_discharge_w=0,  batt_charge_w=367.0,  load_w=1280.0, zone=unknown,  grid_charge=on, ev_charging_active=off, ev_charge_end=2026-02-23 05:00:02, ev_webhook_count=104, max_discharge_a=25, max_charge_a=10, max_grid_charge_a=10, soc_limit_a=19, volt_penalty_a=10, voltage_protected_limit_a=15, soc_power_w=1004, is_critical_soc=True
2026-02-28T23:29:00.341313+01:00,  soc=18.0,  volt=51.68,  volt_delta=-1.12, volt_rate_per_min=-1.12, volt_status=NORMAL, batt_w=-367.0,  batt_mode=charge,  batt_discharge_w=0,  batt_charge_w=367.0,  load_w=1280.0, zone=unknown,  grid_charge=on, ev_charging_active=off, ev_charge_end=2026-02-23 05:00:02, ev_webhook_count=104, max_discharge_a=25, max_charge_a=10, max_grid_charge_a=10, soc_limit_a=19, volt_penalty_a=10, voltage_protected_limit_a=15, soc_power_w=1004, is_critical_soc=True
2026-02-28T23:30:00.340467+01:00,  soc=19.0,  volt=51.68,  volt_delta=-1.12, volt_rate_per_min=-1.12, volt_status=NORMAL, batt_w=-367.0,  batt_mode=charge,  batt_discharge_w=0,  batt_charge_w=367.0,  load_w=1280.0, zone=unknown,  grid_charge=on, ev_charging_active=off, ev_charge_end=2026-02-23 05:00:02, ev_webhook_count=104, max_discharge_a=30, max_charge_a=10, max_grid_charge_a=10, soc_limit_a=20, volt_penalty_a=10, voltage_protected_limit_a=15, soc_power_w=1048, is_critical_soc=True
2026-02-28T23:31:00.340244+01:00,  soc=19.0,  volt=51.68,  volt_delta=-1.12, volt_rate_per_min=-1.12, volt_status=NORMAL, batt_w=-367.0,  batt_mode=charge,  batt_discharge_w=0,  batt_charge_w=367.0,  load_w=1280.0, zone=unknown,  grid_charge=on, ev_charging_active=off, ev_charge_end=2026-02-23 05:00:02, ev_webhook_count=104, max_discharge_a=30, max_charge_a=10, max_grid_charge_a=10, soc_limit_a=20, volt_penalty_a=10, voltage_protected_limit_a=15, soc_power_w=1048, is_critical_soc=True
2026-02-28T23:32:00.340599+01:00,  soc=19.0,  volt=51.68,  volt_delta=-1.12, volt_rate_per_min=-1.12, volt_status=NORMAL, batt_w=-367.0,  batt_mode=charge,  batt_discharge_w=0,  batt_charge_w=367.0,  load_w=1280.0, zone=unknown,  grid_charge=on, ev_charging_active=off, ev_charge_end=2026-02-23 05:00:02, ev_webhook_count=104, max_discharge_a=30, max_charge_a=10, max_grid_charge_a=10, soc_limit_a=20, volt_penalty_a=10, voltage_protected_limit_a=15, soc_power_w=1048, is_critical_soc=True
2026-02-28T23:33:00.340524+01:00,  soc=19.0,  volt=51.68,  volt_delta=-1.12, volt_rate_per_min=-1.12, volt_status=NORMAL, batt_w=-367.0,  batt_mode=charge,  batt_discharge_w=0,  batt_charge_w=367.0,  load_w=1280.0, zone=unknown,  grid_charge=on, ev_charging_active=off, ev_charge_end=2026-02-23 05:00:02, ev_webhook_count=104, max_discharge_a=30, max_charge_a=10, max_grid_charge_a=10, soc_limit_a=20, volt_penalty_a=10, voltage_protected_limit_a=15, soc_power_w=1048, is_critical_soc=True
2026-02-28T23:34:00.340830+01:00,  soc=19.0,  volt=51.68,  volt_delta=-1.12, volt_rate_per_min=-1.12, volt_status=NORMAL, batt_w=-367.0,  batt_mode=charge,  batt_discharge_w=0,  batt_charge_w=367.0,  load_w=1316.0, zone=unknown,  grid_charge=on, ev_charging_active=off, ev_charge_end=2026-02-23 05:00:02, ev_webhook_count=104, max_discharge_a=30, max_charge_a=10, max_grid_charge_a=10, soc_limit_a=20, volt_penalty_a=10, voltage_protected_limit_a=15, soc_power_w=1048, is_critical_soc=True
2026-02-28T23:35:00.340472+01:00,  soc=19.0,  volt=51.7,  volt_delta=-1.1, volt_rate_per_min=-1.1, volt_status=NORMAL, batt_w=-367.0,  batt_mode=charge,  batt_discharge_w=0,  batt_charge_w=367.0,  load_w=1316.0, zone=unknown,  grid_charge=on, ev_charging_active=off, ev_charge_end=2026-02-23 05:00:02, ev_webhook_count=104, max_discharge_a=30, max_charge_a=10, max_grid_charge_a=10, soc_limit_a=20, volt_penalty_a=10, voltage_protected_limit_a=15, soc_power_w=1048, is_critical_soc=True
2026-02-28T23:36:00.339778+01:00,  soc=19.0,  volt=51.7,  volt_delta=-1.1, volt_rate_per_min=-1.1, volt_status=NORMAL, batt_w=-367.0,  batt_mode=charge,  batt_discharge_w=0,  batt_charge_w=367.0,  load_w=1316.0, zone=unknown,  grid_charge=on, ev_charging_active=off, ev_charge_end=2026-02-23 05:00:02, ev_webhook_count=104, max_discharge_a=30, max_charge_a=10, max_grid_charge_a=10, soc_limit_a=20, volt_penalty_a=10, voltage_protected_limit_a=15, soc_power_w=1048, is_critical_soc=True
2026-02-28T23:37:00.340684+01:00,  soc=19.0,  volt=51.7,  volt_delta=-1.1, volt_rate_per_min=-1.1, volt_status=NORMAL, batt_w=-367.0,  batt_mode=charge,  batt_discharge_w=0,  batt_charge_w=367.0,  load_w=1316.0, zone=unknown,  grid_charge=on, ev_charging_active=off, ev_charge_end=2026-02-23 05:00:02, ev_webhook_count=104, max_discharge_a=30, max_charge_a=10, max_grid_charge_a=10, soc_limit_a=20, volt_penalty_a=10, voltage_protected_limit_a=15, soc_power_w=1048, is_critical_soc=True
2026-02-28T23:38:00.340375+01:00,  soc=19.0,  volt=51.7,  volt_delta=-1.1, volt_rate_per_min=-1.1, volt_status=NORMAL, batt_w=-367.0,  batt_mode=charge,  batt_discharge_w=0,  batt_charge_w=367.0,  load_w=1316.0, zone=unknown,  grid_charge=on, ev_charging_active=off, ev_charge_end=2026-02-23 05:00:02, ev_webhook_count=104, max_discharge_a=30, max_charge_a=10, max_grid_charge_a=10, soc_limit_a=20, volt_penalty_a=10, voltage_protected_limit_a=15, soc_power_w=1048, is_critical_soc=True
2026-02-28T23:39:00.340353+01:00,  soc=19.0,  volt=51.7,  volt_delta=-1.1, volt_rate_per_min=-1.1, volt_status=NORMAL, batt_w=-367.0,  batt_mode=charge,  batt_discharge_w=0,  batt_charge_w=367.0,  load_w=1396.0, zone=unknown,  grid_charge=on, ev_charging_active=off, ev_charge_end=2026-02-23 05:00:02, ev_webhook_count=104, max_discharge_a=30, max_charge_a=10, max_grid_charge_a=10, soc_limit_a=20, volt_penalty_a=10, voltage_protected_limit_a=15, soc_power_w=1048, is_critical_soc=True
2026-02-28T23:40:00.340385+01:00,  soc=19.0,  volt=51.7,  volt_delta=-1.1, volt_rate_per_min=-1.1, volt_status=NORMAL, batt_w=-367.0,  batt_mode=charge,  batt_discharge_w=0,  batt_charge_w=367.0,  load_w=1396.0, zone=unknown,  grid_charge=on, ev_charging_active=off, ev_charge_end=2026-02-23 05:00:02, ev_webhook_count=104, max_discharge_a=30, max_charge_a=10, max_grid_charge_a=10, soc_limit_a=20, volt_penalty_a=10, voltage_protected_limit_a=15, soc_power_w=1048, is_critical_soc=True
2026-02-28T23:41:00.340643+01:00,  soc=19.0,  volt=51.7,  volt_delta=-1.1, volt_rate_per_min=-1.1, volt_status=NORMAL, batt_w=-367.0,  batt_mode=charge,  batt_discharge_w=0,  batt_charge_w=367.0,  load_w=1396.0, zone=unknown,  grid_charge=on, ev_charging_active=off, ev_charge_end=2026-02-23 05:00:02, ev_webhook_count=104, max_discharge_a=30, max_charge_a=10, max_grid_charge_a=10, soc_limit_a=20, volt_penalty_a=10, voltage_protected_limit_a=15, soc_power_w=1048, is_critical_soc=True
2026-02-28T23:42:00.339869+01:00,  soc=19.0,  volt=51.7,  volt_delta=-1.1, volt_rate_per_min=-1.1, volt_status=NORMAL, batt_w=-367.0,  batt_mode=charge,  batt_discharge_w=0,  batt_charge_w=367.0,  load_w=1396.0, zone=unknown,  grid_charge=on, ev_charging_active=off, ev_charge_end=2026-02-23 05:00:02, ev_webhook_count=104, max_discharge_a=30, max_charge_a=10, max_grid_charge_a=10, soc_limit_a=20, volt_penalty_a=10, voltage_protected_limit_a=15, soc_power_w=1048, is_critical_soc=True
2026-02-28T23:43:00.340096+01:00,  soc=19.0,  volt=51.7,  volt_delta=-1.1, volt_rate_per_min=-1.1, volt_status=NORMAL, batt_w=-367.0,  batt_mode=charge,  batt_discharge_w=0,  batt_charge_w=367.0,  load_w=1396.0, zone=unknown,  grid_charge=on, ev_charging_active=off, ev_charge_end=2026-02-23 05:00:02, ev_webhook_count=104, max_discharge_a=30, max_charge_a=10, max_grid_charge_a=10, soc_limit_a=20, volt_penalty_a=10, voltage_protected_limit_a=15, soc_power_w=1048, is_critical_soc=True
2026-02-28T23:44:00.341304+01:00,  soc=19.0,  volt=51.7,  volt_delta=-1.1, volt_rate_per_min=-1.1, volt_status=NORMAL, batt_w=-367.0,  batt_mode=charge,  batt_discharge_w=0,  batt_charge_w=367.0,  load_w=1427.0, zone=unknown,  grid_charge=on, ev_charging_active=off, ev_charge_end=2026-02-23 05:00:02, ev_webhook_count=104, max_discharge_a=30, max_charge_a=10, max_grid_charge_a=10, soc_limit_a=20, volt_penalty_a=10, voltage_protected_limit_a=15, soc_power_w=1048, is_critical_soc=True
2026-02-28T23:45:00.340554+01:00,  soc=19.0,  volt=51.73,  volt_delta=-1.07, volt_rate_per_min=-1.07, volt_status=NORMAL, batt_w=-366.0,  batt_mode=charge,  batt_discharge_w=0,  batt_charge_w=366.0,  load_w=1427.0, zone=unknown,  grid_charge=on, ev_charging_active=off, ev_charge_end=2026-02-23 05:00:02, ev_webhook_count=104, max_discharge_a=30, max_charge_a=10, max_grid_charge_a=10, soc_limit_a=20, volt_penalty_a=10, voltage_protected_limit_a=15, soc_power_w=1048, is_critical_soc=True
2026-02-28T23:46:00.340784+01:00,  soc=20.0,  volt=51.73,  volt_delta=-1.07, volt_rate_per_min=-1.07, volt_status=NORMAL, batt_w=-366.0,  batt_mode=charge,  batt_discharge_w=0,  batt_charge_w=366.0,  load_w=1427.0, zone=unknown,  grid_charge=on, ev_charging_active=off, ev_charge_end=2026-02-23 05:00:02, ev_webhook_count=104, max_discharge_a=35, max_charge_a=10, max_grid_charge_a=10, soc_limit_a=21, volt_penalty_a=10, voltage_protected_limit_a=15, soc_power_w=1097, is_critical_soc=False
2026-02-28T23:47:00.340626+01:00,  soc=20.0,  volt=51.73,  volt_delta=-1.07, volt_rate_per_min=-1.07, volt_status=NORMAL, batt_w=-366.0,  batt_mode=charge,  batt_discharge_w=0,  batt_charge_w=366.0,  load_w=1427.0, zone=unknown,  grid_charge=on, ev_charging_active=off, ev_charge_end=2026-02-23 05:00:02, ev_webhook_count=104, max_discharge_a=35, max_charge_a=10, max_grid_charge_a=10, soc_limit_a=21, volt_penalty_a=10, voltage_protected_limit_a=15, soc_power_w=1097, is_critical_soc=False
2026-02-28T23:48:00.340291+01:00,  soc=20.0,  volt=51.73,  volt_delta=-1.07, volt_rate_per_min=-1.07, volt_status=NORMAL, batt_w=-366.0,  batt_mode=charge,  batt_discharge_w=0,  batt_charge_w=366.0,  load_w=1427.0, zone=unknown,  grid_charge=on, ev_charging_active=off, ev_charge_end=2026-02-23 05:00:02, ev_webhook_count=104, max_discharge_a=35, max_charge_a=10, max_grid_charge_a=10, soc_limit_a=21, volt_penalty_a=10, voltage_protected_limit_a=15, soc_power_w=1097, is_critical_soc=False
2026-02-28T23:49:00.340631+01:00,  soc=20.0,  volt=51.73,  volt_delta=-1.07, volt_rate_per_min=-1.07, volt_status=NORMAL, batt_w=-366.0,  batt_mode=charge,  batt_discharge_w=0,  batt_charge_w=366.0,  load_w=1427.0, zone=unknown,  grid_charge=on, ev_charging_active=off, ev_charge_end=2026-02-23 05:00:02, ev_webhook_count=104, max_discharge_a=35, max_charge_a=10, max_grid_charge_a=10, soc_limit_a=21, volt_penalty_a=10, voltage_protected_limit_a=15, soc_power_w=1097, is_critical_soc=False
2026-02-28T23:50:00.340122+01:00,  soc=20.0,  volt=51.73,  volt_delta=-1.07, volt_rate_per_min=-1.07, volt_status=NORMAL, batt_w=-366.0,  batt_mode=charge,  batt_discharge_w=0,  batt_charge_w=366.0,  load_w=1401.0, zone=unknown,  grid_charge=on, ev_charging_active=off, ev_charge_end=2026-02-23 05:00:02, ev_webhook_count=104, max_discharge_a=35, max_charge_a=10, max_grid_charge_a=10, soc_limit_a=21, volt_penalty_a=10, voltage_protected_limit_a=15, soc_power_w=1097, is_critical_soc=False
2026-02-28T23:51:00.340495+01:00,  soc=20.0,  volt=51.73,  volt_delta=-1.07, volt_rate_per_min=-1.07, volt_status=NORMAL, batt_w=-366.0,  batt_mode=charge,  batt_discharge_w=0,  batt_charge_w=366.0,  load_w=1401.0, zone=unknown,  grid_charge=on, ev_charging_active=off, ev_charge_end=2026-02-23 05:00:02, ev_webhook_count=104, max_discharge_a=35, max_charge_a=10, max_grid_charge_a=10, soc_limit_a=21, volt_penalty_a=10, voltage_protected_limit_a=15, soc_power_w=1097, is_critical_soc=False
2026-02-28T23:52:00.339916+01:00,  soc=20.0,  volt=51.73,  volt_delta=-1.07, volt_rate_per_min=-1.07, volt_status=NORMAL, batt_w=-366.0,  batt_mode=charge,  batt_discharge_w=0,  batt_charge_w=366.0,  load_w=1401.0, zone=unknown,  grid_charge=on, ev_charging_active=off, ev_charge_end=2026-02-23 05:00:02, ev_webhook_count=104, max_discharge_a=35, max_charge_a=10, max_grid_charge_a=10, soc_limit_a=21, volt_penalty_a=10, voltage_protected_limit_a=15, soc_power_w=1097, is_critical_soc=False
2026-02-28T23:53:00.339958+01:00,  soc=20.0,  volt=51.73,  volt_delta=-1.07, volt_rate_per_min=-1.07, volt_status=NORMAL, batt_w=-366.0,  batt_mode=charge,  batt_discharge_w=0,  batt_charge_w=366.0,  load_w=1401.0, zone=unknown,  grid_charge=on, ev_charging_active=off, ev_charge_end=2026-02-23 05:00:02, ev_webhook_count=104, max_discharge_a=35, max_charge_a=10, max_grid_charge_a=10, soc_limit_a=21, volt_penalty_a=10, voltage_protected_limit_a=15, soc_power_w=1097, is_critical_soc=False
2026-02-28T23:54:00.339798+01:00,  soc=20.0,  volt=51.73,  volt_delta=-1.07, volt_rate_per_min=-1.07, volt_status=NORMAL, batt_w=-366.0,  batt_mode=charge,  batt_discharge_w=0,  batt_charge_w=366.0,  load_w=1401.0, zone=unknown,  grid_charge=on, ev_charging_active=off, ev_charge_end=2026-02-23 05:00:02, ev_webhook_count=104, max_discharge_a=35, max_charge_a=10, max_grid_charge_a=10, soc_limit_a=21, volt_penalty_a=10, voltage_protected_limit_a=15, soc_power_w=1097, is_critical_soc=False
2026-02-28T23:55:00.341140+01:00,  soc=20.0,  volt=51.75,  volt_delta=-1.05, volt_rate_per_min=-1.05, volt_status=NORMAL, batt_w=-368.0,  batt_mode=charge,  batt_discharge_w=0,  batt_charge_w=368.0,  load_w=1397.0, zone=unknown,  grid_charge=on, ev_charging_active=off, ev_charge_end=2026-02-23 05:00:02, ev_webhook_count=104, max_discharge_a=35, max_charge_a=10, max_grid_charge_a=10, soc_limit_a=21, volt_penalty_a=10, voltage_protected_limit_a=15, soc_power_w=1097, is_critical_soc=False
2026-02-28T23:56:00.340527+01:00,  soc=20.0,  volt=51.75,  volt_delta=-1.05, volt_rate_per_min=-1.05, volt_status=NORMAL, batt_w=-368.0,  batt_mode=charge,  batt_discharge_w=0,  batt_charge_w=368.0,  load_w=1397.0, zone=unknown,  grid_charge=on, ev_charging_active=off, ev_charge_end=2026-02-23 05:00:02, ev_webhook_count=104, max_discharge_a=35, max_charge_a=10, max_grid_charge_a=10, soc_limit_a=21, volt_penalty_a=10, voltage_protected_limit_a=15, soc_power_w=1097, is_critical_soc=False
2026-02-28T23:57:00.340419+01:00,  soc=20.0,  volt=51.75,  volt_delta=-1.05, volt_rate_per_min=-1.05, volt_status=NORMAL, batt_w=-368.0,  batt_mode=charge,  batt_discharge_w=0,  batt_charge_w=368.0,  load_w=1397.0, zone=unknown,  grid_charge=on, ev_charging_active=off, ev_charge_end=2026-02-23 05:00:02, ev_webhook_count=104, max_discharge_a=35, max_charge_a=10, max_grid_charge_a=10, soc_limit_a=21, volt_penalty_a=10, voltage_protected_limit_a=15, soc_power_w=1097, is_critical_soc=False
2026-02-28T23:58:00.340243+01:00,  soc=20.0,  volt=51.75,  volt_delta=-1.05, volt_rate_per_min=-1.05, volt_status=NORMAL, batt_w=-368.0,  batt_mode=charge,  batt_discharge_w=0,  batt_charge_w=368.0,  load_w=1397.0, zone=unknown,  grid_charge=on, ev_charging_active=off, ev_charge_end=2026-02-23 05:00:02, ev_webhook_count=104, max_discharge_a=35, max_charge_a=10, max_grid_charge_a=10, soc_limit_a=21, volt_penalty_a=10, voltage_protected_limit_a=15, soc_power_w=1097, is_critical_soc=False
2026-02-28T23:59:00.339921+01:00,  soc=20.0,  volt=51.75,  volt_delta=-1.05, volt_rate_per_min=-1.05, volt_status=NORMAL, batt_w=-368.0,  batt_mode=charge,  batt_discharge_w=0,  batt_charge_w=368.0,  load_w=1397.0, zone=unknown,  grid_charge=on, ev_charging_active=off, ev_charge_end=2026-02-23 05:00:02, ev_webhook_count=104, max_discharge_a=35, max_charge_a=10, max_grid_charge_a=10, soc_limit_a=21, volt_penalty_a=10, voltage_protected_limit_a=15, soc_power_w=1097, is_critical_soc=False
2026-03-01T00:00:00.339910+01:00,  soc=20.0,  volt=51.75,  volt_delta=-1.05, volt_rate_per_min=-1.05, volt_status=NORMAL, batt_w=-368.0,  batt_mode=charge,  batt_discharge_w=0,  batt_charge_w=368.0,  load_w=1362.0, zone=unknown,  grid_charge=on, ev_charging_active=off, ev_charge_end=2026-02-23 05:00:02, ev_webhook_count=104, max_discharge_a=35, max_charge_a=10, max_grid_charge_a=10, soc_limit_a=21, volt_penalty_a=10, voltage_protected_limit_a=15, soc_power_w=1097, is_critical_soc=False
2026-03-01T00:01:00.340384+01:00,  soc=21.0,  volt=51.75,  volt_delta=-1.05, volt_rate_per_min=-1.05, volt_status=NORMAL, batt_w=-368.0,  batt_mode=charge,  batt_discharge_w=0,  batt_charge_w=368.0,  load_w=1362.0, zone=unknown,  grid_charge=on, ev_charging_active=off, ev_charge_end=2026-02-23 05:00:02, ev_webhook_count=104, max_discharge_a=42, max_charge_a=10, max_grid_charge_a=10, soc_limit_a=22, volt_penalty_a=10, voltage_protected_limit_a=15, soc_power_w=1151, is_critical_soc=False
2026-03-01T00:02:00.339995+01:00,  soc=21.0,  volt=51.75,  volt_delta=-1.05, volt_rate_per_min=-1.05, volt_status=NORMAL, batt_w=-368.0,  batt_mode=charge,  batt_discharge_w=0,  batt_charge_w=368.0,  load_w=12294.0, zone=unknown,  grid_charge=on, ev_charging_active=off, ev_charge_end=2026-02-23 05:00:02, ev_webhook_count=104, max_discharge_a=42, max_charge_a=10, max_grid_charge_a=10, soc_limit_a=22, volt_penalty_a=10, voltage_protected_limit_a=15, soc_power_w=1151, is_critical_soc=False
2026-03-01T00:03:00.340345+01:00,  soc=21.0,  volt=51.75,  volt_delta=-1.05, volt_rate_per_min=-1.05, volt_status=NORMAL, batt_w=-368.0,  batt_mode=charge,  batt_discharge_w=0,  batt_charge_w=368.0,  load_w=12294.0, zone=unknown,  grid_charge=on, ev_charging_active=off, ev_charge_end=2026-02-23 05:00:02, ev_webhook_count=104, max_discharge_a=42, max_charge_a=10, max_grid_charge_a=10, soc_limit_a=22, volt_penalty_a=10, voltage_protected_limit_a=15, soc_power_w=1151, is_critical_soc=False
2026-03-01T00:04:00.339935+01:00,  soc=21.0,  volt=51.75,  volt_delta=-1.05, volt_rate_per_min=-1.05, volt_status=NORMAL, batt_w=-368.0,  batt_mode=charge,  batt_discharge_w=0,  batt_charge_w=368.0,  load_w=12294.0, zone=unknown,  grid_charge=on, ev_charging_active=off, ev_charge_end=2026-02-23 05:00:02, ev_webhook_count=104, max_discharge_a=42, max_charge_a=10, max_grid_charge_a=10, soc_limit_a=22, volt_penalty_a=10, voltage_protected_limit_a=15, soc_power_w=1151, is_critical_soc=False
2026-03-01T00:05:00.340474+01:00,  soc=21.0,  volt=51.77,  volt_delta=-1.03, volt_rate_per_min=-1.03, volt_status=NORMAL, batt_w=-368.0,  batt_mode=charge,  batt_discharge_w=0,  batt_charge_w=368.0,  load_w=12294.0, zone=unknown,  grid_charge=on, ev_charging_active=off, ev_charge_end=2026-02-23 05:00:02, ev_webhook_count=104, max_discharge_a=42, max_charge_a=10, max_grid_charge_a=10, soc_limit_a=22, volt_penalty_a=10, voltage_protected_limit_a=15, soc_power_w=1151, is_critical_soc=False
2026-03-01T00:06:00.340315+01:00,  soc=21.0,  volt=51.78,  volt_delta=-1.02, volt_rate_per_min=-1.02, volt_status=NORMAL, batt_w=-368.0,  batt_mode=charge,  batt_discharge_w=0,  batt_charge_w=368.0,  load_w=12292.0, zone=unknown,  grid_charge=on, ev_charging_active=off, ev_charge_end=2026-02-23 05:00:02, ev_webhook_count=104, max_discharge_a=22, max_charge_a=10, max_grid_charge_a=10, soc_limit_a=22, volt_penalty_a=10, voltage_protected_limit_a=15, soc_power_w=1151, is_critical_soc=False
2026-03-01T00:07:00.340692+01:00,  soc=21.0,  volt=51.78,  volt_delta=-1.02, volt_rate_per_min=-1.02, volt_status=NORMAL, batt_w=-368.0,  batt_mode=charge,  batt_discharge_w=0,  batt_charge_w=368.0,  load_w=12292.0, zone=unknown,  grid_charge=on, ev_charging_active=off, ev_charge_end=2026-02-23 05:00:02, ev_webhook_count=104, max_discharge_a=22, max_charge_a=10, max_grid_charge_a=10, soc_limit_a=22, volt_penalty_a=10, voltage_protected_limit_a=15, soc_power_w=1151, is_critical_soc=False
2026-03-01T00:08:00.340493+01:00,  soc=21.0,  volt=51.78,  volt_delta=-1.02, volt_rate_per_min=-1.02, volt_status=NORMAL, batt_w=-368.0,  batt_mode=charge,  batt_discharge_w=0,  batt_charge_w=368.0,  load_w=12292.0, zone=unknown,  grid_charge=on, ev_charging_active=off, ev_charge_end=2026-02-23 05:00:02, ev_webhook_count=104, max_discharge_a=22, max_charge_a=10, max_grid_charge_a=10, soc_limit_a=22, volt_penalty_a=10, voltage_protected_limit_a=15, soc_power_w=1151, is_critical_soc=False
2026-03-01T00:09:00.340679+01:00,  soc=21.0,  volt=51.78,  volt_delta=-1.02, volt_rate_per_min=-1.02, volt_status=NORMAL, batt_w=-368.0,  batt_mode=charge,  batt_discharge_w=0,  batt_charge_w=368.0,  load_w=12292.0, zone=unknown,  grid_charge=on, ev_charging_active=off, ev_charge_end=2026-02-23 05:00:02, ev_webhook_count=104, max_discharge_a=22, max_charge_a=10, max_grid_charge_a=10, soc_limit_a=22, volt_penalty_a=10, voltage_protected_limit_a=15, soc_power_w=1151, is_critical_soc=False
2026-03-01T00:10:00.339912+01:00,  soc=21.0,  volt=51.78,  volt_delta=-1.02, volt_rate_per_min=-1.02, volt_status=NORMAL, batt_w=-368.0,  batt_mode=charge,  batt_discharge_w=0,  batt_charge_w=368.0,  load_w=12292.0, zone=unknown,  grid_charge=on, ev_charging_active=off, ev_charge_end=2026-02-23 05:00:02, ev_webhook_count=104, max_discharge_a=22, max_charge_a=10, max_grid_charge_a=10, soc_limit_a=22, volt_penalty_a=10, voltage_protected_limit_a=15, soc_power_w=1151, is_critical_soc=False
2026-03-01T00:11:00.340358+01:00,  soc=21.0,  volt=51.78,  volt_delta=-1.02, volt_rate_per_min=-1.02, volt_status=NORMAL, batt_w=-368.0,  batt_mode=charge,  batt_discharge_w=0,  batt_charge_w=368.0,  load_w=12345.0, zone=unknown,  grid_charge=on, ev_charging_active=off, ev_charge_end=2026-02-23 05:00:02, ev_webhook_count=104, max_discharge_a=22, max_charge_a=10, max_grid_charge_a=10, soc_limit_a=22, volt_penalty_a=10, voltage_protected_limit_a=15, soc_power_w=1151, is_critical_soc=False
2026-03-01T00:12:00.340462+01:00,  soc=21.0,  volt=51.78,  volt_delta=-1.02, volt_rate_per_min=-1.02, volt_status=NORMAL, batt_w=-368.0,  batt_mode=charge,  batt_discharge_w=0,  batt_charge_w=368.0,  load_w=12345.0, zone=unknown,  grid_charge=on, ev_charging_active=off, ev_charge_end=2026-02-23 05:00:02, ev_webhook_count=104, max_discharge_a=22, max_charge_a=10, max_grid_charge_a=10, soc_limit_a=22, volt_penalty_a=10, voltage_protected_limit_a=15, soc_power_w=1151, is_critical_soc=False
2026-03-01T00:13:00.340180+01:00,  soc=21.0,  volt=51.78,  volt_delta=-1.02, volt_rate_per_min=-1.02, volt_status=NORMAL, batt_w=-368.0,  batt_mode=charge,  batt_discharge_w=0,  batt_charge_w=368.0,  load_w=12345.0, zone=unknown,  grid_charge=on, ev_charging_active=off, ev_charge_end=2026-02-23 05:00:02, ev_webhook_count=104, max_discharge_a=22, max_charge_a=10, max_grid_charge_a=10, soc_limit_a=22, volt_penalty_a=10, voltage_protected_limit_a=15, soc_power_w=1151, is_critical_soc=False
2026-03-01T00:14:00.340267+01:00,  soc=21.0,  volt=51.78,  volt_delta=-1.02, volt_rate_per_min=-1.02, volt_status=NORMAL, batt_w=-368.0,  batt_mode=charge,  batt_discharge_w=0,  batt_charge_w=368.0,  load_w=12345.0, zone=unknown,  grid_charge=on, ev_charging_active=off, ev_charge_end=2026-02-23 05:00:02, ev_webhook_count=104, max_discharge_a=22, max_charge_a=10, max_grid_charge_a=10, soc_limit_a=22, volt_penalty_a=10, voltage_protected_limit_a=15, soc_power_w=1151, is_critical_soc=False
2026-03-01T00:15:00.340891+01:00,  soc=21.0,  volt=51.79,  volt_delta=-1.01, volt_rate_per_min=-1.01, volt_status=NORMAL, batt_w=-367.0,  batt_mode=charge,  batt_discharge_w=0,  batt_charge_w=367.0,  load_w=12345.0, zone=unknown,  grid_charge=on, ev_charging_active=off, ev_charge_end=2026-02-23 05:00:02, ev_webhook_count=104, max_discharge_a=22, max_charge_a=10, max_grid_charge_a=10, soc_limit_a=22, volt_penalty_a=10, voltage_protected_limit_a=15, soc_power_w=1151, is_critical_soc=False
2026-03-01T00:16:00.340086+01:00,  soc=21.0,  volt=51.79,  volt_delta=-1.01, volt_rate_per_min=-1.01, volt_status=NORMAL, batt_w=-367.0,  batt_mode=charge,  batt_discharge_w=0,  batt_charge_w=367.0,  load_w=12296.0, zone=unknown,  grid_charge=on, ev_charging_active=off, ev_charge_end=2026-02-23 05:00:02, ev_webhook_count=104, max_discharge_a=22, max_charge_a=10, max_grid_charge_a=10, soc_limit_a=22, volt_penalty_a=10, voltage_protected_limit_a=15, soc_power_w=1151, is_critical_soc=False
2026-03-01T00:17:00.339876+01:00,  soc=22.0,  volt=51.79,  volt_delta=-1.01, volt_rate_per_min=-1.01, volt_status=NORMAL, batt_w=-367.0,  batt_mode=charge,  batt_discharge_w=0,  batt_charge_w=367.0,  load_w=12296.0, zone=unknown,  grid_charge=on, ev_charging_active=off, ev_charge_end=2026-02-23 05:00:02, ev_webhook_count=104, max_discharge_a=25, max_charge_a=10, max_grid_charge_a=10, soc_limit_a=23, volt_penalty_a=10, voltage_protected_limit_a=15, soc_power_w=1210, is_critical_soc=False
2026-03-01T00:18:00.340524+01:00,  soc=22.0,  volt=51.79,  volt_delta=-1.01, volt_rate_per_min=-1.01, volt_status=NORMAL, batt_w=-367.0,  batt_mode=charge,  batt_discharge_w=0,  batt_charge_w=367.0,  load_w=12296.0, zone=unknown,  grid_charge=on, ev_charging_active=off, ev_charge_end=2026-02-23 05:00:02, ev_webhook_count=104, max_discharge_a=25, max_charge_a=10, max_grid_charge_a=10, soc_limit_a=23, volt_penalty_a=10, voltage_protected_limit_a=15, soc_power_w=1210, is_critical_soc=False
2026-03-01T00:19:00.339890+01:00,  soc=22.0,  volt=51.79,  volt_delta=-1.01, volt_rate_per_min=-1.01, volt_status=NORMAL, batt_w=-367.0,  batt_mode=charge,  batt_discharge_w=0,  batt_charge_w=367.0,  load_w=12296.0, zone=unknown,  grid_charge=on, ev_charging_active=off, ev_charge_end=2026-02-23 05:00:02, ev_webhook_count=104, max_discharge_a=25, max_charge_a=10, max_grid_charge_a=10, soc_limit_a=23, volt_penalty_a=10, voltage_protected_limit_a=15, soc_power_w=1210, is_critical_soc=False
2026-03-01T00:20:00.340484+01:00,  soc=22.0,  volt=51.79,  volt_delta=-1.01, volt_rate_per_min=-1.01, volt_status=NORMAL, batt_w=-367.0,  batt_mode=charge,  batt_discharge_w=0,  batt_charge_w=367.0,  load_w=12296.0, zone=unknown,  grid_charge=on, ev_charging_active=off, ev_charge_end=2026-02-23 05:00:02, ev_webhook_count=104, max_discharge_a=25, max_charge_a=10, max_grid_charge_a=10, soc_limit_a=23, volt_penalty_a=10, voltage_protected_limit_a=15, soc_power_w=1210, is_critical_soc=False
2026-03-01T00:21:00.340449+01:00,  soc=22.0,  volt=51.79,  volt_delta=-1.01, volt_rate_per_min=-1.01, volt_status=NORMAL, batt_w=-367.0,  batt_mode=charge,  batt_discharge_w=0,  batt_charge_w=367.0,  load_w=12149.0, zone=unknown,  grid_charge=on, ev_charging_active=off, ev_charge_end=2026-02-23 05:00:02, ev_webhook_count=104, max_discharge_a=25, max_charge_a=10, max_grid_charge_a=10, soc_limit_a=23, volt_penalty_a=10, voltage_protected_limit_a=15, soc_power_w=1210, is_critical_soc=False
2026-03-01T00:22:00.340661+01:00,  soc=22.0,  volt=51.79,  volt_delta=-1.01, volt_rate_per_min=-1.01, volt_status=NORMAL, batt_w=-367.0,  batt_mode=charge,  batt_discharge_w=0,  batt_charge_w=367.0,  load_w=12207.0, zone=unknown,  grid_charge=on, ev_charging_active=off, ev_charge_end=2026-02-23 05:00:02, ev_webhook_count=104, max_discharge_a=25, max_charge_a=10, max_grid_charge_a=10, soc_limit_a=23, volt_penalty_a=10, voltage_protected_limit_a=15, soc_power_w=1210, is_critical_soc=False
2026-03-01T00:23:00.340743+01:00,  soc=22.0,  volt=51.79,  volt_delta=-1.01, volt_rate_per_min=-1.01, volt_status=NORMAL, batt_w=-367.0,  batt_mode=charge,  batt_discharge_w=0,  batt_charge_w=367.0,  load_w=12147.0, zone=unknown,  grid_charge=on, ev_charging_active=off, ev_charge_end=2026-02-23 05:00:02, ev_webhook_count=104, max_discharge_a=25, max_charge_a=10, max_grid_charge_a=10, soc_limit_a=23, volt_penalty_a=10, voltage_protected_limit_a=15, soc_power_w=1210, is_critical_soc=False
2026-03-01T00:24:00.340353+01:00,  soc=22.0,  volt=51.79,  volt_delta=-1.01, volt_rate_per_min=-1.01, volt_status=NORMAL, batt_w=-367.0,  batt_mode=charge,  batt_discharge_w=0,  batt_charge_w=367.0,  load_w=12147.0, zone=unknown,  grid_charge=on, ev_charging_active=off, ev_charge_end=2026-02-23 05:00:02, ev_webhook_count=104, max_discharge_a=25, max_charge_a=10, max_grid_charge_a=10, soc_limit_a=23, volt_penalty_a=10, voltage_protected_limit_a=15, soc_power_w=1210, is_critical_soc=False
2026-03-01T00:25:00.339901+01:00,  soc=22.0,  volt=51.82,  volt_delta=-0.98, volt_rate_per_min=-0.98, volt_status=NORMAL, batt_w=-368.0,  batt_mode=charge,  batt_discharge_w=0,  batt_charge_w=368.0,  load_w=12147.0, zone=unknown,  grid_charge=on, ev_charging_active=off, ev_charge_end=2026-02-23 05:00:02, ev_webhook_count=104, max_discharge_a=25, max_charge_a=10, max_grid_charge_a=10, soc_limit_a=23, volt_penalty_a=10, voltage_protected_limit_a=15, soc_power_w=1210, is_critical_soc=False
2026-03-01T00:26:00.340526+01:00,  soc=22.0,  volt=51.82,  volt_delta=-0.98, volt_rate_per_min=-0.98, volt_status=NORMAL, batt_w=-368.0,  batt_mode=charge,  batt_discharge_w=0,  batt_charge_w=368.0,  load_w=12250.0, zone=unknown,  grid_charge=on, ev_charging_active=off, ev_charge_end=2026-02-23 05:00:02, ev_webhook_count=104, max_discharge_a=25, max_charge_a=10, max_grid_charge_a=10, soc_limit_a=23, volt_penalty_a=10, voltage_protected_limit_a=15, soc_power_w=1210, is_critical_soc=False
2026-03-01T00:27:00.340064+01:00,  soc=22.0,  volt=51.82,  volt_delta=-0.98, volt_rate_per_min=-0.98, volt_status=NORMAL, batt_w=-368.0,  batt_mode=charge,  batt_discharge_w=0,  batt_charge_w=368.0,  load_w=12177.0, zone=unknown,  grid_charge=on, ev_charging_active=off, ev_charge_end=2026-02-23 05:00:02, ev_webhook_count=104, max_discharge_a=25, max_charge_a=10, max_grid_charge_a=10, soc_limit_a=23, volt_penalty_a=10, voltage_protected_limit_a=15, soc_power_w=1210, is_critical_soc=False
2026-03-01T00:28:00.339850+01:00,  soc=22.0,  volt=51.82,  volt_delta=-0.98, volt_rate_per_min=-0.98, volt_status=NORMAL, batt_w=-368.0,  batt_mode=charge,  batt_discharge_w=0,  batt_charge_w=368.0,  load_w=12305.0, zone=unknown,  grid_charge=on, ev_charging_active=off, ev_charge_end=2026-02-23 05:00:02, ev_webhook_count=104, max_discharge_a=25, max_charge_a=10, max_grid_charge_a=10, soc_limit_a=23, volt_penalty_a=10, voltage_protected_limit_a=15, soc_power_w=1210, is_critical_soc=False
2026-03-01T00:29:00.340396+01:00,  soc=22.0,  volt=51.82,  volt_delta=-0.98, volt_rate_per_min=-0.98, volt_status=NORMAL, batt_w=-368.0,  batt_mode=charge,  batt_discharge_w=0,  batt_charge_w=368.0,  load_w=12305.0, zone=unknown,  grid_charge=on, ev_charging_active=off, ev_charge_end=2026-02-23 05:00:02, ev_webhook_count=104, max_discharge_a=25, max_charge_a=10, max_grid_charge_a=10, soc_limit_a=23, volt_penalty_a=10, voltage_protected_limit_a=15, soc_power_w=1210, is_critical_soc=False
2026-03-01T00:30:00.339784+01:00,  soc=22.0,  volt=51.82,  volt_delta=-0.98, volt_rate_per_min=-0.98, volt_status=NORMAL, batt_w=-368.0,  batt_mode=charge,  batt_discharge_w=0,  batt_charge_w=368.0,  load_w=12254.0, zone=unknown,  grid_charge=on, ev_charging_active=off, ev_charge_end=2026-02-23 05:00:02, ev_webhook_count=104, max_discharge_a=25, max_charge_a=10, max_grid_charge_a=10, soc_limit_a=23, volt_penalty_a=10, voltage_protected_limit_a=15, soc_power_w=1210, is_critical_soc=False
2026-03-01T00:31:00.340460+01:00,  soc=22.0,  volt=51.82,  volt_delta=-0.98, volt_rate_per_min=-0.98, volt_status=NORMAL, batt_w=-368.0,  batt_mode=charge,  batt_discharge_w=0,  batt_charge_w=368.0,  load_w=12142.0, zone=unknown,  grid_charge=on, ev_charging_active=off, ev_charge_end=2026-02-23 05:00:02, ev_webhook_count=104, max_discharge_a=25, max_charge_a=10, max_grid_charge_a=10, soc_limit_a=23, volt_penalty_a=10, voltage_protected_limit_a=15, soc_power_w=1210, is_critical_soc=False
2026-03-01T00:32:00.340325+01:00,  soc=22.0,  volt=51.82,  volt_delta=-0.98, volt_rate_per_min=-0.98, volt_status=NORMAL, batt_w=-368.0,  batt_mode=charge,  batt_discharge_w=0,  batt_charge_w=368.0,  load_w=12166.0, zone=unknown,  grid_charge=on, ev_charging_active=off, ev_charge_end=2026-02-23 05:00:02, ev_webhook_count=104, max_discharge_a=25, max_charge_a=10, max_grid_charge_a=10, soc_limit_a=23, volt_penalty_a=10, voltage_protected_limit_a=15, soc_power_w=1210, is_critical_soc=False
2026-03-01T00:33:00.340615+01:00,  soc=23.0,  volt=51.82,  volt_delta=-0.98, volt_rate_per_min=-0.98, volt_status=NORMAL, batt_w=-368.0,  batt_mode=charge,  batt_discharge_w=0,  batt_charge_w=368.0,  load_w=12166.0, zone=unknown,  grid_charge=on, ev_charging_active=off, ev_charge_end=2026-02-23 05:00:02, ev_webhook_count=104, max_discharge_a=28, max_charge_a=10, max_grid_charge_a=10, soc_limit_a=25, volt_penalty_a=10, voltage_protected_limit_a=15, soc_power_w=1274, is_critical_soc=False
2026-03-01T00:34:00.341176+01:00,  soc=23.0,  volt=51.82,  volt_delta=-0.98, volt_rate_per_min=-0.98, volt_status=NORMAL, batt_w=-368.0,  batt_mode=charge,  batt_discharge_w=0,  batt_charge_w=368.0,  load_w=12135.0, zone=unknown,  grid_charge=on, ev_charging_active=off, ev_charge_end=2026-02-23 05:00:02, ev_webhook_count=104, max_discharge_a=28, max_charge_a=10, max_grid_charge_a=10, soc_limit_a=25, volt_penalty_a=10, voltage_protected_limit_a=15, soc_power_w=1274, is_critical_soc=False
2026-03-01T00:35:00.340706+01:00,  soc=23.0,  volt=51.85,  volt_delta=-0.95, volt_rate_per_min=-0.95, volt_status=NORMAL, batt_w=-367.0,  batt_mode=charge,  batt_discharge_w=0,  batt_charge_w=367.0,  load_w=12135.0, zone=unknown,  grid_charge=on, ev_charging_active=off, ev_charge_end=2026-02-23 05:00:02, ev_webhook_count=104, max_discharge_a=28, max_charge_a=10, max_grid_charge_a=10, soc_limit_a=25, volt_penalty_a=10, voltage_protected_limit_a=15, soc_power_w=1274, is_critical_soc=False
2026-03-01T00:36:00.340065+01:00,  soc=23.0,  volt=51.85,  volt_delta=-0.95, volt_rate_per_min=-0.95, volt_status=NORMAL, batt_w=-367.0,  batt_mode=charge,  batt_discharge_w=0,  batt_charge_w=367.0,  load_w=12135.0, zone=unknown,  grid_charge=on, ev_charging_active=off, ev_charge_end=2026-02-23 05:00:02, ev_webhook_count=104, max_discharge_a=28, max_charge_a=10, max_grid_charge_a=10, soc_limit_a=25, volt_penalty_a=10, voltage_protected_limit_a=15, soc_power_w=1274, is_critical_soc=False
2026-03-01T00:37:00.340189+01:00,  soc=23.0,  volt=52.55,  volt_delta=-0.25, volt_rate_per_min=-0.25, volt_status=NORMAL, batt_w=-2560.0,  batt_mode=charge,  batt_discharge_w=0,  batt_charge_w=2560.0,  load_w=12135.0, zone=unknown,  grid_charge=on, ev_charging_active=off, ev_charge_end=2026-02-23 05:00:02, ev_webhook_count=104, max_discharge_a=28, max_charge_a=60, max_grid_charge_a=60, soc_limit_a=24, volt_penalty_a=5, voltage_protected_limit_a=19, soc_power_w=1274, is_critical_soc=False
2026-03-01T00:38:00.340278+01:00,  soc=23.0,  volt=52.67,  volt_delta=-0.13, volt_rate_per_min=-0.13, volt_status=NORMAL, batt_w=-2560.0,  batt_mode=charge,  batt_discharge_w=0,  batt_charge_w=2560.0,  load_w=12146.0, zone=unknown,  grid_charge=on, ev_charging_active=off, ev_charge_end=2026-02-23 05:00:02, ev_webhook_count=104, max_discharge_a=28, max_charge_a=90, max_grid_charge_a=90, soc_limit_a=24, volt_penalty_a=0, voltage_protected_limit_a=24, soc_power_w=1274, is_critical_soc=False
2026-03-01T00:39:00.339899+01:00,  soc=24.0,  volt=52.8,  volt_delta=0.0, volt_rate_per_min=0.0, volt_status=NORMAL, batt_w=-2560.0,  batt_mode=charge,  batt_discharge_w=0,  batt_charge_w=2560.0,  load_w=12146.0, zone=unknown,  grid_charge=on, ev_charging_active=off, ev_charge_end=2026-02-23 05:00:02, ev_webhook_count=104, max_discharge_a=30, max_charge_a=90, max_grid_charge_a=90, soc_limit_a=25, volt_penalty_a=0, voltage_protected_limit_a=25, soc_power_w=1343, is_critical_soc=False
2026-03-01T00:40:00.340028+01:00,  soc=24.0,  volt=52.8,  volt_delta=0.0, volt_rate_per_min=0.0, volt_status=NORMAL, batt_w=-2560.0,  batt_mode=charge,  batt_discharge_w=0,  batt_charge_w=2560.0,  load_w=12146.0, zone=unknown,  grid_charge=on, ev_charging_active=off, ev_charge_end=2026-02-23 05:00:02, ev_webhook_count=104, max_discharge_a=30, max_charge_a=90, max_grid_charge_a=90, soc_limit_a=25, volt_penalty_a=0, voltage_protected_limit_a=25, soc_power_w=1343, is_critical_soc=False
2026-03-01T00:41:00.340236+01:00,  soc=24.0,  volt=52.0,  volt_delta=-0.8, volt_rate_per_min=-0.8, volt_status=NORMAL, batt_w=76.0,  batt_mode=discharge,  batt_discharge_w=76.0,  batt_charge_w=0,  load_w=12146.0, zone=unknown,  grid_charge=on, ev_charging_active=off, ev_charge_end=2026-02-23 05:00:02, ev_webhook_count=104, max_discharge_a=30, max_charge_a=0, max_grid_charge_a=100, soc_limit_a=26, volt_penalty_a=10, voltage_protected_limit_a=16, soc_power_w=1343, is_critical_soc=False
2026-03-01T00:42:00.340094+01:00,  soc=25.0,  volt=52.8,  volt_delta=0.0, volt_rate_per_min=0.0, volt_status=NORMAL, batt_w=-2542.0,  batt_mode=charge,  batt_discharge_w=0,  batt_charge_w=2542.0,  load_w=12185.0, zone=unknown,  grid_charge=on, ev_charging_active=off, ev_charge_end=2026-02-23 05:00:02, ev_webhook_count=104, max_discharge_a=32, max_charge_a=100, max_grid_charge_a=100, soc_limit_a=27, volt_penalty_a=0, voltage_protected_limit_a=27, soc_power_w=1418, is_critical_soc=False
2026-03-01T00:43:00.340402+01:00,  soc=25.0,  volt=52.8,  volt_delta=0.0, volt_rate_per_min=0.0, volt_status=NORMAL, batt_w=-2540.0,  batt_mode=charge,  batt_discharge_w=0,  batt_charge_w=2540.0,  load_w=12138.0, zone=unknown,  grid_charge=on, ev_charging_active=off, ev_charge_end=2026-02-23 05:00:02, ev_webhook_count=104, max_discharge_a=32, max_charge_a=100, max_grid_charge_a=100, soc_limit_a=27, volt_penalty_a=0, voltage_protected_limit_a=27, soc_power_w=1418, is_critical_soc=False
2026-03-01T00:44:00.339934+01:00,  soc=25.0,  volt=52.9,  volt_delta=0.1, volt_rate_per_min=0.1, volt_status=NORMAL, batt_w=-2540.0,  batt_mode=charge,  batt_discharge_w=0,  batt_charge_w=2540.0,  load_w=12083.0, zone=unknown,  grid_charge=on, ev_charging_active=off, ev_charge_end=2026-02-23 05:00:02, ev_webhook_count=104, max_discharge_a=32, max_charge_a=100, max_grid_charge_a=100, soc_limit_a=27, volt_penalty_a=0, voltage_protected_limit_a=27, soc_power_w=1418, is_critical_soc=False
2026-03-01T00:45:00.339988+01:00,  soc=26.0,  volt=53.01,  volt_delta=0.21, volt_rate_per_min=0.21, volt_status=NORMAL, batt_w=-2582.0,  batt_mode=charge,  batt_discharge_w=0,  batt_charge_w=2582.0,  load_w=12083.0, zone=unknown,  grid_charge=on, ev_charging_active=off, ev_charge_end=2026-02-23 05:00:02, ev_webhook_count=104, max_discharge_a=35, max_charge_a=100, max_grid_charge_a=100, soc_limit_a=28, volt_penalty_a=0, voltage_protected_limit_a=28, soc_power_w=1497, is_critical_soc=False
2026-03-01T00:46:00.340468+01:00,  soc=26.0,  volt=53.01,  volt_delta=0.21, volt_rate_per_min=0.21, volt_status=NORMAL, batt_w=-2663.0,  batt_mode=charge,  batt_discharge_w=0,  batt_charge_w=2663.0,  load_w=12083.0, zone=unknown,  grid_charge=on, ev_charging_active=off, ev_charge_end=2026-02-23 05:00:02, ev_webhook_count=104, max_discharge_a=35, max_charge_a=100, max_grid_charge_a=100, soc_limit_a=28, volt_penalty_a=0, voltage_protected_limit_a=28, soc_power_w=1497, is_critical_soc=False
2026-03-01T00:47:00.340397+01:00,  soc=27.0,  volt=53.11,  volt_delta=0.31, volt_rate_per_min=0.31, volt_status=NORMAL, batt_w=-2663.0,  batt_mode=charge,  batt_discharge_w=0,  batt_charge_w=2663.0,  load_w=12149.0, zone=unknown,  grid_charge=on, ev_charging_active=off, ev_charge_end=2026-02-23 05:00:02, ev_webhook_count=104, max_discharge_a=38, max_charge_a=100, max_grid_charge_a=100, soc_limit_a=30, volt_penalty_a=0, voltage_protected_limit_a=30, soc_power_w=1582, is_critical_soc=False
2026-03-01T00:48:00.340202+01:00,  soc=27.0,  volt=53.11,  volt_delta=0.31, volt_rate_per_min=0.31, volt_status=NORMAL, batt_w=-2599.0,  batt_mode=charge,  batt_discharge_w=0,  batt_charge_w=2599.0,  load_w=12152.0, zone=unknown,  grid_charge=on, ev_charging_active=off, ev_charge_end=2026-02-23 05:00:02, ev_webhook_count=104, max_discharge_a=38, max_charge_a=90, max_grid_charge_a=64, soc_limit_a=30, volt_penalty_a=0, voltage_protected_limit_a=30, soc_power_w=1582, is_critical_soc=False
2026-03-01T00:49:00.340094+01:00,  soc=28.0,  volt=53.11,  volt_delta=0.31, volt_rate_per_min=0.31, volt_status=NORMAL, batt_w=-2599.0,  batt_mode=charge,  batt_discharge_w=0,  batt_charge_w=2599.0,  load_w=12152.0, zone=unknown,  grid_charge=on, ev_charging_active=off, ev_charge_end=2026-02-23 05:00:02, ev_webhook_count=104, max_discharge_a=40, max_charge_a=90, max_grid_charge_a=64, soc_limit_a=31, volt_penalty_a=0, voltage_protected_limit_a=31, soc_power_w=1672, is_critical_soc=False
2026-03-01T00:50:00.340508+01:00,  soc=28.0,  volt=53.21,  volt_delta=0.41, volt_rate_per_min=0.41, volt_status=NORMAL, batt_w=-2599.0,  batt_mode=charge,  batt_discharge_w=0,  batt_charge_w=2599.0,  load_w=12152.0, zone=unknown,  grid_charge=on, ev_charging_active=off, ev_charge_end=2026-02-23 05:00:02, ev_webhook_count=104, max_discharge_a=40, max_charge_a=90, max_grid_charge_a=64, soc_limit_a=31, volt_penalty_a=0, voltage_protected_limit_a=31, soc_power_w=1672, is_critical_soc=False
2026-03-01T00:51:00.340855+01:00,  soc=29.0,  volt=53.21,  volt_delta=0.41, volt_rate_per_min=0.41, volt_status=NORMAL, batt_w=-2599.0,  batt_mode=charge,  batt_discharge_w=0,  batt_charge_w=2599.0,  load_w=12152.0, zone=unknown,  grid_charge=on, ev_charging_active=off, ev_charge_end=2026-02-23 05:00:02, ev_webhook_count=104, max_discharge_a=42, max_charge_a=90, max_grid_charge_a=64, soc_limit_a=33, volt_penalty_a=0, voltage_protected_limit_a=33, soc_power_w=1767, is_critical_soc=False
2026-03-01T00:52:00.340701+01:00,  soc=29.0,  volt=53.21,  volt_delta=0.41, volt_rate_per_min=0.41, volt_status=NORMAL, batt_w=-2599.0,  batt_mode=charge,  batt_discharge_w=0,  batt_charge_w=2599.0,  load_w=12067.0, zone=unknown,  grid_charge=on, ev_charging_active=off, ev_charge_end=2026-02-23 05:00:02, ev_webhook_count=104, max_discharge_a=42, max_charge_a=90, max_grid_charge_a=64, soc_limit_a=33, volt_penalty_a=0, voltage_protected_limit_a=33, soc_power_w=1767, is_critical_soc=False
2026-03-01T00:53:00.340534+01:00,  soc=29.0,  volt=53.32,  volt_delta=0.52, volt_rate_per_min=0.52, volt_status=NORMAL, batt_w=-2599.0,  batt_mode=charge,  batt_discharge_w=0,  batt_charge_w=2599.0,  load_w=12067.0, zone=unknown,  grid_charge=on, ev_charging_active=off, ev_charge_end=2026-02-23 05:00:02, ev_webhook_count=104, max_discharge_a=42, max_charge_a=90, max_grid_charge_a=64, soc_limit_a=33, volt_penalty_a=0, voltage_protected_limit_a=33, soc_power_w=1767, is_critical_soc=False
2026-03-01T00:54:00.340169+01:00,  soc=30.0,  volt=53.32,  volt_delta=0.52, volt_rate_per_min=0.52, volt_status=NORMAL, batt_w=-2599.0,  batt_mode=charge,  batt_discharge_w=0,  batt_charge_w=2599.0,  load_w=12075.0, zone=unknown,  grid_charge=on, ev_charging_active=off, ev_charge_end=2026-02-23 05:00:02, ev_webhook_count=104, max_discharge_a=45, max_charge_a=90, max_grid_charge_a=64, soc_limit_a=35, volt_penalty_a=0, voltage_protected_limit_a=35, soc_power_w=1867, is_critical_soc=False
2026-03-01T00:55:00.340216+01:00,  soc=30.0,  volt=53.36,  volt_delta=0.56, volt_rate_per_min=0.56, volt_status=NORMAL, batt_w=-2594.0,  batt_mode=charge,  batt_discharge_w=0,  batt_charge_w=2594.0,  load_w=12075.0, zone=unknown,  grid_charge=on, ev_charging_active=off, ev_charge_end=2026-02-23 05:00:02, ev_webhook_count=104, max_discharge_a=45, max_charge_a=90, max_grid_charge_a=64, soc_limit_a=35, volt_penalty_a=0, voltage_protected_limit_a=35, soc_power_w=1867, is_critical_soc=False
2026-03-01T00:56:00.340018+01:00,  soc=31.0,  volt=53.36,  volt_delta=0.56, volt_rate_per_min=0.56, volt_status=NORMAL, batt_w=-2594.0,  batt_mode=charge,  batt_discharge_w=0,  batt_charge_w=2594.0,  load_w=12075.0, zone=unknown,  grid_charge=on, ev_charging_active=off, ev_charge_end=2026-02-23 05:00:02, ev_webhook_count=104, max_discharge_a=48, max_charge_a=90, max_grid_charge_a=64, soc_limit_a=37, volt_penalty_a=0, voltage_protected_limit_a=37, soc_power_w=1972, is_critical_soc=False
2026-03-01T00:57:00.340586+01:00,  soc=31.0,  volt=53.42,  volt_delta=0.62, volt_rate_per_min=0.62, volt_status=NORMAL, batt_w=-2594.0,  batt_mode=charge,  batt_discharge_w=0,  batt_charge_w=2594.0,  load_w=12075.0, zone=unknown,  grid_charge=on, ev_charging_active=off, ev_charge_end=2026-02-23 05:00:02, ev_webhook_count=104, max_discharge_a=48, max_charge_a=90, max_grid_charge_a=64, soc_limit_a=37, volt_penalty_a=0, voltage_protected_limit_a=37, soc_power_w=1972, is_critical_soc=False
2026-03-01T00:58:00.340228+01:00,  soc=32.0,  volt=53.42,  volt_delta=0.62, volt_rate_per_min=0.62, volt_status=NORMAL, batt_w=-2594.0,  batt_mode=charge,  batt_discharge_w=0,  batt_charge_w=2594.0,  load_w=12075.0, zone=unknown,  grid_charge=on, ev_charging_active=off, ev_charge_end=2026-02-23 05:00:02, ev_webhook_count=104, max_discharge_a=50, max_charge_a=90, max_grid_charge_a=64, soc_limit_a=39, volt_penalty_a=0, voltage_protected_limit_a=39, soc_power_w=2082, is_critical_soc=False
2026-03-01T00:59:00.340766+01:00,  soc=32.0,  volt=53.52,  volt_delta=0.72, volt_rate_per_min=0.72, volt_status=NORMAL, batt_w=-2661.0,  batt_mode=charge,  batt_discharge_w=0,  batt_charge_w=2661.0,  load_w=12074.0, zone=unknown,  grid_charge=on, ev_charging_active=off, ev_charge_end=2026-02-23 05:00:02, ev_webhook_count=104, max_discharge_a=50, max_charge_a=90, max_grid_charge_a=64, soc_limit_a=39, volt_penalty_a=0, voltage_protected_limit_a=39, soc_power_w=2082, is_critical_soc=False
2026-03-01T01:00:00.340561+01:00,  soc=32.0,  volt=53.69,  volt_delta=0.89, volt_rate_per_min=0.89, volt_status=NORMAL, batt_w=-3147.0,  batt_mode=charge,  batt_discharge_w=0,  batt_charge_w=3147.0,  load_w=1211.0, zone=unknown,  grid_charge=on, ev_charging_active=off, ev_charge_end=2026-02-23 05:00:02, ev_webhook_count=104, max_discharge_a=50, max_charge_a=90, max_grid_charge_a=64, soc_limit_a=39, volt_penalty_a=0, voltage_protected_limit_a=39, soc_power_w=2082, is_critical_soc=False
2026-03-01T01:01:00.340481+01:00,  soc=33.0,  volt=52.8,  volt_delta=0.0, volt_rate_per_min=0.0, volt_status=NORMAL, batt_w=92.0,  batt_mode=discharge,  batt_discharge_w=92.0,  batt_charge_w=0,  load_w=1211.0, zone=unknown,  grid_charge=off, ev_charging_active=off, ev_charge_end=2026-02-23 05:00:02, ev_webhook_count=104, max_discharge_a=51, max_charge_a=90, max_grid_charge_a=64, soc_limit_a=42, volt_penalty_a=0, voltage_protected_limit_a=42, soc_power_w=2198, is_critical_soc=False
2026-03-01T01:02:00.340662+01:00,  soc=33.0,  volt=52.69,  volt_delta=-0.11, volt_rate_per_min=-0.11, volt_status=NORMAL, batt_w=14.0,  batt_mode=idle,  batt_discharge_w=14.0,  batt_charge_w=0,  load_w=1211.0, zone=unknown,  grid_charge=off, ev_charging_active=off, ev_charge_end=2026-02-23 05:00:02, ev_webhook_count=104, max_discharge_a=51, max_charge_a=90, max_grid_charge_a=64, soc_limit_a=42, volt_penalty_a=0, voltage_protected_limit_a=42, soc_power_w=2198, is_critical_soc=False
2026-03-01T01:03:00.340233+01:00,  soc=33.0,  volt=52.58,  volt_delta=-0.22, volt_rate_per_min=-0.22, volt_status=NORMAL, batt_w=14.0,  batt_mode=idle,  batt_discharge_w=14.0,  batt_charge_w=0,  load_w=1211.0, zone=unknown,  grid_charge=off, ev_charging_active=off, ev_charge_end=2026-02-23 05:00:02, ev_webhook_count=104, max_discharge_a=51, max_charge_a=90, max_grid_charge_a=64, soc_limit_a=42, volt_penalty_a=5, voltage_protected_limit_a=37, soc_power_w=2198, is_critical_soc=False
2026-03-01T01:04:00.340227+01:00,  soc=33.0,  volt=52.58,  volt_delta=-0.22, volt_rate_per_min=-0.22, volt_status=NORMAL, batt_w=14.0,  batt_mode=idle,  batt_discharge_w=14.0,  batt_charge_w=0,  load_w=1219.0, zone=unknown,  grid_charge=off, ev_charging_active=off, ev_charge_end=2026-02-23 05:00:02, ev_webhook_count=104, max_discharge_a=51, max_charge_a=90, max_grid_charge_a=64, soc_limit_a=42, volt_penalty_a=5, voltage_protected_limit_a=37, soc_power_w=2198, is_critical_soc=False
2026-03-01T01:05:00.340642+01:00,  soc=33.0,  volt=52.51,  volt_delta=-0.29, volt_rate_per_min=-0.29, volt_status=NORMAL, batt_w=12.0,  batt_mode=idle,  batt_discharge_w=12.0,  batt_charge_w=0,  load_w=1219.0, zone=unknown,  grid_charge=off, ev_charging_active=off, ev_charge_end=2026-02-23 05:00:02, ev_webhook_count=104, max_discharge_a=51, max_charge_a=90, max_grid_charge_a=64, soc_limit_a=42, volt_penalty_a=5, voltage_protected_limit_a=37, soc_power_w=2198, is_critical_soc=False
2026-03-01T01:06:00.341694+01:00,  soc=33.0,  volt=52.51,  volt_delta=-0.29, volt_rate_per_min=-0.29, volt_status=NORMAL, batt_w=12.0,  batt_mode=idle,  batt_discharge_w=12.0,  batt_charge_w=0,  load_w=1219.0, zone=unknown,  grid_charge=off, ev_charging_active=off, ev_charge_end=2026-02-23 05:00:02, ev_webhook_count=104, max_discharge_a=51, max_charge_a=90, max_grid_charge_a=64, soc_limit_a=42, volt_penalty_a=5, voltage_protected_limit_a=37, soc_power_w=2198, is_critical_soc=False
2026-03-01T01:07:00.340294+01:00,  soc=33.0,  volt=52.48,  volt_delta=-0.32, volt_rate_per_min=-0.32, volt_status=NORMAL, batt_w=12.0,  batt_mode=idle,  batt_discharge_w=12.0,  batt_charge_w=0,  load_w=1219.0, zone=unknown,  grid_charge=off, ev_charging_active=off, ev_charge_end=2026-02-23 05:00:02, ev_webhook_count=104, max_discharge_a=51, max_charge_a=90, max_grid_charge_a=64, soc_limit_a=42, volt_penalty_a=5, voltage_protected_limit_a=37, soc_power_w=2198, is_critical_soc=False
2026-03-01T01:08:00.340287+01:00,  soc=33.0,  volt=52.48,  volt_delta=-0.32, volt_rate_per_min=-0.32, volt_status=NORMAL, batt_w=12.0,  batt_mode=idle,  batt_discharge_w=12.0,  batt_charge_w=0,  load_w=1219.0, zone=unknown,  grid_charge=off, ev_charging_active=off, ev_charge_end=2026-02-23 05:00:02, ev_webhook_count=104, max_discharge_a=51, max_charge_a=90, max_grid_charge_a=64, soc_limit_a=42, volt_penalty_a=5, voltage_protected_limit_a=37, soc_power_w=2198, is_critical_soc=False
2026-03-01T01:09:00.340559+01:00,  soc=33.0,  volt=52.48,  volt_delta=-0.32, volt_rate_per_min=-0.32, volt_status=NORMAL, batt_w=12.0,  batt_mode=idle,  batt_discharge_w=12.0,  batt_charge_w=0,  load_w=1219.0, zone=unknown,  grid_charge=off, ev_charging_active=off, ev_charge_end=2026-02-23 05:00:02, ev_webhook_count=104, max_discharge_a=51, max_charge_a=90, max_grid_charge_a=64, soc_limit_a=42, volt_penalty_a=5, voltage_protected_limit_a=37, soc_power_w=2198, is_critical_soc=False
2026-03-01T01:10:00.340338+01:00,  soc=33.0,  volt=52.48,  volt_delta=-0.32, volt_rate_per_min=-0.32, volt_status=NORMAL, batt_w=12.0,  batt_mode=idle,  batt_discharge_w=12.0,  batt_charge_w=0,  load_w=1232.0, zone=unknown,  grid_charge=off, ev_charging_active=off, ev_charge_end=2026-02-23 05:00:02, ev_webhook_count=104, max_discharge_a=51, max_charge_a=90, max_grid_charge_a=64, soc_limit_a=42, volt_penalty_a=5, voltage_protected_limit_a=37, soc_power_w=2198, is_critical_soc=False
2026-03-01T01:11:00.340056+01:00,  soc=33.0,  volt=52.48,  volt_delta=-0.32, volt_rate_per_min=-0.32, volt_status=NORMAL, batt_w=12.0,  batt_mode=idle,  batt_discharge_w=12.0,  batt_charge_w=0,  load_w=1273.0, zone=unknown,  grid_charge=off, ev_charging_active=off, ev_charge_end=2026-02-23 05:00:02, ev_webhook_count=104, max_discharge_a=51, max_charge_a=90, max_grid_charge_a=64, soc_limit_a=42, volt_penalty_a=5, voltage_protected_limit_a=37, soc_power_w=2198, is_critical_soc=False
2026-03-01T01:12:00.340533+01:00,  soc=33.0,  volt=52.48,  volt_delta=-0.32, volt_rate_per_min=-0.32, volt_status=NORMAL, batt_w=12.0,  batt_mode=idle,  batt_discharge_w=12.0,  batt_charge_w=0,  load_w=1273.0, zone=unknown,  grid_charge=off, ev_charging_active=off, ev_charge_end=2026-02-23 05:00:02, ev_webhook_count=104, max_discharge_a=51, max_charge_a=90, max_grid_charge_a=64, soc_limit_a=42, volt_penalty_a=5, voltage_protected_limit_a=37, soc_power_w=2198, is_critical_soc=False
2026-03-01T01:13:00.339810+01:00,  soc=33.0,  volt=52.48,  volt_delta=-0.32, volt_rate_per_min=-0.32, volt_status=NORMAL, batt_w=12.0,  batt_mode=idle,  batt_discharge_w=12.0,  batt_charge_w=0,  load_w=1273.0, zone=unknown,  grid_charge=off, ev_charging_active=off, ev_charge_end=2026-02-23 05:00:02, ev_webhook_count=104, max_discharge_a=51, max_charge_a=90, max_grid_charge_a=64, soc_limit_a=42, volt_penalty_a=5, voltage_protected_limit_a=37, soc_power_w=2198, is_critical_soc=False
2026-03-01T01:14:00.340437+01:00,  soc=33.0,  volt=52.48,  volt_delta=-0.32, volt_rate_per_min=-0.32, volt_status=NORMAL, batt_w=12.0,  batt_mode=idle,  batt_discharge_w=12.0,  batt_charge_w=0,  load_w=1273.0, zone=unknown,  grid_charge=off, ev_charging_active=off, ev_charge_end=2026-02-23 05:00:02, ev_webhook_count=104, max_discharge_a=51, max_charge_a=90, max_grid_charge_a=64, soc_limit_a=42, volt_penalty_a=5, voltage_protected_limit_a=37, soc_power_w=2198, is_critical_soc=False
2026-03-01T01:15:00.340512+01:00,  soc=33.0,  volt=52.44,  volt_delta=-0.36, volt_rate_per_min=-0.36, volt_status=NORMAL, batt_w=13.0,  batt_mode=idle,  batt_discharge_w=13.0,  batt_charge_w=0,  load_w=1259.0, zone=unknown,  grid_charge=off, ev_charging_active=off, ev_charge_end=2026-02-23 05:00:02, ev_webhook_count=104, max_discharge_a=60, max_charge_a=90, max_grid_charge_a=64, soc_limit_a=42, volt_penalty_a=5, voltage_protected_limit_a=37, soc_power_w=2198, is_critical_soc=False
2026-03-01T01:16:00.340579+01:00,  soc=33.0,  volt=52.44,  volt_delta=-0.36, volt_rate_per_min=-0.36, volt_status=NORMAL, batt_w=13.0,  batt_mode=idle,  batt_discharge_w=13.0,  batt_charge_w=0,  load_w=1259.0, zone=unknown,  grid_charge=off, ev_charging_active=off, ev_charge_end=2026-02-23 05:00:02, ev_webhook_count=104, max_discharge_a=60, max_charge_a=90, max_grid_charge_a=64, soc_limit_a=42, volt_penalty_a=5, voltage_protected_limit_a=37, soc_power_w=2198, is_critical_soc=False
2026-03-01T01:17:00.340630+01:00,  soc=33.0,  volt=52.44,  volt_delta=-0.36, volt_rate_per_min=-0.36, volt_status=NORMAL, batt_w=13.0,  batt_mode=idle,  batt_discharge_w=13.0,  batt_charge_w=0,  load_w=1259.0, zone=unknown,  grid_charge=off, ev_charging_active=off, ev_charge_end=2026-02-23 05:00:02, ev_webhook_count=104, max_discharge_a=60, max_charge_a=90, max_grid_charge_a=64, soc_limit_a=42, volt_penalty_a=5, voltage_protected_limit_a=37, soc_power_w=2198, is_critical_soc=False
2026-03-01T01:18:00.339892+01:00,  soc=33.0,  volt=52.44,  volt_delta=-0.36, volt_rate_per_min=-0.36, volt_status=NORMAL, batt_w=13.0,  batt_mode=idle,  batt_discharge_w=13.0,  batt_charge_w=0,  load_w=1259.0, zone=unknown,  grid_charge=off, ev_charging_active=off, ev_charge_end=2026-02-23 05:00:02, ev_webhook_count=104, max_discharge_a=60, max_charge_a=90, max_grid_charge_a=64, soc_limit_a=42, volt_penalty_a=5, voltage_protected_limit_a=37, soc_power_w=2198, is_critical_soc=False
2026-03-01T01:19:00.340532+01:00,  soc=33.0,  volt=52.44,  volt_delta=-0.36, volt_rate_per_min=-0.36, volt_status=NORMAL, batt_w=13.0,  batt_mode=idle,  batt_discharge_w=13.0,  batt_charge_w=0,  load_w=1215.0, zone=unknown,  grid_charge=off, ev_charging_active=off, ev_charge_end=2026-02-23 05:00:02, ev_webhook_count=104, max_discharge_a=60, max_charge_a=90, max_grid_charge_a=64, soc_limit_a=42, volt_penalty_a=5, voltage_protected_limit_a=37, soc_power_w=2198, is_critical_soc=False
2026-03-01T01:20:00.340015+01:00,  soc=33.0,  volt=52.44,  volt_delta=-0.36, volt_rate_per_min=-0.36, volt_status=NORMAL, batt_w=13.0,  batt_mode=idle,  batt_discharge_w=13.0,  batt_charge_w=0,  load_w=1210.0, zone=unknown,  grid_charge=off, ev_charging_active=off, ev_charge_end=2026-02-23 05:00:02, ev_webhook_count=104, max_discharge_a=60, max_charge_a=90, max_grid_charge_a=64, soc_limit_a=42, volt_penalty_a=5, voltage_protected_limit_a=37, soc_power_w=2198, is_critical_soc=False
2026-03-01T01:21:00.340509+01:00,  soc=33.0,  volt=52.44,  volt_delta=-0.36, volt_rate_per_min=-0.36, volt_status=NORMAL, batt_w=13.0,  batt_mode=idle,  batt_discharge_w=13.0,  batt_charge_w=0,  load_w=1210.0, zone=unknown,  grid_charge=off, ev_charging_active=off, ev_charge_end=2026-02-23 05:00:02, ev_webhook_count=104, max_discharge_a=60, max_charge_a=90, max_grid_charge_a=64, soc_limit_a=42, volt_penalty_a=5, voltage_protected_limit_a=37, soc_power_w=2198, is_critical_soc=False
2026-03-01T01:22:00.340284+01:00,  soc=33.0,  volt=52.44,  volt_delta=-0.36, volt_rate_per_min=-0.36, volt_status=NORMAL, batt_w=13.0,  batt_mode=idle,  batt_discharge_w=13.0,  batt_charge_w=0,  load_w=1210.0, zone=unknown,  grid_charge=off, ev_charging_active=off, ev_charge_end=2026-02-23 05:00:02, ev_webhook_count=104, max_discharge_a=60, max_charge_a=90, max_grid_charge_a=64, soc_limit_a=42, volt_penalty_a=5, voltage_protected_limit_a=37, soc_power_w=2198, is_critical_soc=False
2026-03-01T01:23:00.339840+01:00,  soc=33.0,  volt=52.44,  volt_delta=-0.36, volt_rate_per_min=-0.36, volt_status=NORMAL, batt_w=13.0,  batt_mode=idle,  batt_discharge_w=13.0,  batt_charge_w=0,  load_w=1210.0, zone=unknown,  grid_charge=off, ev_charging_active=off, ev_charge_end=2026-02-23 05:00:02, ev_webhook_count=104, max_discharge_a=60, max_charge_a=90, max_grid_charge_a=64, soc_limit_a=42, volt_penalty_a=5, voltage_protected_limit_a=37, soc_power_w=2198, is_critical_soc=False
2026-03-01T01:24:00.340257+01:00,  soc=33.0,  volt=52.44,  volt_delta=-0.36, volt_rate_per_min=-0.36, volt_status=NORMAL, batt_w=13.0,  batt_mode=idle,  batt_discharge_w=13.0,  batt_charge_w=0,  load_w=1210.0, zone=unknown,  grid_charge=off, ev_charging_active=off, ev_charge_end=2026-02-23 05:00:02, ev_webhook_count=104, max_discharge_a=60, max_charge_a=90, max_grid_charge_a=64, soc_limit_a=42, volt_penalty_a=5, voltage_protected_limit_a=37, soc_power_w=2198, is_critical_soc=False
2026-03-01T01:25:00.340955+01:00,  soc=33.0,  volt=52.43,  volt_delta=-0.37, volt_rate_per_min=-0.37, volt_status=NORMAL, batt_w=11.0,  batt_mode=idle,  batt_discharge_w=11.0,  batt_charge_w=0,  load_w=1210.0, zone=unknown,  grid_charge=off, ev_charging_active=off, ev_charge_end=2026-02-23 05:00:02, ev_webhook_count=104, max_discharge_a=60, max_charge_a=90, max_grid_charge_a=64, soc_limit_a=42, volt_penalty_a=5, voltage_protected_limit_a=37, soc_power_w=2198, is_critical_soc=False
2026-03-01T01:26:00.339999+01:00,  soc=33.0,  volt=52.43,  volt_delta=-0.37, volt_rate_per_min=-0.37, volt_status=NORMAL, batt_w=11.0,  batt_mode=idle,  batt_discharge_w=11.0,  batt_charge_w=0,  load_w=1214.0, zone=unknown,  grid_charge=off, ev_charging_active=off, ev_charge_end=2026-02-23 05:00:02, ev_webhook_count=104, max_discharge_a=60, max_charge_a=90, max_grid_charge_a=64, soc_limit_a=42, volt_penalty_a=5, voltage_protected_limit_a=37, soc_power_w=2198, is_critical_soc=False
2026-03-01T01:27:00.339693+01:00,  soc=33.0,  volt=52.43,  volt_delta=-0.37, volt_rate_per_min=-0.37, volt_status=NORMAL, batt_w=11.0,  batt_mode=idle,  batt_discharge_w=11.0,  batt_charge_w=0,  load_w=1214.0, zone=unknown,  grid_charge=off, ev_charging_active=off, ev_charge_end=2026-02-23 05:00:02, ev_webhook_count=104, max_discharge_a=60, max_charge_a=90, max_grid_charge_a=64, soc_limit_a=42, volt_penalty_a=5, voltage_protected_limit_a=37, soc_power_w=2198, is_critical_soc=False
2026-03-01T01:28:00.340740+01:00,  soc=33.0,  volt=52.43,  volt_delta=-0.37, volt_rate_per_min=-0.37, volt_status=NORMAL, batt_w=11.0,  batt_mode=idle,  batt_discharge_w=11.0,  batt_charge_w=0,  load_w=1214.0, zone=unknown,  grid_charge=off, ev_charging_active=off, ev_charge_end=2026-02-23 05:00:02, ev_webhook_count=104, max_discharge_a=60, max_charge_a=90, max_grid_charge_a=64, soc_limit_a=42, volt_penalty_a=5, voltage_protected_limit_a=37, soc_power_w=2198, is_critical_soc=False
2026-03-01T01:29:00.340671+01:00,  soc=33.0,  volt=52.43,  volt_delta=-0.37, volt_rate_per_min=-0.37, volt_status=NORMAL, batt_w=11.0,  batt_mode=idle,  batt_discharge_w=11.0,  batt_charge_w=0,  load_w=1214.0, zone=unknown,  grid_charge=off, ev_charging_active=off, ev_charge_end=2026-02-23 05:00:02, ev_webhook_count=104, max_discharge_a=60, max_charge_a=90, max_grid_charge_a=64, soc_limit_a=42, volt_penalty_a=5, voltage_protected_limit_a=37, soc_power_w=2198, is_critical_soc=False
2026-03-01T01:30:00.340137+01:00,  soc=33.0,  volt=52.43,  volt_delta=-0.37, volt_rate_per_min=-0.37, volt_status=NORMAL, batt_w=11.0,  batt_mode=idle,  batt_discharge_w=11.0,  batt_charge_w=0,  load_w=1214.0, zone=unknown,  grid_charge=off, ev_charging_active=off, ev_charge_end=2026-02-23 05:00:02, ev_webhook_count=104, max_discharge_a=60, max_charge_a=90, max_grid_charge_a=64, soc_limit_a=42, volt_penalty_a=5, voltage_protected_limit_a=37, soc_power_w=2198, is_critical_soc=False
2026-03-01T01:31:00.341251+01:00,  soc=33.0,  volt=52.43,  volt_delta=-0.37, volt_rate_per_min=-0.37, volt_status=NORMAL, batt_w=11.0,  batt_mode=idle,  batt_discharge_w=11.0,  batt_charge_w=0,  load_w=1189.0, zone=unknown,  grid_charge=off, ev_charging_active=off, ev_charge_end=2026-02-23 05:00:02, ev_webhook_count=104, max_discharge_a=60, max_charge_a=90, max_grid_charge_a=64, soc_limit_a=42, volt_penalty_a=5, voltage_protected_limit_a=37, soc_power_w=2198, is_critical_soc=False
2026-03-01T01:32:00.339984+01:00,  soc=33.0,  volt=52.43,  volt_delta=-0.37, volt_rate_per_min=-0.37, volt_status=NORMAL, batt_w=11.0,  batt_mode=idle,  batt_discharge_w=11.0,  batt_charge_w=0,  load_w=1189.0, zone=unknown,  grid_charge=off, ev_charging_active=off, ev_charge_end=2026-02-23 05:00:02, ev_webhook_count=104, max_discharge_a=60, max_charge_a=90, max_grid_charge_a=64, soc_limit_a=42, volt_penalty_a=5, voltage_protected_limit_a=37, soc_power_w=2198, is_critical_soc=False
2026-03-01T01:33:00.340265+01:00,  soc=33.0,  volt=52.43,  volt_delta=-0.37, volt_rate_per_min=-0.37, volt_status=NORMAL, batt_w=11.0,  batt_mode=idle,  batt_discharge_w=11.0,  batt_charge_w=0,  load_w=1189.0, zone=unknown,  grid_charge=off, ev_charging_active=off, ev_charge_end=2026-02-23 05:00:02, ev_webhook_count=104, max_discharge_a=60, max_charge_a=90, max_grid_charge_a=64, soc_limit_a=42, volt_penalty_a=5, voltage_protected_limit_a=37, soc_power_w=2198, is_critical_soc=False
2026-03-01T01:34:00.339952+01:00,  soc=33.0,  volt=52.43,  volt_delta=-0.37, volt_rate_per_min=-0.37, volt_status=NORMAL, batt_w=11.0,  batt_mode=idle,  batt_discharge_w=11.0,  batt_charge_w=0,  load_w=1189.0, zone=unknown,  grid_charge=off, ev_charging_active=off, ev_charge_end=2026-02-23 05:00:02, ev_webhook_count=104, max_discharge_a=60, max_charge_a=90, max_grid_charge_a=64, soc_limit_a=42, volt_penalty_a=5, voltage_protected_limit_a=37, soc_power_w=2198, is_critical_soc=False
2026-03-01T01:35:00.340087+01:00,  soc=33.0,  volt=52.43,  volt_delta=-0.37, volt_rate_per_min=-0.37, volt_status=NORMAL, batt_w=11.0,  batt_mode=idle,  batt_discharge_w=11.0,  batt_charge_w=0,  load_w=1189.0, zone=unknown,  grid_charge=off, ev_charging_active=off, ev_charge_end=2026-02-23 05:00:02, ev_webhook_count=104, max_discharge_a=60, max_charge_a=90, max_grid_charge_a=64, soc_limit_a=42, volt_penalty_a=5, voltage_protected_limit_a=37, soc_power_w=2198, is_critical_soc=False
2026-03-01T01:36:00.339897+01:00,  soc=33.0,  volt=52.43,  volt_delta=-0.37, volt_rate_per_min=-0.37, volt_status=NORMAL, batt_w=11.0,  batt_mode=idle,  batt_discharge_w=11.0,  batt_charge_w=0,  load_w=1176.0, zone=unknown,  grid_charge=off, ev_charging_active=off, ev_charge_end=2026-02-23 05:00:02, ev_webhook_count=104, max_discharge_a=60, max_charge_a=90, max_grid_charge_a=64, soc_limit_a=42, volt_penalty_a=5, voltage_protected_limit_a=37, soc_power_w=2198, is_critical_soc=False
2026-03-01T01:37:00.339740+01:00,  soc=33.0,  volt=52.43,  volt_delta=-0.37, volt_rate_per_min=-0.37, volt_status=NORMAL, batt_w=11.0,  batt_mode=idle,  batt_discharge_w=11.0,  batt_charge_w=0,  load_w=1176.0, zone=unknown,  grid_charge=off, ev_charging_active=off, ev_charge_end=2026-02-23 05:00:02, ev_webhook_count=104, max_discharge_a=60, max_charge_a=90, max_grid_charge_a=64, soc_limit_a=42, volt_penalty_a=5, voltage_protected_limit_a=37, soc_power_w=2198, is_critical_soc=False
2026-03-01T01:38:00.340797+01:00,  soc=33.0,  volt=52.43,  volt_delta=-0.37, volt_rate_per_min=-0.37, volt_status=NORMAL, batt_w=11.0,  batt_mode=idle,  batt_discharge_w=11.0,  batt_charge_w=0,  load_w=1176.0, zone=unknown,  grid_charge=off, ev_charging_active=off, ev_charge_end=2026-02-23 05:00:02, ev_webhook_count=104, max_discharge_a=60, max_charge_a=90, max_grid_charge_a=64, soc_limit_a=42, volt_penalty_a=5, voltage_protected_limit_a=37, soc_power_w=2198, is_critical_soc=False
2026-03-01T01:39:00.341545+01:00,  soc=33.0,  volt=52.43,  volt_delta=-0.37, volt_rate_per_min=-0.37, volt_status=NORMAL, batt_w=11.0,  batt_mode=idle,  batt_discharge_w=11.0,  batt_charge_w=0,  load_w=1176.0, zone=unknown,  grid_charge=off, ev_charging_active=off, ev_charge_end=2026-02-23 05:00:02, ev_webhook_count=104, max_discharge_a=60, max_charge_a=90, max_grid_charge_a=64, soc_limit_a=42, volt_penalty_a=5, voltage_protected_limit_a=37, soc_power_w=2198, is_critical_soc=False
2026-03-01T01:40:00.340562+01:00,  soc=33.0,  volt=52.43,  volt_delta=-0.37, volt_rate_per_min=-0.37, volt_status=NORMAL, batt_w=11.0,  batt_mode=idle,  batt_discharge_w=11.0,  batt_charge_w=0,  load_w=1176.0, zone=unknown,  grid_charge=off, ev_charging_active=off, ev_charge_end=2026-02-23 05:00:02, ev_webhook_count=104, max_discharge_a=60, max_charge_a=90, max_grid_charge_a=64, soc_limit_a=42, volt_penalty_a=5, voltage_protected_limit_a=37, soc_power_w=2198, is_critical_soc=False
2026-03-01T01:41:00.340445+01:00,  soc=33.0,  volt=52.43,  volt_delta=-0.37, volt_rate_per_min=-0.37, volt_status=NORMAL, batt_w=11.0,  batt_mode=idle,  batt_discharge_w=11.0,  batt_charge_w=0,  load_w=1176.0, zone=unknown,  grid_charge=off, ev_charging_active=off, ev_charge_end=2026-02-23 05:00:02, ev_webhook_count=104, max_discharge_a=60, max_charge_a=90, max_grid_charge_a=64, soc_limit_a=42, volt_penalty_a=5, voltage_protected_limit_a=37, soc_power_w=2198, is_critical_soc=False
2026-03-01T01:42:00.341493+01:00,  soc=33.0,  volt=52.43,  volt_delta=-0.37, volt_rate_per_min=-0.37, volt_status=NORMAL, batt_w=11.0,  batt_mode=idle,  batt_discharge_w=11.0,  batt_charge_w=0,  load_w=1170.0, zone=unknown,  grid_charge=off, ev_charging_active=off, ev_charge_end=2026-02-23 05:00:02, ev_webhook_count=104, max_discharge_a=60, max_charge_a=90, max_grid_charge_a=64, soc_limit_a=42, volt_penalty_a=5, voltage_protected_limit_a=37, soc_power_w=2198, is_critical_soc=False
2026-03-01T01:43:00.340106+01:00,  soc=33.0,  volt=52.43,  volt_delta=-0.37, volt_rate_per_min=-0.37, volt_status=NORMAL, batt_w=11.0,  batt_mode=idle,  batt_discharge_w=11.0,  batt_charge_w=0,  load_w=1170.0, zone=unknown,  grid_charge=off, ev_charging_active=off, ev_charge_end=2026-02-23 05:00:02, ev_webhook_count=104, max_discharge_a=60, max_charge_a=90, max_grid_charge_a=64, soc_limit_a=42, volt_penalty_a=5, voltage_protected_limit_a=37, soc_power_w=2198, is_critical_soc=False
2026-03-01T01:44:00.340723+01:00,  soc=33.0,  volt=52.43,  volt_delta=-0.37, volt_rate_per_min=-0.37, volt_status=NORMAL, batt_w=11.0,  batt_mode=idle,  batt_discharge_w=11.0,  batt_charge_w=0,  load_w=1170.0, zone=unknown,  grid_charge=off, ev_charging_active=off, ev_charge_end=2026-02-23 05:00:02, ev_webhook_count=104, max_discharge_a=60, max_charge_a=90, max_grid_charge_a=64, soc_limit_a=42, volt_penalty_a=5, voltage_protected_limit_a=37, soc_power_w=2198, is_critical_soc=False
2026-03-01T01:45:00.339965+01:00,  soc=33.0,  volt=52.43,  volt_delta=-0.37, volt_rate_per_min=-0.37, volt_status=NORMAL, batt_w=10.0,  batt_mode=idle,  batt_discharge_w=10.0,  batt_charge_w=0,  load_w=1170.0, zone=unknown,  grid_charge=off, ev_charging_active=off, ev_charge_end=2026-02-23 05:00:02, ev_webhook_count=104, max_discharge_a=60, max_charge_a=90, max_grid_charge_a=64, soc_limit_a=42, volt_penalty_a=5, voltage_protected_limit_a=37, soc_power_w=2198, is_critical_soc=False
2026-03-01T01:46:00.340662+01:00,  soc=33.0,  volt=52.43,  volt_delta=-0.37, volt_rate_per_min=-0.37, volt_status=NORMAL, batt_w=10.0,  batt_mode=idle,  batt_discharge_w=10.0,  batt_charge_w=0,  load_w=1170.0, zone=unknown,  grid_charge=off, ev_charging_active=off, ev_charge_end=2026-02-23 05:00:02, ev_webhook_count=104, max_discharge_a=60, max_charge_a=90, max_grid_charge_a=64, soc_limit_a=42, volt_penalty_a=5, voltage_protected_limit_a=37, soc_power_w=2198, is_critical_soc=False
2026-03-01T01:47:00.340795+01:00,  soc=33.0,  volt=52.43,  volt_delta=-0.37, volt_rate_per_min=-0.37, volt_status=NORMAL, batt_w=10.0,  batt_mode=idle,  batt_discharge_w=10.0,  batt_charge_w=0,  load_w=1210.0, zone=unknown,  grid_charge=off, ev_charging_active=off, ev_charge_end=2026-02-23 05:00:02, ev_webhook_count=104, max_discharge_a=60, max_charge_a=90, max_grid_charge_a=64, soc_limit_a=42, volt_penalty_a=5, voltage_protected_limit_a=37, soc_power_w=2198, is_critical_soc=False
2026-03-01T01:48:00.340681+01:00,  soc=33.0,  volt=52.43,  volt_delta=-0.37, volt_rate_per_min=-0.37, volt_status=NORMAL, batt_w=10.0,  batt_mode=idle,  batt_discharge_w=10.0,  batt_charge_w=0,  load_w=1210.0, zone=unknown,  grid_charge=off, ev_charging_active=off, ev_charge_end=2026-02-23 05:00:02, ev_webhook_count=104, max_discharge_a=60, max_charge_a=90, max_grid_charge_a=64, soc_limit_a=42, volt_penalty_a=5, voltage_protected_limit_a=37, soc_power_w=2198, is_critical_soc=False
2026-03-01T01:49:00.340372+01:00,  soc=33.0,  volt=52.43,  volt_delta=-0.37, volt_rate_per_min=-0.37, volt_status=NORMAL, batt_w=10.0,  batt_mode=idle,  batt_discharge_w=10.0,  batt_charge_w=0,  load_w=1210.0, zone=unknown,  grid_charge=off, ev_charging_active=off, ev_charge_end=2026-02-23 05:00:02, ev_webhook_count=104, max_discharge_a=60, max_charge_a=90, max_grid_charge_a=64, soc_limit_a=42, volt_penalty_a=5, voltage_protected_limit_a=37, soc_power_w=2198, is_critical_soc=False
2026-03-01T01:50:00.339825+01:00,  soc=33.0,  volt=52.43,  volt_delta=-0.37, volt_rate_per_min=-0.37, volt_status=NORMAL, batt_w=10.0,  batt_mode=idle,  batt_discharge_w=10.0,  batt_charge_w=0,  load_w=1210.0, zone=unknown,  grid_charge=off, ev_charging_active=off, ev_charge_end=2026-02-23 05:00:02, ev_webhook_count=104, max_discharge_a=60, max_charge_a=90, max_grid_charge_a=64, soc_limit_a=42, volt_penalty_a=5, voltage_protected_limit_a=37, soc_power_w=2198, is_critical_soc=False
2026-03-01T01:51:00.340044+01:00,  soc=33.0,  volt=52.43,  volt_delta=-0.37, volt_rate_per_min=-0.37, volt_status=NORMAL, batt_w=10.0,  batt_mode=idle,  batt_discharge_w=10.0,  batt_charge_w=0,  load_w=1210.0, zone=unknown,  grid_charge=off, ev_charging_active=off, ev_charge_end=2026-02-23 05:00:02, ev_webhook_count=104, max_discharge_a=60, max_charge_a=90, max_grid_charge_a=64, soc_limit_a=42, volt_penalty_a=5, voltage_protected_limit_a=37, soc_power_w=2198, is_critical_soc=False
2026-03-01T01:52:00.340147+01:00,  soc=33.0,  volt=52.43,  volt_delta=-0.37, volt_rate_per_min=-0.37, volt_status=NORMAL, batt_w=10.0,  batt_mode=idle,  batt_discharge_w=10.0,  batt_charge_w=0,  load_w=1178.0, zone=unknown,  grid_charge=off, ev_charging_active=off, ev_charge_end=2026-02-23 05:00:02, ev_webhook_count=104, max_discharge_a=60, max_charge_a=90, max_grid_charge_a=64, soc_limit_a=42, volt_penalty_a=5, voltage_protected_limit_a=37, soc_power_w=2198, is_critical_soc=False
2026-03-01T01:53:00.340134+01:00,  soc=33.0,  volt=52.43,  volt_delta=-0.37, volt_rate_per_min=-0.37, volt_status=NORMAL, batt_w=10.0,  batt_mode=idle,  batt_discharge_w=10.0,  batt_charge_w=0,  load_w=1178.0, zone=unknown,  grid_charge=off, ev_charging_active=off, ev_charge_end=2026-02-23 05:00:02, ev_webhook_count=104, max_discharge_a=60, max_charge_a=90, max_grid_charge_a=64, soc_limit_a=42, volt_penalty_a=5, voltage_protected_limit_a=37, soc_power_w=2198, is_critical_soc=False
2026-03-01T01:54:00.340688+01:00,  soc=33.0,  volt=52.43,  volt_delta=-0.37, volt_rate_per_min=-0.37, volt_status=NORMAL, batt_w=10.0,  batt_mode=idle,  batt_discharge_w=10.0,  batt_charge_w=0,  load_w=1178.0, zone=unknown,  grid_charge=off, ev_charging_active=off, ev_charge_end=2026-02-23 05:00:02, ev_webhook_count=104, max_discharge_a=60, max_charge_a=90, max_grid_charge_a=64, soc_limit_a=42, volt_penalty_a=5, voltage_protected_limit_a=37, soc_power_w=2198, is_critical_soc=False
2026-03-01T01:55:00.340750+01:00,  soc=33.0,  volt=52.42,  volt_delta=-0.38, volt_rate_per_min=-0.38, volt_status=NORMAL, batt_w=11.0,  batt_mode=idle,  batt_discharge_w=11.0,  batt_charge_w=0,  load_w=1178.0, zone=unknown,  grid_charge=off, ev_charging_active=off, ev_charge_end=2026-02-23 05:00:02, ev_webhook_count=104, max_discharge_a=60, max_charge_a=90, max_grid_charge_a=64, soc_limit_a=42, volt_penalty_a=5, voltage_protected_limit_a=37, soc_power_w=2198, is_critical_soc=False
2026-03-01T01:56:00.340118+01:00,  soc=33.0,  volt=52.42,  volt_delta=-0.38, volt_rate_per_min=-0.38, volt_status=NORMAL, batt_w=11.0,  batt_mode=idle,  batt_discharge_w=11.0,  batt_charge_w=0,  load_w=1178.0, zone=unknown,  grid_charge=off, ev_charging_active=off, ev_charge_end=2026-02-23 05:00:02, ev_webhook_count=104, max_discharge_a=60, max_charge_a=90, max_grid_charge_a=64, soc_limit_a=42, volt_penalty_a=5, voltage_protected_limit_a=37, soc_power_w=2198, is_critical_soc=False
2026-03-01T01:57:00.340338+01:00,  soc=33.0,  volt=52.42,  volt_delta=-0.38, volt_rate_per_min=-0.38, volt_status=NORMAL, batt_w=11.0,  batt_mode=idle,  batt_discharge_w=11.0,  batt_charge_w=0,  load_w=1178.0, zone=unknown,  grid_charge=off, ev_charging_active=off, ev_charge_end=2026-02-23 05:00:02, ev_webhook_count=104, max_discharge_a=60, max_charge_a=90, max_grid_charge_a=64, soc_limit_a=42, volt_penalty_a=5, voltage_protected_limit_a=37, soc_power_w=2198, is_critical_soc=False
2026-03-01T01:58:00.340638+01:00,  soc=33.0,  volt=52.42,  volt_delta=-0.38, volt_rate_per_min=-0.38, volt_status=NORMAL, batt_w=11.0,  batt_mode=idle,  batt_discharge_w=11.0,  batt_charge_w=0,  load_w=1163.0, zone=unknown,  grid_charge=off, ev_charging_active=off, ev_charge_end=2026-02-23 05:00:02, ev_webhook_count=104, max_discharge_a=60, max_charge_a=90, max_grid_charge_a=64, soc_limit_a=42, volt_penalty_a=5, voltage_protected_limit_a=37, soc_power_w=2198, is_critical_soc=False
2026-03-01T01:59:00.340174+01:00,  soc=33.0,  volt=52.42,  volt_delta=-0.38, volt_rate_per_min=-0.38, volt_status=NORMAL, batt_w=11.0,  batt_mode=idle,  batt_discharge_w=11.0,  batt_charge_w=0,  load_w=1163.0, zone=unknown,  grid_charge=off, ev_charging_active=off, ev_charge_end=2026-02-23 05:00:02, ev_webhook_count=104, max_discharge_a=60, max_charge_a=90, max_grid_charge_a=64, soc_limit_a=42, volt_penalty_a=5, voltage_protected_limit_a=37, soc_power_w=2198, is_critical_soc=False
2026-03-01T02:00:00.340741+01:00,  soc=33.0,  volt=52.42,  volt_delta=-0.38, volt_rate_per_min=-0.38, volt_status=NORMAL, batt_w=11.0,  batt_mode=idle,  batt_discharge_w=11.0,  batt_charge_w=0,  load_w=1163.0, zone=unknown,  grid_charge=off, ev_charging_active=off, ev_charge_end=2026-02-23 05:00:02, ev_webhook_count=104, max_discharge_a=60, max_charge_a=90, max_grid_charge_a=64, soc_limit_a=42, volt_penalty_a=5, voltage_protected_limit_a=37, soc_power_w=2198, is_critical_soc=False
2026-03-01T02:01:00.340526+01:00,  soc=33.0,  volt=52.42,  volt_delta=-0.38, volt_rate_per_min=-0.38, volt_status=NORMAL, batt_w=11.0,  batt_mode=idle,  batt_discharge_w=11.0,  batt_charge_w=0,  load_w=1163.0, zone=unknown,  grid_charge=off, ev_charging_active=off, ev_charge_end=2026-02-23 05:00:02, ev_webhook_count=104, max_discharge_a=60, max_charge_a=90, max_grid_charge_a=64, soc_limit_a=42, volt_penalty_a=5, voltage_protected_limit_a=37, soc_power_w=2198, is_critical_soc=False
2026-03-01T02:02:00.341010+01:00,  soc=33.0,  volt=52.42,  volt_delta=-0.38, volt_rate_per_min=-0.38, volt_status=NORMAL, batt_w=11.0,  batt_mode=idle,  batt_discharge_w=11.0,  batt_charge_w=0,  load_w=1163.0, zone=unknown,  grid_charge=off, ev_charging_active=off, ev_charge_end=2026-02-23 05:00:02, ev_webhook_count=104, max_discharge_a=60, max_charge_a=90, max_grid_charge_a=64, soc_limit_a=42, volt_penalty_a=5, voltage_protected_limit_a=37, soc_power_w=2198, is_critical_soc=False
2026-03-01T02:03:00.340775+01:00,  soc=33.0,  volt=52.42,  volt_delta=-0.38, volt_rate_per_min=-0.38, volt_status=NORMAL, batt_w=11.0,  batt_mode=idle,  batt_discharge_w=11.0,  batt_charge_w=0,  load_w=1167.0, zone=unknown,  grid_charge=off, ev_charging_active=off, ev_charge_end=2026-02-23 05:00:02, ev_webhook_count=104, max_discharge_a=60, max_charge_a=90, max_grid_charge_a=64, soc_limit_a=42, volt_penalty_a=5, voltage_protected_limit_a=37, soc_power_w=2198, is_critical_soc=False
2026-03-01T02:04:00.340227+01:00,  soc=33.0,  volt=52.42,  volt_delta=-0.38, volt_rate_per_min=-0.38, volt_status=NORMAL, batt_w=11.0,  batt_mode=idle,  batt_discharge_w=11.0,  batt_charge_w=0,  load_w=1167.0, zone=unknown,  grid_charge=off, ev_charging_active=off, ev_charge_end=2026-02-23 05:00:02, ev_webhook_count=104, max_discharge_a=60, max_charge_a=90, max_grid_charge_a=64, soc_limit_a=42, volt_penalty_a=5, voltage_protected_limit_a=37, soc_power_w=2198, is_critical_soc=False
2026-03-01T02:05:00.340274+01:00,  soc=33.0,  volt=52.41,  volt_delta=-0.39, volt_rate_per_min=-0.39, volt_status=NORMAL, batt_w=12.0,  batt_mode=idle,  batt_discharge_w=12.0,  batt_charge_w=0,  load_w=1167.0, zone=unknown,  grid_charge=off, ev_charging_active=off, ev_charge_end=2026-02-23 05:00:02, ev_webhook_count=104, max_discharge_a=60, max_charge_a=90, max_grid_charge_a=64, soc_limit_a=42, volt_penalty_a=5, voltage_protected_limit_a=37, soc_power_w=2198, is_critical_soc=False
2026-03-01T02:06:00.340705+01:00,  soc=33.0,  volt=52.41,  volt_delta=-0.39, volt_rate_per_min=-0.39, volt_status=NORMAL, batt_w=12.0,  batt_mode=idle,  batt_discharge_w=12.0,  batt_charge_w=0,  load_w=1167.0, zone=unknown,  grid_charge=off, ev_charging_active=off, ev_charge_end=2026-02-23 05:00:02, ev_webhook_count=104, max_discharge_a=60, max_charge_a=90, max_grid_charge_a=64, soc_limit_a=42, volt_penalty_a=5, voltage_protected_limit_a=37, soc_power_w=2198, is_critical_soc=False
2026-03-01T02:07:00.340871+01:00,  soc=33.0,  volt=52.41,  volt_delta=-0.39, volt_rate_per_min=-0.39, volt_status=NORMAL, batt_w=12.0,  batt_mode=idle,  batt_discharge_w=12.0,  batt_charge_w=0,  load_w=1167.0, zone=unknown,  grid_charge=off, ev_charging_active=off, ev_charge_end=2026-02-23 05:00:02, ev_webhook_count=104, max_discharge_a=60, max_charge_a=90, max_grid_charge_a=64, soc_limit_a=42, volt_penalty_a=5, voltage_protected_limit_a=37, soc_power_w=2198, is_critical_soc=False
2026-03-01T02:08:00.341034+01:00,  soc=33.0,  volt=52.41,  volt_delta=-0.39, volt_rate_per_min=-0.39, volt_status=NORMAL, batt_w=12.0,  batt_mode=idle,  batt_discharge_w=12.0,  batt_charge_w=0,  load_w=1161.0, zone=unknown,  grid_charge=off, ev_charging_active=off, ev_charge_end=2026-02-23 05:00:02, ev_webhook_count=104, max_discharge_a=60, max_charge_a=90, max_grid_charge_a=64, soc_limit_a=42, volt_penalty_a=5, voltage_protected_limit_a=37, soc_power_w=2198, is_critical_soc=False
2026-03-01T02:09:00.340185+01:00,  soc=33.0,  volt=52.41,  volt_delta=-0.39, volt_rate_per_min=-0.39, volt_status=NORMAL, batt_w=12.0,  batt_mode=idle,  batt_discharge_w=12.0,  batt_charge_w=0,  load_w=1161.0, zone=unknown,  grid_charge=off, ev_charging_active=off, ev_charge_end=2026-02-23 05:00:02, ev_webhook_count=104, max_discharge_a=60, max_charge_a=90, max_grid_charge_a=64, soc_limit_a=42, volt_penalty_a=5, voltage_protected_limit_a=37, soc_power_w=2198, is_critical_soc=False
2026-03-01T02:10:00.339986+01:00,  soc=33.0,  volt=52.41,  volt_delta=-0.39, volt_rate_per_min=-0.39, volt_status=NORMAL, batt_w=12.0,  batt_mode=idle,  batt_discharge_w=12.0,  batt_charge_w=0,  load_w=1161.0, zone=unknown,  grid_charge=off, ev_charging_active=off, ev_charge_end=2026-02-23 05:00:02, ev_webhook_count=104, max_discharge_a=60, max_charge_a=90, max_grid_charge_a=64, soc_limit_a=42, volt_penalty_a=5, voltage_protected_limit_a=37, soc_power_w=2198, is_critical_soc=False
2026-03-01T02:11:00.339938+01:00,  soc=33.0,  volt=52.41,  volt_delta=-0.39, volt_rate_per_min=-0.39, volt_status=NORMAL, batt_w=12.0,  batt_mode=idle,  batt_discharge_w=12.0,  batt_charge_w=0,  load_w=1161.0, zone=unknown,  grid_charge=off, ev_charging_active=off, ev_charge_end=2026-02-23 05:00:02, ev_webhook_count=104, max_discharge_a=60, max_charge_a=90, max_grid_charge_a=64, soc_limit_a=42, volt_penalty_a=5, voltage_protected_limit_a=37, soc_power_w=2198, is_critical_soc=False
2026-03-01T02:12:00.340749+01:00,  soc=33.0,  volt=52.41,  volt_delta=-0.39, volt_rate_per_min=-0.39, volt_status=NORMAL, batt_w=12.0,  batt_mode=idle,  batt_discharge_w=12.0,  batt_charge_w=0,  load_w=1161.0, zone=unknown,  grid_charge=off, ev_charging_active=off, ev_charge_end=2026-02-23 05:00:02, ev_webhook_count=104, max_discharge_a=60, max_charge_a=90, max_grid_charge_a=64, soc_limit_a=42, volt_penalty_a=5, voltage_protected_limit_a=37, soc_power_w=2198, is_critical_soc=False
2026-03-01T02:13:00.340093+01:00,  soc=33.0,  volt=52.41,  volt_delta=-0.39, volt_rate_per_min=-0.39, volt_status=NORMAL, batt_w=12.0,  batt_mode=idle,  batt_discharge_w=12.0,  batt_charge_w=0,  load_w=1161.0, zone=unknown,  grid_charge=off, ev_charging_active=off, ev_charge_end=2026-02-23 05:00:02, ev_webhook_count=104, max_discharge_a=60, max_charge_a=90, max_grid_charge_a=64, soc_limit_a=42, volt_penalty_a=5, voltage_protected_limit_a=37, soc_power_w=2198, is_critical_soc=False
2026-03-01T02:14:00.340420+01:00,  soc=33.0,  volt=52.41,  volt_delta=-0.39, volt_rate_per_min=-0.39, volt_status=NORMAL, batt_w=12.0,  batt_mode=idle,  batt_discharge_w=12.0,  batt_charge_w=0,  load_w=1227.0, zone=unknown,  grid_charge=off, ev_charging_active=off, ev_charge_end=2026-02-23 05:00:02, ev_webhook_count=104, max_discharge_a=60, max_charge_a=90, max_grid_charge_a=64, soc_limit_a=42, volt_penalty_a=5, voltage_protected_limit_a=37, soc_power_w=2198, is_critical_soc=False
2026-03-01T02:15:00.339928+01:00,  soc=33.0,  volt=52.4,  volt_delta=-0.4, volt_rate_per_min=-0.4, volt_status=NORMAL, batt_w=15.0,  batt_mode=idle,  batt_discharge_w=15.0,  batt_charge_w=0,  load_w=1227.0, zone=unknown,  grid_charge=off, ev_charging_active=off, ev_charge_end=2026-02-23 05:00:02, ev_webhook_count=104, max_discharge_a=60, max_charge_a=90, max_grid_charge_a=64, soc_limit_a=42, volt_penalty_a=10, voltage_protected_limit_a=32, soc_power_w=2198, is_critical_soc=False
2026-03-01T02:16:00.340451+01:00,  soc=33.0,  volt=52.4,  volt_delta=-0.4, volt_rate_per_min=-0.4, volt_status=NORMAL, batt_w=15.0,  batt_mode=idle,  batt_discharge_w=15.0,  batt_charge_w=0,  load_w=1227.0, zone=unknown,  grid_charge=off, ev_charging_active=off, ev_charge_end=2026-02-23 05:00:02, ev_webhook_count=104, max_discharge_a=60, max_charge_a=90, max_grid_charge_a=64, soc_limit_a=42, volt_penalty_a=10, voltage_protected_limit_a=32, soc_power_w=2198, is_critical_soc=False
2026-03-01T02:17:00.340096+01:00,  soc=33.0,  volt=52.4,  volt_delta=-0.4, volt_rate_per_min=-0.4, volt_status=NORMAL, batt_w=15.0,  batt_mode=idle,  batt_discharge_w=15.0,  batt_charge_w=0,  load_w=1227.0, zone=unknown,  grid_charge=off, ev_charging_active=off, ev_charge_end=2026-02-23 05:00:02, ev_webhook_count=104, max_discharge_a=60, max_charge_a=90, max_grid_charge_a=64, soc_limit_a=42, volt_penalty_a=10, voltage_protected_limit_a=32, soc_power_w=2198, is_critical_soc=False
2026-03-01T02:18:00.340698+01:00,  soc=33.0,  volt=52.4,  volt_delta=-0.4, volt_rate_per_min=-0.4, volt_status=NORMAL, batt_w=15.0,  batt_mode=idle,  batt_discharge_w=15.0,  batt_charge_w=0,  load_w=1227.0, zone=unknown,  grid_charge=off, ev_charging_active=off, ev_charge_end=2026-02-23 05:00:02, ev_webhook_count=104, max_discharge_a=60, max_charge_a=90, max_grid_charge_a=64, soc_limit_a=42, volt_penalty_a=10, voltage_protected_limit_a=32, soc_power_w=2198, is_critical_soc=False
2026-03-01T02:19:00.339809+01:00,  soc=33.0,  volt=52.4,  volt_delta=-0.4, volt_rate_per_min=-0.4, volt_status=NORMAL, batt_w=15.0,  batt_mode=idle,  batt_discharge_w=15.0,  batt_charge_w=0,  load_w=1215.0, zone=unknown,  grid_charge=off, ev_charging_active=off, ev_charge_end=2026-02-23 05:00:02, ev_webhook_count=104, max_discharge_a=60, max_charge_a=90, max_grid_charge_a=64, soc_limit_a=42, volt_penalty_a=10, voltage_protected_limit_a=32, soc_power_w=2198, is_critical_soc=False
2026-03-01T02:20:00.339990+01:00,  soc=33.0,  volt=52.4,  volt_delta=-0.4, volt_rate_per_min=-0.4, volt_status=NORMAL, batt_w=15.0,  batt_mode=idle,  batt_discharge_w=15.0,  batt_charge_w=0,  load_w=1215.0, zone=unknown,  grid_charge=off, ev_charging_active=off, ev_charge_end=2026-02-23 05:00:02, ev_webhook_count=104, max_discharge_a=60, max_charge_a=90, max_grid_charge_a=64, soc_limit_a=42, volt_penalty_a=10, voltage_protected_limit_a=32, soc_power_w=2198, is_critical_soc=False
2026-03-01T02:21:00.340077+01:00,  soc=33.0,  volt=52.4,  volt_delta=-0.4, volt_rate_per_min=-0.4, volt_status=NORMAL, batt_w=15.0,  batt_mode=idle,  batt_discharge_w=15.0,  batt_charge_w=0,  load_w=1215.0, zone=unknown,  grid_charge=off, ev_charging_active=off, ev_charge_end=2026-02-23 05:00:02, ev_webhook_count=104, max_discharge_a=60, max_charge_a=90, max_grid_charge_a=64, soc_limit_a=42, volt_penalty_a=10, voltage_protected_limit_a=32, soc_power_w=2198, is_critical_soc=False
2026-03-01T02:22:00.340619+01:00,  soc=33.0,  volt=52.4,  volt_delta=-0.4, volt_rate_per_min=-0.4, volt_status=NORMAL, batt_w=15.0,  batt_mode=idle,  batt_discharge_w=15.0,  batt_charge_w=0,  load_w=1166.0, zone=unknown,  grid_charge=off, ev_charging_active=off, ev_charge_end=2026-02-23 05:00:02, ev_webhook_count=104, max_discharge_a=60, max_charge_a=90, max_grid_charge_a=64, soc_limit_a=42, volt_penalty_a=10, voltage_protected_limit_a=32, soc_power_w=2198, is_critical_soc=False
2026-03-01T02:23:00.340825+01:00,  soc=33.0,  volt=52.4,  volt_delta=-0.4, volt_rate_per_min=-0.4, volt_status=NORMAL, batt_w=15.0,  batt_mode=idle,  batt_discharge_w=15.0,  batt_charge_w=0,  load_w=1166.0, zone=unknown,  grid_charge=off, ev_charging_active=off, ev_charge_end=2026-02-23 05:00:02, ev_webhook_count=104, max_discharge_a=60, max_charge_a=90, max_grid_charge_a=64, soc_limit_a=42, volt_penalty_a=10, voltage_protected_limit_a=32, soc_power_w=2198, is_critical_soc=False
2026-03-01T02:24:00.340010+01:00,  soc=33.0,  volt=52.4,  volt_delta=-0.4, volt_rate_per_min=-0.4, volt_status=NORMAL, batt_w=15.0,  batt_mode=idle,  batt_discharge_w=15.0,  batt_charge_w=0,  load_w=1114.0, zone=unknown,  grid_charge=off, ev_charging_active=off, ev_charge_end=2026-02-23 05:00:02, ev_webhook_count=104, max_discharge_a=60, max_charge_a=90, max_grid_charge_a=64, soc_limit_a=42, volt_penalty_a=10, voltage_protected_limit_a=32, soc_power_w=2198, is_critical_soc=False
2026-03-01T02:25:00.340638+01:00,  soc=33.0,  volt=52.39,  volt_delta=-0.41, volt_rate_per_min=-0.41, volt_status=NORMAL, batt_w=13.0,  batt_mode=idle,  batt_discharge_w=13.0,  batt_charge_w=0,  load_w=1114.0, zone=unknown,  grid_charge=off, ev_charging_active=off, ev_charge_end=2026-02-23 05:00:02, ev_webhook_count=104, max_discharge_a=60, max_charge_a=90, max_grid_charge_a=64, soc_limit_a=42, volt_penalty_a=10, voltage_protected_limit_a=32, soc_power_w=2198, is_critical_soc=False
2026-03-01T02:26:00.340193+01:00,  soc=33.0,  volt=52.39,  volt_delta=-0.41, volt_rate_per_min=-0.41, volt_status=NORMAL, batt_w=13.0,  batt_mode=idle,  batt_discharge_w=13.0,  batt_charge_w=0,  load_w=1114.0, zone=unknown,  grid_charge=off, ev_charging_active=off, ev_charge_end=2026-02-23 05:00:02, ev_webhook_count=104, max_discharge_a=60, max_charge_a=90, max_grid_charge_a=64, soc_limit_a=42, volt_penalty_a=10, voltage_protected_limit_a=32, soc_power_w=2198, is_critical_soc=False
2026-03-01T02:27:00.340617+01:00,  soc=33.0,  volt=52.39,  volt_delta=-0.41, volt_rate_per_min=-0.41, volt_status=NORMAL, batt_w=13.0,  batt_mode=idle,  batt_discharge_w=13.0,  batt_charge_w=0,  load_w=1114.0, zone=unknown,  grid_charge=off, ev_charging_active=off, ev_charge_end=2026-02-23 05:00:02, ev_webhook_count=104, max_discharge_a=60, max_charge_a=90, max_grid_charge_a=64, soc_limit_a=42, volt_penalty_a=10, voltage_protected_limit_a=32, soc_power_w=2198, is_critical_soc=False
2026-03-01T02:28:00.342104+01:00,  soc=33.0,  volt=52.39,  volt_delta=-0.41, volt_rate_per_min=-0.41, volt_status=NORMAL, batt_w=13.0,  batt_mode=idle,  batt_discharge_w=13.0,  batt_charge_w=0,  load_w=1114.0, zone=unknown,  grid_charge=off, ev_charging_active=off, ev_charge_end=2026-02-23 05:00:02, ev_webhook_count=104, max_discharge_a=60, max_charge_a=90, max_grid_charge_a=64, soc_limit_a=42, volt_penalty_a=10, voltage_protected_limit_a=32, soc_power_w=2198, is_critical_soc=False
2026-03-01T02:29:00.340652+01:00,  soc=33.0,  volt=52.39,  volt_delta=-0.41, volt_rate_per_min=-0.41, volt_status=NORMAL, batt_w=13.0,  batt_mode=idle,  batt_discharge_w=13.0,  batt_charge_w=0,  load_w=1114.0, zone=unknown,  grid_charge=off, ev_charging_active=off, ev_charge_end=2026-02-23 05:00:02, ev_webhook_count=104, max_discharge_a=60, max_charge_a=90, max_grid_charge_a=64, soc_limit_a=42, volt_penalty_a=10, voltage_protected_limit_a=32, soc_power_w=2198, is_critical_soc=False
2026-03-01T02:30:00.340564+01:00,  soc=33.0,  volt=52.39,  volt_delta=-0.41, volt_rate_per_min=-0.41, volt_status=NORMAL, batt_w=13.0,  batt_mode=idle,  batt_discharge_w=13.0,  batt_charge_w=0,  load_w=1073.0, zone=unknown,  grid_charge=off, ev_charging_active=off, ev_charge_end=2026-02-23 05:00:02, ev_webhook_count=104, max_discharge_a=60, max_charge_a=90, max_grid_charge_a=64, soc_limit_a=42, volt_penalty_a=10, voltage_protected_limit_a=32, soc_power_w=2198, is_critical_soc=False
2026-03-01T02:31:00.341218+01:00,  soc=33.0,  volt=52.39,  volt_delta=-0.41, volt_rate_per_min=-0.41, volt_status=NORMAL, batt_w=13.0,  batt_mode=idle,  batt_discharge_w=13.0,  batt_charge_w=0,  load_w=1073.0, zone=unknown,  grid_charge=off, ev_charging_active=off, ev_charge_end=2026-02-23 05:00:02, ev_webhook_count=104, max_discharge_a=60, max_charge_a=90, max_grid_charge_a=64, soc_limit_a=42, volt_penalty_a=10, voltage_protected_limit_a=32, soc_power_w=2198, is_critical_soc=False
2026-03-01T02:32:00.340523+01:00,  soc=33.0,  volt=52.39,  volt_delta=-0.41, volt_rate_per_min=-0.41, volt_status=NORMAL, batt_w=13.0,  batt_mode=idle,  batt_discharge_w=13.0,  batt_charge_w=0,  load_w=1073.0, zone=unknown,  grid_charge=off, ev_charging_active=off, ev_charge_end=2026-02-23 05:00:02, ev_webhook_count=104, max_discharge_a=60, max_charge_a=90, max_grid_charge_a=64, soc_limit_a=42, volt_penalty_a=10, voltage_protected_limit_a=32, soc_power_w=2198, is_critical_soc=False
2026-03-01T02:33:00.339871+01:00,  soc=33.0,  volt=52.39,  volt_delta=-0.41, volt_rate_per_min=-0.41, volt_status=NORMAL, batt_w=13.0,  batt_mode=idle,  batt_discharge_w=13.0,  batt_charge_w=0,  load_w=1073.0, zone=unknown,  grid_charge=off, ev_charging_active=off, ev_charge_end=2026-02-23 05:00:02, ev_webhook_count=104, max_discharge_a=60, max_charge_a=90, max_grid_charge_a=64, soc_limit_a=42, volt_penalty_a=10, voltage_protected_limit_a=32, soc_power_w=2198, is_critical_soc=False
2026-03-01T02:34:00.340485+01:00,  soc=33.0,  volt=52.39,  volt_delta=-0.41, volt_rate_per_min=-0.41, volt_status=NORMAL, batt_w=13.0,  batt_mode=idle,  batt_discharge_w=13.0,  batt_charge_w=0,  load_w=1073.0, zone=unknown,  grid_charge=off, ev_charging_active=off, ev_charge_end=2026-02-23 05:00:02, ev_webhook_count=104, max_discharge_a=60, max_charge_a=90, max_grid_charge_a=64, soc_limit_a=42, volt_penalty_a=10, voltage_protected_limit_a=32, soc_power_w=2198, is_critical_soc=False
2026-03-01T02:35:00.340798+01:00,  soc=33.0,  volt=52.39,  volt_delta=-0.41, volt_rate_per_min=-0.41, volt_status=NORMAL, batt_w=12.0,  batt_mode=idle,  batt_discharge_w=12.0,  batt_charge_w=0,  load_w=1079.0, zone=unknown,  grid_charge=off, ev_charging_active=off, ev_charge_end=2026-02-23 05:00:02, ev_webhook_count=104, max_discharge_a=60, max_charge_a=90, max_grid_charge_a=64, soc_limit_a=42, volt_penalty_a=10, voltage_protected_limit_a=32, soc_power_w=2198, is_critical_soc=False
2026-03-01T02:36:00.340249+01:00,  soc=33.0,  volt=52.39,  volt_delta=-0.41, volt_rate_per_min=-0.41, volt_status=NORMAL, batt_w=12.0,  batt_mode=idle,  batt_discharge_w=12.0,  batt_charge_w=0,  load_w=1079.0, zone=unknown,  grid_charge=off, ev_charging_active=off, ev_charge_end=2026-02-23 05:00:02, ev_webhook_count=104, max_discharge_a=60, max_charge_a=90, max_grid_charge_a=64, soc_limit_a=42, volt_penalty_a=10, voltage_protected_limit_a=32, soc_power_w=2198, is_critical_soc=False
2026-03-01T02:37:00.340240+01:00,  soc=33.0,  volt=52.39,  volt_delta=-0.41, volt_rate_per_min=-0.41, volt_status=NORMAL, batt_w=12.0,  batt_mode=idle,  batt_discharge_w=12.0,  batt_charge_w=0,  load_w=1079.0, zone=unknown,  grid_charge=off, ev_charging_active=off, ev_charge_end=2026-02-23 05:00:02, ev_webhook_count=104, max_discharge_a=60, max_charge_a=90, max_grid_charge_a=64, soc_limit_a=42, volt_penalty_a=10, voltage_protected_limit_a=32, soc_power_w=2198, is_critical_soc=False
2026-03-01T02:38:00.340132+01:00,  soc=33.0,  volt=52.39,  volt_delta=-0.41, volt_rate_per_min=-0.41, volt_status=NORMAL, batt_w=12.0,  batt_mode=idle,  batt_discharge_w=12.0,  batt_charge_w=0,  load_w=1079.0, zone=unknown,  grid_charge=off, ev_charging_active=off, ev_charge_end=2026-02-23 05:00:02, ev_webhook_count=104, max_discharge_a=60, max_charge_a=90, max_grid_charge_a=64, soc_limit_a=42, volt_penalty_a=10, voltage_protected_limit_a=32, soc_power_w=2198, is_critical_soc=False
2026-03-01T02:39:00.340484+01:00,  soc=33.0,  volt=52.39,  volt_delta=-0.41, volt_rate_per_min=-0.41, volt_status=NORMAL, batt_w=12.0,  batt_mode=idle,  batt_discharge_w=12.0,  batt_charge_w=0,  load_w=1079.0, zone=unknown,  grid_charge=off, ev_charging_active=off, ev_charge_end=2026-02-23 05:00:02, ev_webhook_count=104, max_discharge_a=60, max_charge_a=90, max_grid_charge_a=64, soc_limit_a=42, volt_penalty_a=10, voltage_protected_limit_a=32, soc_power_w=2198, is_critical_soc=False
2026-03-01T02:40:00.340988+01:00,  soc=33.0,  volt=52.39,  volt_delta=-0.41, volt_rate_per_min=-0.41, volt_status=NORMAL, batt_w=12.0,  batt_mode=idle,  batt_discharge_w=12.0,  batt_charge_w=0,  load_w=1095.0, zone=unknown,  grid_charge=off, ev_charging_active=off, ev_charge_end=2026-02-23 05:00:02, ev_webhook_count=104, max_discharge_a=60, max_charge_a=90, max_grid_charge_a=64, soc_limit_a=42, volt_penalty_a=10, voltage_protected_limit_a=32, soc_power_w=2198, is_critical_soc=False
2026-03-01T02:41:00.340359+01:00,  soc=33.0,  volt=52.38,  volt_delta=-0.42, volt_rate_per_min=-0.42, volt_status=NORMAL, batt_w=12.0,  batt_mode=idle,  batt_discharge_w=12.0,  batt_charge_w=0,  load_w=1095.0, zone=unknown,  grid_charge=off, ev_charging_active=off, ev_charge_end=2026-02-23 05:00:02, ev_webhook_count=104, max_discharge_a=60, max_charge_a=90, max_grid_charge_a=64, soc_limit_a=42, volt_penalty_a=10, voltage_protected_limit_a=32, soc_power_w=2198, is_critical_soc=False
2026-03-01T02:42:00.340585+01:00,  soc=33.0,  volt=52.38,  volt_delta=-0.42, volt_rate_per_min=-0.42, volt_status=NORMAL, batt_w=12.0,  batt_mode=idle,  batt_discharge_w=12.0,  batt_charge_w=0,  load_w=1095.0, zone=unknown,  grid_charge=off, ev_charging_active=off, ev_charge_end=2026-02-23 05:00:02, ev_webhook_count=104, max_discharge_a=60, max_charge_a=90, max_grid_charge_a=64, soc_limit_a=42, volt_penalty_a=10, voltage_protected_limit_a=32, soc_power_w=2198, is_critical_soc=False
2026-03-01T02:43:00.340741+01:00,  soc=33.0,  volt=52.38,  volt_delta=-0.42, volt_rate_per_min=-0.42, volt_status=NORMAL, batt_w=12.0,  batt_mode=idle,  batt_discharge_w=12.0,  batt_charge_w=0,  load_w=3171.0, zone=unknown,  grid_charge=off, ev_charging_active=off, ev_charge_end=2026-02-23 05:00:02, ev_webhook_count=104, max_discharge_a=60, max_charge_a=90, max_grid_charge_a=64, soc_limit_a=42, volt_penalty_a=10, voltage_protected_limit_a=32, soc_power_w=2198, is_critical_soc=False
2026-03-01T02:44:00.339993+01:00,  soc=33.0,  volt=52.38,  volt_delta=-0.42, volt_rate_per_min=-0.42, volt_status=NORMAL, batt_w=12.0,  batt_mode=idle,  batt_discharge_w=12.0,  batt_charge_w=0,  load_w=1070.0, zone=unknown,  grid_charge=off, ev_charging_active=off, ev_charge_end=2026-02-23 05:00:02, ev_webhook_count=104, max_discharge_a=60, max_charge_a=90, max_grid_charge_a=64, soc_limit_a=42, volt_penalty_a=10, voltage_protected_limit_a=32, soc_power_w=2198, is_critical_soc=False
2026-03-01T02:45:00.340708+01:00,  soc=33.0,  volt=52.38,  volt_delta=-0.42, volt_rate_per_min=-0.42, volt_status=NORMAL, batt_w=12.0,  batt_mode=idle,  batt_discharge_w=12.0,  batt_charge_w=0,  load_w=1070.0, zone=unknown,  grid_charge=off, ev_charging_active=off, ev_charge_end=2026-02-23 05:00:02, ev_webhook_count=104, max_discharge_a=60, max_charge_a=90, max_grid_charge_a=64, soc_limit_a=42, volt_penalty_a=10, voltage_protected_limit_a=32, soc_power_w=2198, is_critical_soc=False
2026-03-01T02:46:00.340678+01:00,  soc=33.0,  volt=52.38,  volt_delta=-0.42, volt_rate_per_min=-0.42, volt_status=NORMAL, batt_w=12.0,  batt_mode=idle,  batt_discharge_w=12.0,  batt_charge_w=0,  load_w=1074.0, zone=unknown,  grid_charge=off, ev_charging_active=off, ev_charge_end=2026-02-23 05:00:02, ev_webhook_count=104, max_discharge_a=60, max_charge_a=90, max_grid_charge_a=64, soc_limit_a=42, volt_penalty_a=10, voltage_protected_limit_a=32, soc_power_w=2198, is_critical_soc=False
2026-03-01T02:47:00.340550+01:00,  soc=33.0,  volt=52.38,  volt_delta=-0.42, volt_rate_per_min=-0.42, volt_status=NORMAL, batt_w=12.0,  batt_mode=idle,  batt_discharge_w=12.0,  batt_charge_w=0,  load_w=1074.0, zone=unknown,  grid_charge=off, ev_charging_active=off, ev_charge_end=2026-02-23 05:00:02, ev_webhook_count=104, max_discharge_a=60, max_charge_a=90, max_grid_charge_a=64, soc_limit_a=42, volt_penalty_a=10, voltage_protected_limit_a=32, soc_power_w=2198, is_critical_soc=False
2026-03-01T02:48:00.341031+01:00,  soc=33.0,  volt=52.38,  volt_delta=-0.42, volt_rate_per_min=-0.42, volt_status=NORMAL, batt_w=12.0,  batt_mode=idle,  batt_discharge_w=12.0,  batt_charge_w=0,  load_w=1074.0, zone=unknown,  grid_charge=off, ev_charging_active=off, ev_charge_end=2026-02-23 05:00:02, ev_webhook_count=104, max_discharge_a=60, max_charge_a=90, max_grid_charge_a=64, soc_limit_a=42, volt_penalty_a=10, voltage_protected_limit_a=32, soc_power_w=2198, is_critical_soc=False
2026-03-01T02:49:00.339748+01:00,  soc=33.0,  volt=52.38,  volt_delta=-0.42, volt_rate_per_min=-0.42, volt_status=NORMAL, batt_w=12.0,  batt_mode=idle,  batt_discharge_w=12.0,  batt_charge_w=0,  load_w=1074.0, zone=unknown,  grid_charge=off, ev_charging_active=off, ev_charge_end=2026-02-23 05:00:02, ev_webhook_count=104, max_discharge_a=60, max_charge_a=90, max_grid_charge_a=64, soc_limit_a=42, volt_penalty_a=10, voltage_protected_limit_a=32, soc_power_w=2198, is_critical_soc=False
2026-03-01T02:50:00.340021+01:00,  soc=33.0,  volt=52.38,  volt_delta=-0.42, volt_rate_per_min=-0.42, volt_status=NORMAL, batt_w=12.0,  batt_mode=idle,  batt_discharge_w=12.0,  batt_charge_w=0,  load_w=1074.0, zone=unknown,  grid_charge=off, ev_charging_active=off, ev_charge_end=2026-02-23 05:00:02, ev_webhook_count=104, max_discharge_a=60, max_charge_a=90, max_grid_charge_a=64, soc_limit_a=42, volt_penalty_a=10, voltage_protected_limit_a=32, soc_power_w=2198, is_critical_soc=False
2026-03-01T02:51:00.340708+01:00,  soc=33.0,  volt=52.38,  volt_delta=-0.42, volt_rate_per_min=-0.42, volt_status=NORMAL, batt_w=12.0,  batt_mode=idle,  batt_discharge_w=12.0,  batt_charge_w=0,  load_w=1068.0, zone=unknown,  grid_charge=off, ev_charging_active=off, ev_charge_end=2026-02-23 05:00:02, ev_webhook_count=104, max_discharge_a=60, max_charge_a=90, max_grid_charge_a=64, soc_limit_a=42, volt_penalty_a=10, voltage_protected_limit_a=32, soc_power_w=2198, is_critical_soc=False
2026-03-01T02:52:00.340730+01:00,  soc=33.0,  volt=52.38,  volt_delta=-0.42, volt_rate_per_min=-0.42, volt_status=NORMAL, batt_w=12.0,  batt_mode=idle,  batt_discharge_w=12.0,  batt_charge_w=0,  load_w=1068.0, zone=unknown,  grid_charge=off, ev_charging_active=off, ev_charge_end=2026-02-23 05:00:02, ev_webhook_count=104, max_discharge_a=60, max_charge_a=90, max_grid_charge_a=64, soc_limit_a=42, volt_penalty_a=10, voltage_protected_limit_a=32, soc_power_w=2198, is_critical_soc=False
2026-03-01T02:53:00.339844+01:00,  soc=33.0,  volt=52.38,  volt_delta=-0.42, volt_rate_per_min=-0.42, volt_status=NORMAL, batt_w=12.0,  batt_mode=idle,  batt_discharge_w=12.0,  batt_charge_w=0,  load_w=1068.0, zone=unknown,  grid_charge=off, ev_charging_active=off, ev_charge_end=2026-02-23 05:00:02, ev_webhook_count=104, max_discharge_a=60, max_charge_a=90, max_grid_charge_a=64, soc_limit_a=42, volt_penalty_a=10, voltage_protected_limit_a=32, soc_power_w=2198, is_critical_soc=False
2026-03-01T02:54:00.339968+01:00,  soc=33.0,  volt=52.38,  volt_delta=-0.42, volt_rate_per_min=-0.42, volt_status=NORMAL, batt_w=12.0,  batt_mode=idle,  batt_discharge_w=12.0,  batt_charge_w=0,  load_w=1068.0, zone=unknown,  grid_charge=off, ev_charging_active=off, ev_charge_end=2026-02-23 05:00:02, ev_webhook_count=104, max_discharge_a=60, max_charge_a=90, max_grid_charge_a=64, soc_limit_a=42, volt_penalty_a=10, voltage_protected_limit_a=32, soc_power_w=2198, is_critical_soc=False
2026-03-01T02:55:00.340295+01:00,  soc=33.0,  volt=52.37,  volt_delta=-0.43, volt_rate_per_min=-0.43, volt_status=NORMAL, batt_w=13.0,  batt_mode=idle,  batt_discharge_w=13.0,  batt_charge_w=0,  load_w=1068.0, zone=unknown,  grid_charge=off, ev_charging_active=off, ev_charge_end=2026-02-23 05:00:02, ev_webhook_count=104, max_discharge_a=60, max_charge_a=90, max_grid_charge_a=64, soc_limit_a=42, volt_penalty_a=10, voltage_protected_limit_a=32, soc_power_w=2198, is_critical_soc=False
2026-03-01T02:56:00.340476+01:00,  soc=33.0,  volt=52.37,  volt_delta=-0.43, volt_rate_per_min=-0.43, volt_status=NORMAL, batt_w=13.0,  batt_mode=idle,  batt_discharge_w=13.0,  batt_charge_w=0,  load_w=1120.0, zone=unknown,  grid_charge=off, ev_charging_active=off, ev_charge_end=2026-02-23 05:00:02, ev_webhook_count=104, max_discharge_a=60, max_charge_a=90, max_grid_charge_a=64, soc_limit_a=42, volt_penalty_a=10, voltage_protected_limit_a=32, soc_power_w=2198, is_critical_soc=False
2026-03-01T02:57:00.340611+01:00,  soc=33.0,  volt=52.37,  volt_delta=-0.43, volt_rate_per_min=-0.43, volt_status=NORMAL, batt_w=13.0,  batt_mode=idle,  batt_discharge_w=13.0,  batt_charge_w=0,  load_w=1120.0, zone=unknown,  grid_charge=off, ev_charging_active=off, ev_charge_end=2026-02-23 05:00:02, ev_webhook_count=104, max_discharge_a=60, max_charge_a=90, max_grid_charge_a=64, soc_limit_a=42, volt_penalty_a=10, voltage_protected_limit_a=32, soc_power_w=2198, is_critical_soc=False
2026-03-01T02:58:00.340510+01:00,  soc=33.0,  volt=52.37,  volt_delta=-0.43, volt_rate_per_min=-0.43, volt_status=NORMAL, batt_w=13.0,  batt_mode=idle,  batt_discharge_w=13.0,  batt_charge_w=0,  load_w=1120.0, zone=unknown,  grid_charge=off, ev_charging_active=off, ev_charge_end=2026-02-23 05:00:02, ev_webhook_count=104, max_discharge_a=60, max_charge_a=90, max_grid_charge_a=64, soc_limit_a=42, volt_penalty_a=10, voltage_protected_limit_a=32, soc_power_w=2198, is_critical_soc=False
2026-03-01T02:59:00.340369+01:00,  soc=33.0,  volt=52.37,  volt_delta=-0.43, volt_rate_per_min=-0.43, volt_status=NORMAL, batt_w=13.0,  batt_mode=idle,  batt_discharge_w=13.0,  batt_charge_w=0,  load_w=1120.0, zone=unknown,  grid_charge=off, ev_charging_active=off, ev_charge_end=2026-02-23 05:00:02, ev_webhook_count=104, max_discharge_a=60, max_charge_a=90, max_grid_charge_a=64, soc_limit_a=42, volt_penalty_a=10, voltage_protected_limit_a=32, soc_power_w=2198, is_critical_soc=False
2026-03-01T03:00:00.340457+01:00,  soc=33.0,  volt=52.37,  volt_delta=-0.43, volt_rate_per_min=-0.43, volt_status=NORMAL, batt_w=13.0,  batt_mode=idle,  batt_discharge_w=13.0,  batt_charge_w=0,  load_w=1120.0, zone=unknown,  grid_charge=off, ev_charging_active=off, ev_charge_end=2026-02-23 05:00:02, ev_webhook_count=104, max_discharge_a=60, max_charge_a=90, max_grid_charge_a=64, soc_limit_a=42, volt_penalty_a=10, voltage_protected_limit_a=32, soc_power_w=2198, is_critical_soc=False
2026-03-01T03:01:00.340598+01:00,  soc=33.0,  volt=52.37,  volt_delta=-0.43, volt_rate_per_min=-0.43, volt_status=NORMAL, batt_w=13.0,  batt_mode=idle,  batt_discharge_w=13.0,  batt_charge_w=0,  load_w=1120.0, zone=unknown,  grid_charge=off, ev_charging_active=off, ev_charge_end=2026-02-23 05:00:02, ev_webhook_count=104, max_discharge_a=60, max_charge_a=90, max_grid_charge_a=64, soc_limit_a=42, volt_penalty_a=10, voltage_protected_limit_a=32, soc_power_w=2198, is_critical_soc=False
2026-03-01T03:02:00.340046+01:00,  soc=33.0,  volt=52.37,  volt_delta=-0.43, volt_rate_per_min=-0.43, volt_status=NORMAL, batt_w=13.0,  batt_mode=idle,  batt_discharge_w=13.0,  batt_charge_w=0,  load_w=1133.0, zone=unknown,  grid_charge=on, ev_charging_active=off, ev_charge_end=2026-02-23 05:00:02, ev_webhook_count=104, max_discharge_a=60, max_charge_a=90, max_grid_charge_a=64, soc_limit_a=42, volt_penalty_a=10, voltage_protected_limit_a=32, soc_power_w=2198, is_critical_soc=False
2026-03-01T03:03:00.340038+01:00,  soc=33.0,  volt=53.66,  volt_delta=0.86, volt_rate_per_min=0.86, volt_status=NORMAL, batt_w=-3159.0,  batt_mode=charge,  batt_discharge_w=0,  batt_charge_w=3159.0,  load_w=1133.0, zone=unknown,  grid_charge=on, ev_charging_active=off, ev_charge_end=2026-02-23 05:00:02, ev_webhook_count=104, max_discharge_a=60, max_charge_a=90, max_grid_charge_a=64, soc_limit_a=41, volt_penalty_a=0, voltage_protected_limit_a=41, soc_power_w=2198, is_critical_soc=False
2026-03-01T03:04:00.340420+01:00,  soc=34.0,  volt=53.8,  volt_delta=1.0, volt_rate_per_min=1.0, volt_status=NORMAL, batt_w=-3159.0,  batt_mode=charge,  batt_discharge_w=0,  batt_charge_w=3159.0,  load_w=1133.0, zone=unknown,  grid_charge=on, ev_charging_active=off, ev_charge_end=2026-02-23 05:00:02, ev_webhook_count=104, max_discharge_a=60, max_charge_a=90, max_grid_charge_a=64, soc_limit_a=43, volt_penalty_a=0, voltage_protected_limit_a=43, soc_power_w=2318, is_critical_soc=False
2026-03-01T03:05:00.340561+01:00,  soc=35.0,  volt=53.84,  volt_delta=1.04, volt_rate_per_min=1.04, volt_status=NORMAL, batt_w=-3178.0,  batt_mode=charge,  batt_discharge_w=0,  batt_charge_w=3178.0,  load_w=1133.0, zone=unknown,  grid_charge=on, ev_charging_active=off, ev_charge_end=2026-02-23 05:00:02, ev_webhook_count=104, max_discharge_a=60, max_charge_a=90, max_grid_charge_a=64, soc_limit_a=45, volt_penalty_a=0, voltage_protected_limit_a=45, soc_power_w=2444, is_critical_soc=False
2026-03-01T03:06:00.340527+01:00,  soc=35.0,  volt=53.93,  volt_delta=1.13, volt_rate_per_min=1.13, volt_status=NORMAL, batt_w=-3178.0,  batt_mode=charge,  batt_discharge_w=0,  batt_charge_w=3178.0,  load_w=1133.0, zone=unknown,  grid_charge=on, ev_charging_active=off, ev_charge_end=2026-02-23 05:00:02, ev_webhook_count=104, max_discharge_a=60, max_charge_a=90, max_grid_charge_a=64, soc_limit_a=45, volt_penalty_a=0, voltage_protected_limit_a=45, soc_power_w=2444, is_critical_soc=False
2026-03-01T03:07:00.341315+01:00,  soc=36.0,  volt=53.93,  volt_delta=1.13, volt_rate_per_min=1.13, volt_status=NORMAL, batt_w=-3178.0,  batt_mode=charge,  batt_discharge_w=0,  batt_charge_w=3178.0,  load_w=1099.0, zone=unknown,  grid_charge=on, ev_charging_active=off, ev_charge_end=2026-02-23 05:00:02, ev_webhook_count=104, max_discharge_a=60, max_charge_a=90, max_grid_charge_a=64, soc_limit_a=48, volt_penalty_a=0, voltage_protected_limit_a=48, soc_power_w=2575, is_critical_soc=False
2026-03-01T03:08:00.340452+01:00,  soc=36.0,  volt=53.93,  volt_delta=1.13, volt_rate_per_min=1.13, volt_status=NORMAL, batt_w=-3178.0,  batt_mode=charge,  batt_discharge_w=0,  batt_charge_w=3178.0,  load_w=1099.0, zone=unknown,  grid_charge=on, ev_charging_active=off, ev_charge_end=2026-02-23 05:00:02, ev_webhook_count=104, max_discharge_a=60, max_charge_a=90, max_grid_charge_a=64, soc_limit_a=48, volt_penalty_a=0, voltage_protected_limit_a=48, soc_power_w=2575, is_critical_soc=False
2026-03-01T03:09:00.339917+01:00,  soc=37.0,  volt=54.03,  volt_delta=1.23, volt_rate_per_min=1.23, volt_status=NORMAL, batt_w=-3178.0,  batt_mode=charge,  batt_discharge_w=0,  batt_charge_w=3178.0,  load_w=1099.0, zone=unknown,  grid_charge=on, ev_charging_active=off, ev_charge_end=2026-02-23 05:00:02, ev_webhook_count=104, max_discharge_a=60, max_charge_a=90, max_grid_charge_a=64, soc_limit_a=50, volt_penalty_a=0, voltage_protected_limit_a=50, soc_power_w=2711, is_critical_soc=False
2026-03-01T03:10:00.340661+01:00,  soc=37.0,  volt=54.03,  volt_delta=1.23, volt_rate_per_min=1.23, volt_status=NORMAL, batt_w=-3178.0,  batt_mode=charge,  batt_discharge_w=0,  batt_charge_w=3178.0,  load_w=1099.0, zone=unknown,  grid_charge=on, ev_charging_active=off, ev_charge_end=2026-02-23 05:00:02, ev_webhook_count=104, max_discharge_a=60, max_charge_a=90, max_grid_charge_a=64, soc_limit_a=50, volt_penalty_a=0, voltage_protected_limit_a=50, soc_power_w=2711, is_critical_soc=False
2026-03-01T03:11:00.340193+01:00,  soc=38.0,  volt=54.03,  volt_delta=1.23, volt_rate_per_min=1.23, volt_status=NORMAL, batt_w=-3178.0,  batt_mode=charge,  batt_discharge_w=0,  batt_charge_w=3178.0,  load_w=1099.0, zone=unknown,  grid_charge=on, ev_charging_active=off, ev_charge_end=2026-02-23 05:00:02, ev_webhook_count=104, max_discharge_a=60, max_charge_a=90, max_grid_charge_a=64, soc_limit_a=53, volt_penalty_a=0, voltage_protected_limit_a=53, soc_power_w=2852, is_critical_soc=False
2026-03-01T03:12:00.340237+01:00,  soc=38.0,  volt=54.03,  volt_delta=1.23, volt_rate_per_min=1.23, volt_status=NORMAL, batt_w=-3178.0,  batt_mode=charge,  batt_discharge_w=0,  batt_charge_w=3178.0,  load_w=1098.0, zone=unknown,  grid_charge=on, ev_charging_active=off, ev_charge_end=2026-02-23 05:00:02, ev_webhook_count=104, max_discharge_a=60, max_charge_a=90, max_grid_charge_a=64, soc_limit_a=53, volt_penalty_a=0, voltage_protected_limit_a=53, soc_power_w=2852, is_critical_soc=False
2026-03-01T03:13:00.340289+01:00,  soc=39.0,  volt=54.03,  volt_delta=1.23, volt_rate_per_min=1.23, volt_status=NORMAL, batt_w=-3178.0,  batt_mode=charge,  batt_discharge_w=0,  batt_charge_w=3178.0,  load_w=1098.0, zone=unknown,  grid_charge=on, ev_charging_active=off, ev_charge_end=2026-02-23 05:00:02, ev_webhook_count=104, max_discharge_a=60, max_charge_a=90, max_grid_charge_a=64, soc_limit_a=56, volt_penalty_a=0, voltage_protected_limit_a=56, soc_power_w=2999, is_critical_soc=False
2026-03-01T03:14:00.340249+01:00,  soc=39.0,  volt=54.03,  volt_delta=1.23, volt_rate_per_min=1.23, volt_status=NORMAL, batt_w=-3178.0,  batt_mode=charge,  batt_discharge_w=0,  batt_charge_w=3178.0,  load_w=1098.0, zone=unknown,  grid_charge=on, ev_charging_active=off, ev_charge_end=2026-02-23 05:00:02, ev_webhook_count=104, max_discharge_a=60, max_charge_a=90, max_grid_charge_a=64, soc_limit_a=56, volt_penalty_a=0, voltage_protected_limit_a=56, soc_power_w=2999, is_critical_soc=False
2026-03-01T03:15:00.339985+01:00,  soc=40.0,  volt=54.13,  volt_delta=1.33, volt_rate_per_min=1.33, volt_status=NORMAL, batt_w=-3196.0,  batt_mode=charge,  batt_discharge_w=0,  batt_charge_w=3196.0,  load_w=1098.0, zone=unknown,  grid_charge=on, ev_charging_active=off, ev_charge_end=2026-02-23 05:00:02, ev_webhook_count=104, max_discharge_a=60, max_charge_a=90, max_grid_charge_a=64, soc_limit_a=60, volt_penalty_a=0, voltage_protected_limit_a=60, soc_power_w=3248, is_critical_soc=False
2026-03-01T03:16:00.340022+01:00,  soc=40.0,  volt=54.13,  volt_delta=1.33, volt_rate_per_min=1.33, volt_status=NORMAL, batt_w=-3196.0,  batt_mode=charge,  batt_discharge_w=0,  batt_charge_w=3196.0,  load_w=1098.0, zone=unknown,  grid_charge=on, ev_charging_active=off, ev_charge_end=2026-02-23 05:00:02, ev_webhook_count=104, max_discharge_a=60, max_charge_a=90, max_grid_charge_a=64, soc_limit_a=60, volt_penalty_a=0, voltage_protected_limit_a=60, soc_power_w=3248, is_critical_soc=False
2026-03-01T03:17:00.340055+01:00,  soc=41.0,  volt=54.13,  volt_delta=1.33, volt_rate_per_min=1.33, volt_status=NORMAL, batt_w=-3196.0,  batt_mode=charge,  batt_discharge_w=0,  batt_charge_w=3196.0,  load_w=1098.0, zone=unknown,  grid_charge=on, ev_charging_active=off, ev_charge_end=2026-02-23 05:00:02, ev_webhook_count=104, max_discharge_a=60, max_charge_a=90, max_grid_charge_a=64, soc_limit_a=60, volt_penalty_a=0, voltage_protected_limit_a=60, soc_power_w=3248, is_critical_soc=False
2026-03-01T03:18:00.340265+01:00,  soc=41.0,  volt=54.13,  volt_delta=1.33, volt_rate_per_min=1.33, volt_status=NORMAL, batt_w=-3196.0,  batt_mode=charge,  batt_discharge_w=0,  batt_charge_w=3196.0,  load_w=1105.0, zone=unknown,  grid_charge=on, ev_charging_active=off, ev_charge_end=2026-02-23 05:00:02, ev_webhook_count=104, max_discharge_a=60, max_charge_a=90, max_grid_charge_a=64, soc_limit_a=60, volt_penalty_a=0, voltage_protected_limit_a=60, soc_power_w=3248, is_critical_soc=False
2026-03-01T03:19:00.340127+01:00,  soc=42.0,  volt=54.13,  volt_delta=1.33, volt_rate_per_min=1.33, volt_status=NORMAL, batt_w=-3196.0,  batt_mode=charge,  batt_discharge_w=0,  batt_charge_w=3196.0,  load_w=1105.0, zone=unknown,  grid_charge=on, ev_charging_active=off, ev_charge_end=2026-02-23 05:00:02, ev_webhook_count=104, max_discharge_a=60, max_charge_a=90, max_grid_charge_a=64, soc_limit_a=60, volt_penalty_a=0, voltage_protected_limit_a=60, soc_power_w=3248, is_critical_soc=False
2026-03-01T03:20:00.341931+01:00,  soc=42.0,  volt=54.13,  volt_delta=1.33, volt_rate_per_min=1.33, volt_status=NORMAL, batt_w=-3196.0,  batt_mode=charge,  batt_discharge_w=0,  batt_charge_w=3196.0,  load_w=1105.0, zone=unknown,  grid_charge=on, ev_charging_active=off, ev_charge_end=2026-02-23 05:00:02, ev_webhook_count=104, max_discharge_a=60, max_charge_a=90, max_grid_charge_a=64, soc_limit_a=60, volt_penalty_a=0, voltage_protected_limit_a=60, soc_power_w=3248, is_critical_soc=False
2026-03-01T03:21:00.340718+01:00,  soc=43.0,  volt=54.13,  volt_delta=1.33, volt_rate_per_min=1.33, volt_status=NORMAL, batt_w=-3196.0,  batt_mode=charge,  batt_discharge_w=0,  batt_charge_w=3196.0,  load_w=1105.0, zone=unknown,  grid_charge=on, ev_charging_active=off, ev_charge_end=2026-02-23 05:00:02, ev_webhook_count=104, max_discharge_a=60, max_charge_a=90, max_grid_charge_a=64, soc_limit_a=60, volt_penalty_a=0, voltage_protected_limit_a=60, soc_power_w=3248, is_critical_soc=False
2026-03-01T03:22:00.339926+01:00,  soc=44.0,  volt=54.13,  volt_delta=1.33, volt_rate_per_min=1.33, volt_status=NORMAL, batt_w=-3196.0,  batt_mode=charge,  batt_discharge_w=0,  batt_charge_w=3196.0,  load_w=1105.0, zone=unknown,  grid_charge=on, ev_charging_active=off, ev_charge_end=2026-02-23 05:00:02, ev_webhook_count=104, max_discharge_a=60, max_charge_a=90, max_grid_charge_a=64, soc_limit_a=60, volt_penalty_a=0, voltage_protected_limit_a=60, soc_power_w=3248, is_critical_soc=False
2026-03-01T03:23:00.340205+01:00,  soc=44.0,  volt=54.13,  volt_delta=1.33, volt_rate_per_min=1.33, volt_status=NORMAL, batt_w=-3196.0,  batt_mode=charge,  batt_discharge_w=0,  batt_charge_w=3196.0,  load_w=1156.0, zone=unknown,  grid_charge=on, ev_charging_active=off, ev_charge_end=2026-02-23 05:00:02, ev_webhook_count=104, max_discharge_a=60, max_charge_a=90, max_grid_charge_a=64, soc_limit_a=60, volt_penalty_a=0, voltage_protected_limit_a=60, soc_power_w=3248, is_critical_soc=False
2026-03-01T03:24:00.340095+01:00,  soc=45.0,  volt=54.13,  volt_delta=1.33, volt_rate_per_min=1.33, volt_status=NORMAL, batt_w=-3196.0,  batt_mode=charge,  batt_discharge_w=0,  batt_charge_w=3196.0,  load_w=1156.0, zone=unknown,  grid_charge=on, ev_charging_active=off, ev_charge_end=2026-02-23 05:00:02, ev_webhook_count=104, max_discharge_a=60, max_charge_a=90, max_grid_charge_a=64, soc_limit_a=60, volt_penalty_a=0, voltage_protected_limit_a=60, soc_power_w=3248, is_critical_soc=False
2026-03-01T03:25:00.340837+01:00,  soc=45.0,  volt=54.15,  volt_delta=1.35, volt_rate_per_min=1.35, volt_status=NORMAL, batt_w=-3200.0,  batt_mode=charge,  batt_discharge_w=0,  batt_charge_w=3200.0,  load_w=1156.0, zone=unknown,  grid_charge=on, ev_charging_active=off, ev_charge_end=2026-02-23 05:00:02, ev_webhook_count=104, max_discharge_a=60, max_charge_a=90, max_grid_charge_a=64, soc_limit_a=60, volt_penalty_a=0, voltage_protected_limit_a=60, soc_power_w=3249, is_critical_soc=False
2026-03-01T03:26:00.340860+01:00,  soc=46.0,  volt=54.15,  volt_delta=1.35, volt_rate_per_min=1.35, volt_status=NORMAL, batt_w=-3200.0,  batt_mode=charge,  batt_discharge_w=0,  batt_charge_w=3200.0,  load_w=1156.0, zone=unknown,  grid_charge=on, ev_charging_active=off, ev_charge_end=2026-02-23 05:00:02, ev_webhook_count=104, max_discharge_a=60, max_charge_a=90, max_grid_charge_a=64, soc_limit_a=60, volt_penalty_a=0, voltage_protected_limit_a=60, soc_power_w=3249, is_critical_soc=False
2026-03-01T03:27:00.341027+01:00,  soc=46.0,  volt=54.15,  volt_delta=1.35, volt_rate_per_min=1.35, volt_status=NORMAL, batt_w=-3200.0,  batt_mode=charge,  batt_discharge_w=0,  batt_charge_w=3200.0,  load_w=1156.0, zone=unknown,  grid_charge=on, ev_charging_active=off, ev_charge_end=2026-02-23 05:00:02, ev_webhook_count=104, max_discharge_a=60, max_charge_a=90, max_grid_charge_a=64, soc_limit_a=60, volt_penalty_a=0, voltage_protected_limit_a=60, soc_power_w=3249, is_critical_soc=False
2026-03-01T03:28:00.340746+01:00,  soc=47.0,  volt=54.15,  volt_delta=1.35, volt_rate_per_min=1.35, volt_status=NORMAL, batt_w=-3200.0,  batt_mode=charge,  batt_discharge_w=0,  batt_charge_w=3200.0,  load_w=1143.0, zone=unknown,  grid_charge=on, ev_charging_active=off, ev_charge_end=2026-02-23 05:00:02, ev_webhook_count=104, max_discharge_a=60, max_charge_a=90, max_grid_charge_a=64, soc_limit_a=60, volt_penalty_a=0, voltage_protected_limit_a=60, soc_power_w=3249, is_critical_soc=False
2026-03-01T03:29:00.340305+01:00,  soc=47.0,  volt=54.15,  volt_delta=1.35, volt_rate_per_min=1.35, volt_status=NORMAL, batt_w=-3200.0,  batt_mode=charge,  batt_discharge_w=0,  batt_charge_w=3200.0,  load_w=1143.0, zone=unknown,  grid_charge=on, ev_charging_active=off, ev_charge_end=2026-02-23 05:00:02, ev_webhook_count=104, max_discharge_a=60, max_charge_a=90, max_grid_charge_a=64, soc_limit_a=60, volt_penalty_a=0, voltage_protected_limit_a=60, soc_power_w=3249, is_critical_soc=False
2026-03-01T03:30:00.340087+01:00,  soc=48.0,  volt=54.15,  volt_delta=1.35, volt_rate_per_min=1.35, volt_status=NORMAL, batt_w=-3200.0,  batt_mode=charge,  batt_discharge_w=0,  batt_charge_w=3200.0,  load_w=1143.0, zone=unknown,  grid_charge=on, ev_charging_active=off, ev_charge_end=2026-02-23 05:00:02, ev_webhook_count=104, max_discharge_a=60, max_charge_a=90, max_grid_charge_a=64, soc_limit_a=60, volt_penalty_a=0, voltage_protected_limit_a=60, soc_power_w=3249, is_critical_soc=False
2026-03-01T03:31:00.340532+01:00,  soc=48.0,  volt=54.15,  volt_delta=1.35, volt_rate_per_min=1.35, volt_status=NORMAL, batt_w=-3200.0,  batt_mode=charge,  batt_discharge_w=0,  batt_charge_w=3200.0,  load_w=1187.0, zone=unknown,  grid_charge=on, ev_charging_active=off, ev_charge_end=2026-02-23 05:00:02, ev_webhook_count=104, max_discharge_a=60, max_charge_a=90, max_grid_charge_a=64, soc_limit_a=60, volt_penalty_a=0, voltage_protected_limit_a=60, soc_power_w=3249, is_critical_soc=False
2026-03-01T03:32:00.340337+01:00,  soc=49.0,  volt=53.08,  volt_delta=0.28, volt_rate_per_min=0.28, volt_status=NORMAL, batt_w=11.0,  batt_mode=idle,  batt_discharge_w=11.0,  batt_charge_w=0,  load_w=1187.0, zone=unknown,  grid_charge=off, ev_charging_active=off, ev_charge_end=2026-02-23 05:00:02, ev_webhook_count=104, max_discharge_a=60, max_charge_a=90, max_grid_charge_a=64, soc_limit_a=60, volt_penalty_a=0, voltage_protected_limit_a=60, soc_power_w=3185, is_critical_soc=False
2026-03-01T03:33:00.340230+01:00,  soc=49.0,  volt=52.91,  volt_delta=0.11, volt_rate_per_min=0.11, volt_status=NORMAL, batt_w=11.0,  batt_mode=idle,  batt_discharge_w=11.0,  batt_charge_w=0,  load_w=1187.0, zone=unknown,  grid_charge=off, ev_charging_active=off, ev_charge_end=2026-02-23 05:00:02, ev_webhook_count=104, max_discharge_a=60, max_charge_a=90, max_grid_charge_a=64, soc_limit_a=60, volt_penalty_a=0, voltage_protected_limit_a=60, soc_power_w=3175, is_critical_soc=False
2026-03-01T03:34:00.339935+01:00,  soc=49.0,  volt=52.91,  volt_delta=0.11, volt_rate_per_min=0.11, volt_status=NORMAL, batt_w=11.0,  batt_mode=idle,  batt_discharge_w=11.0,  batt_charge_w=0,  load_w=1196.0, zone=unknown,  grid_charge=off, ev_charging_active=off, ev_charge_end=2026-02-23 05:00:02, ev_webhook_count=104, max_discharge_a=60, max_charge_a=90, max_grid_charge_a=64, soc_limit_a=60, volt_penalty_a=0, voltage_protected_limit_a=60, soc_power_w=3175, is_critical_soc=False
2026-03-01T03:35:00.340382+01:00,  soc=49.0,  volt=52.9,  volt_delta=0.1, volt_rate_per_min=0.1, volt_status=NORMAL, batt_w=13.0,  batt_mode=idle,  batt_discharge_w=13.0,  batt_charge_w=0,  load_w=1253.0, zone=unknown,  grid_charge=off, ev_charging_active=off, ev_charge_end=2026-02-23 05:00:02, ev_webhook_count=104, max_discharge_a=60, max_charge_a=90, max_grid_charge_a=64, soc_limit_a=60, volt_penalty_a=0, voltage_protected_limit_a=60, soc_power_w=3174, is_critical_soc=False
2026-03-01T03:36:00.340192+01:00,  soc=49.0,  volt=52.9,  volt_delta=0.1, volt_rate_per_min=0.1, volt_status=NORMAL, batt_w=13.0,  batt_mode=idle,  batt_discharge_w=13.0,  batt_charge_w=0,  load_w=1253.0, zone=unknown,  grid_charge=off, ev_charging_active=off, ev_charge_end=2026-02-23 05:00:02, ev_webhook_count=104, max_discharge_a=60, max_charge_a=90, max_grid_charge_a=64, soc_limit_a=60, volt_penalty_a=0, voltage_protected_limit_a=60, soc_power_w=3174, is_critical_soc=False
2026-03-01T03:37:00.340594+01:00,  soc=49.0,  volt=52.9,  volt_delta=0.1, volt_rate_per_min=0.1, volt_status=NORMAL, batt_w=13.0,  batt_mode=idle,  batt_discharge_w=13.0,  batt_charge_w=0,  load_w=1253.0, zone=unknown,  grid_charge=off, ev_charging_active=off, ev_charge_end=2026-02-23 05:00:02, ev_webhook_count=104, max_discharge_a=60, max_charge_a=90, max_grid_charge_a=64, soc_limit_a=60, volt_penalty_a=0, voltage_protected_limit_a=60, soc_power_w=3174, is_critical_soc=False
2026-03-01T03:38:00.340717+01:00,  soc=49.0,  volt=52.9,  volt_delta=0.1, volt_rate_per_min=0.1, volt_status=NORMAL, batt_w=13.0,  batt_mode=idle,  batt_discharge_w=13.0,  batt_charge_w=0,  load_w=1253.0, zone=unknown,  grid_charge=off, ev_charging_active=off, ev_charge_end=2026-02-23 05:00:02, ev_webhook_count=104, max_discharge_a=60, max_charge_a=90, max_grid_charge_a=64, soc_limit_a=60, volt_penalty_a=0, voltage_protected_limit_a=60, soc_power_w=3174, is_critical_soc=False
2026-03-01T03:39:00.340151+01:00,  soc=49.0,  volt=52.9,  volt_delta=0.1, volt_rate_per_min=0.1, volt_status=NORMAL, batt_w=13.0,  batt_mode=idle,  batt_discharge_w=13.0,  batt_charge_w=0,  load_w=1220.0, zone=unknown,  grid_charge=off, ev_charging_active=off, ev_charge_end=2026-02-23 05:00:02, ev_webhook_count=104, max_discharge_a=60, max_charge_a=90, max_grid_charge_a=64, soc_limit_a=60, volt_penalty_a=0, voltage_protected_limit_a=60, soc_power_w=3174, is_critical_soc=False
2026-03-01T03:40:00.340417+01:00,  soc=49.0,  volt=52.9,  volt_delta=0.1, volt_rate_per_min=0.1, volt_status=NORMAL, batt_w=13.0,  batt_mode=idle,  batt_discharge_w=13.0,  batt_charge_w=0,  load_w=1220.0, zone=unknown,  grid_charge=off, ev_charging_active=off, ev_charge_end=2026-02-23 05:00:02, ev_webhook_count=104, max_discharge_a=60, max_charge_a=90, max_grid_charge_a=64, soc_limit_a=60, volt_penalty_a=0, voltage_protected_limit_a=60, soc_power_w=3174, is_critical_soc=False
2026-03-01T03:41:00.340017+01:00,  soc=49.0,  volt=52.9,  volt_delta=0.1, volt_rate_per_min=0.1, volt_status=NORMAL, batt_w=13.0,  batt_mode=idle,  batt_discharge_w=13.0,  batt_charge_w=0,  load_w=1220.0, zone=unknown,  grid_charge=off, ev_charging_active=off, ev_charge_end=2026-02-23 05:00:02, ev_webhook_count=104, max_discharge_a=60, max_charge_a=90, max_grid_charge_a=64, soc_limit_a=60, volt_penalty_a=0, voltage_protected_limit_a=60, soc_power_w=3174, is_critical_soc=False
2026-03-01T03:42:00.340598+01:00,  soc=49.0,  volt=52.9,  volt_delta=0.1, volt_rate_per_min=0.1, volt_status=NORMAL, batt_w=13.0,  batt_mode=idle,  batt_discharge_w=13.0,  batt_charge_w=0,  load_w=1220.0, zone=unknown,  grid_charge=off, ev_charging_active=off, ev_charge_end=2026-02-23 05:00:02, ev_webhook_count=104, max_discharge_a=60, max_charge_a=90, max_grid_charge_a=64, soc_limit_a=60, volt_penalty_a=0, voltage_protected_limit_a=60, soc_power_w=3174, is_critical_soc=False
2026-03-01T03:43:00.340015+01:00,  soc=49.0,  volt=52.9,  volt_delta=0.1, volt_rate_per_min=0.1, volt_status=NORMAL, batt_w=13.0,  batt_mode=idle,  batt_discharge_w=13.0,  batt_charge_w=0,  load_w=1220.0, zone=unknown,  grid_charge=off, ev_charging_active=off, ev_charge_end=2026-02-23 05:00:02, ev_webhook_count=104, max_discharge_a=60, max_charge_a=90, max_grid_charge_a=64, soc_limit_a=60, volt_penalty_a=0, voltage_protected_limit_a=60, soc_power_w=3174, is_critical_soc=False
2026-03-01T03:44:00.340566+01:00,  soc=49.0,  volt=52.9,  volt_delta=0.1, volt_rate_per_min=0.1, volt_status=NORMAL, batt_w=13.0,  batt_mode=idle,  batt_discharge_w=13.0,  batt_charge_w=0,  load_w=1220.0, zone=unknown,  grid_charge=off, ev_charging_active=off, ev_charge_end=2026-02-23 05:00:02, ev_webhook_count=104, max_discharge_a=60, max_charge_a=90, max_grid_charge_a=64, soc_limit_a=60, volt_penalty_a=0, voltage_protected_limit_a=60, soc_power_w=3174, is_critical_soc=False
2026-03-01T03:45:00.340067+01:00,  soc=49.0,  volt=52.85,  volt_delta=0.05, volt_rate_per_min=0.05, volt_status=NORMAL, batt_w=11.0,  batt_mode=idle,  batt_discharge_w=11.0,  batt_charge_w=0,  load_w=1227.0, zone=unknown,  grid_charge=off, ev_charging_active=off, ev_charge_end=2026-02-23 05:00:02, ev_webhook_count=104, max_discharge_a=60, max_charge_a=90, max_grid_charge_a=64, soc_limit_a=60, volt_penalty_a=0, voltage_protected_limit_a=60, soc_power_w=3171, is_critical_soc=False
2026-03-01T03:46:00.340797+01:00,  soc=49.0,  volt=52.85,  volt_delta=0.05, volt_rate_per_min=0.05, volt_status=NORMAL, batt_w=11.0,  batt_mode=idle,  batt_discharge_w=11.0,  batt_charge_w=0,  load_w=1227.0, zone=unknown,  grid_charge=off, ev_charging_active=off, ev_charge_end=2026-02-23 05:00:02, ev_webhook_count=104, max_discharge_a=60, max_charge_a=90, max_grid_charge_a=64, soc_limit_a=60, volt_penalty_a=0, voltage_protected_limit_a=60, soc_power_w=3171, is_critical_soc=False
2026-03-01T03:47:00.339826+01:00,  soc=49.0,  volt=52.85,  volt_delta=0.05, volt_rate_per_min=0.05, volt_status=NORMAL, batt_w=11.0,  batt_mode=idle,  batt_discharge_w=11.0,  batt_charge_w=0,  load_w=1227.0, zone=unknown,  grid_charge=off, ev_charging_active=off, ev_charge_end=2026-02-23 05:00:02, ev_webhook_count=104, max_discharge_a=60, max_charge_a=90, max_grid_charge_a=64, soc_limit_a=60, volt_penalty_a=0, voltage_protected_limit_a=60, soc_power_w=3171, is_critical_soc=False
2026-03-01T03:48:00.340497+01:00,  soc=49.0,  volt=52.85,  volt_delta=0.05, volt_rate_per_min=0.05, volt_status=NORMAL, batt_w=11.0,  batt_mode=idle,  batt_discharge_w=11.0,  batt_charge_w=0,  load_w=1227.0, zone=unknown,  grid_charge=off, ev_charging_active=off, ev_charge_end=2026-02-23 05:00:02, ev_webhook_count=104, max_discharge_a=60, max_charge_a=90, max_grid_charge_a=64, soc_limit_a=60, volt_penalty_a=0, voltage_protected_limit_a=60, soc_power_w=3171, is_critical_soc=False
2026-03-01T03:49:00.341056+01:00,  soc=49.0,  volt=52.85,  volt_delta=0.05, volt_rate_per_min=0.05, volt_status=NORMAL, batt_w=11.0,  batt_mode=idle,  batt_discharge_w=11.0,  batt_charge_w=0,  load_w=1227.0, zone=unknown,  grid_charge=off, ev_charging_active=off, ev_charge_end=2026-02-23 05:00:02, ev_webhook_count=104, max_discharge_a=60, max_charge_a=90, max_grid_charge_a=64, soc_limit_a=60, volt_penalty_a=0, voltage_protected_limit_a=60, soc_power_w=3171, is_critical_soc=False
2026-03-01T03:50:00.340425+01:00,  soc=49.0,  volt=52.85,  volt_delta=0.05, volt_rate_per_min=0.05, volt_status=NORMAL, batt_w=11.0,  batt_mode=idle,  batt_discharge_w=11.0,  batt_charge_w=0,  load_w=1220.0, zone=unknown,  grid_charge=off, ev_charging_active=off, ev_charge_end=2026-02-23 05:00:02, ev_webhook_count=104, max_discharge_a=60, max_charge_a=90, max_grid_charge_a=64, soc_limit_a=60, volt_penalty_a=0, voltage_protected_limit_a=60, soc_power_w=3171, is_critical_soc=False
2026-03-01T03:51:00.340733+01:00,  soc=49.0,  volt=52.85,  volt_delta=0.05, volt_rate_per_min=0.05, volt_status=NORMAL, batt_w=11.0,  batt_mode=idle,  batt_discharge_w=11.0,  batt_charge_w=0,  load_w=1220.0, zone=unknown,  grid_charge=off, ev_charging_active=off, ev_charge_end=2026-02-23 05:00:02, ev_webhook_count=104, max_discharge_a=60, max_charge_a=90, max_grid_charge_a=64, soc_limit_a=60, volt_penalty_a=0, voltage_protected_limit_a=60, soc_power_w=3171, is_critical_soc=False
2026-03-01T03:52:00.340507+01:00,  soc=49.0,  volt=52.85,  volt_delta=0.05, volt_rate_per_min=0.05, volt_status=NORMAL, batt_w=11.0,  batt_mode=idle,  batt_discharge_w=11.0,  batt_charge_w=0,  load_w=1220.0, zone=unknown,  grid_charge=off, ev_charging_active=off, ev_charge_end=2026-02-23 05:00:02, ev_webhook_count=104, max_discharge_a=60, max_charge_a=90, max_grid_charge_a=64, soc_limit_a=60, volt_penalty_a=0, voltage_protected_limit_a=60, soc_power_w=3171, is_critical_soc=False
2026-03-01T03:53:00.341250+01:00,  soc=49.0,  volt=52.85,  volt_delta=0.05, volt_rate_per_min=0.05, volt_status=NORMAL, batt_w=11.0,  batt_mode=idle,  batt_discharge_w=11.0,  batt_charge_w=0,  load_w=1220.0, zone=unknown,  grid_charge=off, ev_charging_active=off, ev_charge_end=2026-02-23 05:00:02, ev_webhook_count=104, max_discharge_a=60, max_charge_a=90, max_grid_charge_a=64, soc_limit_a=60, volt_penalty_a=0, voltage_protected_limit_a=60, soc_power_w=3171, is_critical_soc=False
2026-03-01T03:54:00.340347+01:00,  soc=49.0,  volt=52.85,  volt_delta=0.05, volt_rate_per_min=0.05, volt_status=NORMAL, batt_w=11.0,  batt_mode=idle,  batt_discharge_w=11.0,  batt_charge_w=0,  load_w=1220.0, zone=unknown,  grid_charge=off, ev_charging_active=off, ev_charge_end=2026-02-23 05:00:02, ev_webhook_count=104, max_discharge_a=60, max_charge_a=90, max_grid_charge_a=64, soc_limit_a=60, volt_penalty_a=0, voltage_protected_limit_a=60, soc_power_w=3171, is_critical_soc=False
2026-03-01T03:55:00.340354+01:00,  soc=49.0,  volt=52.82,  volt_delta=0.02, volt_rate_per_min=0.02, volt_status=NORMAL, batt_w=14.0,  batt_mode=idle,  batt_discharge_w=14.0,  batt_charge_w=0,  load_w=1247.0, zone=unknown,  grid_charge=off, ev_charging_active=off, ev_charge_end=2026-02-23 05:00:02, ev_webhook_count=104, max_discharge_a=60, max_charge_a=90, max_grid_charge_a=64, soc_limit_a=60, volt_penalty_a=0, voltage_protected_limit_a=60, soc_power_w=3169, is_critical_soc=False
2026-03-01T03:56:00.340662+01:00,  soc=49.0,  volt=52.82,  volt_delta=0.02, volt_rate_per_min=0.02, volt_status=NORMAL, batt_w=14.0,  batt_mode=idle,  batt_discharge_w=14.0,  batt_charge_w=0,  load_w=1247.0, zone=unknown,  grid_charge=off, ev_charging_active=off, ev_charge_end=2026-02-23 05:00:02, ev_webhook_count=104, max_discharge_a=60, max_charge_a=90, max_grid_charge_a=64, soc_limit_a=60, volt_penalty_a=0, voltage_protected_limit_a=60, soc_power_w=3169, is_critical_soc=False
2026-03-01T03:57:00.340304+01:00,  soc=49.0,  volt=52.82,  volt_delta=0.02, volt_rate_per_min=0.02, volt_status=NORMAL, batt_w=14.0,  batt_mode=idle,  batt_discharge_w=14.0,  batt_charge_w=0,  load_w=1247.0, zone=unknown,  grid_charge=off, ev_charging_active=off, ev_charge_end=2026-02-23 05:00:02, ev_webhook_count=104, max_discharge_a=60, max_charge_a=90, max_grid_charge_a=64, soc_limit_a=60, volt_penalty_a=0, voltage_protected_limit_a=60, soc_power_w=3169, is_critical_soc=False
2026-03-01T03:58:00.340083+01:00,  soc=49.0,  volt=52.81,  volt_delta=0.01, volt_rate_per_min=0.01, volt_status=NORMAL, batt_w=14.0,  batt_mode=idle,  batt_discharge_w=14.0,  batt_charge_w=0,  load_w=1247.0, zone=unknown,  grid_charge=off, ev_charging_active=off, ev_charge_end=2026-02-23 05:00:02, ev_webhook_count=104, max_discharge_a=60, max_charge_a=90, max_grid_charge_a=64, soc_limit_a=60, volt_penalty_a=0, voltage_protected_limit_a=60, soc_power_w=3169, is_critical_soc=False
2026-03-01T03:59:00.340851+01:00,  soc=49.0,  volt=52.81,  volt_delta=0.01, volt_rate_per_min=0.01, volt_status=NORMAL, batt_w=14.0,  batt_mode=idle,  batt_discharge_w=14.0,  batt_charge_w=0,  load_w=1247.0, zone=unknown,  grid_charge=off, ev_charging_active=off, ev_charge_end=2026-02-23 05:00:02, ev_webhook_count=104, max_discharge_a=60, max_charge_a=90, max_grid_charge_a=64, soc_limit_a=60, volt_penalty_a=0, voltage_protected_limit_a=60, soc_power_w=3169, is_critical_soc=False
2026-03-01T04:00:00.340570+01:00,  soc=49.0,  volt=52.81,  volt_delta=0.01, volt_rate_per_min=0.01, volt_status=NORMAL, batt_w=14.0,  batt_mode=idle,  batt_discharge_w=14.0,  batt_charge_w=0,  load_w=1247.0, zone=unknown,  grid_charge=off, ev_charging_active=off, ev_charge_end=2026-02-23 05:00:02, ev_webhook_count=104, max_discharge_a=60, max_charge_a=90, max_grid_charge_a=64, soc_limit_a=60, volt_penalty_a=0, voltage_protected_limit_a=60, soc_power_w=3169, is_critical_soc=False
2026-03-01T04:01:00.340707+01:00,  soc=49.0,  volt=52.81,  volt_delta=0.01, volt_rate_per_min=0.01, volt_status=NORMAL, batt_w=14.0,  batt_mode=idle,  batt_discharge_w=14.0,  batt_charge_w=0,  load_w=1256.0, zone=unknown,  grid_charge=off, ev_charging_active=off, ev_charge_end=2026-02-23 05:00:02, ev_webhook_count=104, max_discharge_a=60, max_charge_a=90, max_grid_charge_a=64, soc_limit_a=60, volt_penalty_a=0, voltage_protected_limit_a=60, soc_power_w=3169, is_critical_soc=False
2026-03-01T04:02:00.340859+01:00,  soc=49.0,  volt=53.55,  volt_delta=0.75, volt_rate_per_min=0.75, volt_status=NORMAL, batt_w=-2528.0,  batt_mode=charge,  batt_discharge_w=0,  batt_charge_w=2528.0,  load_w=12215.0, zone=unknown,  grid_charge=on, ev_charging_active=off, ev_charge_end=2026-02-23 05:00:02, ev_webhook_count=104, max_discharge_a=60, max_charge_a=90, max_grid_charge_a=64, soc_limit_a=60, volt_penalty_a=0, voltage_protected_limit_a=60, soc_power_w=3213, is_critical_soc=False
2026-03-01T04:03:00.341269+01:00,  soc=49.0,  volt=53.72,  volt_delta=0.92, volt_rate_per_min=0.92, volt_status=NORMAL, batt_w=-2528.0,  batt_mode=charge,  batt_discharge_w=0,  batt_charge_w=2528.0,  load_w=12160.0, zone=unknown,  grid_charge=on, ev_charging_active=off, ev_charge_end=2026-02-23 05:00:02, ev_webhook_count=104, max_discharge_a=60, max_charge_a=90, max_grid_charge_a=64, soc_limit_a=60, volt_penalty_a=0, voltage_protected_limit_a=60, soc_power_w=3223, is_critical_soc=False
2026-03-01T04:04:00.340215+01:00,  soc=50.0,  volt=53.83,  volt_delta=1.03, volt_rate_per_min=1.03, volt_status=NORMAL, batt_w=-2528.0,  batt_mode=charge,  batt_discharge_w=0,  batt_charge_w=2528.0,  load_w=12211.0, zone=unknown,  grid_charge=on, ev_charging_active=off, ev_charge_end=2026-02-23 05:00:02, ev_webhook_count=104, max_discharge_a=60, max_charge_a=90, max_grid_charge_a=64, soc_limit_a=60, volt_penalty_a=0, voltage_protected_limit_a=60, soc_power_w=3230, is_critical_soc=False
2026-03-01T04:05:00.339989+01:00,  soc=50.0,  volt=53.85,  volt_delta=1.05, volt_rate_per_min=1.05, volt_status=NORMAL, batt_w=-2488.0,  batt_mode=charge,  batt_discharge_w=0,  batt_charge_w=2488.0,  load_w=12211.0, zone=unknown,  grid_charge=on, ev_charging_active=off, ev_charge_end=2026-02-23 05:00:02, ev_webhook_count=104, max_discharge_a=60, max_charge_a=90, max_grid_charge_a=64, soc_limit_a=60, volt_penalty_a=0, voltage_protected_limit_a=60, soc_power_w=3231, is_critical_soc=False
2026-03-01T04:06:00.340918+01:00,  soc=50.0,  volt=53.85,  volt_delta=1.05, volt_rate_per_min=1.05, volt_status=NORMAL, batt_w=-2488.0,  batt_mode=charge,  batt_discharge_w=0,  batt_charge_w=2488.0,  load_w=12205.0, zone=unknown,  grid_charge=on, ev_charging_active=off, ev_charge_end=2026-02-23 05:00:02, ev_webhook_count=104, max_discharge_a=60, max_charge_a=90, max_grid_charge_a=64, soc_limit_a=60, volt_penalty_a=0, voltage_protected_limit_a=60, soc_power_w=3231, is_critical_soc=False
2026-03-01T04:07:00.340756+01:00,  soc=51.0,  volt=53.85,  volt_delta=1.05, volt_rate_per_min=1.05, volt_status=NORMAL, batt_w=-2462.0,  batt_mode=charge,  batt_discharge_w=0,  batt_charge_w=2462.0,  load_w=12205.0, zone=unknown,  grid_charge=on, ev_charging_active=off, ev_charge_end=2026-02-23 05:00:02, ev_webhook_count=104, max_discharge_a=60, max_charge_a=90, max_grid_charge_a=64, soc_limit_a=60, volt_penalty_a=0, voltage_protected_limit_a=60, soc_power_w=3231, is_critical_soc=False
2026-03-01T04:08:00.339851+01:00,  soc=51.0,  volt=53.85,  volt_delta=1.05, volt_rate_per_min=1.05, volt_status=NORMAL, batt_w=-2462.0,  batt_mode=charge,  batt_discharge_w=0,  batt_charge_w=2462.0,  load_w=12205.0, zone=unknown,  grid_charge=on, ev_charging_active=off, ev_charge_end=2026-02-23 05:00:02, ev_webhook_count=104, max_discharge_a=60, max_charge_a=90, max_grid_charge_a=64, soc_limit_a=60, volt_penalty_a=0, voltage_protected_limit_a=60, soc_power_w=3231, is_critical_soc=False
2026-03-01T04:09:00.340188+01:00,  soc=52.0,  volt=53.85,  volt_delta=1.05, volt_rate_per_min=1.05, volt_status=NORMAL, batt_w=-2336.0,  batt_mode=charge,  batt_discharge_w=0,  batt_charge_w=2336.0,  load_w=12205.0, zone=unknown,  grid_charge=on, ev_charging_active=off, ev_charge_end=2026-02-23 05:00:02, ev_webhook_count=104, max_discharge_a=60, max_charge_a=90, max_grid_charge_a=64, soc_limit_a=60, volt_penalty_a=0, voltage_protected_limit_a=60, soc_power_w=3231, is_critical_soc=False
2026-03-01T04:10:00.340733+01:00,  soc=52.0,  volt=53.85,  volt_delta=1.05, volt_rate_per_min=1.05, volt_status=NORMAL, batt_w=-2426.0,  batt_mode=charge,  batt_discharge_w=0,  batt_charge_w=2426.0,  load_w=12297.0, zone=unknown,  grid_charge=on, ev_charging_active=off, ev_charge_end=2026-02-23 05:00:02, ev_webhook_count=104, max_discharge_a=60, max_charge_a=90, max_grid_charge_a=64, soc_limit_a=60, volt_penalty_a=0, voltage_protected_limit_a=60, soc_power_w=3231, is_critical_soc=False
2026-03-01T04:11:00.341257+01:00,  soc=52.0,  volt=53.85,  volt_delta=1.05, volt_rate_per_min=1.05, volt_status=NORMAL, batt_w=-2426.0,  batt_mode=charge,  batt_discharge_w=0,  batt_charge_w=2426.0,  load_w=12271.0, zone=unknown,  grid_charge=on, ev_charging_active=off, ev_charge_end=2026-02-23 05:00:02, ev_webhook_count=104, max_discharge_a=60, max_charge_a=90, max_grid_charge_a=64, soc_limit_a=60, volt_penalty_a=0, voltage_protected_limit_a=60, soc_power_w=3231, is_critical_soc=False
2026-03-01T04:12:00.339958+01:00,  soc=53.0,  volt=53.85,  volt_delta=1.05, volt_rate_per_min=1.05, volt_status=NORMAL, batt_w=-2426.0,  batt_mode=charge,  batt_discharge_w=0,  batt_charge_w=2426.0,  load_w=12271.0, zone=unknown,  grid_charge=on, ev_charging_active=off, ev_charge_end=2026-02-23 05:00:02, ev_webhook_count=104, max_discharge_a=60, max_charge_a=90, max_grid_charge_a=64, soc_limit_a=60, volt_penalty_a=0, voltage_protected_limit_a=60, soc_power_w=3231, is_critical_soc=False
2026-03-01T04:13:00.340112+01:00,  soc=53.0,  volt=53.85,  volt_delta=1.05, volt_rate_per_min=1.05, volt_status=NORMAL, batt_w=-2426.0,  batt_mode=charge,  batt_discharge_w=0,  batt_charge_w=2426.0,  load_w=12297.0, zone=unknown,  grid_charge=on, ev_charging_active=off, ev_charge_end=2026-02-23 05:00:02, ev_webhook_count=104, max_discharge_a=60, max_charge_a=90, max_grid_charge_a=64, soc_limit_a=60, volt_penalty_a=0, voltage_protected_limit_a=60, soc_power_w=3231, is_critical_soc=False
2026-03-01T04:14:00.340124+01:00,  soc=54.0,  volt=53.85,  volt_delta=1.05, volt_rate_per_min=1.05, volt_status=NORMAL, batt_w=-2426.0,  batt_mode=charge,  batt_discharge_w=0,  batt_charge_w=2426.0,  load_w=12297.0, zone=unknown,  grid_charge=on, ev_charging_active=off, ev_charge_end=2026-02-23 05:00:02, ev_webhook_count=104, max_discharge_a=60, max_charge_a=90, max_grid_charge_a=64, soc_limit_a=60, volt_penalty_a=0, voltage_protected_limit_a=60, soc_power_w=3231, is_critical_soc=False
2026-03-01T04:15:00.339969+01:00,  soc=54.0,  volt=53.88,  volt_delta=1.08, volt_rate_per_min=1.08, volt_status=NORMAL, batt_w=-2433.0,  batt_mode=charge,  batt_discharge_w=0,  batt_charge_w=2433.0,  load_w=12297.0, zone=unknown,  grid_charge=on, ev_charging_active=off, ev_charge_end=2026-02-23 05:00:02, ev_webhook_count=104, max_discharge_a=60, max_charge_a=90, max_grid_charge_a=64, soc_limit_a=60, volt_penalty_a=0, voltage_protected_limit_a=60, soc_power_w=3233, is_critical_soc=False
2026-03-01T04:16:00.340927+01:00,  soc=54.0,  volt=53.88,  volt_delta=1.08, volt_rate_per_min=1.08, volt_status=NORMAL, batt_w=-2433.0,  batt_mode=charge,  batt_discharge_w=0,  batt_charge_w=2433.0,  load_w=12297.0, zone=unknown,  grid_charge=on, ev_charging_active=off, ev_charge_end=2026-02-23 05:00:02, ev_webhook_count=104, max_discharge_a=60, max_charge_a=90, max_grid_charge_a=64, soc_limit_a=60, volt_penalty_a=0, voltage_protected_limit_a=60, soc_power_w=3233, is_critical_soc=False
2026-03-01T04:17:00.339950+01:00,  soc=55.0,  volt=53.88,  volt_delta=1.08, volt_rate_per_min=1.08, volt_status=NORMAL, batt_w=-2477.0,  batt_mode=charge,  batt_discharge_w=0,  batt_charge_w=2477.0,  load_w=12201.0, zone=unknown,  grid_charge=on, ev_charging_active=off, ev_charge_end=2026-02-23 05:00:02, ev_webhook_count=104, max_discharge_a=60, max_charge_a=90, max_grid_charge_a=64, soc_limit_a=60, volt_penalty_a=0, voltage_protected_limit_a=60, soc_power_w=3233, is_critical_soc=False
2026-03-01T04:18:00.340556+01:00,  soc=55.0,  volt=53.88,  volt_delta=1.08, volt_rate_per_min=1.08, volt_status=NORMAL, batt_w=-2477.0,  batt_mode=charge,  batt_discharge_w=0,  batt_charge_w=2477.0,  load_w=12201.0, zone=unknown,  grid_charge=on, ev_charging_active=off, ev_charge_end=2026-02-23 05:00:02, ev_webhook_count=104, max_discharge_a=60, max_charge_a=90, max_grid_charge_a=64, soc_limit_a=60, volt_penalty_a=0, voltage_protected_limit_a=60, soc_power_w=3233, is_critical_soc=False
2026-03-01T04:19:00.340804+01:00,  soc=56.0,  volt=53.88,  volt_delta=1.08, volt_rate_per_min=1.08, volt_status=NORMAL, batt_w=-2477.0,  batt_mode=charge,  batt_discharge_w=0,  batt_charge_w=2477.0,  load_w=12201.0, zone=unknown,  grid_charge=on, ev_charging_active=off, ev_charge_end=2026-02-23 05:00:02, ev_webhook_count=104, max_discharge_a=60, max_charge_a=90, max_grid_charge_a=64, soc_limit_a=60, volt_penalty_a=0, voltage_protected_limit_a=60, soc_power_w=3233, is_critical_soc=False
2026-03-01T04:20:00.339946+01:00,  soc=56.0,  volt=53.95,  volt_delta=1.15, volt_rate_per_min=1.15, volt_status=NORMAL, batt_w=-2515.0,  batt_mode=charge,  batt_discharge_w=0,  batt_charge_w=2515.0,  load_w=12201.0, zone=unknown,  grid_charge=on, ev_charging_active=off, ev_charge_end=2026-02-23 05:00:02, ev_webhook_count=104, max_discharge_a=60, max_charge_a=90, max_grid_charge_a=64, soc_limit_a=60, volt_penalty_a=0, voltage_protected_limit_a=60, soc_power_w=3237, is_critical_soc=False
2026-03-01T04:21:00.340015+01:00,  soc=57.0,  volt=53.95,  volt_delta=1.15, volt_rate_per_min=1.15, volt_status=NORMAL, batt_w=-2515.0,  batt_mode=charge,  batt_discharge_w=0,  batt_charge_w=2515.0,  load_w=12201.0, zone=unknown,  grid_charge=on, ev_charging_active=off, ev_charge_end=2026-02-23 05:00:02, ev_webhook_count=104, max_discharge_a=60, max_charge_a=90, max_grid_charge_a=64, soc_limit_a=60, volt_penalty_a=0, voltage_protected_limit_a=60, soc_power_w=3237, is_critical_soc=False
2026-03-01T04:22:00.340155+01:00,  soc=57.0,  volt=53.95,  volt_delta=1.15, volt_rate_per_min=1.15, volt_status=NORMAL, batt_w=-2515.0,  batt_mode=charge,  batt_discharge_w=0,  batt_charge_w=2515.0,  load_w=12222.0, zone=unknown,  grid_charge=on, ev_charging_active=off, ev_charge_end=2026-02-23 05:00:02, ev_webhook_count=104, max_discharge_a=60, max_charge_a=90, max_grid_charge_a=64, soc_limit_a=60, volt_penalty_a=0, voltage_protected_limit_a=60, soc_power_w=3237, is_critical_soc=False
2026-03-01T04:23:00.340230+01:00,  soc=57.0,  volt=53.95,  volt_delta=1.15, volt_rate_per_min=1.15, volt_status=NORMAL, batt_w=-2515.0,  batt_mode=charge,  batt_discharge_w=0,  batt_charge_w=2515.0,  load_w=12222.0, zone=unknown,  grid_charge=on, ev_charging_active=off, ev_charge_end=2026-02-23 05:00:02, ev_webhook_count=104, max_discharge_a=60, max_charge_a=90, max_grid_charge_a=64, soc_limit_a=60, volt_penalty_a=0, voltage_protected_limit_a=60, soc_power_w=3237, is_critical_soc=False
2026-03-01T04:24:00.340917+01:00,  soc=58.0,  volt=53.92,  volt_delta=1.12, volt_rate_per_min=1.12, volt_status=NORMAL, batt_w=-2504.0,  batt_mode=charge,  batt_discharge_w=0,  batt_charge_w=2504.0,  load_w=12222.0, zone=unknown,  grid_charge=on, ev_charging_active=off, ev_charge_end=2026-02-23 05:00:02, ev_webhook_count=104, max_discharge_a=60, max_charge_a=90, max_grid_charge_a=64, soc_limit_a=60, volt_penalty_a=0, voltage_protected_limit_a=60, soc_power_w=3235, is_critical_soc=False
2026-03-01T04:25:00.339906+01:00,  soc=58.0,  volt=53.92,  volt_delta=1.12, volt_rate_per_min=1.12, volt_status=NORMAL, batt_w=-2474.0,  batt_mode=charge,  batt_discharge_w=0,  batt_charge_w=2474.0,  load_w=12222.0, zone=unknown,  grid_charge=on, ev_charging_active=off, ev_charge_end=2026-02-23 05:00:02, ev_webhook_count=104, max_discharge_a=60, max_charge_a=90, max_grid_charge_a=64, soc_limit_a=60, volt_penalty_a=0, voltage_protected_limit_a=60, soc_power_w=3235, is_critical_soc=False
2026-03-01T04:26:00.339810+01:00,  soc=59.0,  volt=53.92,  volt_delta=1.12, volt_rate_per_min=1.12, volt_status=NORMAL, batt_w=-2474.0,  batt_mode=charge,  batt_discharge_w=0,  batt_charge_w=2474.0,  load_w=12222.0, zone=unknown,  grid_charge=on, ev_charging_active=off, ev_charge_end=2026-02-23 05:00:02, ev_webhook_count=104, max_discharge_a=60, max_charge_a=90, max_grid_charge_a=64, soc_limit_a=60, volt_penalty_a=0, voltage_protected_limit_a=60, soc_power_w=3235, is_critical_soc=False
2026-03-01T04:27:00.341107+01:00,  soc=59.0,  volt=53.92,  volt_delta=1.12, volt_rate_per_min=1.12, volt_status=NORMAL, batt_w=-2474.0,  batt_mode=charge,  batt_discharge_w=0,  batt_charge_w=2474.0,  load_w=12209.0, zone=unknown,  grid_charge=on, ev_charging_active=off, ev_charge_end=2026-02-23 05:00:02, ev_webhook_count=104, max_discharge_a=60, max_charge_a=90, max_grid_charge_a=64, soc_limit_a=60, volt_penalty_a=0, voltage_protected_limit_a=60, soc_power_w=3235, is_critical_soc=False
2026-03-01T04:28:00.341651+01:00,  soc=59.0,  volt=53.92,  volt_delta=1.12, volt_rate_per_min=1.12, volt_status=NORMAL, batt_w=-2474.0,  batt_mode=charge,  batt_discharge_w=0,  batt_charge_w=2474.0,  load_w=12209.0, zone=unknown,  grid_charge=on, ev_charging_active=off, ev_charge_end=2026-02-23 05:00:02, ev_webhook_count=104, max_discharge_a=60, max_charge_a=90, max_grid_charge_a=64, soc_limit_a=60, volt_penalty_a=0, voltage_protected_limit_a=60, soc_power_w=3235, is_critical_soc=False
2026-03-01T04:29:00.339954+01:00,  soc=60.0,  volt=53.92,  volt_delta=1.12, volt_rate_per_min=1.12, volt_status=NORMAL, batt_w=-2474.0,  batt_mode=charge,  batt_discharge_w=0,  batt_charge_w=2474.0,  load_w=12255.0, zone=unknown,  grid_charge=on, ev_charging_active=off, ev_charge_end=2026-02-23 05:00:02, ev_webhook_count=104, max_discharge_a=60, max_charge_a=90, max_grid_charge_a=64, soc_limit_a=60, volt_penalty_a=0, voltage_protected_limit_a=60, soc_power_w=3235, is_critical_soc=False
2026-03-01T04:30:00.340891+01:00,  soc=60.0,  volt=53.92,  volt_delta=1.12, volt_rate_per_min=1.12, volt_status=NORMAL, batt_w=-2518.0,  batt_mode=charge,  batt_discharge_w=0,  batt_charge_w=2518.0,  load_w=12255.0, zone=unknown,  grid_charge=on, ev_charging_active=off, ev_charge_end=2026-02-23 05:00:02, ev_webhook_count=104, max_discharge_a=60, max_charge_a=90, max_grid_charge_a=64, soc_limit_a=60, volt_penalty_a=0, voltage_protected_limit_a=60, soc_power_w=3235, is_critical_soc=False
2026-03-01T04:31:00.340219+01:00,  soc=61.0,  volt=53.92,  volt_delta=1.12, volt_rate_per_min=1.12, volt_status=NORMAL, batt_w=-2456.0,  batt_mode=charge,  batt_discharge_w=0,  batt_charge_w=2456.0,  load_w=12262.0, zone=unknown,  grid_charge=on, ev_charging_active=off, ev_charge_end=2026-02-23 05:00:02, ev_webhook_count=104, max_discharge_a=60, max_charge_a=90, max_grid_charge_a=64, soc_limit_a=60, volt_penalty_a=0, voltage_protected_limit_a=60, soc_power_w=3235, is_critical_soc=False
2026-03-01T04:32:00.341113+01:00,  soc=61.0,  volt=53.92,  volt_delta=1.12, volt_rate_per_min=1.12, volt_status=NORMAL, batt_w=-2456.0,  batt_mode=charge,  batt_discharge_w=0,  batt_charge_w=2456.0,  load_w=12209.0, zone=unknown,  grid_charge=on, ev_charging_active=off, ev_charge_end=2026-02-23 05:00:02, ev_webhook_count=104, max_discharge_a=60, max_charge_a=90, max_grid_charge_a=64, soc_limit_a=60, volt_penalty_a=0, voltage_protected_limit_a=60, soc_power_w=3235, is_critical_soc=False
2026-03-01T04:33:00.341089+01:00,  soc=61.0,  volt=53.92,  volt_delta=1.12, volt_rate_per_min=1.12, volt_status=NORMAL, batt_w=-2518.0,  batt_mode=charge,  batt_discharge_w=0,  batt_charge_w=2518.0,  load_w=12203.0, zone=unknown,  grid_charge=on, ev_charging_active=off, ev_charge_end=2026-02-23 05:00:02, ev_webhook_count=104, max_discharge_a=60, max_charge_a=90, max_grid_charge_a=64, soc_limit_a=60, volt_penalty_a=0, voltage_protected_limit_a=60, soc_power_w=3235, is_critical_soc=False
2026-03-01T04:34:00.340255+01:00,  soc=62.0,  volt=53.92,  volt_delta=1.12, volt_rate_per_min=1.12, volt_status=NORMAL, batt_w=-2518.0,  batt_mode=charge,  batt_discharge_w=0,  batt_charge_w=2518.0,  load_w=12203.0, zone=unknown,  grid_charge=on, ev_charging_active=off, ev_charge_end=2026-02-23 05:00:02, ev_webhook_count=104, max_discharge_a=60, max_charge_a=90, max_grid_charge_a=64, soc_limit_a=60, volt_penalty_a=0, voltage_protected_limit_a=60, soc_power_w=3235, is_critical_soc=False
2026-03-01T04:35:00.340796+01:00,  soc=62.0,  volt=54.0,  volt_delta=1.2, volt_rate_per_min=1.2, volt_status=NORMAL, batt_w=-2583.0,  batt_mode=charge,  batt_discharge_w=0,  batt_charge_w=2583.0,  load_w=12145.0, zone=unknown,  grid_charge=on, ev_charging_active=off, ev_charge_end=2026-02-23 05:00:02, ev_webhook_count=104, max_discharge_a=60, max_charge_a=90, max_grid_charge_a=64, soc_limit_a=60, volt_penalty_a=0, voltage_protected_limit_a=60, soc_power_w=3240, is_critical_soc=False
2026-03-01T04:36:00.340103+01:00,  soc=63.0,  volt=54.17,  volt_delta=1.37, volt_rate_per_min=1.37, volt_status=NORMAL, batt_w=-3198.0,  batt_mode=charge,  batt_discharge_w=0,  batt_charge_w=3198.0,  load_w=12145.0, zone=unknown,  grid_charge=on, ev_charging_active=off, ev_charge_end=2026-02-23 05:00:02, ev_webhook_count=104, max_discharge_a=60, max_charge_a=90, max_grid_charge_a=64, soc_limit_a=60, volt_penalty_a=0, voltage_protected_limit_a=60, soc_power_w=3250, is_critical_soc=False
2026-03-01T04:37:00.340676+01:00,  soc=63.0,  volt=54.17,  volt_delta=1.37, volt_rate_per_min=1.37, volt_status=NORMAL, batt_w=-3198.0,  batt_mode=charge,  batt_discharge_w=0,  batt_charge_w=3198.0,  load_w=1258.0, zone=unknown,  grid_charge=on, ev_charging_active=off, ev_charge_end=2026-02-23 05:00:02, ev_webhook_count=104, max_discharge_a=60, max_charge_a=90, max_grid_charge_a=64, soc_limit_a=60, volt_penalty_a=0, voltage_protected_limit_a=60, soc_power_w=3250, is_critical_soc=False
2026-03-01T04:38:00.339906+01:00,  soc=64.0,  volt=54.17,  volt_delta=1.37, volt_rate_per_min=1.37, volt_status=NORMAL, batt_w=-3198.0,  batt_mode=charge,  batt_discharge_w=0,  batt_charge_w=3198.0,  load_w=1256.0, zone=unknown,  grid_charge=on, ev_charging_active=off, ev_charge_end=2026-02-23 05:00:02, ev_webhook_count=104, max_discharge_a=60, max_charge_a=90, max_grid_charge_a=64, soc_limit_a=60, volt_penalty_a=0, voltage_protected_limit_a=60, soc_power_w=3250, is_critical_soc=False
2026-03-01T04:39:00.340192+01:00,  soc=64.0,  volt=54.17,  volt_delta=1.37, volt_rate_per_min=1.37, volt_status=NORMAL, batt_w=-3198.0,  batt_mode=charge,  batt_discharge_w=0,  batt_charge_w=3198.0,  load_w=1256.0, zone=unknown,  grid_charge=on, ev_charging_active=off, ev_charge_end=2026-02-23 05:00:02, ev_webhook_count=104, max_discharge_a=60, max_charge_a=90, max_grid_charge_a=64, soc_limit_a=60, volt_penalty_a=0, voltage_protected_limit_a=60, soc_power_w=3250, is_critical_soc=False
2026-03-01T04:40:00.339872+01:00,  soc=65.0,  volt=54.17,  volt_delta=1.37, volt_rate_per_min=1.37, volt_status=NORMAL, batt_w=-3198.0,  batt_mode=charge,  batt_discharge_w=0,  batt_charge_w=3198.0,  load_w=1256.0, zone=unknown,  grid_charge=on, ev_charging_active=off, ev_charge_end=2026-02-23 05:00:02, ev_webhook_count=104, max_discharge_a=60, max_charge_a=90, max_grid_charge_a=64, soc_limit_a=60, volt_penalty_a=0, voltage_protected_limit_a=60, soc_power_w=3250, is_critical_soc=False
2026-03-01T04:41:00.340136+01:00,  soc=65.0,  volt=54.27,  volt_delta=1.47, volt_rate_per_min=1.47, volt_status=NORMAL, batt_w=-3198.0,  batt_mode=charge,  batt_discharge_w=0,  batt_charge_w=3198.0,  load_w=1256.0, zone=unknown,  grid_charge=on, ev_charging_active=off, ev_charge_end=2026-02-23 05:00:02, ev_webhook_count=104, max_discharge_a=60, max_charge_a=90, max_grid_charge_a=64, soc_limit_a=60, volt_penalty_a=0, voltage_protected_limit_a=60, soc_power_w=3256, is_critical_soc=False
2026-03-01T04:42:00.340543+01:00,  soc=66.0,  volt=53.19,  volt_delta=0.39, volt_rate_per_min=0.39, volt_status=NORMAL, batt_w=-209.0,  batt_mode=charge,  batt_discharge_w=0,  batt_charge_w=209.0,  load_w=1256.0, zone=unknown,  grid_charge=on, ev_charging_active=off, ev_charge_end=2026-02-23 05:00:02, ev_webhook_count=104, max_discharge_a=60, max_charge_a=90, max_grid_charge_a=64, soc_limit_a=60, volt_penalty_a=0, voltage_protected_limit_a=60, soc_power_w=3191, is_critical_soc=False
2026-03-01T04:43:00.340704+01:00,  soc=66.0,  volt=53.09,  volt_delta=0.29, volt_rate_per_min=0.29, volt_status=NORMAL, batt_w=-209.0,  batt_mode=charge,  batt_discharge_w=0,  batt_charge_w=209.0,  load_w=1276.0, zone=unknown,  grid_charge=on, ev_charging_active=off, ev_charge_end=2026-02-23 05:00:02, ev_webhook_count=104, max_discharge_a=60, max_charge_a=90, max_grid_charge_a=64, soc_limit_a=60, volt_penalty_a=0, voltage_protected_limit_a=60, soc_power_w=3185, is_critical_soc=False
2026-03-01T04:44:00.340021+01:00,  soc=66.0,  volt=53.09,  volt_delta=0.29, volt_rate_per_min=0.29, volt_status=NORMAL, batt_w=-209.0,  batt_mode=charge,  batt_discharge_w=0,  batt_charge_w=209.0,  load_w=1276.0, zone=unknown,  grid_charge=on, ev_charging_active=off, ev_charge_end=2026-02-23 05:00:02, ev_webhook_count=104, max_discharge_a=60, max_charge_a=90, max_grid_charge_a=64, soc_limit_a=60, volt_penalty_a=0, voltage_protected_limit_a=60, soc_power_w=3185, is_critical_soc=False
2026-03-01T04:45:00.340422+01:00,  soc=66.0,  volt=52.98,  volt_delta=0.18, volt_rate_per_min=0.18, volt_status=NORMAL, batt_w=-161.0,  batt_mode=charge,  batt_discharge_w=0,  batt_charge_w=161.0,  load_w=1276.0, zone=unknown,  grid_charge=on, ev_charging_active=off, ev_charge_end=2026-02-23 05:00:02, ev_webhook_count=104, max_discharge_a=60, max_charge_a=90, max_grid_charge_a=64, soc_limit_a=60, volt_penalty_a=0, voltage_protected_limit_a=60, soc_power_w=3179, is_critical_soc=False
2026-03-01T04:46:00.340461+01:00,  soc=66.0,  volt=52.98,  volt_delta=0.18, volt_rate_per_min=0.18, volt_status=NORMAL, batt_w=-138.0,  batt_mode=charge,  batt_discharge_w=0,  batt_charge_w=138.0,  load_w=1276.0, zone=unknown,  grid_charge=on, ev_charging_active=off, ev_charge_end=2026-02-23 05:00:02, ev_webhook_count=104, max_discharge_a=60, max_charge_a=90, max_grid_charge_a=64, soc_limit_a=60, volt_penalty_a=0, voltage_protected_limit_a=60, soc_power_w=3179, is_critical_soc=False
2026-03-01T04:47:00.340270+01:00,  soc=66.0,  volt=52.98,  volt_delta=0.18, volt_rate_per_min=0.18, volt_status=NORMAL, batt_w=12.0,  batt_mode=idle,  batt_discharge_w=12.0,  batt_charge_w=0,  load_w=1276.0, zone=unknown,  grid_charge=off, ev_charging_active=off, ev_charge_end=2026-02-23 05:00:02, ev_webhook_count=104, max_discharge_a=60, max_charge_a=90, max_grid_charge_a=64, soc_limit_a=60, volt_penalty_a=0, voltage_protected_limit_a=60, soc_power_w=3179, is_critical_soc=False
2026-03-01T04:48:00.340704+01:00,  soc=66.0,  volt=52.98,  volt_delta=0.18, volt_rate_per_min=0.18, volt_status=NORMAL, batt_w=12.0,  batt_mode=idle,  batt_discharge_w=12.0,  batt_charge_w=0,  load_w=1309.0, zone=unknown,  grid_charge=off, ev_charging_active=off, ev_charge_end=2026-02-23 05:00:02, ev_webhook_count=104, max_discharge_a=60, max_charge_a=90, max_grid_charge_a=64, soc_limit_a=60, volt_penalty_a=0, voltage_protected_limit_a=60, soc_power_w=3179, is_critical_soc=False
2026-03-01T04:49:00.340677+01:00,  soc=66.0,  volt=52.98,  volt_delta=0.18, volt_rate_per_min=0.18, volt_status=NORMAL, batt_w=12.0,  batt_mode=idle,  batt_discharge_w=12.0,  batt_charge_w=0,  load_w=1308.0, zone=unknown,  grid_charge=off, ev_charging_active=off, ev_charge_end=2026-02-23 05:00:02, ev_webhook_count=104, max_discharge_a=60, max_charge_a=90, max_grid_charge_a=64, soc_limit_a=60, volt_penalty_a=0, voltage_protected_limit_a=60, soc_power_w=3179, is_critical_soc=False
2026-03-01T04:50:00.340723+01:00,  soc=66.0,  volt=52.98,  volt_delta=0.18, volt_rate_per_min=0.18, volt_status=NORMAL, batt_w=12.0,  batt_mode=idle,  batt_discharge_w=12.0,  batt_charge_w=0,  load_w=1308.0, zone=unknown,  grid_charge=off, ev_charging_active=off, ev_charge_end=2026-02-23 05:00:02, ev_webhook_count=104, max_discharge_a=60, max_charge_a=90, max_grid_charge_a=64, soc_limit_a=60, volt_penalty_a=0, voltage_protected_limit_a=60, soc_power_w=3179, is_critical_soc=False
2026-03-01T04:51:00.340372+01:00,  soc=66.0,  volt=52.88,  volt_delta=0.08, volt_rate_per_min=0.08, volt_status=NORMAL, batt_w=12.0,  batt_mode=idle,  batt_discharge_w=12.0,  batt_charge_w=0,  load_w=1308.0, zone=unknown,  grid_charge=off, ev_charging_active=off, ev_charge_end=2026-02-23 05:00:02, ev_webhook_count=104, max_discharge_a=60, max_charge_a=90, max_grid_charge_a=64, soc_limit_a=60, volt_penalty_a=0, voltage_protected_limit_a=60, soc_power_w=3173, is_critical_soc=False
2026-03-01T04:52:00.339981+01:00,  soc=66.0,  volt=52.88,  volt_delta=0.08, volt_rate_per_min=0.08, volt_status=NORMAL, batt_w=12.0,  batt_mode=idle,  batt_discharge_w=12.0,  batt_charge_w=0,  load_w=1308.0, zone=unknown,  grid_charge=off, ev_charging_active=off, ev_charge_end=2026-02-23 05:00:02, ev_webhook_count=104, max_discharge_a=60, max_charge_a=90, max_grid_charge_a=64, soc_limit_a=60, volt_penalty_a=0, voltage_protected_limit_a=60, soc_power_w=3173, is_critical_soc=False
2026-03-01T04:53:00.341674+01:00,  soc=66.0,  volt=52.88,  volt_delta=0.08, volt_rate_per_min=0.08, volt_status=NORMAL, batt_w=12.0,  batt_mode=idle,  batt_discharge_w=12.0,  batt_charge_w=0,  load_w=1308.0, zone=unknown,  grid_charge=off, ev_charging_active=off, ev_charge_end=2026-02-23 05:00:02, ev_webhook_count=104, max_discharge_a=60, max_charge_a=90, max_grid_charge_a=64, soc_limit_a=60, volt_penalty_a=0, voltage_protected_limit_a=60, soc_power_w=3173, is_critical_soc=False
2026-03-01T04:54:00.340618+01:00,  soc=66.0,  volt=52.88,  volt_delta=0.08, volt_rate_per_min=0.08, volt_status=NORMAL, batt_w=12.0,  batt_mode=idle,  batt_discharge_w=12.0,  batt_charge_w=0,  load_w=1329.0, zone=unknown,  grid_charge=off, ev_charging_active=off, ev_charge_end=2026-02-23 05:00:02, ev_webhook_count=104, max_discharge_a=65, max_charge_a=90, max_grid_charge_a=64, soc_limit_a=60, volt_penalty_a=0, voltage_protected_limit_a=60, soc_power_w=3173, is_critical_soc=False
2026-03-01T04:55:00.340887+01:00,  soc=66.0,  volt=52.87,  volt_delta=0.07, volt_rate_per_min=0.07, volt_status=NORMAL, batt_w=11.0,  batt_mode=idle,  batt_discharge_w=11.0,  batt_charge_w=0,  load_w=1329.0, zone=unknown,  grid_charge=off, ev_charging_active=off, ev_charge_end=2026-02-23 05:00:02, ev_webhook_count=104, max_discharge_a=65, max_charge_a=90, max_grid_charge_a=64, soc_limit_a=60, volt_penalty_a=0, voltage_protected_limit_a=60, soc_power_w=3172, is_critical_soc=False
2026-03-01T04:56:00.340831+01:00,  soc=66.0,  volt=52.87,  volt_delta=0.07, volt_rate_per_min=0.07, volt_status=NORMAL, batt_w=11.0,  batt_mode=idle,  batt_discharge_w=11.0,  batt_charge_w=0,  load_w=1329.0, zone=unknown,  grid_charge=off, ev_charging_active=off, ev_charge_end=2026-02-23 05:00:02, ev_webhook_count=104, max_discharge_a=65, max_charge_a=90, max_grid_charge_a=64, soc_limit_a=60, volt_penalty_a=0, voltage_protected_limit_a=60, soc_power_w=3172, is_critical_soc=False
2026-03-01T04:57:00.339992+01:00,  soc=66.0,  volt=52.87,  volt_delta=0.07, volt_rate_per_min=0.07, volt_status=NORMAL, batt_w=11.0,  batt_mode=idle,  batt_discharge_w=11.0,  batt_charge_w=0,  load_w=1329.0, zone=unknown,  grid_charge=off, ev_charging_active=off, ev_charge_end=2026-02-23 05:00:02, ev_webhook_count=104, max_discharge_a=65, max_charge_a=90, max_grid_charge_a=64, soc_limit_a=60, volt_penalty_a=0, voltage_protected_limit_a=60, soc_power_w=3172, is_critical_soc=False
2026-03-01T04:58:00.340346+01:00,  soc=66.0,  volt=52.87,  volt_delta=0.07, volt_rate_per_min=0.07, volt_status=NORMAL, batt_w=11.0,  batt_mode=idle,  batt_discharge_w=11.0,  batt_charge_w=0,  load_w=1329.0, zone=unknown,  grid_charge=off, ev_charging_active=off, ev_charge_end=2026-02-23 05:00:02, ev_webhook_count=104, max_discharge_a=65, max_charge_a=90, max_grid_charge_a=64, soc_limit_a=60, volt_penalty_a=0, voltage_protected_limit_a=60, soc_power_w=3172, is_critical_soc=False
2026-03-01T04:59:00.340504+01:00,  soc=66.0,  volt=52.87,  volt_delta=0.07, volt_rate_per_min=0.07, volt_status=NORMAL, batt_w=11.0,  batt_mode=idle,  batt_discharge_w=11.0,  batt_charge_w=0,  load_w=1263.0, zone=unknown,  grid_charge=off, ev_charging_active=off, ev_charge_end=2026-02-23 05:00:02, ev_webhook_count=104, max_discharge_a=65, max_charge_a=90, max_grid_charge_a=64, soc_limit_a=60, volt_penalty_a=0, voltage_protected_limit_a=60, soc_power_w=3172, is_critical_soc=False
2026-03-01T05:00:00.340118+01:00,  soc=66.0,  volt=52.87,  volt_delta=0.07, volt_rate_per_min=0.07, volt_status=NORMAL, batt_w=11.0,  batt_mode=idle,  batt_discharge_w=11.0,  batt_charge_w=0,  load_w=1263.0, zone=unknown,  grid_charge=off, ev_charging_active=off, ev_charge_end=2026-02-23 05:00:02, ev_webhook_count=104, max_discharge_a=65, max_charge_a=90, max_grid_charge_a=64, soc_limit_a=60, volt_penalty_a=0, voltage_protected_limit_a=60, soc_power_w=3172, is_critical_soc=False
2026-03-01T05:01:00.341867+01:00,  soc=66.0,  volt=52.87,  volt_delta=0.07, volt_rate_per_min=0.07, volt_status=NORMAL, batt_w=11.0,  batt_mode=idle,  batt_discharge_w=11.0,  batt_charge_w=0,  load_w=1263.0, zone=unknown,  grid_charge=off, ev_charging_active=off, ev_charge_end=2026-02-23 05:00:02, ev_webhook_count=104, max_discharge_a=65, max_charge_a=90, max_grid_charge_a=64, soc_limit_a=60, volt_penalty_a=0, voltage_protected_limit_a=60, soc_power_w=3172, is_critical_soc=False
2026-03-01T05:02:00.340337+01:00,  soc=66.0,  volt=52.87,  volt_delta=0.07, volt_rate_per_min=0.07, volt_status=NORMAL, batt_w=11.0,  batt_mode=idle,  batt_discharge_w=11.0,  batt_charge_w=0,  load_w=1263.0, zone=unknown,  grid_charge=off, ev_charging_active=off, ev_charge_end=2026-02-23 05:00:02, ev_webhook_count=104, max_discharge_a=65, max_charge_a=90, max_grid_charge_a=64, soc_limit_a=60, volt_penalty_a=0, voltage_protected_limit_a=60, soc_power_w=3172, is_critical_soc=False
2026-03-01T05:03:00.340068+01:00,  soc=66.0,  volt=52.87,  volt_delta=0.07, volt_rate_per_min=0.07, volt_status=NORMAL, batt_w=11.0,  batt_mode=idle,  batt_discharge_w=11.0,  batt_charge_w=0,  load_w=1379.0, zone=unknown,  grid_charge=off, ev_charging_active=off, ev_charge_end=2026-02-23 05:00:02, ev_webhook_count=104, max_discharge_a=65, max_charge_a=90, max_grid_charge_a=64, soc_limit_a=60, volt_penalty_a=0, voltage_protected_limit_a=60, soc_power_w=3172, is_critical_soc=False
2026-03-01T05:04:00.340642+01:00,  soc=66.0,  volt=52.87,  volt_delta=0.07, volt_rate_per_min=0.07, volt_status=NORMAL, batt_w=11.0,  batt_mode=idle,  batt_discharge_w=11.0,  batt_charge_w=0,  load_w=1379.0, zone=unknown,  grid_charge=off, ev_charging_active=off, ev_charge_end=2026-02-23 05:00:02, ev_webhook_count=104, max_discharge_a=65, max_charge_a=90, max_grid_charge_a=64, soc_limit_a=60, volt_penalty_a=0, voltage_protected_limit_a=60, soc_power_w=3172, is_critical_soc=False
2026-03-01T05:05:00.340469+01:00,  soc=66.0,  volt=52.84,  volt_delta=0.04, volt_rate_per_min=0.04, volt_status=NORMAL, batt_w=12.0,  batt_mode=idle,  batt_discharge_w=12.0,  batt_charge_w=0,  load_w=1397.0, zone=unknown,  grid_charge=off, ev_charging_active=off, ev_charge_end=2026-02-23 05:00:02, ev_webhook_count=104, max_discharge_a=65, max_charge_a=90, max_grid_charge_a=64, soc_limit_a=60, volt_penalty_a=0, voltage_protected_limit_a=60, soc_power_w=3170, is_critical_soc=False
2026-03-01T05:06:00.340769+01:00,  soc=66.0,  volt=52.84,  volt_delta=0.04, volt_rate_per_min=0.04, volt_status=NORMAL, batt_w=12.0,  batt_mode=idle,  batt_discharge_w=12.0,  batt_charge_w=0,  load_w=1397.0, zone=unknown,  grid_charge=off, ev_charging_active=off, ev_charge_end=2026-02-23 05:00:02, ev_webhook_count=104, max_discharge_a=65, max_charge_a=90, max_grid_charge_a=64, soc_limit_a=60, volt_penalty_a=0, voltage_protected_limit_a=60, soc_power_w=3170, is_critical_soc=False
2026-03-01T05:07:00.340606+01:00,  soc=66.0,  volt=52.84,  volt_delta=0.04, volt_rate_per_min=0.04, volt_status=NORMAL, batt_w=12.0,  batt_mode=idle,  batt_discharge_w=12.0,  batt_charge_w=0,  load_w=1397.0, zone=unknown,  grid_charge=off, ev_charging_active=off, ev_charge_end=2026-02-23 05:00:02, ev_webhook_count=104, max_discharge_a=65, max_charge_a=90, max_grid_charge_a=64, soc_limit_a=60, volt_penalty_a=0, voltage_protected_limit_a=60, soc_power_w=3170, is_critical_soc=False
2026-03-01T05:08:00.340570+01:00,  soc=66.0,  volt=52.84,  volt_delta=0.04, volt_rate_per_min=0.04, volt_status=NORMAL, batt_w=12.0,  batt_mode=idle,  batt_discharge_w=12.0,  batt_charge_w=0,  load_w=1397.0, zone=unknown,  grid_charge=off, ev_charging_active=off, ev_charge_end=2026-02-23 05:00:02, ev_webhook_count=104, max_discharge_a=65, max_charge_a=90, max_grid_charge_a=64, soc_limit_a=60, volt_penalty_a=0, voltage_protected_limit_a=60, soc_power_w=3170, is_critical_soc=False
2026-03-01T05:09:00.340084+01:00,  soc=66.0,  volt=52.84,  volt_delta=0.04, volt_rate_per_min=0.04, volt_status=NORMAL, batt_w=12.0,  batt_mode=idle,  batt_discharge_w=12.0,  batt_charge_w=0,  load_w=1397.0, zone=unknown,  grid_charge=off, ev_charging_active=off, ev_charge_end=2026-02-23 05:00:02, ev_webhook_count=104, max_discharge_a=65, max_charge_a=90, max_grid_charge_a=64, soc_limit_a=60, volt_penalty_a=0, voltage_protected_limit_a=60, soc_power_w=3170, is_critical_soc=False
2026-03-01T05:10:00.340307+01:00,  soc=66.0,  volt=52.84,  volt_delta=0.04, volt_rate_per_min=0.04, volt_status=NORMAL, batt_w=12.0,  batt_mode=idle,  batt_discharge_w=12.0,  batt_charge_w=0,  load_w=1391.0, zone=unknown,  grid_charge=off, ev_charging_active=off, ev_charge_end=2026-02-23 05:00:02, ev_webhook_count=104, max_discharge_a=65, max_charge_a=90, max_grid_charge_a=64, soc_limit_a=60, volt_penalty_a=0, voltage_protected_limit_a=60, soc_power_w=3170, is_critical_soc=False
2026-03-01T05:11:00.339902+01:00,  soc=66.0,  volt=52.84,  volt_delta=0.04, volt_rate_per_min=0.04, volt_status=NORMAL, batt_w=12.0,  batt_mode=idle,  batt_discharge_w=12.0,  batt_charge_w=0,  load_w=1391.0, zone=unknown,  grid_charge=off, ev_charging_active=off, ev_charge_end=2026-02-23 05:00:02, ev_webhook_count=104, max_discharge_a=65, max_charge_a=90, max_grid_charge_a=64, soc_limit_a=60, volt_penalty_a=0, voltage_protected_limit_a=60, soc_power_w=3170, is_critical_soc=False
2026-03-01T05:12:00.340810+01:00,  soc=66.0,  volt=52.84,  volt_delta=0.04, volt_rate_per_min=0.04, volt_status=NORMAL, batt_w=12.0,  batt_mode=idle,  batt_discharge_w=12.0,  batt_charge_w=0,  load_w=1391.0, zone=unknown,  grid_charge=off, ev_charging_active=off, ev_charge_end=2026-02-23 05:00:02, ev_webhook_count=104, max_discharge_a=65, max_charge_a=90, max_grid_charge_a=64, soc_limit_a=60, volt_penalty_a=0, voltage_protected_limit_a=60, soc_power_w=3170, is_critical_soc=False
2026-03-01T05:13:00.339787+01:00,  soc=66.0,  volt=52.84,  volt_delta=0.04, volt_rate_per_min=0.04, volt_status=NORMAL, batt_w=12.0,  batt_mode=idle,  batt_discharge_w=12.0,  batt_charge_w=0,  load_w=1391.0, zone=unknown,  grid_charge=off, ev_charging_active=off, ev_charge_end=2026-02-23 05:00:02, ev_webhook_count=104, max_discharge_a=65, max_charge_a=90, max_grid_charge_a=64, soc_limit_a=60, volt_penalty_a=0, voltage_protected_limit_a=60, soc_power_w=3170, is_critical_soc=False
2026-03-01T05:14:00.340316+01:00,  soc=66.0,  volt=52.84,  volt_delta=0.04, volt_rate_per_min=0.04, volt_status=NORMAL, batt_w=12.0,  batt_mode=idle,  batt_discharge_w=12.0,  batt_charge_w=0,  load_w=1391.0, zone=unknown,  grid_charge=off, ev_charging_active=off, ev_charge_end=2026-02-23 05:00:02, ev_webhook_count=104, max_discharge_a=65, max_charge_a=90, max_grid_charge_a=64, soc_limit_a=60, volt_penalty_a=0, voltage_protected_limit_a=60, soc_power_w=3170, is_critical_soc=False
2026-03-01T05:15:00.340580+01:00,  soc=66.0,  volt=52.83,  volt_delta=0.03, volt_rate_per_min=0.03, volt_status=NORMAL, batt_w=12.0,  batt_mode=idle,  batt_discharge_w=12.0,  batt_charge_w=0,  load_w=1416.0, zone=unknown,  grid_charge=off, ev_charging_active=off, ev_charge_end=2026-02-23 05:00:02, ev_webhook_count=104, max_discharge_a=65, max_charge_a=90, max_grid_charge_a=64, soc_limit_a=60, volt_penalty_a=0, voltage_protected_limit_a=60, soc_power_w=3170, is_critical_soc=False
2026-03-01T05:16:00.340317+01:00,  soc=66.0,  volt=52.83,  volt_delta=0.03, volt_rate_per_min=0.03, volt_status=NORMAL, batt_w=12.0,  batt_mode=idle,  batt_discharge_w=12.0,  batt_charge_w=0,  load_w=1416.0, zone=unknown,  grid_charge=off, ev_charging_active=off, ev_charge_end=2026-02-23 05:00:02, ev_webhook_count=104, max_discharge_a=65, max_charge_a=90, max_grid_charge_a=64, soc_limit_a=60, volt_penalty_a=0, voltage_protected_limit_a=60, soc_power_w=3170, is_critical_soc=False
2026-03-01T05:17:00.340240+01:00,  soc=66.0,  volt=52.83,  volt_delta=0.03, volt_rate_per_min=0.03, volt_status=NORMAL, batt_w=12.0,  batt_mode=idle,  batt_discharge_w=12.0,  batt_charge_w=0,  load_w=1416.0, zone=unknown,  grid_charge=off, ev_charging_active=off, ev_charge_end=2026-02-23 05:00:02, ev_webhook_count=104, max_discharge_a=65, max_charge_a=90, max_grid_charge_a=64, soc_limit_a=60, volt_penalty_a=0, voltage_protected_limit_a=60, soc_power_w=3170, is_critical_soc=False
2026-03-01T05:18:00.339837+01:00,  soc=66.0,  volt=52.83,  volt_delta=0.03, volt_rate_per_min=0.03, volt_status=NORMAL, batt_w=12.0,  batt_mode=idle,  batt_discharge_w=12.0,  batt_charge_w=0,  load_w=1416.0, zone=unknown,  grid_charge=off, ev_charging_active=off, ev_charge_end=2026-02-23 05:00:02, ev_webhook_count=104, max_discharge_a=65, max_charge_a=90, max_grid_charge_a=64, soc_limit_a=60, volt_penalty_a=0, voltage_protected_limit_a=60, soc_power_w=3170, is_critical_soc=False
2026-03-01T05:19:00.339827+01:00,  soc=66.0,  volt=52.83,  volt_delta=0.03, volt_rate_per_min=0.03, volt_status=NORMAL, batt_w=12.0,  batt_mode=idle,  batt_discharge_w=12.0,  batt_charge_w=0,  load_w=1416.0, zone=unknown,  grid_charge=off, ev_charging_active=off, ev_charge_end=2026-02-23 05:00:02, ev_webhook_count=104, max_discharge_a=65, max_charge_a=90, max_grid_charge_a=64, soc_limit_a=60, volt_penalty_a=0, voltage_protected_limit_a=60, soc_power_w=3170, is_critical_soc=False
2026-03-01T05:20:00.340694+01:00,  soc=66.0,  volt=52.83,  volt_delta=0.03, volt_rate_per_min=0.03, volt_status=NORMAL, batt_w=12.0,  batt_mode=idle,  batt_discharge_w=12.0,  batt_charge_w=0,  load_w=1416.0, zone=unknown,  grid_charge=off, ev_charging_active=off, ev_charge_end=2026-02-23 05:00:02, ev_webhook_count=104, max_discharge_a=65, max_charge_a=90, max_grid_charge_a=64, soc_limit_a=60, volt_penalty_a=0, voltage_protected_limit_a=60, soc_power_w=3170, is_critical_soc=False
2026-03-01T05:21:00.339800+01:00,  soc=66.0,  volt=52.83,  volt_delta=0.03, volt_rate_per_min=0.03, volt_status=NORMAL, batt_w=12.0,  batt_mode=idle,  batt_discharge_w=12.0,  batt_charge_w=0,  load_w=1337.0, zone=unknown,  grid_charge=off, ev_charging_active=off, ev_charge_end=2026-02-23 05:00:02, ev_webhook_count=104, max_discharge_a=65, max_charge_a=90, max_grid_charge_a=64, soc_limit_a=60, volt_penalty_a=0, voltage_protected_limit_a=60, soc_power_w=3170, is_critical_soc=False
2026-03-01T05:22:00.340315+01:00,  soc=66.0,  volt=52.83,  volt_delta=0.03, volt_rate_per_min=0.03, volt_status=NORMAL, batt_w=12.0,  batt_mode=idle,  batt_discharge_w=12.0,  batt_charge_w=0,  load_w=1337.0, zone=unknown,  grid_charge=off, ev_charging_active=off, ev_charge_end=2026-02-23 05:00:02, ev_webhook_count=104, max_discharge_a=65, max_charge_a=90, max_grid_charge_a=64, soc_limit_a=60, volt_penalty_a=0, voltage_protected_limit_a=60, soc_power_w=3170, is_critical_soc=False
2026-03-01T05:23:00.340679+01:00,  soc=66.0,  volt=52.83,  volt_delta=0.03, volt_rate_per_min=0.03, volt_status=NORMAL, batt_w=12.0,  batt_mode=idle,  batt_discharge_w=12.0,  batt_charge_w=0,  load_w=1337.0, zone=unknown,  grid_charge=off, ev_charging_active=off, ev_charge_end=2026-02-23 05:00:02, ev_webhook_count=104, max_discharge_a=65, max_charge_a=90, max_grid_charge_a=64, soc_limit_a=60, volt_penalty_a=0, voltage_protected_limit_a=60, soc_power_w=3170, is_critical_soc=False
2026-03-01T05:24:00.339970+01:00,  soc=66.0,  volt=52.83,  volt_delta=0.03, volt_rate_per_min=0.03, volt_status=NORMAL, batt_w=12.0,  batt_mode=idle,  batt_discharge_w=12.0,  batt_charge_w=0,  load_w=1337.0, zone=unknown,  grid_charge=off, ev_charging_active=off, ev_charge_end=2026-02-23 05:00:02, ev_webhook_count=104, max_discharge_a=65, max_charge_a=90, max_grid_charge_a=64, soc_limit_a=60, volt_penalty_a=0, voltage_protected_limit_a=60, soc_power_w=3170, is_critical_soc=False
2026-03-01T05:25:00.340084+01:00,  soc=66.0,  volt=52.82,  volt_delta=0.02, volt_rate_per_min=0.02, volt_status=NORMAL, batt_w=13.0,  batt_mode=idle,  batt_discharge_w=13.0,  batt_charge_w=0,  load_w=1337.0, zone=unknown,  grid_charge=off, ev_charging_active=off, ev_charge_end=2026-02-23 05:00:02, ev_webhook_count=104, max_discharge_a=65, max_charge_a=90, max_grid_charge_a=64, soc_limit_a=60, volt_penalty_a=0, voltage_protected_limit_a=60, soc_power_w=3169, is_critical_soc=False
2026-03-01T05:26:00.340366+01:00,  soc=66.0,  volt=52.82,  volt_delta=0.02, volt_rate_per_min=0.02, volt_status=NORMAL, batt_w=13.0,  batt_mode=idle,  batt_discharge_w=13.0,  batt_charge_w=0,  load_w=1340.0, zone=unknown,  grid_charge=off, ev_charging_active=off, ev_charge_end=2026-02-23 05:00:02, ev_webhook_count=104, max_discharge_a=65, max_charge_a=90, max_grid_charge_a=64, soc_limit_a=60, volt_penalty_a=0, voltage_protected_limit_a=60, soc_power_w=3169, is_critical_soc=False
2026-03-01T05:27:00.339885+01:00,  soc=66.0,  volt=52.82,  volt_delta=0.02, volt_rate_per_min=0.02, volt_status=NORMAL, batt_w=13.0,  batt_mode=idle,  batt_discharge_w=13.0,  batt_charge_w=0,  load_w=1340.0, zone=unknown,  grid_charge=off, ev_charging_active=off, ev_charge_end=2026-02-23 05:00:02, ev_webhook_count=104, max_discharge_a=65, max_charge_a=90, max_grid_charge_a=64, soc_limit_a=60, volt_penalty_a=0, voltage_protected_limit_a=60, soc_power_w=3169, is_critical_soc=False
2026-03-01T05:28:00.340820+01:00,  soc=66.0,  volt=52.82,  volt_delta=0.02, volt_rate_per_min=0.02, volt_status=NORMAL, batt_w=13.0,  batt_mode=idle,  batt_discharge_w=13.0,  batt_charge_w=0,  load_w=1340.0, zone=unknown,  grid_charge=off, ev_charging_active=off, ev_charge_end=2026-02-23 05:00:02, ev_webhook_count=104, max_discharge_a=65, max_charge_a=90, max_grid_charge_a=64, soc_limit_a=60, volt_penalty_a=0, voltage_protected_limit_a=60, soc_power_w=3169, is_critical_soc=False
2026-03-01T05:29:00.339990+01:00,  soc=66.0,  volt=52.82,  volt_delta=0.02, volt_rate_per_min=0.02, volt_status=NORMAL, batt_w=13.0,  batt_mode=idle,  batt_discharge_w=13.0,  batt_charge_w=0,  load_w=1340.0, zone=unknown,  grid_charge=off, ev_charging_active=off, ev_charge_end=2026-02-23 05:00:02, ev_webhook_count=104, max_discharge_a=65, max_charge_a=90, max_grid_charge_a=64, soc_limit_a=60, volt_penalty_a=0, voltage_protected_limit_a=60, soc_power_w=3169, is_critical_soc=False
2026-03-01T05:30:00.340649+01:00,  soc=66.0,  volt=52.82,  volt_delta=0.02, volt_rate_per_min=0.02, volt_status=NORMAL, batt_w=13.0,  batt_mode=idle,  batt_discharge_w=13.0,  batt_charge_w=0,  load_w=1340.0, zone=unknown,  grid_charge=off, ev_charging_active=off, ev_charge_end=2026-02-23 05:00:02, ev_webhook_count=104, max_discharge_a=65, max_charge_a=90, max_grid_charge_a=64, soc_limit_a=60, volt_penalty_a=0, voltage_protected_limit_a=60, soc_power_w=3169, is_critical_soc=False
2026-03-01T05:31:00.340503+01:00,  soc=66.0,  volt=52.82,  volt_delta=0.02, volt_rate_per_min=0.02, volt_status=NORMAL, batt_w=13.0,  batt_mode=idle,  batt_discharge_w=13.0,  batt_charge_w=0,  load_w=1392.0, zone=unknown,  grid_charge=off, ev_charging_active=off, ev_charge_end=2026-02-23 05:00:02, ev_webhook_count=104, max_discharge_a=65, max_charge_a=90, max_grid_charge_a=64, soc_limit_a=60, volt_penalty_a=0, voltage_protected_limit_a=60, soc_power_w=3169, is_critical_soc=False
2026-03-01T05:32:00.341139+01:00,  soc=66.0,  volt=52.82,  volt_delta=0.02, volt_rate_per_min=0.02, volt_status=NORMAL, batt_w=13.0,  batt_mode=idle,  batt_discharge_w=13.0,  batt_charge_w=0,  load_w=1392.0, zone=unknown,  grid_charge=off, ev_charging_active=off, ev_charge_end=2026-02-23 05:00:02, ev_webhook_count=104, max_discharge_a=65, max_charge_a=90, max_grid_charge_a=64, soc_limit_a=60, volt_penalty_a=0, voltage_protected_limit_a=60, soc_power_w=3169, is_critical_soc=False
2026-03-01T05:33:00.340425+01:00,  soc=66.0,  volt=52.82,  volt_delta=0.02, volt_rate_per_min=0.02, volt_status=NORMAL, batt_w=13.0,  batt_mode=idle,  batt_discharge_w=13.0,  batt_charge_w=0,  load_w=1392.0, zone=unknown,  grid_charge=off, ev_charging_active=off, ev_charge_end=2026-02-23 05:00:02, ev_webhook_count=104, max_discharge_a=65, max_charge_a=90, max_grid_charge_a=64, soc_limit_a=60, volt_penalty_a=0, voltage_protected_limit_a=60, soc_power_w=3169, is_critical_soc=False
2026-03-01T05:34:00.340554+01:00,  soc=66.0,  volt=52.82,  volt_delta=0.02, volt_rate_per_min=0.02, volt_status=NORMAL, batt_w=13.0,  batt_mode=idle,  batt_discharge_w=13.0,  batt_charge_w=0,  load_w=1392.0, zone=unknown,  grid_charge=off, ev_charging_active=off, ev_charge_end=2026-02-23 05:00:02, ev_webhook_count=104, max_discharge_a=65, max_charge_a=90, max_grid_charge_a=64, soc_limit_a=60, volt_penalty_a=0, voltage_protected_limit_a=60, soc_power_w=3169, is_critical_soc=False
2026-03-01T05:35:00.340097+01:00,  soc=66.0,  volt=52.81,  volt_delta=0.01, volt_rate_per_min=0.01, volt_status=NORMAL, batt_w=14.0,  batt_mode=idle,  batt_discharge_w=14.0,  batt_charge_w=0,  load_w=1392.0, zone=unknown,  grid_charge=off, ev_charging_active=off, ev_charge_end=2026-02-23 05:00:02, ev_webhook_count=104, max_discharge_a=65, max_charge_a=90, max_grid_charge_a=64, soc_limit_a=60, volt_penalty_a=0, voltage_protected_limit_a=60, soc_power_w=3169, is_critical_soc=False
2026-03-01T05:36:00.341024+01:00,  soc=66.0,  volt=52.81,  volt_delta=0.01, volt_rate_per_min=0.01, volt_status=NORMAL, batt_w=14.0,  batt_mode=idle,  batt_discharge_w=14.0,  batt_charge_w=0,  load_w=1392.0, zone=unknown,  grid_charge=off, ev_charging_active=off, ev_charge_end=2026-02-23 05:00:02, ev_webhook_count=104, max_discharge_a=65, max_charge_a=90, max_grid_charge_a=64, soc_limit_a=60, volt_penalty_a=0, voltage_protected_limit_a=60, soc_power_w=3169, is_critical_soc=False
2026-03-01T05:37:00.339868+01:00,  soc=66.0,  volt=52.81,  volt_delta=0.01, volt_rate_per_min=0.01, volt_status=NORMAL, batt_w=14.0,  batt_mode=idle,  batt_discharge_w=14.0,  batt_charge_w=0,  load_w=1359.0, zone=unknown,  grid_charge=off, ev_charging_active=off, ev_charge_end=2026-02-23 05:00:02, ev_webhook_count=104, max_discharge_a=65, max_charge_a=90, max_grid_charge_a=64, soc_limit_a=60, volt_penalty_a=0, voltage_protected_limit_a=60, soc_power_w=3169, is_critical_soc=False
2026-03-01T05:38:00.341442+01:00,  soc=66.0,  volt=52.81,  volt_delta=0.01, volt_rate_per_min=0.01, volt_status=NORMAL, batt_w=14.0,  batt_mode=idle,  batt_discharge_w=14.0,  batt_charge_w=0,  load_w=1359.0, zone=unknown,  grid_charge=off, ev_charging_active=off, ev_charge_end=2026-02-23 05:00:02, ev_webhook_count=104, max_discharge_a=65, max_charge_a=90, max_grid_charge_a=64, soc_limit_a=60, volt_penalty_a=0, voltage_protected_limit_a=60, soc_power_w=3169, is_critical_soc=False
2026-03-01T05:39:00.340208+01:00,  soc=66.0,  volt=52.81,  volt_delta=0.01, volt_rate_per_min=0.01, volt_status=NORMAL, batt_w=14.0,  batt_mode=idle,  batt_discharge_w=14.0,  batt_charge_w=0,  load_w=1359.0, zone=unknown,  grid_charge=off, ev_charging_active=off, ev_charge_end=2026-02-23 05:00:02, ev_webhook_count=104, max_discharge_a=65, max_charge_a=90, max_grid_charge_a=64, soc_limit_a=60, volt_penalty_a=0, voltage_protected_limit_a=60, soc_power_w=3169, is_critical_soc=False
2026-03-01T05:40:00.339868+01:00,  soc=66.0,  volt=52.81,  volt_delta=0.01, volt_rate_per_min=0.01, volt_status=NORMAL, batt_w=14.0,  batt_mode=idle,  batt_discharge_w=14.0,  batt_charge_w=0,  load_w=1359.0, zone=unknown,  grid_charge=off, ev_charging_active=off, ev_charge_end=2026-02-23 05:00:02, ev_webhook_count=104, max_discharge_a=65, max_charge_a=90, max_grid_charge_a=64, soc_limit_a=60, volt_penalty_a=0, voltage_protected_limit_a=60, soc_power_w=3169, is_critical_soc=False
2026-03-01T05:41:00.340082+01:00,  soc=66.0,  volt=52.81,  volt_delta=0.01, volt_rate_per_min=0.01, volt_status=NORMAL, batt_w=14.0,  batt_mode=idle,  batt_discharge_w=14.0,  batt_charge_w=0,  load_w=1359.0, zone=unknown,  grid_charge=off, ev_charging_active=off, ev_charge_end=2026-02-23 05:00:02, ev_webhook_count=104, max_discharge_a=65, max_charge_a=90, max_grid_charge_a=64, soc_limit_a=60, volt_penalty_a=0, voltage_protected_limit_a=60, soc_power_w=3169, is_critical_soc=False
2026-03-01T05:42:00.340468+01:00,  soc=66.0,  volt=52.81,  volt_delta=0.01, volt_rate_per_min=0.01, volt_status=NORMAL, batt_w=14.0,  batt_mode=idle,  batt_discharge_w=14.0,  batt_charge_w=0,  load_w=1341.0, zone=unknown,  grid_charge=off, ev_charging_active=off, ev_charge_end=2026-02-23 05:00:02, ev_webhook_count=104, max_discharge_a=65, max_charge_a=90, max_grid_charge_a=64, soc_limit_a=60, volt_penalty_a=0, voltage_protected_limit_a=60, soc_power_w=3169, is_critical_soc=False
2026-03-01T05:43:00.340673+01:00,  soc=66.0,  volt=52.81,  volt_delta=0.01, volt_rate_per_min=0.01, volt_status=NORMAL, batt_w=14.0,  batt_mode=idle,  batt_discharge_w=14.0,  batt_charge_w=0,  load_w=1341.0, zone=unknown,  grid_charge=off, ev_charging_active=off, ev_charge_end=2026-02-23 05:00:02, ev_webhook_count=104, max_discharge_a=65, max_charge_a=90, max_grid_charge_a=64, soc_limit_a=60, volt_penalty_a=0, voltage_protected_limit_a=60, soc_power_w=3169, is_critical_soc=False
2026-03-01T05:44:00.340682+01:00,  soc=66.0,  volt=52.81,  volt_delta=0.01, volt_rate_per_min=0.01, volt_status=NORMAL, batt_w=14.0,  batt_mode=idle,  batt_discharge_w=14.0,  batt_charge_w=0,  load_w=1341.0, zone=unknown,  grid_charge=off, ev_charging_active=off, ev_charge_end=2026-02-23 05:00:02, ev_webhook_count=104, max_discharge_a=65, max_charge_a=90, max_grid_charge_a=64, soc_limit_a=60, volt_penalty_a=0, voltage_protected_limit_a=60, soc_power_w=3169, is_critical_soc=False
2026-03-01T05:45:00.339896+01:00,  soc=66.0,  volt=52.81,  volt_delta=0.01, volt_rate_per_min=0.01, volt_status=NORMAL, batt_w=14.0,  batt_mode=idle,  batt_discharge_w=14.0,  batt_charge_w=0,  load_w=1341.0, zone=unknown,  grid_charge=off, ev_charging_active=off, ev_charge_end=2026-02-23 05:00:02, ev_webhook_count=104, max_discharge_a=65, max_charge_a=90, max_grid_charge_a=64, soc_limit_a=60, volt_penalty_a=0, voltage_protected_limit_a=60, soc_power_w=3169, is_critical_soc=False
2026-03-01T05:46:00.340668+01:00,  soc=66.0,  volt=52.81,  volt_delta=0.01, volt_rate_per_min=0.01, volt_status=NORMAL, batt_w=12.0,  batt_mode=idle,  batt_discharge_w=12.0,  batt_charge_w=0,  load_w=1341.0, zone=unknown,  grid_charge=off, ev_charging_active=off, ev_charge_end=2026-02-23 05:00:02, ev_webhook_count=104, max_discharge_a=65, max_charge_a=90, max_grid_charge_a=64, soc_limit_a=60, volt_penalty_a=0, voltage_protected_limit_a=60, soc_power_w=3169, is_critical_soc=False
2026-03-01T05:47:00.341075+01:00,  soc=66.0,  volt=52.81,  volt_delta=0.01, volt_rate_per_min=0.01, volt_status=NORMAL, batt_w=12.0,  batt_mode=idle,  batt_discharge_w=12.0,  batt_charge_w=0,  load_w=1345.0, zone=unknown,  grid_charge=off, ev_charging_active=off, ev_charge_end=2026-02-23 05:00:02, ev_webhook_count=104, max_discharge_a=65, max_charge_a=90, max_grid_charge_a=64, soc_limit_a=60, volt_penalty_a=0, voltage_protected_limit_a=60, soc_power_w=3169, is_critical_soc=False
2026-03-01T05:48:00.340198+01:00,  soc=66.0,  volt=52.81,  volt_delta=0.01, volt_rate_per_min=0.01, volt_status=NORMAL, batt_w=12.0,  batt_mode=idle,  batt_discharge_w=12.0,  batt_charge_w=0,  load_w=1345.0, zone=unknown,  grid_charge=off, ev_charging_active=off, ev_charge_end=2026-02-23 05:00:02, ev_webhook_count=104, max_discharge_a=65, max_charge_a=90, max_grid_charge_a=64, soc_limit_a=60, volt_penalty_a=0, voltage_protected_limit_a=60, soc_power_w=3169, is_critical_soc=False
2026-03-01T05:49:00.340123+01:00,  soc=66.0,  volt=52.81,  volt_delta=0.01, volt_rate_per_min=0.01, volt_status=NORMAL, batt_w=12.0,  batt_mode=idle,  batt_discharge_w=12.0,  batt_charge_w=0,  load_w=1345.0, zone=unknown,  grid_charge=off, ev_charging_active=off, ev_charge_end=2026-02-23 05:00:02, ev_webhook_count=104, max_discharge_a=65, max_charge_a=90, max_grid_charge_a=64, soc_limit_a=60, volt_penalty_a=0, voltage_protected_limit_a=60, soc_power_w=3169, is_critical_soc=False
2026-03-01T05:50:00.341444+01:00,  soc=66.0,  volt=52.81,  volt_delta=0.01, volt_rate_per_min=0.01, volt_status=NORMAL, batt_w=12.0,  batt_mode=idle,  batt_discharge_w=12.0,  batt_charge_w=0,  load_w=1345.0, zone=unknown,  grid_charge=off, ev_charging_active=off, ev_charge_end=2026-02-23 05:00:02, ev_webhook_count=104, max_discharge_a=65, max_charge_a=90, max_grid_charge_a=64, soc_limit_a=60, volt_penalty_a=0, voltage_protected_limit_a=60, soc_power_w=3169, is_critical_soc=False
2026-03-01T05:51:00.340261+01:00,  soc=66.0,  volt=52.81,  volt_delta=0.01, volt_rate_per_min=0.01, volt_status=NORMAL, batt_w=12.0,  batt_mode=idle,  batt_discharge_w=12.0,  batt_charge_w=0,  load_w=1345.0, zone=unknown,  grid_charge=off, ev_charging_active=off, ev_charge_end=2026-02-23 05:00:02, ev_webhook_count=104, max_discharge_a=65, max_charge_a=90, max_grid_charge_a=64, soc_limit_a=60, volt_penalty_a=0, voltage_protected_limit_a=60, soc_power_w=3169, is_critical_soc=False
2026-03-01T05:52:00.340190+01:00,  soc=66.0,  volt=52.81,  volt_delta=0.01, volt_rate_per_min=0.01, volt_status=NORMAL, batt_w=12.0,  batt_mode=idle,  batt_discharge_w=12.0,  batt_charge_w=0,  load_w=1345.0, zone=unknown,  grid_charge=off, ev_charging_active=off, ev_charge_end=2026-02-23 05:00:02, ev_webhook_count=104, max_discharge_a=65, max_charge_a=90, max_grid_charge_a=64, soc_limit_a=60, volt_penalty_a=0, voltage_protected_limit_a=60, soc_power_w=3169, is_critical_soc=False
2026-03-01T05:53:00.340691+01:00,  soc=66.0,  volt=52.81,  volt_delta=0.01, volt_rate_per_min=0.01, volt_status=NORMAL, batt_w=12.0,  batt_mode=idle,  batt_discharge_w=12.0,  batt_charge_w=0,  load_w=1339.0, zone=unknown,  grid_charge=off, ev_charging_active=off, ev_charge_end=2026-02-23 05:00:02, ev_webhook_count=104, max_discharge_a=65, max_charge_a=90, max_grid_charge_a=64, soc_limit_a=60, volt_penalty_a=0, voltage_protected_limit_a=60, soc_power_w=3169, is_critical_soc=False
2026-03-01T05:54:00.339902+01:00,  soc=66.0,  volt=52.81,  volt_delta=0.01, volt_rate_per_min=0.01, volt_status=NORMAL, batt_w=12.0,  batt_mode=idle,  batt_discharge_w=12.0,  batt_charge_w=0,  load_w=1339.0, zone=unknown,  grid_charge=off, ev_charging_active=off, ev_charge_end=2026-02-23 05:00:02, ev_webhook_count=104, max_discharge_a=65, max_charge_a=90, max_grid_charge_a=64, soc_limit_a=60, volt_penalty_a=0, voltage_protected_limit_a=60, soc_power_w=3169, is_critical_soc=False
2026-03-01T05:55:00.340613+01:00,  soc=66.0,  volt=52.81,  volt_delta=0.01, volt_rate_per_min=0.01, volt_status=NORMAL, batt_w=12.0,  batt_mode=idle,  batt_discharge_w=12.0,  batt_charge_w=0,  load_w=1339.0, zone=unknown,  grid_charge=off, ev_charging_active=off, ev_charge_end=2026-02-23 05:00:02, ev_webhook_count=104, max_discharge_a=65, max_charge_a=90, max_grid_charge_a=64, soc_limit_a=60, volt_penalty_a=0, voltage_protected_limit_a=60, soc_power_w=3169, is_critical_soc=False
2026-03-01T05:56:00.340764+01:00,  soc=66.0,  volt=52.8,  volt_delta=0.0, volt_rate_per_min=0.0, volt_status=NORMAL, batt_w=15.0,  batt_mode=idle,  batt_discharge_w=15.0,  batt_charge_w=0,  load_w=1339.0, zone=unknown,  grid_charge=off, ev_charging_active=off, ev_charge_end=2026-02-23 05:00:02, ev_webhook_count=104, max_discharge_a=65, max_charge_a=90, max_grid_charge_a=64, soc_limit_a=60, volt_penalty_a=0, voltage_protected_limit_a=60, soc_power_w=3168, is_critical_soc=False
2026-03-01T05:57:00.340848+01:00,  soc=66.0,  volt=52.8,  volt_delta=0.0, volt_rate_per_min=0.0, volt_status=NORMAL, batt_w=15.0,  batt_mode=idle,  batt_discharge_w=15.0,  batt_charge_w=0,  load_w=1339.0, zone=unknown,  grid_charge=off, ev_charging_active=off, ev_charge_end=2026-02-23 05:00:02, ev_webhook_count=104, max_discharge_a=65, max_charge_a=90, max_grid_charge_a=64, soc_limit_a=60, volt_penalty_a=0, voltage_protected_limit_a=60, soc_power_w=3168, is_critical_soc=False
2026-03-01T05:58:00.340538+01:00,  soc=66.0,  volt=52.8,  volt_delta=0.0, volt_rate_per_min=0.0, volt_status=NORMAL, batt_w=15.0,  batt_mode=idle,  batt_discharge_w=15.0,  batt_charge_w=0,  load_w=1357.0, zone=unknown,  grid_charge=off, ev_charging_active=off, ev_charge_end=2026-02-23 05:00:02, ev_webhook_count=104, max_discharge_a=65, max_charge_a=90, max_grid_charge_a=64, soc_limit_a=60, volt_penalty_a=0, voltage_protected_limit_a=60, soc_power_w=3168, is_critical_soc=False
2026-03-01T05:59:00.340322+01:00,  soc=66.0,  volt=52.8,  volt_delta=0.0, volt_rate_per_min=0.0, volt_status=NORMAL, batt_w=15.0,  batt_mode=idle,  batt_discharge_w=15.0,  batt_charge_w=0,  load_w=1357.0, zone=unknown,  grid_charge=off, ev_charging_active=off, ev_charge_end=2026-02-23 05:00:02, ev_webhook_count=104, max_discharge_a=65, max_charge_a=90, max_grid_charge_a=64, soc_limit_a=60, volt_penalty_a=0, voltage_protected_limit_a=60, soc_power_w=3168, is_critical_soc=False
2026-03-01T06:00:00.340380+01:00,  soc=66.0,  volt=52.8,  volt_delta=0.0, volt_rate_per_min=0.0, volt_status=NORMAL, batt_w=15.0,  batt_mode=idle,  batt_discharge_w=15.0,  batt_charge_w=0,  load_w=1357.0, zone=unknown,  grid_charge=off, ev_charging_active=off, ev_charge_end=2026-02-23 05:00:02, ev_webhook_count=104, max_discharge_a=65, max_charge_a=90, max_grid_charge_a=64, soc_limit_a=60, volt_penalty_a=0, voltage_protected_limit_a=60, soc_power_w=3168, is_critical_soc=False
2026-03-01T06:01:00.340252+01:00,  soc=66.0,  volt=52.36,  volt_delta=-0.44, volt_rate_per_min=-0.44, volt_status=NORMAL, batt_w=1393.0,  batt_mode=discharge,  batt_discharge_w=1393.0,  batt_charge_w=0,  load_w=1357.0, zone=unknown,  grid_charge=off, ev_charging_active=off, ev_charge_end=2026-02-23 05:00:02, ev_webhook_count=104, max_discharge_a=65, max_charge_a=90, max_grid_charge_a=64, soc_limit_a=60, volt_penalty_a=10, voltage_protected_limit_a=50, soc_power_w=3142, is_critical_soc=False
2026-03-01T06:02:00.340412+01:00,  soc=66.0,  volt=52.23,  volt_delta=-0.57, volt_rate_per_min=-0.57, volt_status=NORMAL, batt_w=1393.0,  batt_mode=discharge,  batt_discharge_w=1393.0,  batt_charge_w=0,  load_w=1357.0, zone=unknown,  grid_charge=off, ev_charging_active=off, ev_charge_end=2026-02-23 05:00:02, ev_webhook_count=104, max_discharge_a=65, max_charge_a=90, max_grid_charge_a=64, soc_limit_a=60, volt_penalty_a=10, voltage_protected_limit_a=50, soc_power_w=3134, is_critical_soc=False
2026-03-01T06:03:00.340733+01:00,  soc=65.0,  volt=52.23,  volt_delta=-0.57, volt_rate_per_min=-0.57, volt_status=NORMAL, batt_w=1393.0,  batt_mode=discharge,  batt_discharge_w=1393.0,  batt_charge_w=0,  load_w=1330.0, zone=unknown,  grid_charge=off, ev_charging_active=off, ev_charge_end=2026-02-23 05:00:02, ev_webhook_count=104, max_discharge_a=65, max_charge_a=90, max_grid_charge_a=64, soc_limit_a=60, volt_penalty_a=10, voltage_protected_limit_a=50, soc_power_w=3134, is_critical_soc=False
2026-03-01T06:04:00.341424+01:00,  soc=65.0,  volt=52.12,  volt_delta=-0.68, volt_rate_per_min=-0.68, volt_status=NORMAL, batt_w=1393.0,  batt_mode=discharge,  batt_discharge_w=1393.0,  batt_charge_w=0,  load_w=1330.0, zone=unknown,  grid_charge=off, ev_charging_active=off, ev_charge_end=2026-02-23 05:00:02, ev_webhook_count=104, max_discharge_a=65, max_charge_a=90, max_grid_charge_a=64, soc_limit_a=60, volt_penalty_a=10, voltage_protected_limit_a=50, soc_power_w=3127, is_critical_soc=False
2026-03-01T06:05:00.340518+01:00,  soc=65.0,  volt=51.99,  volt_delta=-0.81, volt_rate_per_min=-0.81, volt_status=NORMAL, batt_w=1393.0,  batt_mode=discharge,  batt_discharge_w=1393.0,  batt_charge_w=0,  load_w=1330.0, zone=unknown,  grid_charge=off, ev_charging_active=off, ev_charge_end=2026-02-23 05:00:02, ev_webhook_count=104, max_discharge_a=65, max_charge_a=90, max_grid_charge_a=64, soc_limit_a=60, volt_penalty_a=10, voltage_protected_limit_a=50, soc_power_w=3119, is_critical_soc=False
2026-03-01T06:06:00.340894+01:00,  soc=65.0,  volt=52.0,  volt_delta=-0.8, volt_rate_per_min=-0.8, volt_status=NORMAL, batt_w=1400.0,  batt_mode=discharge,  batt_discharge_w=1400.0,  batt_charge_w=0,  load_w=1330.0, zone=unknown,  grid_charge=off, ev_charging_active=off, ev_charge_end=2026-02-23 05:00:02, ev_webhook_count=104, max_discharge_a=65, max_charge_a=90, max_grid_charge_a=64, soc_limit_a=60, volt_penalty_a=10, voltage_protected_limit_a=50, soc_power_w=3120, is_critical_soc=False
2026-03-01T06:07:00.340083+01:00,  soc=64.0,  volt=52.0,  volt_delta=-0.8, volt_rate_per_min=-0.8, volt_status=NORMAL, batt_w=1400.0,  batt_mode=discharge,  batt_discharge_w=1400.0,  batt_charge_w=0,  load_w=1330.0, zone=unknown,  grid_charge=off, ev_charging_active=off, ev_charge_end=2026-02-23 05:00:02, ev_webhook_count=104, max_discharge_a=65, max_charge_a=90, max_grid_charge_a=64, soc_limit_a=60, volt_penalty_a=10, voltage_protected_limit_a=50, soc_power_w=3120, is_critical_soc=False
2026-03-01T06:08:00.340394+01:00,  soc=64.0,  volt=52.0,  volt_delta=-0.8, volt_rate_per_min=-0.8, volt_status=NORMAL, batt_w=1400.0,  batt_mode=discharge,  batt_discharge_w=1400.0,  batt_charge_w=0,  load_w=1330.0, zone=unknown,  grid_charge=off, ev_charging_active=off, ev_charge_end=2026-02-23 05:00:02, ev_webhook_count=104, max_discharge_a=65, max_charge_a=90, max_grid_charge_a=64, soc_limit_a=60, volt_penalty_a=10, voltage_protected_limit_a=50, soc_power_w=3120, is_critical_soc=False
2026-03-01T06:09:00.340611+01:00,  soc=64.0,  volt=52.0,  volt_delta=-0.8, volt_rate_per_min=-0.8, volt_status=NORMAL, batt_w=1445.0,  batt_mode=discharge,  batt_discharge_w=1445.0,  batt_charge_w=0,  load_w=1379.0, zone=unknown,  grid_charge=off, ev_charging_active=off, ev_charge_end=2026-02-23 05:00:02, ev_webhook_count=104, max_discharge_a=65, max_charge_a=90, max_grid_charge_a=64, soc_limit_a=60, volt_penalty_a=10, voltage_protected_limit_a=50, soc_power_w=3120, is_critical_soc=False
2026-03-01T06:10:00.340158+01:00,  soc=64.0,  volt=52.0,  volt_delta=-0.8, volt_rate_per_min=-0.8, volt_status=NORMAL, batt_w=1445.0,  batt_mode=discharge,  batt_discharge_w=1445.0,  batt_charge_w=0,  load_w=1379.0, zone=unknown,  grid_charge=off, ev_charging_active=off, ev_charge_end=2026-02-23 05:00:02, ev_webhook_count=104, max_discharge_a=65, max_charge_a=90, max_grid_charge_a=64, soc_limit_a=60, volt_penalty_a=10, voltage_protected_limit_a=50, soc_power_w=3120, is_critical_soc=False
2026-03-01T06:11:00.340569+01:00,  soc=63.0,  volt=52.0,  volt_delta=-0.8, volt_rate_per_min=-0.8, volt_status=NORMAL, batt_w=1445.0,  batt_mode=discharge,  batt_discharge_w=1445.0,  batt_charge_w=0,  load_w=1379.0, zone=unknown,  grid_charge=off, ev_charging_active=off, ev_charge_end=2026-02-23 05:00:02, ev_webhook_count=104, max_discharge_a=65, max_charge_a=90, max_grid_charge_a=64, soc_limit_a=60, volt_penalty_a=10, voltage_protected_limit_a=50, soc_power_w=3120, is_critical_soc=False
2026-03-01T06:12:00.341232+01:00,  soc=63.0,  volt=52.0,  volt_delta=-0.8, volt_rate_per_min=-0.8, volt_status=NORMAL, batt_w=1445.0,  batt_mode=discharge,  batt_discharge_w=1445.0,  batt_charge_w=0,  load_w=1379.0, zone=unknown,  grid_charge=off, ev_charging_active=off, ev_charge_end=2026-02-23 05:00:02, ev_webhook_count=104, max_discharge_a=65, max_charge_a=90, max_grid_charge_a=64, soc_limit_a=60, volt_penalty_a=10, voltage_protected_limit_a=50, soc_power_w=3120, is_critical_soc=False
2026-03-01T06:13:00.340462+01:00,  soc=63.0,  volt=52.0,  volt_delta=-0.8, volt_rate_per_min=-0.8, volt_status=NORMAL, batt_w=1445.0,  batt_mode=discharge,  batt_discharge_w=1445.0,  batt_charge_w=0,  load_w=1379.0, zone=unknown,  grid_charge=off, ev_charging_active=off, ev_charge_end=2026-02-23 05:00:02, ev_webhook_count=104, max_discharge_a=65, max_charge_a=90, max_grid_charge_a=64, soc_limit_a=60, volt_penalty_a=10, voltage_protected_limit_a=50, soc_power_w=3120, is_critical_soc=False
2026-03-01T06:14:00.340481+01:00,  soc=63.0,  volt=52.0,  volt_delta=-0.8, volt_rate_per_min=-0.8, volt_status=NORMAL, batt_w=1445.0,  batt_mode=discharge,  batt_discharge_w=1445.0,  batt_charge_w=0,  load_w=1381.0, zone=unknown,  grid_charge=off, ev_charging_active=off, ev_charge_end=2026-02-23 05:00:02, ev_webhook_count=104, max_discharge_a=65, max_charge_a=90, max_grid_charge_a=64, soc_limit_a=60, volt_penalty_a=10, voltage_protected_limit_a=50, soc_power_w=3120, is_critical_soc=False
2026-03-01T06:15:00.340456+01:00,  soc=62.0,  volt=52.0,  volt_delta=-0.8, volt_rate_per_min=-0.8, volt_status=NORMAL, batt_w=1445.0,  batt_mode=discharge,  batt_discharge_w=1445.0,  batt_charge_w=0,  load_w=1381.0, zone=unknown,  grid_charge=off, ev_charging_active=off, ev_charge_end=2026-02-23 05:00:02, ev_webhook_count=104, max_discharge_a=65, max_charge_a=90, max_grid_charge_a=64, soc_limit_a=60, volt_penalty_a=10, voltage_protected_limit_a=50, soc_power_w=3120, is_critical_soc=False
2026-03-01T06:16:00.340500+01:00,  soc=62.0,  volt=51.96,  volt_delta=-0.84, volt_rate_per_min=-0.84, volt_status=NORMAL, batt_w=1410.0,  batt_mode=discharge,  batt_discharge_w=1410.0,  batt_charge_w=0,  load_w=1381.0, zone=unknown,  grid_charge=off, ev_charging_active=off, ev_charge_end=2026-02-23 05:00:02, ev_webhook_count=104, max_discharge_a=65, max_charge_a=90, max_grid_charge_a=64, soc_limit_a=60, volt_penalty_a=10, voltage_protected_limit_a=50, soc_power_w=3118, is_critical_soc=False
2026-03-01T06:17:00.340343+01:00,  soc=62.0,  volt=51.96,  volt_delta=-0.84, volt_rate_per_min=-0.84, volt_status=NORMAL, batt_w=1410.0,  batt_mode=discharge,  batt_discharge_w=1410.0,  batt_charge_w=0,  load_w=1381.0, zone=unknown,  grid_charge=off, ev_charging_active=off, ev_charge_end=2026-02-23 05:00:02, ev_webhook_count=104, max_discharge_a=65, max_charge_a=90, max_grid_charge_a=64, soc_limit_a=60, volt_penalty_a=10, voltage_protected_limit_a=50, soc_power_w=3118, is_critical_soc=False
2026-03-01T06:18:00.340322+01:00,  soc=62.0,  volt=51.96,  volt_delta=-0.84, volt_rate_per_min=-0.84, volt_status=NORMAL, batt_w=1410.0,  batt_mode=discharge,  batt_discharge_w=1410.0,  batt_charge_w=0,  load_w=1381.0, zone=unknown,  grid_charge=off, ev_charging_active=off, ev_charge_end=2026-02-23 05:00:02, ev_webhook_count=104, max_discharge_a=65, max_charge_a=90, max_grid_charge_a=64, soc_limit_a=60, volt_penalty_a=10, voltage_protected_limit_a=50, soc_power_w=3118, is_critical_soc=False
2026-03-01T06:19:00.340026+01:00,  soc=61.0,  volt=51.96,  volt_delta=-0.84, volt_rate_per_min=-0.84, volt_status=NORMAL, batt_w=1410.0,  batt_mode=discharge,  batt_discharge_w=1410.0,  batt_charge_w=0,  load_w=1347.0, zone=unknown,  grid_charge=off, ev_charging_active=off, ev_charge_end=2026-02-23 05:00:02, ev_webhook_count=104, max_discharge_a=65, max_charge_a=90, max_grid_charge_a=64, soc_limit_a=60, volt_penalty_a=10, voltage_protected_limit_a=50, soc_power_w=3118, is_critical_soc=False
2026-03-01T06:20:00.341123+01:00,  soc=61.0,  volt=51.96,  volt_delta=-0.84, volt_rate_per_min=-0.84, volt_status=NORMAL, batt_w=1410.0,  batt_mode=discharge,  batt_discharge_w=1410.0,  batt_charge_w=0,  load_w=1347.0, zone=unknown,  grid_charge=off, ev_charging_active=off, ev_charge_end=2026-02-23 05:00:02, ev_webhook_count=104, max_discharge_a=65, max_charge_a=90, max_grid_charge_a=64, soc_limit_a=60, volt_penalty_a=10, voltage_protected_limit_a=50, soc_power_w=3118, is_critical_soc=False
2026-03-01T06:21:00.340778+01:00,  soc=61.0,  volt=51.96,  volt_delta=-0.84, volt_rate_per_min=-0.84, volt_status=NORMAL, batt_w=1410.0,  batt_mode=discharge,  batt_discharge_w=1410.0,  batt_charge_w=0,  load_w=1347.0, zone=unknown,  grid_charge=off, ev_charging_active=off, ev_charge_end=2026-02-23 05:00:02, ev_webhook_count=104, max_discharge_a=65, max_charge_a=90, max_grid_charge_a=64, soc_limit_a=60, volt_penalty_a=10, voltage_protected_limit_a=50, soc_power_w=3118, is_critical_soc=False
2026-03-01T06:22:00.340156+01:00,  soc=61.0,  volt=51.96,  volt_delta=-0.84, volt_rate_per_min=-0.84, volt_status=NORMAL, batt_w=1410.0,  batt_mode=discharge,  batt_discharge_w=1410.0,  batt_charge_w=0,  load_w=1347.0, zone=unknown,  grid_charge=off, ev_charging_active=off, ev_charge_end=2026-02-23 05:00:02, ev_webhook_count=104, max_discharge_a=65, max_charge_a=90, max_grid_charge_a=64, soc_limit_a=60, volt_penalty_a=10, voltage_protected_limit_a=50, soc_power_w=3118, is_critical_soc=False
2026-03-01T06:23:00.340688+01:00,  soc=60.0,  volt=51.96,  volt_delta=-0.84, volt_rate_per_min=-0.84, volt_status=NORMAL, batt_w=1410.0,  batt_mode=discharge,  batt_discharge_w=1410.0,  batt_charge_w=0,  load_w=1329.0, zone=unknown,  grid_charge=off, ev_charging_active=off, ev_charge_end=2026-02-23 05:00:02, ev_webhook_count=104, max_discharge_a=65, max_charge_a=90, max_grid_charge_a=64, soc_limit_a=60, volt_penalty_a=10, voltage_protected_limit_a=50, soc_power_w=3118, is_critical_soc=False
2026-03-01T06:24:00.340389+01:00,  soc=60.0,  volt=51.96,  volt_delta=-0.84, volt_rate_per_min=-0.84, volt_status=NORMAL, batt_w=1410.0,  batt_mode=discharge,  batt_discharge_w=1410.0,  batt_charge_w=0,  load_w=1329.0, zone=unknown,  grid_charge=off, ev_charging_active=off, ev_charge_end=2026-02-23 05:00:02, ev_webhook_count=104, max_discharge_a=65, max_charge_a=90, max_grid_charge_a=64, soc_limit_a=60, volt_penalty_a=10, voltage_protected_limit_a=50, soc_power_w=3118, is_critical_soc=False
2026-03-01T06:25:00.341503+01:00,  soc=60.0,  volt=51.96,  volt_delta=-0.84, volt_rate_per_min=-0.84, volt_status=NORMAL, batt_w=1410.0,  batt_mode=discharge,  batt_discharge_w=1410.0,  batt_charge_w=0,  load_w=1334.0, zone=unknown,  grid_charge=off, ev_charging_active=off, ev_charge_end=2026-02-23 05:00:02, ev_webhook_count=104, max_discharge_a=65, max_charge_a=90, max_grid_charge_a=64, soc_limit_a=60, volt_penalty_a=10, voltage_protected_limit_a=50, soc_power_w=3118, is_critical_soc=False
2026-03-01T06:26:00.341524+01:00,  soc=60.0,  volt=51.95,  volt_delta=-0.85, volt_rate_per_min=-0.85, volt_status=NORMAL, batt_w=1398.0,  batt_mode=discharge,  batt_discharge_w=1398.0,  batt_charge_w=0,  load_w=1334.0, zone=unknown,  grid_charge=off, ev_charging_active=off, ev_charge_end=2026-02-23 05:00:02, ev_webhook_count=104, max_discharge_a=65, max_charge_a=90, max_grid_charge_a=64, soc_limit_a=60, volt_penalty_a=10, voltage_protected_limit_a=50, soc_power_w=3117, is_critical_soc=False
2026-03-01T06:27:00.340105+01:00,  soc=59.0,  volt=51.95,  volt_delta=-0.85, volt_rate_per_min=-0.85, volt_status=NORMAL, batt_w=1398.0,  batt_mode=discharge,  batt_discharge_w=1398.0,  batt_charge_w=0,  load_w=1334.0, zone=unknown,  grid_charge=off, ev_charging_active=off, ev_charge_end=2026-02-23 05:00:02, ev_webhook_count=104, max_discharge_a=65, max_charge_a=90, max_grid_charge_a=64, soc_limit_a=60, volt_penalty_a=10, voltage_protected_limit_a=50, soc_power_w=3117, is_critical_soc=False
2026-03-01T06:28:00.339978+01:00,  soc=59.0,  volt=51.95,  volt_delta=-0.85, volt_rate_per_min=-0.85, volt_status=NORMAL, batt_w=1398.0,  batt_mode=discharge,  batt_discharge_w=1398.0,  batt_charge_w=0,  load_w=1334.0, zone=unknown,  grid_charge=off, ev_charging_active=off, ev_charge_end=2026-02-23 05:00:02, ev_webhook_count=104, max_discharge_a=65, max_charge_a=90, max_grid_charge_a=64, soc_limit_a=60, volt_penalty_a=10, voltage_protected_limit_a=50, soc_power_w=3117, is_critical_soc=False
2026-03-01T06:29:00.340117+01:00,  soc=59.0,  volt=51.95,  volt_delta=-0.85, volt_rate_per_min=-0.85, volt_status=NORMAL, batt_w=1398.0,  batt_mode=discharge,  batt_discharge_w=1398.0,  batt_charge_w=0,  load_w=1334.0, zone=unknown,  grid_charge=off, ev_charging_active=off, ev_charge_end=2026-02-23 05:00:02, ev_webhook_count=104, max_discharge_a=65, max_charge_a=90, max_grid_charge_a=64, soc_limit_a=60, volt_penalty_a=10, voltage_protected_limit_a=50, soc_power_w=3117, is_critical_soc=False
2026-03-01T06:30:00.341512+01:00,  soc=59.0,  volt=51.95,  volt_delta=-0.85, volt_rate_per_min=-0.85, volt_status=NORMAL, batt_w=1398.0,  batt_mode=discharge,  batt_discharge_w=1398.0,  batt_charge_w=0,  load_w=1331.0, zone=unknown,  grid_charge=off, ev_charging_active=off, ev_charge_end=2026-02-23 05:00:02, ev_webhook_count=104, max_discharge_a=65, max_charge_a=90, max_grid_charge_a=64, soc_limit_a=60, volt_penalty_a=10, voltage_protected_limit_a=50, soc_power_w=3117, is_critical_soc=False
2026-03-01T06:31:00.341165+01:00,  soc=58.0,  volt=51.95,  volt_delta=-0.85, volt_rate_per_min=-0.85, volt_status=NORMAL, batt_w=1398.0,  batt_mode=discharge,  batt_discharge_w=1398.0,  batt_charge_w=0,  load_w=1331.0, zone=unknown,  grid_charge=off, ev_charging_active=off, ev_charge_end=2026-02-23 05:00:02, ev_webhook_count=104, max_discharge_a=65, max_charge_a=90, max_grid_charge_a=64, soc_limit_a=60, volt_penalty_a=10, voltage_protected_limit_a=50, soc_power_w=3117, is_critical_soc=False
2026-03-01T06:32:00.340144+01:00,  soc=58.0,  volt=51.95,  volt_delta=-0.85, volt_rate_per_min=-0.85, volt_status=NORMAL, batt_w=1398.0,  batt_mode=discharge,  batt_discharge_w=1398.0,  batt_charge_w=0,  load_w=1331.0, zone=unknown,  grid_charge=off, ev_charging_active=off, ev_charge_end=2026-02-23 05:00:02, ev_webhook_count=104, max_discharge_a=65, max_charge_a=90, max_grid_charge_a=64, soc_limit_a=60, volt_penalty_a=10, voltage_protected_limit_a=50, soc_power_w=3117, is_critical_soc=False
2026-03-01T06:33:00.339921+01:00,  soc=58.0,  volt=51.95,  volt_delta=-0.85, volt_rate_per_min=-0.85, volt_status=NORMAL, batt_w=1398.0,  batt_mode=discharge,  batt_discharge_w=1398.0,  batt_charge_w=0,  load_w=1331.0, zone=unknown,  grid_charge=off, ev_charging_active=off, ev_charge_end=2026-02-23 05:00:02, ev_webhook_count=104, max_discharge_a=65, max_charge_a=90, max_grid_charge_a=64, soc_limit_a=60, volt_penalty_a=10, voltage_protected_limit_a=50, soc_power_w=3117, is_critical_soc=False
2026-03-01T06:34:00.340512+01:00,  soc=58.0,  volt=51.95,  volt_delta=-0.85, volt_rate_per_min=-0.85, volt_status=NORMAL, batt_w=1398.0,  batt_mode=discharge,  batt_discharge_w=1398.0,  batt_charge_w=0,  load_w=1331.0, zone=unknown,  grid_charge=off, ev_charging_active=off, ev_charge_end=2026-02-23 05:00:02, ev_webhook_count=104, max_discharge_a=65, max_charge_a=90, max_grid_charge_a=64, soc_limit_a=60, volt_penalty_a=10, voltage_protected_limit_a=50, soc_power_w=3117, is_critical_soc=False
2026-03-01T06:35:00.340401+01:00,  soc=57.0,  volt=51.95,  volt_delta=-0.85, volt_rate_per_min=-0.85, volt_status=NORMAL, batt_w=1398.0,  batt_mode=discharge,  batt_discharge_w=1398.0,  batt_charge_w=0,  load_w=1330.0, zone=unknown,  grid_charge=off, ev_charging_active=off, ev_charge_end=2026-02-23 05:00:02, ev_webhook_count=104, max_discharge_a=65, max_charge_a=90, max_grid_charge_a=64, soc_limit_a=60, volt_penalty_a=10, voltage_protected_limit_a=50, soc_power_w=3117, is_critical_soc=False
2026-03-01T06:36:00.341174+01:00,  soc=57.0,  volt=51.94,  volt_delta=-0.86, volt_rate_per_min=-0.86, volt_status=NORMAL, batt_w=1401.0,  batt_mode=discharge,  batt_discharge_w=1401.0,  batt_charge_w=0,  load_w=1330.0, zone=unknown,  grid_charge=off, ev_charging_active=off, ev_charge_end=2026-02-23 05:00:02, ev_webhook_count=104, max_discharge_a=65, max_charge_a=90, max_grid_charge_a=64, soc_limit_a=60, volt_penalty_a=10, voltage_protected_limit_a=50, soc_power_w=3116, is_critical_soc=False
2026-03-01T06:37:00.340406+01:00,  soc=57.0,  volt=51.94,  volt_delta=-0.86, volt_rate_per_min=-0.86, volt_status=NORMAL, batt_w=1401.0,  batt_mode=discharge,  batt_discharge_w=1401.0,  batt_charge_w=0,  load_w=1330.0, zone=unknown,  grid_charge=off, ev_charging_active=off, ev_charge_end=2026-02-23 05:00:02, ev_webhook_count=104, max_discharge_a=65, max_charge_a=90, max_grid_charge_a=64, soc_limit_a=60, volt_penalty_a=10, voltage_protected_limit_a=50, soc_power_w=3116, is_critical_soc=False
2026-03-01T06:38:00.340055+01:00,  soc=57.0,  volt=51.94,  volt_delta=-0.86, volt_rate_per_min=-0.86, volt_status=NORMAL, batt_w=1401.0,  batt_mode=discharge,  batt_discharge_w=1401.0,  batt_charge_w=0,  load_w=1330.0, zone=unknown,  grid_charge=off, ev_charging_active=off, ev_charge_end=2026-02-23 05:00:02, ev_webhook_count=104, max_discharge_a=65, max_charge_a=90, max_grid_charge_a=64, soc_limit_a=60, volt_penalty_a=10, voltage_protected_limit_a=50, soc_power_w=3116, is_critical_soc=False
2026-03-01T06:39:00.340590+01:00,  soc=56.0,  volt=51.94,  volt_delta=-0.86, volt_rate_per_min=-0.86, volt_status=NORMAL, batt_w=1401.0,  batt_mode=discharge,  batt_discharge_w=1401.0,  batt_charge_w=0,  load_w=1330.0, zone=unknown,  grid_charge=off, ev_charging_active=off, ev_charge_end=2026-02-23 05:00:02, ev_webhook_count=104, max_discharge_a=65, max_charge_a=90, max_grid_charge_a=64, soc_limit_a=60, volt_penalty_a=10, voltage_protected_limit_a=50, soc_power_w=3116, is_critical_soc=False
2026-03-01T06:40:00.339868+01:00,  soc=56.0,  volt=51.94,  volt_delta=-0.86, volt_rate_per_min=-0.86, volt_status=NORMAL, batt_w=1401.0,  batt_mode=discharge,  batt_discharge_w=1401.0,  batt_charge_w=0,  load_w=1330.0, zone=unknown,  grid_charge=off, ev_charging_active=off, ev_charge_end=2026-02-23 05:00:02, ev_webhook_count=104, max_discharge_a=65, max_charge_a=90, max_grid_charge_a=64, soc_limit_a=60, volt_penalty_a=10, voltage_protected_limit_a=50, soc_power_w=3116, is_critical_soc=False
2026-03-01T06:41:00.340573+01:00,  soc=56.0,  volt=51.94,  volt_delta=-0.86, volt_rate_per_min=-0.86, volt_status=NORMAL, batt_w=1401.0,  batt_mode=discharge,  batt_discharge_w=1401.0,  batt_charge_w=0,  load_w=1351.0, zone=unknown,  grid_charge=off, ev_charging_active=off, ev_charge_end=2026-02-23 05:00:02, ev_webhook_count=104, max_discharge_a=65, max_charge_a=90, max_grid_charge_a=64, soc_limit_a=60, volt_penalty_a=10, voltage_protected_limit_a=50, soc_power_w=3116, is_critical_soc=False
2026-03-01T06:42:00.340096+01:00,  soc=56.0,  volt=51.94,  volt_delta=-0.86, volt_rate_per_min=-0.86, volt_status=NORMAL, batt_w=1401.0,  batt_mode=discharge,  batt_discharge_w=1401.0,  batt_charge_w=0,  load_w=1351.0, zone=unknown,  grid_charge=off, ev_charging_active=off, ev_charge_end=2026-02-23 05:00:02, ev_webhook_count=104, max_discharge_a=65, max_charge_a=90, max_grid_charge_a=64, soc_limit_a=60, volt_penalty_a=10, voltage_protected_limit_a=50, soc_power_w=3116, is_critical_soc=False
2026-03-01T06:43:00.340196+01:00,  soc=55.0,  volt=51.94,  volt_delta=-0.86, volt_rate_per_min=-0.86, volt_status=NORMAL, batt_w=1401.0,  batt_mode=discharge,  batt_discharge_w=1401.0,  batt_charge_w=0,  load_w=1351.0, zone=unknown,  grid_charge=off, ev_charging_active=off, ev_charge_end=2026-02-23 05:00:02, ev_webhook_count=104, max_discharge_a=65, max_charge_a=90, max_grid_charge_a=64, soc_limit_a=60, volt_penalty_a=10, voltage_protected_limit_a=50, soc_power_w=3116, is_critical_soc=False
2026-03-01T06:44:00.340473+01:00,  soc=55.0,  volt=51.94,  volt_delta=-0.86, volt_rate_per_min=-0.86, volt_status=NORMAL, batt_w=1401.0,  batt_mode=discharge,  batt_discharge_w=1401.0,  batt_charge_w=0,  load_w=1351.0, zone=unknown,  grid_charge=off, ev_charging_active=off, ev_charge_end=2026-02-23 05:00:02, ev_webhook_count=104, max_discharge_a=65, max_charge_a=90, max_grid_charge_a=64, soc_limit_a=60, volt_penalty_a=10, voltage_protected_limit_a=50, soc_power_w=3116, is_critical_soc=False
2026-03-01T06:45:00.341640+01:00,  soc=55.0,  volt=51.94,  volt_delta=-0.86, volt_rate_per_min=-0.86, volt_status=NORMAL, batt_w=1401.0,  batt_mode=discharge,  batt_discharge_w=1401.0,  batt_charge_w=0,  load_w=1351.0, zone=unknown,  grid_charge=off, ev_charging_active=off, ev_charge_end=2026-02-23 05:00:02, ev_webhook_count=104, max_discharge_a=65, max_charge_a=90, max_grid_charge_a=64, soc_limit_a=60, volt_penalty_a=10, voltage_protected_limit_a=50, soc_power_w=3116, is_critical_soc=False
2026-03-01T06:46:00.340914+01:00,  soc=55.0,  volt=51.93,  volt_delta=-0.87, volt_rate_per_min=-0.87, volt_status=NORMAL, batt_w=1403.0,  batt_mode=discharge,  batt_discharge_w=1403.0,  batt_charge_w=0,  load_w=1334.0, zone=unknown,  grid_charge=off, ev_charging_active=off, ev_charge_end=2026-02-23 05:00:02, ev_webhook_count=104, max_discharge_a=65, max_charge_a=90, max_grid_charge_a=64, soc_limit_a=60, volt_penalty_a=10, voltage_protected_limit_a=50, soc_power_w=3116, is_critical_soc=False
2026-03-01T06:47:00.340303+01:00,  soc=54.0,  volt=51.93,  volt_delta=-0.87, volt_rate_per_min=-0.87, volt_status=NORMAL, batt_w=1403.0,  batt_mode=discharge,  batt_discharge_w=1403.0,  batt_charge_w=0,  load_w=1334.0, zone=unknown,  grid_charge=off, ev_charging_active=off, ev_charge_end=2026-02-23 05:00:02, ev_webhook_count=104, max_discharge_a=65, max_charge_a=90, max_grid_charge_a=64, soc_limit_a=60, volt_penalty_a=10, voltage_protected_limit_a=50, soc_power_w=3116, is_critical_soc=False
2026-03-01T06:48:00.340071+01:00,  soc=54.0,  volt=51.93,  volt_delta=-0.87, volt_rate_per_min=-0.87, volt_status=NORMAL, batt_w=1403.0,  batt_mode=discharge,  batt_discharge_w=1403.0,  batt_charge_w=0,  load_w=1379.0, zone=unknown,  grid_charge=off, ev_charging_active=off, ev_charge_end=2026-02-23 05:00:02, ev_webhook_count=104, max_discharge_a=65, max_charge_a=90, max_grid_charge_a=64, soc_limit_a=60, volt_penalty_a=10, voltage_protected_limit_a=50, soc_power_w=3116, is_critical_soc=False
2026-03-01T06:49:00.340003+01:00,  soc=54.0,  volt=51.93,  volt_delta=-0.87, volt_rate_per_min=-0.87, volt_status=NORMAL, batt_w=1403.0,  batt_mode=discharge,  batt_discharge_w=1403.0,  batt_charge_w=0,  load_w=1379.0, zone=unknown,  grid_charge=off, ev_charging_active=off, ev_charge_end=2026-02-23 05:00:02, ev_webhook_count=104, max_discharge_a=65, max_charge_a=90, max_grid_charge_a=64, soc_limit_a=60, volt_penalty_a=10, voltage_protected_limit_a=50, soc_power_w=3116, is_critical_soc=False
2026-03-01T06:50:00.339975+01:00,  soc=54.0,  volt=51.93,  volt_delta=-0.87, volt_rate_per_min=-0.87, volt_status=NORMAL, batt_w=1403.0,  batt_mode=discharge,  batt_discharge_w=1403.0,  batt_charge_w=0,  load_w=1379.0, zone=unknown,  grid_charge=off, ev_charging_active=off, ev_charge_end=2026-02-23 05:00:02, ev_webhook_count=104, max_discharge_a=65, max_charge_a=90, max_grid_charge_a=64, soc_limit_a=60, volt_penalty_a=10, voltage_protected_limit_a=50, soc_power_w=3116, is_critical_soc=False
2026-03-01T06:51:00.339986+01:00,  soc=53.0,  volt=51.93,  volt_delta=-0.87, volt_rate_per_min=-0.87, volt_status=NORMAL, batt_w=1403.0,  batt_mode=discharge,  batt_discharge_w=1403.0,  batt_charge_w=0,  load_w=1382.0, zone=unknown,  grid_charge=off, ev_charging_active=off, ev_charge_end=2026-02-23 05:00:02, ev_webhook_count=104, max_discharge_a=65, max_charge_a=90, max_grid_charge_a=64, soc_limit_a=60, volt_penalty_a=10, voltage_protected_limit_a=50, soc_power_w=3116, is_critical_soc=False
2026-03-01T06:52:00.340306+01:00,  soc=53.0,  volt=51.89,  volt_delta=-0.91, volt_rate_per_min=-0.91, volt_status=NORMAL, batt_w=1403.0,  batt_mode=discharge,  batt_discharge_w=1403.0,  batt_charge_w=0,  load_w=1382.0, zone=unknown,  grid_charge=off, ev_charging_active=off, ev_charge_end=2026-02-23 05:00:02, ev_webhook_count=104, max_discharge_a=65, max_charge_a=90, max_grid_charge_a=64, soc_limit_a=60, volt_penalty_a=10, voltage_protected_limit_a=50, soc_power_w=3113, is_critical_soc=False
2026-03-01T06:53:00.340555+01:00,  soc=53.0,  volt=51.89,  volt_delta=-0.91, volt_rate_per_min=-0.91, volt_status=NORMAL, batt_w=1403.0,  batt_mode=discharge,  batt_discharge_w=1403.0,  batt_charge_w=0,  load_w=1382.0, zone=unknown,  grid_charge=off, ev_charging_active=off, ev_charge_end=2026-02-23 05:00:02, ev_webhook_count=104, max_discharge_a=65, max_charge_a=90, max_grid_charge_a=64, soc_limit_a=60, volt_penalty_a=10, voltage_protected_limit_a=50, soc_power_w=3113, is_critical_soc=False
2026-03-01T06:54:00.340671+01:00,  soc=53.0,  volt=51.89,  volt_delta=-0.91, volt_rate_per_min=-0.91, volt_status=NORMAL, batt_w=1403.0,  batt_mode=discharge,  batt_discharge_w=1403.0,  batt_charge_w=0,  load_w=1382.0, zone=unknown,  grid_charge=off, ev_charging_active=off, ev_charge_end=2026-02-23 05:00:02, ev_webhook_count=104, max_discharge_a=65, max_charge_a=90, max_grid_charge_a=64, soc_limit_a=60, volt_penalty_a=10, voltage_protected_limit_a=50, soc_power_w=3113, is_critical_soc=False
2026-03-01T06:55:00.339751+01:00,  soc=52.0,  volt=51.89,  volt_delta=-0.91, volt_rate_per_min=-0.91, volt_status=NORMAL, batt_w=1403.0,  batt_mode=discharge,  batt_discharge_w=1403.0,  batt_charge_w=0,  load_w=1382.0, zone=unknown,  grid_charge=off, ev_charging_active=off, ev_charge_end=2026-02-23 05:00:02, ev_webhook_count=104, max_discharge_a=65, max_charge_a=90, max_grid_charge_a=64, soc_limit_a=60, volt_penalty_a=10, voltage_protected_limit_a=50, soc_power_w=3113, is_critical_soc=False
2026-03-01T06:56:00.340220+01:00,  soc=52.0,  volt=51.9,  volt_delta=-0.9, volt_rate_per_min=-0.9, volt_status=NORMAL, batt_w=1400.0,  batt_mode=discharge,  batt_discharge_w=1400.0,  batt_charge_w=0,  load_w=1382.0, zone=unknown,  grid_charge=off, ev_charging_active=off, ev_charge_end=2026-02-23 05:00:02, ev_webhook_count=104, max_discharge_a=65, max_charge_a=90, max_grid_charge_a=64, soc_limit_a=60, volt_penalty_a=10, voltage_protected_limit_a=50, soc_power_w=3114, is_critical_soc=False
2026-03-01T06:57:00.340646+01:00,  soc=52.0,  volt=51.9,  volt_delta=-0.9, volt_rate_per_min=-0.9, volt_status=NORMAL, batt_w=1400.0,  batt_mode=discharge,  batt_discharge_w=1400.0,  batt_charge_w=0,  load_w=1331.0, zone=unknown,  grid_charge=off, ev_charging_active=off, ev_charge_end=2026-02-23 05:00:02, ev_webhook_count=104, max_discharge_a=65, max_charge_a=90, max_grid_charge_a=64, soc_limit_a=60, volt_penalty_a=10, voltage_protected_limit_a=50, soc_power_w=3114, is_critical_soc=False
2026-03-01T06:58:00.340665+01:00,  soc=52.0,  volt=51.9,  volt_delta=-0.9, volt_rate_per_min=-0.9, volt_status=NORMAL, batt_w=1395.0,  batt_mode=discharge,  batt_discharge_w=1395.0,  batt_charge_w=0,  load_w=1331.0, zone=unknown,  grid_charge=off, ev_charging_active=off, ev_charge_end=2026-02-23 05:00:02, ev_webhook_count=104, max_discharge_a=65, max_charge_a=90, max_grid_charge_a=64, soc_limit_a=60, volt_penalty_a=10, voltage_protected_limit_a=50, soc_power_w=3114, is_critical_soc=False
2026-03-01T06:59:00.340716+01:00,  soc=51.0,  volt=51.9,  volt_delta=-0.9, volt_rate_per_min=-0.9, volt_status=NORMAL, batt_w=1395.0,  batt_mode=discharge,  batt_discharge_w=1395.0,  batt_charge_w=0,  load_w=1331.0, zone=unknown,  grid_charge=off, ev_charging_active=off, ev_charge_end=2026-02-23 05:00:02, ev_webhook_count=104, max_discharge_a=65, max_charge_a=90, max_grid_charge_a=64, soc_limit_a=60, volt_penalty_a=10, voltage_protected_limit_a=50, soc_power_w=3114, is_critical_soc=False
2026-03-01T07:00:00.341284+01:00,  soc=51.0,  volt=51.9,  volt_delta=-0.9, volt_rate_per_min=-0.9, volt_status=NORMAL, batt_w=1395.0,  batt_mode=discharge,  batt_discharge_w=1395.0,  batt_charge_w=0,  load_w=1331.0, zone=unknown,  grid_charge=off, ev_charging_active=off, ev_charge_end=2026-02-23 05:00:02, ev_webhook_count=104, max_discharge_a=65, max_charge_a=90, max_grid_charge_a=64, soc_limit_a=60, volt_penalty_a=10, voltage_protected_limit_a=50, soc_power_w=3114, is_critical_soc=False
2026-03-01T07:01:00.340445+01:00,  soc=51.0,  volt=51.9,  volt_delta=-0.9, volt_rate_per_min=-0.9, volt_status=NORMAL, batt_w=1395.0,  batt_mode=discharge,  batt_discharge_w=1395.0,  batt_charge_w=0,  load_w=1331.0, zone=unknown,  grid_charge=off, ev_charging_active=off, ev_charge_end=2026-02-23 05:00:02, ev_webhook_count=104, max_discharge_a=65, max_charge_a=90, max_grid_charge_a=64, soc_limit_a=60, volt_penalty_a=10, voltage_protected_limit_a=50, soc_power_w=3114, is_critical_soc=False
2026-03-01T07:02:00.340132+01:00,  soc=51.0,  volt=51.9,  volt_delta=-0.9, volt_rate_per_min=-0.9, volt_status=NORMAL, batt_w=1395.0,  batt_mode=discharge,  batt_discharge_w=1395.0,  batt_charge_w=0,  load_w=1336.0, zone=unknown,  grid_charge=off, ev_charging_active=off, ev_charge_end=2026-02-23 05:00:02, ev_webhook_count=104, max_discharge_a=65, max_charge_a=90, max_grid_charge_a=64, soc_limit_a=60, volt_penalty_a=10, voltage_protected_limit_a=50, soc_power_w=3114, is_critical_soc=False
2026-03-01T07:03:00.340765+01:00,  soc=50.0,  volt=51.9,  volt_delta=-0.9, volt_rate_per_min=-0.9, volt_status=NORMAL, batt_w=1395.0,  batt_mode=discharge,  batt_discharge_w=1395.0,  batt_charge_w=0,  load_w=1336.0, zone=unknown,  grid_charge=off, ev_charging_active=off, ev_charge_end=2026-02-23 05:00:02, ev_webhook_count=104, max_discharge_a=65, max_charge_a=90, max_grid_charge_a=64, soc_limit_a=60, volt_penalty_a=10, voltage_protected_limit_a=50, soc_power_w=3114, is_critical_soc=False
2026-03-01T07:04:00.340245+01:00,  soc=50.0,  volt=51.9,  volt_delta=-0.9, volt_rate_per_min=-0.9, volt_status=NORMAL, batt_w=1395.0,  batt_mode=discharge,  batt_discharge_w=1395.0,  batt_charge_w=0,  load_w=1336.0, zone=unknown,  grid_charge=off, ev_charging_active=off, ev_charge_end=2026-02-23 05:00:02, ev_webhook_count=104, max_discharge_a=65, max_charge_a=90, max_grid_charge_a=64, soc_limit_a=60, volt_penalty_a=10, voltage_protected_limit_a=50, soc_power_w=3114, is_critical_soc=False
2026-03-01T07:05:00.340073+01:00,  soc=50.0,  volt=51.9,  volt_delta=-0.9, volt_rate_per_min=-0.9, volt_status=NORMAL, batt_w=1395.0,  batt_mode=discharge,  batt_discharge_w=1395.0,  batt_charge_w=0,  load_w=1336.0, zone=unknown,  grid_charge=off, ev_charging_active=off, ev_charge_end=2026-02-23 05:00:02, ev_webhook_count=104, max_discharge_a=65, max_charge_a=90, max_grid_charge_a=64, soc_limit_a=60, volt_penalty_a=10, voltage_protected_limit_a=50, soc_power_w=3114, is_critical_soc=False
2026-03-01T07:06:00.340998+01:00,  soc=50.0,  volt=51.88,  volt_delta=-0.92, volt_rate_per_min=-0.92, volt_status=NORMAL, batt_w=1406.0,  batt_mode=discharge,  batt_discharge_w=1406.0,  batt_charge_w=0,  load_w=1336.0, zone=unknown,  grid_charge=off, ev_charging_active=off, ev_charge_end=2026-02-23 05:00:02, ev_webhook_count=104, max_discharge_a=65, max_charge_a=90, max_grid_charge_a=64, soc_limit_a=60, volt_penalty_a=10, voltage_protected_limit_a=50, soc_power_w=3113, is_critical_soc=False
2026-03-01T07:07:00.340132+01:00,  soc=49.0,  volt=51.88,  volt_delta=-0.92, volt_rate_per_min=-0.92, volt_status=NORMAL, batt_w=1406.0,  batt_mode=discharge,  batt_discharge_w=1406.0,  batt_charge_w=0,  load_w=1330.0, zone=unknown,  grid_charge=off, ev_charging_active=off, ev_charge_end=2026-02-23 05:00:02, ev_webhook_count=104, max_discharge_a=60, max_charge_a=90, max_grid_charge_a=64, soc_limit_a=60, volt_penalty_a=10, voltage_protected_limit_a=50, soc_power_w=3113, is_critical_soc=False
2026-03-01T07:08:00.340525+01:00,  soc=49.0,  volt=51.88,  volt_delta=-0.92, volt_rate_per_min=-0.92, volt_status=NORMAL, batt_w=1406.0,  batt_mode=discharge,  batt_discharge_w=1406.0,  batt_charge_w=0,  load_w=1330.0, zone=unknown,  grid_charge=off, ev_charging_active=off, ev_charge_end=2026-02-23 05:00:02, ev_webhook_count=104, max_discharge_a=60, max_charge_a=90, max_grid_charge_a=64, soc_limit_a=60, volt_penalty_a=10, voltage_protected_limit_a=50, soc_power_w=3113, is_critical_soc=False
2026-03-01T07:09:00.340095+01:00,  soc=49.0,  volt=51.88,  volt_delta=-0.92, volt_rate_per_min=-0.92, volt_status=NORMAL, batt_w=1406.0,  batt_mode=discharge,  batt_discharge_w=1406.0,  batt_charge_w=0,  load_w=1330.0, zone=unknown,  grid_charge=off, ev_charging_active=off, ev_charge_end=2026-02-23 05:00:02, ev_webhook_count=104, max_discharge_a=60, max_charge_a=90, max_grid_charge_a=64, soc_limit_a=60, volt_penalty_a=10, voltage_protected_limit_a=50, soc_power_w=3113, is_critical_soc=False
2026-03-01T07:10:00.340613+01:00,  soc=49.0,  volt=51.88,  volt_delta=-0.92, volt_rate_per_min=-0.92, volt_status=NORMAL, batt_w=1406.0,  batt_mode=discharge,  batt_discharge_w=1406.0,  batt_charge_w=0,  load_w=1330.0, zone=unknown,  grid_charge=off, ev_charging_active=off, ev_charge_end=2026-02-23 05:00:02, ev_webhook_count=104, max_discharge_a=60, max_charge_a=90, max_grid_charge_a=64, soc_limit_a=60, volt_penalty_a=10, voltage_protected_limit_a=50, soc_power_w=3113, is_critical_soc=False
2026-03-01T07:11:00.340290+01:00,  soc=49.0,  volt=51.88,  volt_delta=-0.92, volt_rate_per_min=-0.92, volt_status=NORMAL, batt_w=1406.0,  batt_mode=discharge,  batt_discharge_w=1406.0,  batt_charge_w=0,  load_w=1329.0, zone=unknown,  grid_charge=off, ev_charging_active=off, ev_charge_end=2026-02-23 05:00:02, ev_webhook_count=104, max_discharge_a=60, max_charge_a=90, max_grid_charge_a=64, soc_limit_a=60, volt_penalty_a=10, voltage_protected_limit_a=50, soc_power_w=3113, is_critical_soc=False
2026-03-01T07:12:00.340162+01:00,  soc=48.0,  volt=51.4,  volt_delta=-1.4, volt_rate_per_min=-1.4, volt_status=NORMAL, batt_w=2961.0,  batt_mode=discharge,  batt_discharge_w=2961.0,  batt_charge_w=0,  load_w=3468.0, zone=unknown,  grid_charge=off, ev_charging_active=off, ev_charge_end=2026-02-23 05:00:02, ev_webhook_count=104, max_discharge_a=60, max_charge_a=90, max_grid_charge_a=64, soc_limit_a=60, volt_penalty_a=10, voltage_protected_limit_a=50, soc_power_w=3084, is_critical_soc=False
2026-03-01T07:13:00.341533+01:00,  soc=48.0,  volt=51.86,  volt_delta=-0.94, volt_rate_per_min=-0.94, volt_status=NORMAL, batt_w=1373.0,  batt_mode=discharge,  batt_discharge_w=1373.0,  batt_charge_w=0,  load_w=1331.0, zone=unknown,  grid_charge=off, ev_charging_active=off, ev_charge_end=2026-02-23 05:00:02, ev_webhook_count=104, max_discharge_a=60, max_charge_a=90, max_grid_charge_a=64, soc_limit_a=60, volt_penalty_a=10, voltage_protected_limit_a=50, soc_power_w=3112, is_critical_soc=False
2026-03-01T07:14:00.340806+01:00,  soc=48.0,  volt=51.86,  volt_delta=-0.94, volt_rate_per_min=-0.94, volt_status=NORMAL, batt_w=1373.0,  batt_mode=discharge,  batt_discharge_w=1373.0,  batt_charge_w=0,  load_w=1331.0, zone=unknown,  grid_charge=off, ev_charging_active=off, ev_charge_end=2026-02-23 05:00:02, ev_webhook_count=104, max_discharge_a=60, max_charge_a=90, max_grid_charge_a=64, soc_limit_a=60, volt_penalty_a=10, voltage_protected_limit_a=50, soc_power_w=3112, is_critical_soc=False
2026-03-01T07:15:00.340445+01:00,  soc=48.0,  volt=51.86,  volt_delta=-0.94, volt_rate_per_min=-0.94, volt_status=NORMAL, batt_w=1373.0,  batt_mode=discharge,  batt_discharge_w=1373.0,  batt_charge_w=0,  load_w=1331.0, zone=unknown,  grid_charge=off, ev_charging_active=off, ev_charge_end=2026-02-23 05:00:02, ev_webhook_count=104, max_discharge_a=60, max_charge_a=90, max_grid_charge_a=64, soc_limit_a=60, volt_penalty_a=10, voltage_protected_limit_a=50, soc_power_w=3112, is_critical_soc=False
2026-03-01T07:16:00.340919+01:00,  soc=47.0,  volt=51.88,  volt_delta=-0.92, volt_rate_per_min=-0.92, volt_status=NORMAL, batt_w=1367.0,  batt_mode=discharge,  batt_discharge_w=1367.0,  batt_charge_w=0,  load_w=1331.0, zone=unknown,  grid_charge=off, ev_charging_active=off, ev_charge_end=2026-02-23 05:00:02, ev_webhook_count=104, max_discharge_a=60, max_charge_a=90, max_grid_charge_a=64, soc_limit_a=60, volt_penalty_a=10, voltage_protected_limit_a=50, soc_power_w=3113, is_critical_soc=False
2026-03-01T07:17:00.340003+01:00,  soc=47.0,  volt=51.88,  volt_delta=-0.92, volt_rate_per_min=-0.92, volt_status=NORMAL, batt_w=1367.0,  batt_mode=discharge,  batt_discharge_w=1367.0,  batt_charge_w=0,  load_w=1331.0, zone=unknown,  grid_charge=off, ev_charging_active=off, ev_charge_end=2026-02-23 05:00:02, ev_webhook_count=104, max_discharge_a=60, max_charge_a=90, max_grid_charge_a=64, soc_limit_a=60, volt_penalty_a=10, voltage_protected_limit_a=50, soc_power_w=3113, is_critical_soc=False
2026-03-01T07:18:00.340330+01:00,  soc=47.0,  volt=51.88,  volt_delta=-0.92, volt_rate_per_min=-0.92, volt_status=NORMAL, batt_w=1367.0,  batt_mode=discharge,  batt_discharge_w=1367.0,  batt_charge_w=0,  load_w=1329.0, zone=unknown,  grid_charge=off, ev_charging_active=off, ev_charge_end=2026-02-23 05:00:02, ev_webhook_count=104, max_discharge_a=60, max_charge_a=90, max_grid_charge_a=64, soc_limit_a=60, volt_penalty_a=10, voltage_protected_limit_a=50, soc_power_w=3113, is_critical_soc=False
2026-03-01T07:19:00.339730+01:00,  soc=47.0,  volt=51.88,  volt_delta=-0.92, volt_rate_per_min=-0.92, volt_status=NORMAL, batt_w=1367.0,  batt_mode=discharge,  batt_discharge_w=1367.0,  batt_charge_w=0,  load_w=1329.0, zone=unknown,  grid_charge=off, ev_charging_active=off, ev_charge_end=2026-02-23 05:00:02, ev_webhook_count=104, max_discharge_a=60, max_charge_a=90, max_grid_charge_a=64, soc_limit_a=60, volt_penalty_a=10, voltage_protected_limit_a=50, soc_power_w=3113, is_critical_soc=False
2026-03-01T07:20:00.340745+01:00,  soc=46.0,  volt=51.88,  volt_delta=-0.92, volt_rate_per_min=-0.92, volt_status=NORMAL, batt_w=1367.0,  batt_mode=discharge,  batt_discharge_w=1367.0,  batt_charge_w=0,  load_w=1329.0, zone=unknown,  grid_charge=off, ev_charging_active=off, ev_charge_end=2026-02-23 05:00:02, ev_webhook_count=104, max_discharge_a=60, max_charge_a=90, max_grid_charge_a=64, soc_limit_a=60, volt_penalty_a=10, voltage_protected_limit_a=50, soc_power_w=3113, is_critical_soc=False
2026-03-01T07:21:00.340259+01:00,  soc=46.0,  volt=51.88,  volt_delta=-0.92, volt_rate_per_min=-0.92, volt_status=NORMAL, batt_w=1367.0,  batt_mode=discharge,  batt_discharge_w=1367.0,  batt_charge_w=0,  load_w=1329.0, zone=unknown,  grid_charge=off, ev_charging_active=off, ev_charge_end=2026-02-23 05:00:02, ev_webhook_count=104, max_discharge_a=60, max_charge_a=90, max_grid_charge_a=64, soc_limit_a=60, volt_penalty_a=10, voltage_protected_limit_a=50, soc_power_w=3113, is_critical_soc=False
2026-03-01T07:22:00.340383+01:00,  soc=46.0,  volt=51.88,  volt_delta=-0.92, volt_rate_per_min=-0.92, volt_status=NORMAL, batt_w=1367.0,  batt_mode=discharge,  batt_discharge_w=1367.0,  batt_charge_w=0,  load_w=1329.0, zone=unknown,  grid_charge=off, ev_charging_active=off, ev_charge_end=2026-02-23 05:00:02, ev_webhook_count=104, max_discharge_a=60, max_charge_a=90, max_grid_charge_a=64, soc_limit_a=60, volt_penalty_a=10, voltage_protected_limit_a=50, soc_power_w=3113, is_critical_soc=False
2026-03-01T07:23:00.340426+01:00,  soc=46.0,  volt=51.88,  volt_delta=-0.92, volt_rate_per_min=-0.92, volt_status=NORMAL, batt_w=1367.0,  batt_mode=discharge,  batt_discharge_w=1367.0,  batt_charge_w=0,  load_w=1324.0, zone=unknown,  grid_charge=off, ev_charging_active=off, ev_charge_end=2026-02-23 05:00:02, ev_webhook_count=104, max_discharge_a=60, max_charge_a=90, max_grid_charge_a=64, soc_limit_a=60, volt_penalty_a=10, voltage_protected_limit_a=50, soc_power_w=3113, is_critical_soc=False
2026-03-01T07:24:00.341414+01:00,  soc=45.0,  volt=51.88,  volt_delta=-0.92, volt_rate_per_min=-0.92, volt_status=NORMAL, batt_w=1367.0,  batt_mode=discharge,  batt_discharge_w=1367.0,  batt_charge_w=0,  load_w=1324.0, zone=unknown,  grid_charge=off, ev_charging_active=off, ev_charge_end=2026-02-23 05:00:02, ev_webhook_count=104, max_discharge_a=60, max_charge_a=90, max_grid_charge_a=64, soc_limit_a=60, volt_penalty_a=10, voltage_protected_limit_a=50, soc_power_w=3113, is_critical_soc=False
2026-03-01T07:25:00.340218+01:00,  soc=45.0,  volt=51.88,  volt_delta=-0.92, volt_rate_per_min=-0.92, volt_status=NORMAL, batt_w=1367.0,  batt_mode=discharge,  batt_discharge_w=1367.0,  batt_charge_w=0,  load_w=1324.0, zone=unknown,  grid_charge=off, ev_charging_active=off, ev_charge_end=2026-02-23 05:00:02, ev_webhook_count=104, max_discharge_a=60, max_charge_a=90, max_grid_charge_a=64, soc_limit_a=60, volt_penalty_a=10, voltage_protected_limit_a=50, soc_power_w=3113, is_critical_soc=False
2026-03-01T07:26:00.341423+01:00,  soc=45.0,  volt=51.86,  volt_delta=-0.94, volt_rate_per_min=-0.94, volt_status=NORMAL, batt_w=1350.0,  batt_mode=discharge,  batt_discharge_w=1350.0,  batt_charge_w=0,  load_w=1324.0, zone=unknown,  grid_charge=off, ev_charging_active=off, ev_charge_end=2026-02-23 05:00:02, ev_webhook_count=104, max_discharge_a=60, max_charge_a=90, max_grid_charge_a=64, soc_limit_a=60, volt_penalty_a=10, voltage_protected_limit_a=50, soc_power_w=3112, is_critical_soc=False
2026-03-01T07:27:00.340287+01:00,  soc=45.0,  volt=51.86,  volt_delta=-0.94, volt_rate_per_min=-0.94, volt_status=NORMAL, batt_w=1350.0,  batt_mode=discharge,  batt_discharge_w=1350.0,  batt_charge_w=0,  load_w=1324.0, zone=unknown,  grid_charge=off, ev_charging_active=off, ev_charge_end=2026-02-23 05:00:02, ev_webhook_count=104, max_discharge_a=60, max_charge_a=90, max_grid_charge_a=64, soc_limit_a=60, volt_penalty_a=10, voltage_protected_limit_a=50, soc_power_w=3112, is_critical_soc=False
2026-03-01T07:28:00.341246+01:00,  soc=44.0,  volt=51.86,  volt_delta=-0.94, volt_rate_per_min=-0.94, volt_status=NORMAL, batt_w=1350.0,  batt_mode=discharge,  batt_discharge_w=1350.0,  batt_charge_w=0,  load_w=1324.0, zone=unknown,  grid_charge=off, ev_charging_active=off, ev_charge_end=2026-02-23 05:00:02, ev_webhook_count=104, max_discharge_a=60, max_charge_a=90, max_grid_charge_a=64, soc_limit_a=60, volt_penalty_a=10, voltage_protected_limit_a=50, soc_power_w=3112, is_critical_soc=False
2026-03-01T07:29:00.340295+01:00,  soc=44.0,  volt=51.86,  volt_delta=-0.94, volt_rate_per_min=-0.94, volt_status=NORMAL, batt_w=1350.0,  batt_mode=discharge,  batt_discharge_w=1350.0,  batt_charge_w=0,  load_w=1346.0, zone=unknown,  grid_charge=off, ev_charging_active=off, ev_charge_end=2026-02-23 05:00:02, ev_webhook_count=104, max_discharge_a=60, max_charge_a=90, max_grid_charge_a=64, soc_limit_a=60, volt_penalty_a=10, voltage_protected_limit_a=50, soc_power_w=3112, is_critical_soc=False
2026-03-01T07:30:00.340582+01:00,  soc=44.0,  volt=51.86,  volt_delta=-0.94, volt_rate_per_min=-0.94, volt_status=NORMAL, batt_w=1350.0,  batt_mode=discharge,  batt_discharge_w=1350.0,  batt_charge_w=0,  load_w=1346.0, zone=unknown,  grid_charge=off, ev_charging_active=off, ev_charge_end=2026-02-23 05:00:02, ev_webhook_count=104, max_discharge_a=60, max_charge_a=90, max_grid_charge_a=64, soc_limit_a=60, volt_penalty_a=10, voltage_protected_limit_a=50, soc_power_w=3112, is_critical_soc=False
2026-03-01T07:31:00.339824+01:00,  soc=44.0,  volt=51.86,  volt_delta=-0.94, volt_rate_per_min=-0.94, volt_status=NORMAL, batt_w=1350.0,  batt_mode=discharge,  batt_discharge_w=1350.0,  batt_charge_w=0,  load_w=1346.0, zone=unknown,  grid_charge=off, ev_charging_active=off, ev_charge_end=2026-02-23 05:00:02, ev_webhook_count=104, max_discharge_a=60, max_charge_a=90, max_grid_charge_a=64, soc_limit_a=60, volt_penalty_a=10, voltage_protected_limit_a=50, soc_power_w=3112, is_critical_soc=False
2026-03-01T07:32:00.339893+01:00,  soc=43.0,  volt=51.86,  volt_delta=-0.94, volt_rate_per_min=-0.94, volt_status=NORMAL, batt_w=1350.0,  batt_mode=discharge,  batt_discharge_w=1350.0,  batt_charge_w=0,  load_w=1346.0, zone=unknown,  grid_charge=off, ev_charging_active=off, ev_charge_end=2026-02-23 05:00:02, ev_webhook_count=104, max_discharge_a=60, max_charge_a=90, max_grid_charge_a=64, soc_limit_a=60, volt_penalty_a=10, voltage_protected_limit_a=50, soc_power_w=3112, is_critical_soc=False
2026-03-01T07:33:00.340130+01:00,  soc=43.0,  volt=51.86,  volt_delta=-0.94, volt_rate_per_min=-0.94, volt_status=NORMAL, batt_w=1350.0,  batt_mode=discharge,  batt_discharge_w=1350.0,  batt_charge_w=0,  load_w=1346.0, zone=unknown,  grid_charge=off, ev_charging_active=off, ev_charge_end=2026-02-23 05:00:02, ev_webhook_count=104, max_discharge_a=60, max_charge_a=90, max_grid_charge_a=64, soc_limit_a=60, volt_penalty_a=10, voltage_protected_limit_a=50, soc_power_w=3112, is_critical_soc=False
2026-03-01T07:34:00.340417+01:00,  soc=43.0,  volt=51.86,  volt_delta=-0.94, volt_rate_per_min=-0.94, volt_status=NORMAL, batt_w=1350.0,  batt_mode=discharge,  batt_discharge_w=1350.0,  batt_charge_w=0,  load_w=1378.0, zone=unknown,  grid_charge=off, ev_charging_active=off, ev_charge_end=2026-02-23 05:00:02, ev_webhook_count=104, max_discharge_a=60, max_charge_a=90, max_grid_charge_a=64, soc_limit_a=60, volt_penalty_a=10, voltage_protected_limit_a=50, soc_power_w=3112, is_critical_soc=False
2026-03-01T07:35:00.340505+01:00,  soc=43.0,  volt=51.76,  volt_delta=-1.04, volt_rate_per_min=-1.04, volt_status=NORMAL, batt_w=1350.0,  batt_mode=discharge,  batt_discharge_w=1350.0,  batt_charge_w=0,  load_w=1378.0, zone=unknown,  grid_charge=off, ev_charging_active=off, ev_charge_end=2026-02-23 05:00:02, ev_webhook_count=104, max_discharge_a=60, max_charge_a=90, max_grid_charge_a=64, soc_limit_a=60, volt_penalty_a=10, voltage_protected_limit_a=50, soc_power_w=3106, is_critical_soc=False
2026-03-01T07:36:00.340278+01:00,  soc=43.0,  volt=51.75,  volt_delta=-1.05, volt_rate_per_min=-1.05, volt_status=NORMAL, batt_w=1363.0,  batt_mode=discharge,  batt_discharge_w=1363.0,  batt_charge_w=0,  load_w=1378.0, zone=unknown,  grid_charge=off, ev_charging_active=off, ev_charge_end=2026-02-23 05:00:02, ev_webhook_count=104, max_discharge_a=60, max_charge_a=90, max_grid_charge_a=64, soc_limit_a=60, volt_penalty_a=10, voltage_protected_limit_a=50, soc_power_w=3105, is_critical_soc=False
2026-03-01T07:37:00.340147+01:00,  soc=42.0,  volt=51.75,  volt_delta=-1.05, volt_rate_per_min=-1.05, volt_status=NORMAL, batt_w=1363.0,  batt_mode=discharge,  batt_discharge_w=1363.0,  batt_charge_w=0,  load_w=1378.0, zone=unknown,  grid_charge=off, ev_charging_active=off, ev_charge_end=2026-02-23 05:00:02, ev_webhook_count=104, max_discharge_a=60, max_charge_a=90, max_grid_charge_a=64, soc_limit_a=60, volt_penalty_a=10, voltage_protected_limit_a=50, soc_power_w=3105, is_critical_soc=False
2026-03-01T07:38:00.340598+01:00,  soc=42.0,  volt=51.75,  volt_delta=-1.05, volt_rate_per_min=-1.05, volt_status=NORMAL, batt_w=1363.0,  batt_mode=discharge,  batt_discharge_w=1363.0,  batt_charge_w=0,  load_w=1378.0, zone=unknown,  grid_charge=off, ev_charging_active=off, ev_charge_end=2026-02-23 05:00:02, ev_webhook_count=104, max_discharge_a=60, max_charge_a=90, max_grid_charge_a=64, soc_limit_a=60, volt_penalty_a=10, voltage_protected_limit_a=50, soc_power_w=3105, is_critical_soc=False
2026-03-01T07:39:00.340313+01:00,  soc=42.0,  volt=51.75,  volt_delta=-1.05, volt_rate_per_min=-1.05, volt_status=NORMAL, batt_w=1363.0,  batt_mode=discharge,  batt_discharge_w=1363.0,  batt_charge_w=0,  load_w=1328.0, zone=unknown,  grid_charge=off, ev_charging_active=off, ev_charge_end=2026-02-23 05:00:02, ev_webhook_count=104, max_discharge_a=60, max_charge_a=90, max_grid_charge_a=64, soc_limit_a=60, volt_penalty_a=10, voltage_protected_limit_a=50, soc_power_w=3105, is_critical_soc=False
2026-03-01T07:40:00.340050+01:00,  soc=42.0,  volt=51.23,  volt_delta=-1.57, volt_rate_per_min=-1.57, volt_status=NORMAL, batt_w=2719.0,  batt_mode=discharge,  batt_discharge_w=2719.0,  batt_charge_w=0,  load_w=2711.0, zone=unknown,  grid_charge=off, ev_charging_active=off, ev_charge_end=2026-02-23 05:00:02, ev_webhook_count=104, max_discharge_a=60, max_charge_a=90, max_grid_charge_a=64, soc_limit_a=60, volt_penalty_a=10, voltage_protected_limit_a=50, soc_power_w=3074, is_critical_soc=False
2026-03-01T07:41:00.340474+01:00,  soc=41.0,  volt=51.12,  volt_delta=-1.68, volt_rate_per_min=-1.68, volt_status=NORMAL, batt_w=2719.0,  batt_mode=discharge,  batt_discharge_w=2719.0,  batt_charge_w=0,  load_w=2711.0, zone=unknown,  grid_charge=off, ev_charging_active=off, ev_charge_end=2026-02-23 05:00:02, ev_webhook_count=104, max_discharge_a=60, max_charge_a=90, max_grid_charge_a=64, soc_limit_a=60, volt_penalty_a=10, voltage_protected_limit_a=50, soc_power_w=3067, is_critical_soc=False
2026-03-01T07:42:00.339922+01:00,  soc=41.0,  volt=51.12,  volt_delta=-1.68, volt_rate_per_min=-1.68, volt_status=NORMAL, batt_w=2778.0,  batt_mode=discharge,  batt_discharge_w=2778.0,  batt_charge_w=0,  load_w=2779.0, zone=unknown,  grid_charge=off, ev_charging_active=off, ev_charge_end=2026-02-23 05:00:02, ev_webhook_count=104, max_discharge_a=60, max_charge_a=90, max_grid_charge_a=64, soc_limit_a=60, volt_penalty_a=10, voltage_protected_limit_a=50, soc_power_w=3067, is_critical_soc=False
2026-03-01T07:43:00.341092+01:00,  soc=40.0,  volt=51.02,  volt_delta=-1.78, volt_rate_per_min=-1.78, volt_status=NORMAL, batt_w=2778.0,  batt_mode=discharge,  batt_discharge_w=2778.0,  batt_charge_w=0,  load_w=2779.0, zone=unknown,  grid_charge=off, ev_charging_active=off, ev_charge_end=2026-02-23 05:00:02, ev_webhook_count=104, max_discharge_a=60, max_charge_a=90, max_grid_charge_a=64, soc_limit_a=60, volt_penalty_a=10, voltage_protected_limit_a=50, soc_power_w=3061, is_critical_soc=False
2026-03-01T07:44:00.340247+01:00,  soc=40.0,  volt=51.02,  volt_delta=-1.78, volt_rate_per_min=-1.78, volt_status=NORMAL, batt_w=2778.0,  batt_mode=discharge,  batt_discharge_w=2778.0,  batt_charge_w=0,  load_w=2779.0, zone=unknown,  grid_charge=off, ev_charging_active=off, ev_charge_end=2026-02-23 05:00:02, ev_webhook_count=104, max_discharge_a=60, max_charge_a=90, max_grid_charge_a=64, soc_limit_a=60, volt_penalty_a=10, voltage_protected_limit_a=50, soc_power_w=3061, is_critical_soc=False
2026-03-01T07:45:00.339964+01:00,  soc=39.0,  volt=51.02,  volt_delta=-1.78, volt_rate_per_min=-1.78, volt_status=NORMAL, batt_w=2695.0,  batt_mode=discharge,  batt_discharge_w=2695.0,  batt_charge_w=0,  load_w=2744.0, zone=unknown,  grid_charge=off, ev_charging_active=off, ev_charge_end=2026-02-23 05:00:02, ev_webhook_count=104, max_discharge_a=60, max_charge_a=90, max_grid_charge_a=64, soc_limit_a=59, volt_penalty_a=10, voltage_protected_limit_a=49, soc_power_w=2999, is_critical_soc=False
2026-03-01T07:46:00.340078+01:00,  soc=39.0,  volt=50.85,  volt_delta=-1.95, volt_rate_per_min=-1.95, volt_status=NORMAL, batt_w=2870.0,  batt_mode=discharge,  batt_discharge_w=2870.0,  batt_charge_w=0,  load_w=4842.0, zone=unknown,  grid_charge=off, ev_charging_active=off, ev_charge_end=2026-02-23 05:00:02, ev_webhook_count=104, max_discharge_a=60, max_charge_a=90, max_grid_charge_a=64, soc_limit_a=59, volt_penalty_a=10, voltage_protected_limit_a=49, soc_power_w=2999, is_critical_soc=False
2026-03-01T07:47:00.341384+01:00,  soc=38.0,  volt=51.03,  volt_delta=-1.77, volt_rate_per_min=-1.77, volt_status=NORMAL, batt_w=1953.0,  batt_mode=discharge,  batt_discharge_w=1953.0,  batt_charge_w=0,  load_w=1942.0, zone=unknown,  grid_charge=off, ev_charging_active=off, ev_charge_end=2026-02-23 05:00:02, ev_webhook_count=104, max_discharge_a=60, max_charge_a=90, max_grid_charge_a=64, soc_limit_a=56, volt_penalty_a=10, voltage_protected_limit_a=46, soc_power_w=2852, is_critical_soc=False
2026-03-01T07:48:00.340739+01:00,  soc=38.0,  volt=51.36,  volt_delta=-1.44, volt_rate_per_min=-1.44, volt_status=NORMAL, batt_w=1381.0,  batt_mode=discharge,  batt_discharge_w=1381.0,  batt_charge_w=0,  load_w=1408.0, zone=unknown,  grid_charge=off, ev_charging_active=off, ev_charge_end=2026-02-23 05:00:02, ev_webhook_count=104, max_discharge_a=60, max_charge_a=90, max_grid_charge_a=64, soc_limit_a=56, volt_penalty_a=10, voltage_protected_limit_a=46, soc_power_w=2852, is_critical_soc=False
2026-03-01T07:49:00.340054+01:00,  soc=38.0,  volt=51.47,  volt_delta=-1.33, volt_rate_per_min=-1.33, volt_status=NORMAL, batt_w=1370.0,  batt_mode=discharge,  batt_discharge_w=1370.0,  batt_charge_w=0,  load_w=1570.0, zone=unknown,  grid_charge=off, ev_charging_active=off, ev_charge_end=2026-02-23 05:00:02, ev_webhook_count=104, max_discharge_a=60, max_charge_a=90, max_grid_charge_a=64, soc_limit_a=55, volt_penalty_a=10, voltage_protected_limit_a=45, soc_power_w=2852, is_critical_soc=False
2026-03-01T07:50:00.340102+01:00,  soc=37.0,  volt=51.47,  volt_delta=-1.33, volt_rate_per_min=-1.33, volt_status=NORMAL, batt_w=1370.0,  batt_mode=discharge,  batt_discharge_w=1370.0,  batt_charge_w=0,  load_w=2017.0, zone=unknown,  grid_charge=off, ev_charging_active=off, ev_charge_end=2026-02-23 05:00:02, ev_webhook_count=104, max_discharge_a=60, max_charge_a=90, max_grid_charge_a=64, soc_limit_a=53, volt_penalty_a=10, voltage_protected_limit_a=43, soc_power_w=2711, is_critical_soc=False
2026-03-01T07:51:00.341073+01:00,  soc=37.0,  volt=51.47,  volt_delta=-1.33, volt_rate_per_min=-1.33, volt_status=NORMAL, batt_w=1614.0,  batt_mode=discharge,  batt_discharge_w=1614.0,  batt_charge_w=0,  load_w=1394.0, zone=unknown,  grid_charge=off, ev_charging_active=off, ev_charge_end=2026-02-23 05:00:02, ev_webhook_count=104, max_discharge_a=56, max_charge_a=90, max_grid_charge_a=64, soc_limit_a=53, volt_penalty_a=10, voltage_protected_limit_a=43, soc_power_w=2711, is_critical_soc=False
2026-03-01T07:52:00.340603+01:00,  soc=37.0,  volt=51.41,  volt_delta=-1.39, volt_rate_per_min=-1.39, volt_status=NORMAL, batt_w=1586.0,  batt_mode=discharge,  batt_discharge_w=1586.0,  batt_charge_w=0,  load_w=1394.0, zone=unknown,  grid_charge=off, ev_charging_active=off, ev_charge_end=2026-02-23 05:00:02, ev_webhook_count=104, max_discharge_a=56, max_charge_a=90, max_grid_charge_a=64, soc_limit_a=53, volt_penalty_a=10, voltage_protected_limit_a=43, soc_power_w=2711, is_critical_soc=False
2026-03-01T07:53:00.340547+01:00,  soc=37.0,  volt=51.31,  volt_delta=-1.49, volt_rate_per_min=-1.49, volt_status=NORMAL, batt_w=1961.0,  batt_mode=discharge,  batt_discharge_w=1961.0,  batt_charge_w=0,  load_w=1900.0, zone=unknown,  grid_charge=off, ev_charging_active=off, ev_charge_end=2026-02-23 05:00:02, ev_webhook_count=104, max_discharge_a=56, max_charge_a=90, max_grid_charge_a=64, soc_limit_a=53, volt_penalty_a=10, voltage_protected_limit_a=43, soc_power_w=2711, is_critical_soc=False
2026-03-01T07:54:00.340018+01:00,  soc=36.0,  volt=51.42,  volt_delta=-1.38, volt_rate_per_min=-1.38, volt_status=NORMAL, batt_w=1256.0,  batt_mode=discharge,  batt_discharge_w=1256.0,  batt_charge_w=0,  load_w=1371.0, zone=unknown,  grid_charge=off, ev_charging_active=off, ev_charge_end=2026-02-23 05:00:02, ev_webhook_count=104, max_discharge_a=55, max_charge_a=90, max_grid_charge_a=64, soc_limit_a=50, volt_penalty_a=10, voltage_protected_limit_a=40, soc_power_w=2575, is_critical_soc=False
2026-03-01T07:55:00.340900+01:00,  soc=36.0,  volt=51.42,  volt_delta=-1.38, volt_rate_per_min=-1.38, volt_status=NORMAL, batt_w=1256.0,  batt_mode=discharge,  batt_discharge_w=1256.0,  batt_charge_w=0,  load_w=2228.0, zone=unknown,  grid_charge=off, ev_charging_active=off, ev_charge_end=2026-02-23 05:00:02, ev_webhook_count=104, max_discharge_a=55, max_charge_a=90, max_grid_charge_a=64, soc_limit_a=50, volt_penalty_a=10, voltage_protected_limit_a=40, soc_power_w=2575, is_critical_soc=False
2026-03-01T07:56:00.340853+01:00,  soc=36.0,  volt=51.37,  volt_delta=-1.43, volt_rate_per_min=-1.43, volt_status=NORMAL, batt_w=1375.0,  batt_mode=discharge,  batt_discharge_w=1375.0,  batt_charge_w=0,  load_w=1449.0, zone=unknown,  grid_charge=off, ev_charging_active=off, ev_charge_end=2026-02-23 05:00:02, ev_webhook_count=104, max_discharge_a=55, max_charge_a=90, max_grid_charge_a=64, soc_limit_a=50, volt_penalty_a=10, voltage_protected_limit_a=40, soc_power_w=2575, is_critical_soc=False
2026-03-01T07:57:00.340296+01:00,  soc=36.0,  volt=51.37,  volt_delta=-1.43, volt_rate_per_min=-1.43, volt_status=NORMAL, batt_w=1278.0,  batt_mode=discharge,  batt_discharge_w=1278.0,  batt_charge_w=0,  load_w=1449.0, zone=unknown,  grid_charge=off, ev_charging_active=off, ev_charge_end=2026-02-23 05:00:02, ev_webhook_count=104, max_discharge_a=55, max_charge_a=90, max_grid_charge_a=64, soc_limit_a=50, volt_penalty_a=10, voltage_protected_limit_a=40, soc_power_w=2575, is_critical_soc=False
2026-03-01T07:58:00.340449+01:00,  soc=35.0,  volt=50.88,  volt_delta=-1.92, volt_rate_per_min=-1.92, volt_status=NORMAL, batt_w=2572.0,  batt_mode=discharge,  batt_discharge_w=2572.0,  batt_charge_w=0,  load_w=2852.0, zone=unknown,  grid_charge=off, ev_charging_active=off, ev_charge_end=2026-02-23 05:00:02, ev_webhook_count=104, max_discharge_a=54, max_charge_a=90, max_grid_charge_a=64, soc_limit_a=48, volt_penalty_a=10, voltage_protected_limit_a=38, soc_power_w=2444, is_critical_soc=False
2026-03-01T07:59:00.340442+01:00,  soc=35.0,  volt=50.76,  volt_delta=-2.04, volt_rate_per_min=-2.04, volt_status=NORMAL, batt_w=2480.0,  batt_mode=discharge,  batt_discharge_w=2480.0,  batt_charge_w=0,  load_w=2792.0, zone=unknown,  grid_charge=off, ev_charging_active=off, ev_charge_end=2026-02-23 05:00:02, ev_webhook_count=104, max_discharge_a=60, max_charge_a=90, max_grid_charge_a=64, soc_limit_a=48, volt_penalty_a=10, voltage_protected_limit_a=38, soc_power_w=2444, is_critical_soc=False
2026-03-01T08:00:00.340619+01:00,  soc=35.0,  volt=51.27,  volt_delta=-1.53, volt_rate_per_min=-1.53, volt_status=NORMAL, batt_w=1301.0,  batt_mode=discharge,  batt_discharge_w=1301.0,  batt_charge_w=0,  load_w=1492.0, zone=unknown,  grid_charge=off, ev_charging_active=off, ev_charge_end=2026-02-23 05:00:02, ev_webhook_count=104, max_discharge_a=60, max_charge_a=90, max_grid_charge_a=64, soc_limit_a=48, volt_penalty_a=10, voltage_protected_limit_a=38, soc_power_w=2444, is_critical_soc=False
2026-03-01T08:01:00.340456+01:00,  soc=34.0,  volt=51.06,  volt_delta=-1.74, volt_rate_per_min=-1.74, volt_status=NORMAL, batt_w=2130.0,  batt_mode=discharge,  batt_discharge_w=2130.0,  batt_charge_w=0,  load_w=2797.0, zone=unknown,  grid_charge=off, ev_charging_active=off, ev_charge_end=2026-02-23 05:00:02, ev_webhook_count=104, max_discharge_a=60, max_charge_a=90, max_grid_charge_a=64, soc_limit_a=45, volt_penalty_a=10, voltage_protected_limit_a=35, soc_power_w=2318, is_critical_soc=False
2026-03-01T08:02:00.340018+01:00,  soc=34.0,  volt=51.29,  volt_delta=-1.51, volt_rate_per_min=-1.51, volt_status=NORMAL, batt_w=1208.0,  batt_mode=discharge,  batt_discharge_w=1208.0,  batt_charge_w=0,  load_w=1443.0, zone=unknown,  grid_charge=off, ev_charging_active=off, ev_charge_end=2026-02-23 05:00:02, ev_webhook_count=104, max_discharge_a=60, max_charge_a=90, max_grid_charge_a=64, soc_limit_a=45, volt_penalty_a=10, voltage_protected_limit_a=35, soc_power_w=2318, is_critical_soc=False
2026-03-01T08:03:00.347867+01:00,  soc=34.0,  volt=51.29,  volt_delta=-1.51, volt_rate_per_min=-1.51, volt_status=NORMAL, batt_w=1208.0,  batt_mode=discharge,  batt_discharge_w=1208.0,  batt_charge_w=0,  load_w=1443.0, zone=unknown,  grid_charge=off, ev_charging_active=off, ev_charge_end=2026-02-23 05:00:02, ev_webhook_count=104, max_discharge_a=60, max_charge_a=90, max_grid_charge_a=64, soc_limit_a=45, volt_penalty_a=10, voltage_protected_limit_a=35, soc_power_w=2318, is_critical_soc=False
2026-03-01T08:04:00.340211+01:00,  soc=34.0,  volt=51.29,  volt_delta=-1.51, volt_rate_per_min=-1.51, volt_status=NORMAL, batt_w=1156.0,  batt_mode=discharge,  batt_discharge_w=1156.0,  batt_charge_w=0,  load_w=1443.0, zone=unknown,  grid_charge=off, ev_charging_active=off, ev_charge_end=2026-02-23 05:00:02, ev_webhook_count=104, max_discharge_a=60, max_charge_a=90, max_grid_charge_a=64, soc_limit_a=45, volt_penalty_a=10, voltage_protected_limit_a=35, soc_power_w=2318, is_critical_soc=False
